tanggal,suhu_rata,kelembapan,lama_penyinaran,curah_hujan,angin
2005-01-01,25.4,85,9.89693888888889,4.2,15.6
2005-01-02,26.2,82,12.0,1.5,15.2
2005-01-03,26.1,86,12.0,1.9,15.8
2005-01-04,25.7,87,10.359930555555556,24.5,14.4
2005-01-05,25.3,86,3.1246444444444443,13.6,17.3
2005-01-06,25.2,87,6.640055555555556,9.8,12.3
2005-01-07,25.0,91,3.153316666666667,16.7,11.5
2005-01-08,26.3,84,11.530891666666667,10.4,12.8
2005-01-09,25.8,88,10.917480555555557,4.5,12.0
2005-01-10,25.8,84,11.94058888888889,1.9,17.7
2005-01-11,26.3,84,12.0,5.2,8.2
2005-01-12,25.8,88,12.0,5.5,13.0
2005-01-13,25.7,88,11.199197222222223,9.9,12.8
2005-01-14,25.8,88,11.724649999999999,11.8,13.4
2005-01-15,25.8,88,11.575263888888887,8.5,13.9
2005-01-16,25.4,88,10.75729722222222,11.9,16.4
2005-01-17,25.2,88,9.370552777777776,9.1,15.9
2005-01-18,25.2,88,11.391541666666667,11.7,13.9
2005-01-19,25.7,85,9.924155555555556,4.5,14.7
2005-01-20,25.4,89,7.160294444444445,14.5,12.0
2005-01-21,24.7,91,1.365261111111111,23.5,12.3
2005-01-22,25.3,86,11.038802777777779,6.2,19.5
2005-01-23,25.8,84,12.0,2.9,15.6
2005-01-24,25.7,86,11.424861111111111,5.2,13.2
2005-01-25,25.8,85,11.558219444444443,5.5,11.9
2005-01-26,25.8,87,12.0,2.0,12.7
2005-01-27,26.4,85,12.0,3.5,10.6
2005-01-28,26.0,86,11.419633333333334,5.2,11.4
2005-01-29,25.2,89,10.019333333333332,12.5,14.5
2005-01-30,25.9,85,11.345550000000001,3.9,9.0
2005-01-31,25.5,86,9.869319444444445,8.7,12.4
2005-02-01,26.1,82,11.49066111111111,0.0,12.4
2005-02-02,25.9,85,12.0,4.7,11.8
2005-02-03,26.0,84,11.17695,4.2,13.9
2005-02-04,26.1,84,11.996591666666667,0.9,10.6
2005-02-05,26.0,86,11.992852777777777,7.6,14.1
2005-02-06,26.0,85,7.366038888888889,6.3,14.2
2005-02-07,25.9,87,11.705086111111111,14.4,15.5
2005-02-08,25.9,83,10.391891666666666,1.2,15.8
2005-02-09,26.3,83,11.979816666666666,5.5,14.5
2005-02-10,25.7,87,9.545024999999999,10.5,12.9
2005-02-11,25.1,91,7.923338888888889,17.6,11.3
2005-02-12,24.5,92,2.3592222222222223,30.8,13.1
2005-02-13,25.1,90,6.445991666666667,4.7,9.0
2005-02-14,25.9,86,11.612441666666667,5.0,11.5
2005-02-15,26.2,84,11.965616666666667,2.6,15.1
2005-02-16,26.4,85,11.768011111111111,3.9,9.6
2005-02-17,26.5,85,11.962194444444444,3.6,9.0
2005-02-18,26.0,89,9.673336111111112,6.4,11.0
2005-02-19,26.1,90,10.565752777777778,10.9,7.3
2005-02-20,25.7,89,8.582933333333333,14.6,11.3
2005-02-21,25.0,88,2.1342222222222222,25.1,7.6
2005-02-22,25.6,87,11.262125000000001,5.1,12.6
2005-02-23,26.0,88,11.955630555555555,9.2,12.7
2005-02-24,26.2,87,11.103113888888888,7.4,8.9
2005-02-25,26.4,87,10.827202777777778,5.5,10.3
2005-02-26,26.0,89,9.758386111111111,14.6,11.8
2005-02-27,25.8,89,9.100611111111112,17.5,10.0
2005-02-28,25.6,90,6.565002777777777,13.6,11.1
2005-03-01,26.8,82,11.303738888888889,0.8,10.2
2005-03-02,27.0,84,10.125077777777777,1.7,12.7
2005-03-03,26.3,86,9.633194444444445,5.2,11.3
2005-03-04,25.9,88,10.0,10.2,11.7
2005-03-05,25.2,90,7.698394444444445,13.9,11.9
2005-03-06,25.7,84,8.825291666666667,6.0,15.5
2005-03-07,25.6,87,11.552802777777776,3.6,13.6
2005-03-08,26.0,87,11.213225,4.2,13.4
2005-03-09,25.9,87,11.963980555555557,4.5,14.3
2005-03-10,26.0,87,11.965305555555554,3.3,14.3
2005-03-11,26.3,85,11.966661111111112,0.9,14.4
2005-03-12,26.9,81,11.968033333333333,0.9,15.9
2005-03-13,26.0,88,11.932813888888887,6.6,13.8
2005-03-14,26.3,86,11.970866666666668,12.2,10.5
2005-03-15,26.4,83,11.972477777777778,3.2,13.3
2005-03-16,26.6,82,11.974230555555556,0.8,8.8
2005-03-17,26.4,87,11.965863888888888,6.6,11.6
2005-03-18,25.6,90,5.123480555555555,8.1,8.2
2005-03-19,26.0,89,11.225852777777778,16.5,12.2
2005-03-20,26.3,88,11.067336111111112,0.8,8.2
2005-03-21,26.4,86,11.939405555555556,4.2,10.2
2005-03-22,26.2,89,11.986897222222222,5.1,9.8
2005-03-23,26.0,89,10.677491666666667,7.5,9.6
2005-03-24,25.8,88,7.573230555555556,8.7,8.9
2005-03-25,25.9,87,11.970875000000001,7.2,9.0
2005-03-26,25.7,90,10.214697222222224,5.8,8.7
2005-03-27,26.1,88,9.84811388888889,17.7,10.2
2005-03-28,26.4,86,9.733858333333334,4.9,9.7
2005-03-29,25.9,88,8.904036111111111,11.0,9.7
2005-03-30,26.1,87,7.9926861111111105,6.7,10.8
2005-03-31,25.7,87,7.675741666666666,13.8,14.9
2005-04-01,26.2,84,9.242952777777777,1.0,16.2
2005-04-02,26.1,88,11.152047222222222,4.5,10.9
2005-04-03,26.5,87,11.907538888888888,4.5,8.9
2005-04-04,26.0,91,5.505330555555555,21.0,12.2
2005-04-05,26.8,87,10.997366666666666,4.9,9.2
2005-04-06,27.2,85,11.260302777777778,2.0,7.6
2005-04-07,26.5,85,10.365727777777778,5.1,7.8
2005-04-08,26.8,82,11.870397222222222,0.7,6.7
2005-04-09,26.4,83,11.863019444444445,0.3,8.5
2005-04-10,26.6,80,11.855691666666667,0.6,10.8
2005-04-11,26.2,82,11.271730555555557,0.4,11.4
2005-04-12,26.3,82,11.344975000000002,2.7,10.6
2005-04-13,26.0,83,11.070891666666666,1.6,12.0
2005-04-14,25.7,87,8.887355555555555,3.8,8.8
2005-04-15,26.1,86,11.0,4.9,9.4
2005-04-16,25.7,86,11.770733333333332,7.8,10.3
2005-04-17,25.8,85,11.807083333333333,3.8,10.8
2005-04-18,25.9,84,11.714322222222222,1.6,8.7
2005-04-19,25.8,88,11.587441666666667,4.0,11.3
2005-04-20,25.7,89,9.749636111111112,6.4,8.0
2005-04-21,25.9,86,11.266694444444443,0.9,10.4
2005-04-22,26.0,88,10.474133333333333,8.9,13.5
2005-04-23,26.5,82,10.631416666666667,2.4,11.9
2005-04-24,26.9,81,11.574394444444444,0.6,10.2
2005-04-25,27.0,81,11.584647222222223,0.1,13.4
2005-04-26,26.9,81,11.755983333333333,0.1,13.5
2005-04-27,27.3,80,11.750983333333334,0.2,12.9
2005-04-28,26.9,82,11.746113888888889,1.6,13.5
2005-04-29,27.3,82,11.335944444444445,1.0,13.5
2005-04-30,27.2,84,11.097844444444444,10.0,17.0
2005-05-01,27.4,83,11.034033333333332,0.9,15.5
2005-05-02,27.3,81,11.437547222222221,0.6,11.5
2005-05-03,27.1,84,11.574577777777778,1.5,12.3
2005-05-04,26.6,85,11.510933333333334,1.2,7.9
2005-05-05,26.6,85,11.04445,5.7,8.6
2005-05-06,26.4,86,11.181222222222223,6.4,8.9
2005-05-07,26.4,86,11.38558888888889,3.2,10.8
2005-05-08,26.3,86,11.590458333333334,9.1,7.2
2005-05-09,26.1,88,11.703077777777779,2.2,9.0
2005-05-10,26.2,85,11.0,1.6,8.4
2005-05-11,25.9,86,11.531066666666666,2.6,9.5
2005-05-12,26.1,86,11.194566666666667,2.7,8.4
2005-05-13,26.3,85,9.267519444444444,1.5,12.6
2005-05-14,26.2,85,11.334080555555555,2.5,14.5
2005-05-15,26.1,86,11.131666666666666,7.5,13.5
2005-05-16,26.5,81,11.678472222222222,0.0,10.2
2005-05-17,26.5,83,11.407475000000002,1.3,9.5
2005-05-18,26.1,80,11.614177777777778,0.0,12.3
2005-05-19,26.2,78,11.615952777777778,0.0,12.8
2005-05-20,26.0,79,11.549063888888888,0.1,10.3
2005-05-21,26.1,76,11.68375,0.0,10.0
2005-05-22,26.6,78,11.683388888888889,0.0,11.3
2005-05-23,27.3,78,11.484355555555556,0.9,16.8
2005-05-24,26.9,80,11.071927777777779,4.4,12.9
2005-05-25,26.3,82,10.426083333333334,6.4,9.3
2005-05-26,26.0,86,10.557516666666666,1.8,11.9
2005-05-27,26.6,79,11.517108333333333,0.5,11.5
2005-05-28,26.9,77,11.480913888888889,0.5,9.2
2005-05-29,26.7,79,11.270211111111111,1.3,10.2
2005-05-30,26.7,77,11.267138888888889,0.0,9.7
2005-05-31,26.8,76,11.402925,0.3,13.0
2005-06-01,26.8,78,11.538874999999999,0.8,10.0
2005-06-02,26.8,79,11.326805555555556,0.5,12.5
2005-06-03,26.6,81,11.323075,3.7,10.4
2005-06-04,26.9,79,11.388802777777778,0.7,8.4
2005-06-05,26.7,79,11.524197222222222,1.2,9.8
2005-06-06,26.5,81,11.51988611111111,2.4,8.7
2005-06-07,26.4,82,10.29261388888889,2.9,11.6
2005-06-08,26.1,85,10.361394444444443,11.3,10.5
2005-06-09,26.5,81,10.93011388888889,0.3,14.4
2005-06-10,26.7,77,11.651833333333332,0.0,15.4
2005-06-11,26.5,78,11.075163888888888,0.3,13.8
2005-06-12,26.4,83,11.139869444444445,9.1,8.1
2005-06-13,26.2,85,11.274758333333333,3.6,9.4
2005-06-14,26.0,88,10.934272222222221,5.8,8.0
2005-06-15,25.3,89,9.191452777777778,5.0,8.4
2005-06-16,25.5,87,7.934475,4.5,8.2
2005-06-17,25.6,87,10.936280555555555,3.3,11.4
2005-06-18,25.6,88,11.077391666666667,4.2,9.1
2005-06-19,26.0,87,11.102352777777778,2.3,9.0
2005-06-20,25.7,88,10.192525,6.7,9.2
2005-06-21,25.8,84,9.944127777777778,5.1,8.9
2005-06-22,25.5,87,3.818022222222222,3.0,7.9
2005-06-23,25.6,84,9.484763888888889,0.4,8.4
2005-06-24,25.7,85,11.007041666666666,6.7,6.5
2005-06-25,25.9,84,11.493783333333335,1.2,10.2
2005-06-26,25.9,84,11.514922222222223,1.5,9.7
2005-06-27,26.0,83,11.483022222222221,0.4,10.5
2005-06-28,26.0,80,11.618041666666667,0.4,8.2
2005-06-29,26.1,80,11.472161111111111,1.0,7.9
2005-06-30,25.7,84,11.186080555555556,3.9,8.4
2005-07-01,25.8,83,11.069688888888889,0.5,11.0
2005-07-02,26.0,78,11.596333333333334,0.2,9.3
2005-07-03,26.5,73,11.652877777777778,0.3,8.7
2005-07-04,26.2,72,11.654266666666667,0.0,9.6
2005-07-05,26.2,76,11.65575,0.0,8.1
2005-07-06,26.1,81,10.857375000000001,6.0,10.5
2005-07-07,25.4,85,6.35385,2.3,11.4
2005-07-08,26.0,83,11.055536111111111,2.1,12.6
2005-07-09,26.0,84,10.913363888888888,1.7,12.0
2005-07-10,25.9,84,11.210719444444443,2.9,13.9
2005-07-11,25.4,86,10.292713888888889,10.5,8.2
2005-07-12,25.2,87,11.114633333333334,6.8,7.6
2005-07-13,25.5,85,10.763525000000001,1.5,12.0
2005-07-14,25.3,89,11.108044444444443,5.1,9.8
2005-07-15,25.2,89,11.243244444444445,6.0,9.8
2005-07-16,25.1,87,10.754683333333334,3.0,9.4
2005-07-17,25.6,86,11.097627777777777,2.0,10.9
2005-07-18,25.4,83,11.174233333333333,1.6,14.7
2005-07-19,25.9,75,11.435002777777779,0.0,10.9
2005-07-20,25.5,79,11.529855555555557,0.0,7.1
2005-07-21,26.3,77,11.693394444444445,0.0,7.1
2005-07-22,26.2,78,11.59226111111111,1.0,6.2
2005-07-23,26.3,75,11.699833333333334,0.0,12.7
2005-07-24,26.0,73,11.70316388888889,0.0,9.9
2005-07-25,26.0,70,11.706566666666667,0.0,11.7
2005-07-26,26.6,70,11.589297222222223,0.2,8.7
2005-07-27,27.1,73,10.71466388888889,0.7,7.2
2005-07-28,26.7,77,11.042519444444444,1.6,8.3
2005-07-29,26.6,77,11.315530555555556,3.5,7.4
2005-07-30,26.6,78,11.724469444444443,1.7,9.0
2005-07-31,26.5,74,11.517336111111112,1.2,11.9
2005-08-01,26.2,76,11.508108333333334,1.0,15.0
2005-08-02,26.3,78,11.096241666666668,1.8,11.6
2005-08-03,26.0,80,10.82086111111111,8.6,7.6
2005-08-04,26.6,76,11.64278611111111,0.0,8.4
2005-08-05,26.0,79,11.662316666666666,2.3,8.3
2005-08-06,26.4,76,11.752430555555556,0.7,13.4
2005-08-07,26.3,73,11.756736111111111,0.0,12.2
2005-08-08,26.2,71,11.761105555555556,0.1,11.0
2005-08-09,25.9,74,11.114833333333333,0.0,8.1
2005-08-10,26.3,72,11.770022222222222,0.0,9.0
2005-08-11,26.9,71,11.77456111111111,0.0,6.6
2005-08-12,26.6,76,11.779147222222223,0.8,8.2
2005-08-13,26.3,80,11.107222222222223,3.1,10.1
2005-08-14,27.2,72,11.788447222222223,0.0,13.1
2005-08-15,27.2,73,11.793152777777777,0.0,17.3
2005-08-16,27.5,72,10.862449999999999,0.0,18.0
2005-08-17,27.3,73,11.802655555555555,1.2,10.6
2005-08-18,27.1,74,11.376633333333332,3.4,13.2
2005-08-19,26.4,80,11.812258333333332,1.9,9.7
2005-08-20,27.1,72,11.817075,0.0,11.5
2005-08-21,26.6,73,10.935033333333335,3.0,10.2
2005-08-22,26.5,77,11.728672222222222,3.1,11.3
2005-08-23,26.4,80,11.254419444444446,5.8,11.5
2005-08-24,25.8,83,10.610669444444445,5.0,10.1
2005-08-25,26.2,79,11.747847222222223,2.6,8.2
2005-08-26,25.9,80,11.84688888888889,2.5,8.8
2005-08-27,26.0,79,11.623730555555555,4.3,9.7
2005-08-28,26.5,75,11.842213888888889,0.0,10.5
2005-08-29,27.1,70,11.839736111111112,0.0,8.7
2005-08-30,27.2,70,11.837177777777777,0.0,11.0
2005-08-31,27.7,70,11.834552777777777,0.4,11.8
2005-09-01,28.2,67,11.831869444444445,0.0,11.5
2005-09-02,28.2,67,11.829141666666668,0.0,10.5
2005-09-03,27.9,70,11.826377777777777,0.2,9.5
2005-09-04,28.3,66,11.823591666666667,0.1,12.7
2005-09-05,28.0,65,11.352258333333333,0.0,15.2
2005-09-06,28.4,62,11.817991666666666,0.0,12.4
2005-09-07,28.3,65,11.81520277777778,0.0,9.4
2005-09-08,27.8,72,11.563208333333334,2.1,8.8
2005-09-09,27.8,71,11.809677777777777,1.1,9.4
2005-09-10,27.8,71,11.806822222222221,0.9,10.2
2005-09-11,27.5,76,11.178577777777777,3.3,9.6
2005-09-12,26.4,83,11.41168888888889,19.5,12.3
2005-09-13,26.7,78,11.79765277777778,3.3,9.0
2005-09-14,26.8,78,11.794444444444444,1.5,9.8
2005-09-15,26.7,76,11.634297222222223,0.7,5.8
2005-09-16,26.9,74,11.635525,0.6,10.6
2005-09-17,26.3,80,10.221086111111113,1.6,9.2
2005-09-18,27.0,80,11.210275,2.8,10.8
2005-09-19,27.5,71,11.777930555555557,0.0,11.9
2005-09-20,27.7,68,11.774638888888887,0.0,10.1
2005-09-21,27.8,69,11.771383333333334,0.2,9.7
2005-09-22,27.3,76,11.579638888888889,4.3,9.0
2005-09-23,26.9,78,11.581133333333334,2.3,8.2
2005-09-24,27.4,73,11.761986111111112,0.0,13.9
2005-09-25,27.5,69,11.759027777777778,0.1,8.4
2005-09-26,27.5,70,11.756180555555556,0.6,12.5
2005-09-27,28.2,69,11.753461111111111,0.3,11.5
2005-09-28,28.2,70,11.717083333333333,0.9,14.5
2005-09-29,27.4,74,10.275583333333334,1.7,15.3
2005-09-30,26.9,79,11.141361111111111,10.6,10.8
2005-10-01,27.7,73,11.592941666666666,0.0,9.4
2005-10-02,27.2,74,11.741161111111111,0.1,7.1
2005-10-03,27.7,68,11.738769444444443,0.0,7.3
2005-10-04,27.7,68,11.597677777777777,0.9,6.9
2005-10-05,27.4,72,11.277180555555555,4.1,12.4
2005-10-06,27.0,77,11.536480555555556,1.3,11.2
2005-10-07,28.3,68,11.729727777777777,0.0,8.7
2005-10-08,28.6,66,11.727663888888888,0.0,14.0
2005-10-09,28.2,69,11.024633333333334,0.2,11.2
2005-10-10,28.5,67,11.413597222222222,0.1,10.8
2005-10-11,27.7,72,9.604536111111111,2.3,12.6
2005-10-12,27.4,77,10.846274999999999,10.4,12.9
2005-10-13,27.2,79,11.0,5.5,13.7
2005-10-14,26.8,81,11.159741666666667,10.5,10.5
2005-10-15,26.7,81,10.832797222222222,4.4,7.1
2005-10-16,26.3,80,9.93613888888889,2.5,10.5
2005-10-17,26.3,82,10.487772222222222,3.9,14.1
2005-10-18,25.6,86,8.212261111111111,11.1,11.5
2005-10-19,25.4,85,4.867869444444445,6.1,13.7
2005-10-20,25.7,82,7.171552777777777,1.8,12.6
2005-10-21,26.1,81,9.648725,4.8,8.0
2005-10-22,25.5,86,4.636266666666667,6.6,7.3
2005-10-23,25.5,87,6.307844444444445,5.1,11.2
2005-10-24,26.0,85,9.618755555555556,6.1,14.0
2005-10-25,25.9,86,7.453250000000001,8.8,10.4
2005-10-26,26.2,83,11.495516666666667,2.1,10.1
2005-10-27,26.3,84,10.403844444444443,15.5,8.2
2005-10-28,26.3,86,10.753244444444444,6.9,10.2
2005-10-29,26.4,83,11.588727777777777,1.7,8.0
2005-10-30,26.8,81,11.391563888888887,0.9,8.1
2005-10-31,26.1,86,7.9588,11.6,12.8
2005-11-01,26.0,88,10.134977777777777,6.1,10.4
2005-11-02,25.9,87,10.762683333333335,5.5,7.3
2005-11-03,25.6,87,9.741677777777777,5.5,11.6
2005-11-04,26.2,83,7.612086111111111,4.6,7.8
2005-11-05,26.6,81,11.735516666666667,0.6,9.4
2005-11-06,27.0,82,11.738438888888888,0.6,7.9
2005-11-07,26.7,83,11.648780555555556,2.1,9.4
2005-11-08,26.3,83,11.51433888888889,4.0,9.7
2005-11-09,26.1,85,11.580669444444446,3.1,10.8
2005-11-10,26.3,84,11.769213888888888,3.5,8.3
2005-11-11,26.3,83,11.647158333333332,10.7,11.5
2005-11-12,27.1,75,11.714341666666666,0.1,8.8
2005-11-13,26.4,81,11.696513888888887,3.0,8.6
2005-11-14,26.5,81,11.5791,1.7,8.0
2005-11-15,26.7,80,11.71386388888889,1.6,9.4
2005-11-16,27.2,76,11.867741666666667,0.0,7.4
2005-11-17,27.0,79,11.874111111111112,0.7,11.2
2005-11-18,27.1,78,11.790833333333333,0.8,8.1
2005-11-19,26.5,84,10.298874999999999,6.5,11.9
2005-11-20,26.2,86,10.585816666666668,31.5,12.4
2005-11-21,26.3,81,4.608891666666667,2.0,11.6
2005-11-22,26.5,77,7.042275,0.0,9.2
2005-11-23,27.2,70,11.82038611111111,0.0,10.4
2005-11-24,26.4,78,10.376675,5.6,7.6
2005-11-25,25.1,87,4.823355555555556,12.9,8.9
2005-11-26,24.1,93,0.0,17.6,7.9
2005-11-27,24.7,91,5.065452777777778,16.6,8.9
2005-11-28,24.7,92,7.862458333333333,13.1,7.6
2005-11-29,25.3,89,8.944358333333334,7.0,12.2
2005-11-30,25.3,85,8.482922222222223,1.6,17.3
2005-12-01,25.3,84,10.205247222222223,10.0,14.4
2005-12-02,25.8,82,8.23446388888889,2.6,17.3
2005-12-03,26.2,79,8.944780555555555,0.2,12.8
2005-12-04,26.3,79,10.482869444444445,0.2,9.0
2005-12-05,26.6,77,11.90628888888889,0.0,10.5
2005-12-06,26.6,79,11.914555555555555,0.2,8.7
2005-12-07,26.5,81,11.922911111111112,2.4,8.3
2005-12-08,26.7,82,11.93133611111111,4.2,9.1
2005-12-09,26.6,83,11.368991666666668,4.2,6.9
2005-12-10,26.1,84,9.376822222222222,5.6,7.9
2005-12-11,26.3,85,9.926211111111112,20.7,9.0
2005-12-12,26.1,84,8.281727777777778,9.2,11.1
2005-12-13,26.1,81,11.420894444444444,5.1,20.9
2005-12-14,26.4,80,10.461330555555556,0.2,14.8
2005-12-15,25.4,88,3.557455555555556,8.2,7.1
2005-12-16,25.5,88,4.521552777777778,6.4,14.8
2005-12-17,25.1,86,3.905822222222222,3.8,19.1
2005-12-18,24.8,88,3.1406694444444443,9.7,15.9
2005-12-19,25.7,84,8.054733333333333,6.4,15.2
2005-12-20,25.9,84,9.279925,1.3,18.1
2005-12-21,25.7,86,6.756769444444444,2.3,16.3
2005-12-22,26.1,83,10.188080555555555,4.7,18.3
2005-12-23,26.4,82,9.830383333333332,0.6,13.0
2005-12-24,26.6,83,7.188513888888889,4.5,6.6
2005-12-25,26.0,84,11.418597222222221,4.4,8.6
2005-12-26,25.9,86,11.043272222222221,17.7,7.2
2005-12-27,25.2,90,6.1744916666666665,12.3,14.5
2005-12-28,25.1,87,0.32764166666666666,2.4,12.8
2005-12-29,25.5,83,12.0,4.3,20.2
2005-12-30,25.4,84,10.317066666666667,1.2,17.3
2005-12-31,24.9,86,3.884291666666667,2.2,18.4
2006-01-01,25.5,82,7.2593805555555555,0.9,18.0
2006-01-02,25.5,84,11.0,6.0,17.4
2006-01-03,24.9,88,4.798708333333333,9.9,11.0
2006-01-04,25.3,87,9.561347222222222,9.8,15.5
2006-01-05,25.7,84,10.701488888888889,1.4,11.6
2006-01-06,26.1,84,11.08008888888889,7.9,7.9
2006-01-07,25.8,85,11.022361111111111,10.4,13.2
2006-01-08,25.3,87,10.786647222222223,18.4,15.5
2006-01-09,25.4,86,6.345008333333333,11.1,13.5
2006-01-10,24.9,90,4.702258333333334,18.3,10.6
2006-01-11,25.8,86,11.558422222222221,7.9,10.9
2006-01-12,25.6,88,12.0,13.5,9.8
2006-01-13,25.5,88,5.836808333333333,27.8,12.3
2006-01-14,25.6,88,10.011305555555555,7.2,15.3
2006-01-15,25.6,85,8.93313888888889,7.9,14.5
2006-01-16,25.1,87,6.518116666666667,7.1,13.0
2006-01-17,24.3,89,1.0644111111111112,9.0,15.7
2006-01-18,25.0,85,8.496144444444445,8.5,16.2
2006-01-19,25.1,86,9.903405555555556,5.9,19.4
2006-01-20,26.2,81,12.0,2.3,21.4
2006-01-21,25.9,83,11.695816666666667,3.0,19.2
2006-01-22,25.5,84,9.716205555555554,7.1,18.9
2006-01-23,24.6,90,0.0008277777777777778,24.1,14.5
2006-01-24,24.5,90,4.062697222222222,33.0,17.9
2006-01-25,24.4,88,3.608611111111111,16.0,15.6
2006-01-26,24.7,87,5.502141666666667,3.4,18.5
2006-01-27,25.1,87,9.848602777777778,13.2,18.6
2006-01-28,25.3,87,10.058633333333335,16.2,18.9
2006-01-29,25.2,89,8.84093611111111,13.9,13.7
2006-01-30,25.4,87,10.081544444444443,5.4,11.6
2006-01-31,25.5,86,11.650055555555555,2.4,16.5
2006-02-01,25.9,82,12.0,2.2,15.3
2006-02-02,26.4,80,12.0,1.3,16.6
2006-02-03,26.0,85,12.0,8.8,15.3
2006-02-04,25.9,85,10.99823888888889,6.6,16.7
2006-02-05,25.2,86,6.993508333333334,15.5,14.0
2006-02-06,25.0,89,8.847122222222222,16.8,14.9
2006-02-07,25.6,85,10.624027777777778,7.0,18.4
2006-02-08,25.5,88,11.671747222222223,10.3,13.4
2006-02-09,25.7,86,10.998555555555557,8.9,9.0
2006-02-10,25.7,85,11.289572222222223,10.6,15.4
2006-02-11,25.4,88,10.828475000000001,11.4,14.4
2006-02-12,26.3,84,11.972438888888888,5.5,10.8
2006-02-13,25.9,88,11.203119444444445,8.4,10.2
2006-02-14,26.1,85,11.769808333333332,5.9,11.8
2006-02-15,26.4,84,11.965636111111111,1.1,10.5
2006-02-16,26.1,85,11.768533333333334,2.0,10.5
2006-02-17,26.7,83,11.961991666666666,6.2,10.6
2006-02-18,25.6,89,8.0,24.3,12.4
2006-02-19,25.7,88,6.438255555555556,21.8,12.0
2006-02-20,26.3,85,9.9582,5.1,15.2
2006-02-21,26.1,86,10.897022222222223,7.0,13.7
2006-02-22,25.9,87,8.101033333333334,13.3,15.2
2006-02-23,26.0,86,11.95623611111111,7.2,17.5
2006-02-24,26.0,86,11.015888888888888,9.2,15.6
2006-02-25,24.9,91,3.0484166666666663,16.7,13.4
2006-02-26,25.2,85,5.672558333333333,7.5,17.6
2006-02-27,25.5,86,11.828913888888888,4.0,15.4
2006-02-28,24.9,90,3.4353527777777777,34.5,14.3
2006-03-01,25.0,90,6.138608333333334,17.5,11.8
2006-03-02,25.0,89,8.563305555555557,19.5,12.1
2006-03-03,25.8,86,11.55758611111111,2.8,12.4
2006-03-04,26.0,87,11.556486111111111,2.9,13.2
2006-03-05,26.1,85,11.182391666666668,8.5,11.2
2006-03-06,25.7,83,9.495808333333335,1.4,18.7
2006-03-07,26.3,82,10.213630555555556,3.1,14.1
2006-03-08,26.4,80,11.961711111111113,0.0,12.5
2006-03-09,26.1,81,11.962727777777777,3.6,12.8
2006-03-10,26.2,81,9.231430555555557,2.1,15.9
2006-03-11,25.7,85,11.965283333333332,10.5,11.6
2006-03-12,25.7,86,11.966800000000001,4.6,9.3
2006-03-13,26.0,83,11.968452777777777,0.9,16.6
2006-03-14,26.5,81,11.970225,0.1,14.6
2006-03-15,25.7,88,9.297236111111111,9.4,13.8
2006-03-16,25.7,88,11.028113888888889,4.8,15.9
2006-03-17,25.8,86,10.213444444444445,5.6,11.5
2006-03-18,26.5,84,11.139186111111112,2.3,14.3
2006-03-19,26.1,85,8.728197222222223,15.1,19.3
2006-03-20,25.5,87,0.31992777777777776,5.3,14.1
2006-03-21,24.8,90,4.087830555555556,23.3,14.1
2006-03-22,24.4,91,1.1846472222222222,19.9,14.7
2006-03-23,25.0,91,4.097777777777778,12.5,10.7
2006-03-24,25.4,89,10.689497222222222,15.2,12.8
2006-03-25,25.6,90,7.978580555555555,14.0,10.4
2006-03-26,26.3,88,11.966697222222223,6.1,10.7
2006-03-27,25.4,90,10.419305555555555,13.5,11.4
2006-03-28,26.6,81,11.215166666666667,1.9,14.9
2006-03-29,26.3,83,7.660333333333334,3.8,12.4
2006-03-30,26.3,86,9.497447222222222,4.1,11.5
2006-03-31,26.5,83,8.391647222222222,1.4,14.6
2006-04-01,25.8,83,7.509763888888889,2.2,18.6
2006-04-02,25.6,85,8.833836111111111,2.9,22.2
2006-04-03,25.8,84,11.736405555555555,2.2,21.2
2006-04-04,25.8,83,11.902030555555555,1.8,20.0
2006-04-05,25.6,84,10.72958611111111,0.9,20.5
2006-04-06,26.0,84,11.081999999999999,0.8,16.2
2006-04-07,26.3,83,11.792636111111111,1.0,19.8
2006-04-08,26.1,85,11.729241666666665,8.7,15.4
2006-04-09,25.8,86,9.801013888888889,8.7,16.3
2006-04-10,26.3,83,10.0,7.0,13.7
2006-04-11,25.6,87,9.376819444444445,18.5,11.9
2006-04-12,25.7,86,11.086583333333332,6.4,8.7
2006-04-13,25.7,87,9.152447222222222,7.9,6.9
2006-04-14,24.9,92,6.1737472222222225,8.7,8.7
2006-04-15,25.7,86,10.973894444444444,2.4,9.5
2006-04-16,25.9,85,11.815377777777778,1.1,8.7
2006-04-17,25.8,86,11.809163888888888,6.8,7.6
2006-04-18,25.9,86,11.803036111111112,1.1,7.9
2006-04-19,25.9,86,11.796975,0.8,8.0
2006-04-20,25.9,86,11.787133333333333,6.2,7.4
2006-04-21,25.6,89,11.785094444444443,3.3,10.3
2006-04-22,25.7,89,11.779294444444444,3.1,9.4
2006-04-23,25.4,90,9.7756,13.2,11.2
2006-04-24,25.7,88,10.170955555555556,8.2,7.8
2006-04-25,26.0,89,10.811308333333333,10.6,6.9
2006-04-26,25.9,86,7.081077777777778,1.3,8.3
2006-04-27,26.2,85,11.752052777777777,0.9,10.5
2006-04-28,26.1,84,11.747025,0.0,9.6
2006-04-29,26.5,84,11.742152777777777,3.5,8.7
2006-04-30,26.2,86,11.430319444444445,5.6,10.8
2006-05-01,25.8,87,11.54096388888889,5.9,9.7
2006-05-02,26.1,87,11.637377777777777,3.3,7.7
2006-05-03,26.3,83,11.724475,0.1,7.6
2006-05-04,26.0,86,11.309455555555555,5.6,9.2
2006-05-05,26.2,83,11.568366666666668,0.7,7.9
2006-05-06,25.9,85,8.642061111111111,2.2,9.0
2006-05-07,25.8,87,11.386863888888888,3.0,6.2
2006-05-08,25.9,86,11.185363888888888,1.2,12.4
2006-05-09,25.7,88,11.592347222222221,3.7,9.0
2006-05-10,25.9,86,11.189708333333332,1.7,10.2
2006-05-11,26.2,85,11.056419444444444,0.6,9.0
2006-05-12,25.8,89,11.0,3.3,6.2
2006-05-13,26.0,87,11.154377777777778,2.3,7.0
2006-05-14,26.4,82,10.944683333333334,0.2,9.0
2006-05-15,25.9,82,11.225416666666666,0.5,8.2
2006-05-16,26.2,80,11.200524999999999,0.0,7.9
2006-05-17,26.5,80,11.679766666666668,0.2,7.0
2006-05-18,26.4,79,11.681830555555555,0.0,10.8
2006-05-19,26.4,81,11.478455555555556,0.6,10.7
2006-05-20,26.0,87,10.163494444444446,4.8,12.8
2006-05-21,25.7,89,9.187227777777776,19.8,9.7
2006-05-22,25.4,87,4.172816666666667,6.7,8.3
2006-05-23,25.6,87,9.737225,2.1,8.8
2006-05-24,25.4,87,10.364980555555556,4.0,14.3
2006-05-25,25.4,89,10.961847222222223,6.5,11.2
2006-05-26,25.9,88,11.486975000000001,2.4,6.8
2006-05-27,25.8,88,9.510152777777778,8.2,7.6
2006-05-28,25.5,89,7.623091666666667,23.1,7.4
2006-05-29,25.5,89,8.435883333333333,4.6,8.4
2006-05-30,25.8,87,9.607608333333333,1.1,13.0
2006-05-31,26.2,87,11.473294444444445,1.4,15.5
2006-06-01,26.1,87,11.608797222222222,2.6,12.4
2006-06-02,25.9,85,10.771247222222222,4.7,7.6
2006-06-03,25.4,88,9.63226388888889,5.5,9.8
2006-06-04,25.7,84,11.194711111111111,2.4,8.2
2006-06-05,25.6,86,7.716977777777777,1.0,14.6
2006-06-06,25.5,86,11.099844444444445,0.6,14.5
2006-06-07,24.5,92,4.720680555555556,11.6,8.7
2006-06-08,25.3,85,10.924247222222222,1.9,7.6
2006-06-09,25.6,86,11.487138888888888,0.6,8.4
2006-06-10,25.8,80,11.651933333333334,0.0,10.0
2006-06-11,25.3,81,11.635608333333334,0.0,7.1
2006-06-12,25.6,80,11.350380555555557,0.0,7.9
2006-06-13,26.0,80,11.555958333333333,0.5,10.2
2006-06-14,25.8,83,11.621377777777777,0.9,9.0
2006-06-15,25.8,86,11.14535,0.6,7.6
2006-06-16,25.7,84,10.935916666666667,0.1,7.2
2006-06-17,26.1,80,11.466791666666666,0.0,6.8
2006-06-18,26.0,78,11.645150000000001,0.0,10.8
2006-06-19,25.5,78,11.64488611111111,0.0,7.6
2006-06-20,26.0,77,11.644733333333333,0.0,8.2
2006-06-21,26.3,79,11.516147222222221,0.0,9.0
2006-06-22,26.0,83,11.159108333333334,2.6,10.0
2006-06-23,26.1,84,11.364386111111111,1.8,9.8
2006-06-24,25.9,85,11.147808333333334,1.7,9.2
2006-06-25,25.5,81,11.645586111111111,0.1,10.8
2006-06-26,25.6,74,11.646075000000002,0.0,11.8
2006-06-27,25.7,71,11.646672222222222,0.0,7.8
2006-06-28,25.8,73,11.647369444444443,0.0,8.1
2006-06-29,26.2,69,11.648169444444445,0.0,9.5
2006-06-30,26.0,69,11.649072222222223,0.0,12.1
2006-07-01,26.3,71,11.650075,0.0,8.6
2006-07-02,26.6,72,11.595683333333334,0.0,8.1
2006-07-03,26.8,74,11.652380555555556,0.1,9.2
2006-07-04,26.8,73,11.653680555555555,0.0,9.2
2006-07-05,27.1,72,11.655077777777777,0.0,14.1
2006-07-06,27.1,71,11.656591666666667,0.0,9.4
2006-07-07,27.2,71,11.658283333333333,0.0,8.7
2006-07-08,27.2,71,11.42938611111111,0.0,9.5
2006-07-09,27.3,71,11.66201388888889,0.0,11.8
2006-07-10,27.1,74,11.491344444444444,0.3,8.2
2006-07-11,27.1,74,11.417877777777777,0.9,9.6
2006-07-12,26.8,73,11.578149999999999,0.1,10.2
2006-07-13,26.7,71,11.320430555555557,1.1,10.5
2006-07-14,26.8,70,11.386361111111112,0.5,12.1
2006-07-15,26.6,70,11.675772222222221,0.0,14.0
2006-07-16,27.3,68,11.678402777777778,0.0,14.0
2006-07-17,27.4,70,11.681119444444445,0.0,16.5
2006-07-18,27.4,72,11.683919444444445,0.0,15.9
2006-07-19,27.3,71,11.600108333333333,0.2,13.7
2006-07-20,26.3,81,11.183861111111112,12.8,9.4
2006-07-21,25.9,82,11.593411111111111,3.0,9.7
2006-07-22,26.7,76,11.180983333333334,0.6,9.7
2006-07-23,27.0,75,10.662205555555555,0.2,11.7
2006-07-24,26.7,76,11.594130555555557,0.5,10.7
2006-07-25,26.6,73,11.662322222222222,0.0,9.1
2006-07-26,26.7,73,11.708927777777777,0.0,11.9
2006-07-27,26.4,75,11.712391666666667,1.1,14.5
2006-07-28,26.0,80,11.715947222222223,5.6,13.5
2006-07-29,26.1,80,11.7196,0.9,14.3
2006-07-30,26.6,75,11.723341666666666,0.9,9.1
2006-07-31,26.2,77,11.656163888888889,0.7,12.3
2006-08-01,26.0,74,11.731077777777777,0.0,13.8
2006-08-02,26.4,67,11.735061111111111,0.1,15.5
2006-08-03,26.3,66,11.739116666666666,0.0,17.3
2006-08-04,25.9,66,11.743241666666666,0.0,14.2
2006-08-05,26.0,62,11.747427777777776,0.0,14.8
2006-08-06,26.7,62,11.751675,0.0,14.0
2006-08-07,26.5,66,11.755975000000001,0.1,14.3
2006-08-08,26.3,62,11.760327777777778,0.0,17.7
2006-08-09,26.1,66,11.764730555555555,0.0,11.6
2006-08-10,26.7,63,11.769169444444445,0.5,10.2
2006-08-11,26.8,64,11.77365,0.5,10.7
2006-08-12,26.9,63,11.778166666666667,0.2,14.2
2006-08-13,27.3,65,11.782713888888887,0.0,15.4
2006-08-14,27.2,65,11.787291666666667,0.0,15.6
2006-08-15,27.6,65,11.757480555555556,0.1,15.8
2006-08-16,27.4,70,11.796502777777778,0.0,16.3
2006-08-17,27.6,69,11.801191666666666,0.0,21.1
2006-08-18,27.4,69,11.805947222222223,0.0,15.3
2006-08-19,27.3,71,11.810769444444444,0.0,11.6
2006-08-20,27.5,72,11.81565,0.1,8.6
2006-08-21,27.3,70,11.820583333333333,0.1,12.4
2006-08-22,27.6,65,11.825566666666667,0.1,10.3
2006-08-23,27.6,65,11.830594444444444,0.0,12.7
2006-08-24,27.1,69,11.835669444444445,0.0,16.8
2006-08-25,27.5,71,11.840783333333333,0.0,11.6
2006-08-26,26.7,75,11.845927777777776,1.1,13.4
2006-08-27,26.4,70,11.623850000000001,0.4,12.7
2006-08-28,26.6,64,11.842544444444446,0.0,17.7
2006-08-29,26.4,68,11.840188888888889,0.0,18.1
2006-08-30,27.3,68,11.754180555555557,0.0,13.7
2006-08-31,27.2,67,11.835341666666668,0.2,9.1
2006-09-01,26.9,67,11.832869444444444,1.4,10.5
2006-09-02,27.4,65,11.830377777777779,0.0,12.9
2006-09-03,27.5,63,11.827872222222222,0.0,17.6
2006-09-04,27.3,61,11.82535,0.0,16.0
2006-09-05,27.0,62,11.822705555555554,0.0,17.4
2006-09-06,27.4,65,11.819930555555555,0.0,15.4
2006-09-07,27.4,67,11.817038888888888,0.0,16.9
2006-09-08,27.1,69,11.814044444444443,0.0,16.1
2006-09-09,28.0,64,11.81096111111111,0.0,13.9
2006-09-10,27.8,64,11.807805555555555,0.0,14.1
2006-09-11,28.3,63,11.804588888888889,0.0,12.4
2006-09-12,28.1,63,11.801324999999999,0.2,16.4
2006-09-13,27.9,65,11.798030555555556,0.0,14.8
2006-09-14,27.7,67,11.568686111111111,0.4,13.8
2006-09-15,27.5,71,11.016419444444445,1.0,12.8
2006-09-16,27.3,71,11.571152777777778,0.7,10.8
2006-09-17,27.5,68,11.701080555555555,0.0,12.1
2006-09-18,27.4,66,11.781577777777779,0.0,12.3
2006-09-19,28.0,62,11.778391666666666,0.0,15.6
2006-09-20,27.9,61,11.775272222222224,0.0,18.0
2006-09-21,27.5,63,11.772236111111113,0.0,15.5
2006-09-22,28.0,63,11.769294444444444,0.0,16.6
2006-09-23,27.7,66,11.766463888888888,0.0,15.3
2006-09-24,27.6,65,11.763738888888888,0.0,16.2
2006-09-25,27.4,62,11.760991666666667,0.0,15.9
2006-09-26,27.5,62,11.75821111111111,0.0,16.1
2006-09-27,27.7,61,11.755411111111112,0.0,15.2
2006-09-28,28.0,62,11.752605555555554,0.0,15.0
2006-09-29,28.1,64,11.74981111111111,0.0,19.2
2006-09-30,28.8,61,11.747038888888888,0.0,16.1
2006-10-01,28.7,58,11.744302777777778,0.0,18.7
2006-10-02,27.9,58,11.74162222222222,0.0,17.0
2006-10-03,28.2,59,11.660227777777777,0.0,17.6
2006-10-04,28.7,60,11.661941666666666,0.0,15.1
2006-10-05,28.8,62,11.663658333333332,0.0,11.5
2006-10-06,28.8,63,11.278661111111111,0.1,13.3
2006-10-07,28.8,62,11.280133333333334,0.1,17.9
2006-10-08,28.1,64,11.727433333333334,0.0,14.0
2006-10-09,28.6,62,11.737863888888889,0.1,11.1
2006-10-10,28.8,64,11.732580555555556,0.0,11.1
2006-10-11,28.4,64,11.72758611111111,0.0,19.1
2006-10-12,28.4,62,11.722902777777778,0.0,16.6
2006-10-13,28.7,60,11.61045,0.0,15.4
2006-10-14,28.6,61,11.77926111111111,0.0,16.9
2006-10-15,28.5,64,11.484533333333333,0.0,12.3
2006-10-16,27.8,71,11.355813888888889,3.6,11.8
2006-10-17,27.5,76,11.278858333333334,1.5,13.8
2006-10-18,27.8,73,11.487991666666666,0.7,14.1
2006-10-19,27.3,75,11.405486111111111,2.0,12.8
2006-10-20,28.3,69,11.729922222222223,0.0,9.4
2006-10-21,28.6,67,11.756711111111112,0.5,11.9
2006-10-22,28.6,67,11.715094444444443,0.2,14.1
2006-10-23,28.4,68,11.726291666666667,1.3,12.2
2006-10-24,28.7,65,11.790633333333332,0.0,16.8
2006-10-25,28.4,67,11.461655555555556,3.2,11.0
2006-10-26,27.0,79,11.263516666666668,11.8,13.3
2006-10-27,26.8,81,11.393569444444443,5.5,10.9
2006-10-28,27.2,77,11.5239,0.9,11.4
2006-10-29,27.8,71,11.45698888888889,0.4,10.8
2006-10-30,27.7,75,11.167752777777778,2.3,10.3
2006-10-31,26.8,79,11.035361111111111,3.1,10.9
2006-11-01,27.2,76,11.784727777777777,2.2,10.8
2006-11-02,27.3,76,11.78422222222222,1.1,12.4
2006-11-03,27.3,76,11.783883333333334,2.3,11.3
2006-11-04,28.2,72,11.31783888888889,2.9,10.0
2006-11-05,28.3,71,11.7165,1.0,13.2
2006-11-06,28.8,66,11.849405555555556,0.0,13.0
2006-11-07,28.3,68,10.994452777777777,0.5,10.1
2006-11-08,27.4,75,11.096125,8.4,14.8
2006-11-09,27.2,78,10.774447222222223,4.6,13.1
2006-11-10,27.5,77,11.915808333333334,4.2,10.6
2006-11-11,27.0,79,11.647497222222222,7.5,9.0
2006-11-12,27.9,71,11.912141666666667,0.8,11.2
2006-11-13,27.7,73,11.984430555555555,1.5,13.4
2006-11-14,28.4,71,11.989816666666666,1.1,15.5
2006-11-15,28.7,68,11.927994444444444,1.9,11.5
2006-11-16,27.7,72,11.781591666666667,1.0,14.2
2006-11-17,27.9,75,11.940016666666667,4.4,13.4
2006-11-18,27.7,76,11.646002777777777,4.0,13.1
2006-11-19,28.3,73,11.953161111111111,1.8,11.6
2006-11-20,28.9,69,11.824125,1.6,14.2
2006-11-21,28.3,70,11.850244444444444,2.3,10.4
2006-11-22,27.6,74,11.099319444444445,5.6,13.0
2006-11-23,27.5,74,11.645925,2.6,13.1
2006-11-24,27.3,76,11.239544444444444,13.1,13.8
2006-11-25,27.5,77,11.830347222222223,2.1,12.0
2006-11-26,27.4,76,11.268316666666667,3.0,8.8
2006-11-27,27.1,79,11.472022222222222,7.7,8.9
2006-11-28,27.0,79,11.58173611111111,7.8,9.8
2006-11-29,26.4,83,11.163558333333333,7.7,9.2
2006-11-30,27.3,78,11.866105555555556,0.6,8.3
2006-12-01,27.1,79,11.873769444444445,7.0,8.9
2006-12-02,27.1,80,10.593480555555555,1.2,8.5
2006-12-03,26.7,81,11.164041666666668,3.7,13.1
2006-12-04,26.2,83,8.205447222222222,10.3,13.3
2006-12-05,26.6,81,11.0,3.7,11.9
2006-12-06,26.6,83,10.592169444444444,16.3,12.1
2006-12-07,26.5,83,11.921655555555555,5.0,9.8
2006-12-08,26.6,82,11.787561111111112,7.3,9.7
2006-12-09,27.0,81,11.940266666666666,1.8,9.3
2006-12-10,27.0,81,11.090291666666667,3.6,14.2
2006-12-11,27.7,75,11.569041666666667,1.5,10.7
2006-12-12,27.1,78,11.961877777777778,4.8,9.8
2006-12-13,26.5,84,7.725327777777778,13.8,11.5
2006-12-14,26.4,86,9.55888888888889,11.7,13.1
2006-12-15,26.9,85,11.985938888888889,2.7,11.1
2006-12-16,27.2,82,10.761819444444445,3.1,8.8
2006-12-17,26.8,85,12.0,15.4,9.7
2006-12-18,26.6,86,9.422530555555555,5.2,9.0
2006-12-19,26.6,87,11.130469444444445,21.2,10.9
2006-12-20,26.3,89,8.758638888888889,11.3,11.7
2006-12-21,26.2,88,10.609230555555557,15.6,9.7
2006-12-22,26.2,87,9.41086111111111,10.0,10.5
2006-12-23,26.7,87,9.787252777777779,10.3,11.5
2006-12-24,26.2,87,7.123772222222223,11.3,16.9
2006-12-25,26.0,88,5.595616666666667,20.9,13.7
2006-12-26,26.8,85,8.758308333333334,6.1,11.5
2006-12-27,25.4,89,1.2237083333333334,11.6,13.4
2006-12-28,26.0,85,9.601527777777777,5.4,18.8
2006-12-29,24.3,93,0.0,44.8,21.3
2006-12-30,24.8,88,1.2868583333333332,15.1,18.0
2006-12-31,25.5,84,5.318161111111111,9.2,13.8
2007-01-01,26.1,82,11.314952777777778,2.4,23.1
2007-01-02,25.5,82,9.699250000000001,3.4,25.6
2007-01-03,26.1,78,12.0,0.2,25.8
2007-01-04,26.1,75,11.420325,0.0,19.6
2007-01-05,26.1,75,12.0,0.0,14.6
2007-01-06,26.3,75,12.0,0.0,14.8
2007-01-07,26.5,74,12.0,0.0,12.7
2007-01-08,26.1,76,12.0,0.4,11.0
2007-01-09,26.8,77,12.0,0.4,12.7
2007-01-10,27.0,74,12.0,0.3,13.7
2007-01-11,26.9,73,12.0,0.0,15.2
2007-01-12,27.2,73,12.0,0.0,15.4
2007-01-13,27.3,73,12.0,0.0,15.6
2007-01-14,27.2,74,12.0,0.6,17.7
2007-01-15,26.8,77,12.0,4.4,17.1
2007-01-16,27.3,74,10.253983333333332,0.4,9.8
2007-01-17,27.9,72,12.0,0.4,8.3
2007-01-18,27.9,71,12.0,0.8,10.1
2007-01-19,27.6,74,12.0,3.7,10.9
2007-01-20,27.1,80,11.964608333333333,7.1,11.6
2007-01-21,26.7,83,12.0,2.4,8.8
2007-01-22,25.8,88,8.694741666666667,17.6,11.6
2007-01-23,25.3,90,2.9978305555555558,17.3,7.9
2007-01-24,25.0,87,0.29666944444444443,20.2,9.8
2007-01-25,26.1,86,10.518586111111112,18.7,11.0
2007-01-26,26.4,84,12.0,5.3,11.8
2007-01-27,26.4,87,6.965747222222221,6.3,10.9
2007-01-28,25.9,87,7.660311111111111,15.7,11.6
2007-01-29,25.0,89,9.68288888888889,18.7,18.6
2007-01-30,25.3,85,11.469969444444445,13.7,17.7
2007-01-31,25.3,86,11.466730555555557,17.5,15.1
2007-02-01,25.1,87,6.440413888888889,23.9,14.3
2007-02-02,25.1,86,7.0210333333333335,21.8,13.8
2007-02-03,24.5,89,7.681827777777778,17.3,13.7
2007-02-04,25.1,88,11.99917222222222,16.9,15.1
2007-02-05,25.6,87,11.57235,9.4,11.4
2007-02-06,26.1,84,11.99133611111111,5.4,11.2
2007-02-07,26.4,85,10.786511111111112,5.8,11.5
2007-02-08,26.2,86,11.98426111111111,6.0,9.4
2007-02-09,26.2,85,11.307183333333333,4.3,10.2
2007-02-10,26.2,86,11.977961111111112,1.5,11.5
2007-02-11,26.7,83,11.835444444444445,2.2,10.8
2007-02-12,26.1,87,11.705219444444445,6.4,10.5
2007-02-13,25.7,87,11.099602777777777,12.2,11.6
2007-02-14,26.0,87,11.967916666666667,3.6,10.4
2007-02-15,26.2,86,11.01573888888889,15.9,12.8
2007-02-16,25.3,88,8.893838888888888,10.9,11.4
2007-02-17,25.8,85,11.962658333333334,4.8,11.3
2007-02-18,25.8,86,11.713219444444443,6.2,10.0
2007-02-19,25.8,89,11.950927777777776,12.0,10.4
2007-02-20,25.4,88,6.764386111111111,12.0,11.5
2007-02-21,25.9,86,7.399597222222222,5.6,10.7
2007-02-22,25.8,86,7.769297222222223,4.3,9.2
2007-02-23,25.9,86,11.648113888888888,6.5,10.2
2007-02-24,25.6,88,9.745130555555557,8.2,9.5
2007-02-25,25.7,88,8.462519444444444,12.8,11.1
2007-02-26,25.7,87,7.760408333333333,5.2,11.4
2007-02-27,25.6,87,11.23955,15.2,16.6
2007-02-28,26.0,82,10.580555555555556,0.6,19.0
2007-03-01,25.6,83,9.473897222222222,2.0,22.7
2007-03-02,25.4,86,8.477719444444444,11.1,20.1
2007-03-03,25.6,84,2.9595805555555557,6.2,18.4
2007-03-04,25.9,84,10.693438888888888,10.5,19.2
2007-03-05,26.4,82,11.199436111111112,3.7,17.7
2007-03-06,26.0,85,7.900144444444445,7.5,23.4
2007-03-07,25.7,86,6.591708333333334,12.9,21.0
2007-03-08,25.9,86,9.564933333333334,16.9,17.8
2007-03-09,25.8,87,6.435625,15.6,15.5
2007-03-10,25.8,88,11.743927777777778,11.7,16.4
2007-03-11,26.2,84,11.965277777777779,1.3,14.2
2007-03-12,26.2,85,11.966947222222222,1.6,10.7
2007-03-13,26.3,85,11.9687,6.6,10.4
2007-03-14,26.4,85,11.678413888888889,6.7,9.1
2007-03-15,26.0,87,10.863016666666667,7.9,10.0
2007-03-16,26.0,85,11.699927777777777,8.5,11.9
2007-03-17,25.7,86,8.369411111111111,11.1,16.6
2007-03-18,25.9,85,9.997705555555555,1.7,15.6
2007-03-19,26.0,86,11.154066666666667,11.6,13.7
2007-03-20,25.5,88,6.702999999999999,15.5,15.6
2007-03-21,25.6,85,10.586025000000001,7.9,17.0
2007-03-22,25.8,83,6.403444444444445,3.3,15.3
2007-03-23,26.2,82,1.7285277777777777,0.8,10.5
2007-03-24,27.1,77,11.783594444444445,0.1,14.6
2007-03-25,26.0,81,9.904461111111111,0.7,20.7
2007-03-26,26.0,82,10.480608333333334,0.4,18.6
2007-03-27,25.9,84,8.352608333333333,4.8,13.9
2007-03-28,25.8,87,11.95696388888889,7.4,15.2
2007-03-29,25.8,85,11.487694444444443,9.3,14.8
2007-03-30,26.3,85,11.942619444444444,0.7,9.7
2007-03-31,26.1,87,10.604780555555555,10.0,8.3
2007-04-01,25.6,88,9.462338888888889,13.5,10.5
2007-04-02,25.7,87,11.12224722222222,16.0,7.6
2007-04-03,26.0,85,11.5145,4.2,9.2
2007-04-04,26.0,87,10.584,11.3,6.9
2007-04-05,25.7,88,8.602180555555556,13.5,12.4
2007-04-06,25.8,89,9.730391666666668,8.6,13.0
2007-04-07,25.8,89,11.750608333333334,8.8,10.5
2007-04-08,25.9,89,10.606522222222223,13.5,10.8
2007-04-09,25.9,90,11.407341666666667,10.7,8.3
2007-04-10,25.6,90,9.401641666666668,14.4,9.5
2007-04-11,25.4,91,8.222202777777778,4.9,7.8
2007-04-12,26.0,88,11.684688888888887,2.3,8.7
2007-04-13,26.0,87,11.428386111111111,5.9,10.5
2007-04-14,26.3,87,9.067961111111112,9.6,12.0
2007-04-15,26.4,85,10.41798611111111,3.6,10.0
2007-04-16,26.5,88,11.24481388888889,4.9,9.0
2007-04-17,25.6,91,6.453052777777779,14.7,7.9
2007-04-18,26.1,87,10.472061111111111,4.8,7.3
2007-04-19,26.1,89,9.745441666666666,8.7,9.0
2007-04-20,25.9,88,10.862641666666667,5.9,8.5
2007-04-21,26.1,88,9.484658333333332,5.0,8.8
2007-04-22,26.5,87,11.053366666666667,4.9,7.3
2007-04-23,26.1,86,10.761330555555556,9.6,10.1
2007-04-24,26.2,84,9.193483333333333,3.3,9.2
2007-04-25,25.8,86,3.5773944444444448,6.6,7.7
2007-04-26,25.6,88,8.39616111111111,6.6,6.5
2007-04-27,25.7,87,7.926855555555556,7.0,8.4
2007-04-28,26.0,86,10.551047222222222,1.9,10.1
2007-04-29,26.3,85,11.625675,1.8,9.5
2007-04-30,25.3,88,9.553891666666667,10.2,9.7
2007-05-01,25.5,89,10.109294444444444,10.8,10.7
2007-05-02,25.6,87,5.736005555555555,4.8,9.3
2007-05-03,25.8,85,11.048516666666668,0.7,11.7
2007-05-04,26.4,82,11.721916666666667,0.4,9.7
2007-05-05,26.3,86,11.378302777777778,3.5,10.9
2007-05-06,26.3,85,9.345830555555555,3.2,7.2
2007-05-07,26.5,84,11.334280555555557,0.0,12.3
2007-05-08,26.9,82,10.785719444444444,1.4,8.2
2007-05-09,26.8,84,11.591394444444443,2.4,8.0
2007-05-10,26.3,86,11.526655555555555,6.8,8.7
2007-05-11,25.7,88,10.448883333333335,11.3,12.0
2007-05-12,26.0,85,9.549483333333333,0.9,15.7
2007-05-13,26.7,82,9.616991666666665,1.5,12.9
2007-05-14,24.7,93,3.2835722222222223,25.3,10.3
2007-05-15,25.2,90,8.189813888888889,7.7,10.1
2007-05-16,25.0,91,3.4867805555555553,18.4,6.5
2007-05-17,25.5,87,10.414255555555556,1.8,8.0
2007-05-18,25.6,88,8.573455555555554,2.3,8.6
2007-05-19,26.2,85,11.546725,0.2,8.7
2007-05-20,26.5,85,11.274363888888889,0.7,7.9
2007-05-21,26.3,85,10.642966666666666,1.5,8.0
2007-05-22,26.3,86,11.345397222222223,4.6,10.0
2007-05-23,26.4,85,11.682791666666667,0.2,12.9
2007-05-24,26.7,83,11.682663888888888,0.0,14.2
2007-05-25,26.4,84,11.682763888888887,0.2,9.3
2007-05-26,26.1,84,11.417930555555557,0.3,9.7
2007-05-27,26.3,81,11.681069444444445,0.0,9.4
2007-05-28,26.6,81,11.41315,0.0,12.2
2007-05-29,26.2,83,11.548622222222223,1.3,11.2
2007-05-30,26.1,85,10.990572222222221,2.7,12.3
2007-05-31,25.8,85,11.12551388888889,1.9,7.2
2007-06-01,25.9,87,10.589202777777777,7.9,8.0
2007-06-02,25.5,89,10.02505,8.4,13.0
2007-06-03,26.2,85,11.391897222222223,0.4,14.5
2007-06-04,26.4,84,11.387858333333334,1.6,15.0
2007-06-05,25.7,90,8.900444444444444,3.3,9.4
2007-06-06,25.5,88,9.876683333333332,3.4,11.3
2007-06-07,25.6,88,10.956502777777779,3.4,10.4
2007-06-08,25.7,89,10.243847222222222,8.8,12.0
2007-06-09,26.1,85,10.856552777777777,3.3,6.7
2007-06-10,26.5,82,11.57235,0.3,7.6
2007-06-11,25.9,80,11.650769444444444,0.0,9.4
2007-06-12,25.5,79,11.649705555555556,0.0,9.8
2007-06-13,25.7,77,11.648744444444445,0.0,9.7
2007-06-14,25.9,80,11.4139,0.6,10.2
2007-06-15,26.3,83,11.075227777777778,4.3,8.9
2007-06-16,26.1,85,11.33326111111111,1.0,8.3
2007-06-17,25.9,84,11.398058333333333,1.9,9.7
2007-06-18,25.4,87,6.071822222222223,1.3,7.4
2007-06-19,24.7,92,0.15583333333333332,14.4,4.9
2007-06-20,24.9,92,1.9870694444444443,17.5,7.6
2007-06-21,25.6,86,10.655133333333334,0.6,8.4
2007-06-22,25.9,83,11.36975,0.0,9.4
2007-06-23,26.5,82,11.57493611111111,0.1,8.4
2007-06-24,26.8,81,11.56926111111111,0.2,5.4
2007-06-25,26.1,84,11.282527777777778,2.0,10.1
2007-06-26,26.0,82,11.628422222222222,0.0,7.7
2007-06-27,25.5,85,10.955005555555555,6.4,7.2
2007-06-28,24.8,91,0.9615361111111111,5.1,8.2
2007-06-29,25.2,89,9.245777777777779,17.4,9.8
2007-06-30,25.7,88,10.93181111111111,1.4,9.0
2007-07-01,26.0,85,11.53293611111111,1.7,7.5
2007-07-02,26.2,85,11.542583333333335,1.1,10.0
2007-07-03,26.5,83,11.616741666666666,1.0,11.5
2007-07-04,26.3,78,11.269958333333333,0.0,8.4
2007-07-05,25.6,79,11.654752777777778,0.0,8.2
2007-07-06,25.7,85,11.439911111111112,5.7,12.6
2007-07-07,25.7,88,11.199475,5.6,5.0
2007-07-08,25.3,88,11.361122222222223,5.4,7.2
2007-07-09,25.4,83,11.568880555555555,2.3,7.3
2007-07-10,25.0,77,11.663822222222223,0.0,9.1
2007-07-11,24.8,76,11.665938888888888,0.0,10.4
2007-07-12,24.7,78,11.668144444444444,0.0,6.6
2007-07-13,25.1,80,11.18211111111111,0.0,8.3
2007-07-14,26.0,80,11.672827777777778,0.0,12.1
2007-07-15,26.3,82,10.389697222222223,0.1,10.4
2007-07-16,26.7,79,11.677850000000001,0.2,12.7
2007-07-17,26.7,80,11.680477777777778,0.2,16.4
2007-07-18,26.2,83,11.602397222222221,2.4,14.0
2007-07-19,26.6,79,11.68596111111111,0.0,17.2
2007-07-20,26.1,81,11.662052777777777,0.9,18.1
2007-07-21,25.7,85,10.670216666666667,5.7,7.1
2007-07-22,25.7,85,11.286544444444443,1.6,7.7
2007-07-23,26.1,81,11.52505,0.3,8.3
2007-07-24,25.9,79,11.346191666666668,0.0,10.9
2007-07-25,25.5,76,11.456027777777777,0.0,12.2
2007-07-26,25.4,73,10.650797222222224,0.0,10.7
2007-07-27,25.7,72,11.711547222222222,0.2,8.6
2007-07-28,25.6,77,11.715163888888888,0.3,13.2
2007-07-29,26.1,77,11.111869444444446,1.0,10.2
2007-07-30,26.3,76,11.722636111111111,0.1,9.5
2007-07-31,26.5,76,11.726483333333332,0.4,8.4
2007-08-01,26.5,74,11.719783333333334,0.0,13.8
2007-08-02,26.1,70,11.734363888888888,0.0,13.3
2007-08-03,25.8,71,11.738397222222224,0.0,12.6
2007-08-04,26.3,70,11.742480555555556,0.0,15.7
2007-08-05,26.6,70,11.746613888888888,0.0,14.5
2007-08-06,26.7,69,11.7508,0.0,14.5
2007-08-07,27.3,67,11.755025,0.0,14.2
2007-08-08,27.3,67,11.75928888888889,0.0,12.5
2007-08-09,27.5,68,11.763586111111112,0.0,10.0
2007-08-10,27.5,69,11.767911111111111,0.0,12.3
2007-08-11,27.3,69,11.772286111111113,0.0,16.1
2007-08-12,27.2,68,11.776733333333333,0.0,14.4
2007-08-13,26.9,72,11.781258333333334,0.9,12.7
2007-08-14,26.8,76,11.785852777777778,1.7,10.7
2007-08-15,26.1,81,11.623580555555556,2.6,8.3
2007-08-16,26.4,74,11.795230555555555,0.0,14.6
2007-08-17,26.7,68,11.800005555555554,0.0,12.9
2007-08-18,26.9,70,11.804833333333335,0.0,16.4
2007-08-19,27.6,68,11.809711111111111,0.0,12.5
2007-08-20,26.8,78,11.451216666666665,3.1,10.9
2007-08-21,25.9,84,9.726997222222224,11.6,6.6
2007-08-22,25.6,86,11.46361388888889,24.4,10.6
2007-08-23,25.7,84,11.322624999999999,3.1,13.0
2007-08-24,25.3,86,11.805005555555555,6.2,8.4
2007-08-25,25.7,81,11.839769444444444,0.9,12.8
2007-08-26,26.0,78,11.844877777777777,1.3,13.7
2007-08-27,26.1,74,11.845397222222223,0.0,12.5
2007-08-28,25.9,73,11.843308333333335,0.0,13.0
2007-08-29,26.4,71,11.841180555555555,0.0,16.1
2007-08-30,26.6,72,11.839002777777779,0.0,11.2
2007-08-31,26.5,71,11.83668888888889,0.0,16.5
2007-09-01,26.5,68,11.834227777777778,0.0,15.9
2007-09-02,27.1,67,11.831633333333333,0.0,12.9
2007-09-03,27.2,73,11.828919444444445,0.5,12.7
2007-09-04,26.7,76,9.875036111111111,1.2,11.4
2007-09-05,27.7,70,11.740052777777779,0.0,12.0
2007-09-06,27.9,69,11.82018888888889,0.1,19.4
2007-09-07,26.9,76,11.691369444444444,1.8,9.5
2007-09-08,26.2,79,11.667861111111112,4.4,9.4
2007-09-09,26.4,77,11.810852777777777,1.1,9.4
2007-09-10,26.6,74,10.983591666666667,0.7,11.1
2007-09-11,26.9,71,11.565530555555556,0.3,12.7
2007-09-12,26.0,72,11.184030555555555,0.3,18.1
2007-09-13,26.9,70,11.798077777777777,0.0,14.1
2007-09-14,27.2,68,11.375458333333334,0.0,12.4
2007-09-15,27.5,68,11.791786111111112,0.0,12.1
2007-09-16,27.7,69,11.76398611111111,0.7,12.9
2007-09-17,27.1,75,11.250430555555557,2.4,12.0
2007-09-18,27.4,75,11.25168888888889,0.2,12.1
2007-09-19,27.8,70,11.779911111111112,0.0,13.9
2007-09-20,27.8,67,11.777002777777778,0.0,10.0
2007-09-21,28.1,64,11.774027777777778,0.0,20.6
2007-09-22,27.8,65,11.771005555555556,0.0,12.6
2007-09-23,27.5,68,11.767947222222222,0.4,15.1
2007-09-24,27.4,71,11.452727777777778,1.3,10.5
2007-09-25,27.8,71,11.518505555555556,2.9,10.9
2007-09-26,28.4,64,11.758719444444445,0.0,14.5
2007-09-27,28.1,64,11.755675,0.0,13.3
2007-09-28,28.2,66,11.752669444444445,0.0,14.5
2007-09-29,28.0,64,11.717777777777778,0.0,14.3
2007-09-30,28.3,60,11.74683888888889,0.0,15.5
2007-10-01,27.6,64,11.744044444444445,0.0,16.9
2007-10-02,28.0,62,11.658569444444444,0.0,13.3
2007-10-03,28.3,63,11.738766666666667,0.0,15.5
2007-10-04,28.5,63,11.597533333333335,0.0,11.8
2007-10-05,28.6,63,11.734005555555555,0.0,12.1
2007-10-06,28.8,65,11.665158333333332,0.0,13.2
2007-10-07,28.4,67,11.602247222222221,0.3,12.6
2007-10-08,27.5,73,11.603719444444444,3.1,11.5
2007-10-09,26.7,77,10.45988611111111,1.3,13.1
2007-10-10,27.3,75,11.15435,4.8,10.6
2007-10-11,27.3,75,11.162247222222222,2.8,9.4
2007-10-12,27.3,73,11.48355,6.9,10.9
2007-10-13,27.2,73,11.028141666666667,0.5,11.5
2007-10-14,27.3,76,11.223519444444443,3.0,9.7
2007-10-15,27.6,75,11.548952777777778,1.6,9.4
2007-10-16,27.8,72,11.420461111111113,0.8,10.7
2007-10-17,27.1,74,10.600005555555555,1.8,10.4
2007-10-18,27.8,71,11.21238611111111,0.1,8.8
2007-10-19,28.0,68,11.470988888888888,0.0,11.3
2007-10-20,27.8,68,11.425075,0.5,10.5
2007-10-21,28.0,70,11.0,6.5,8.9
2007-10-22,26.6,81,11.1401,8.4,10.8
2007-10-23,26.2,84,5.437763888888889,8.5,10.0
2007-10-24,26.9,78,9.378522222222223,2.6,10.1
2007-10-25,27.4,76,10.05263888888889,0.3,7.9
2007-10-26,27.4,77,11.460855555555556,6.1,10.4
2007-10-27,27.1,77,11.328088888888889,0.6,10.5
2007-10-28,27.1,77,10.008805555555554,1.0,14.0
2007-10-29,27.1,78,11.12758611111111,10.6,8.7
2007-10-30,26.1,84,6.285236111111111,4.9,11.4
2007-10-31,26.9,77,11.023113888888888,2.7,9.0
2007-11-01,27.1,75,10.042319444444445,1.0,7.5
2007-11-02,27.2,73,8.988152777777778,2.3,7.1
2007-11-03,26.9,76,9.998391666666667,7.0,7.3
2007-11-04,26.6,76,10.772680555555556,3.7,8.0
2007-11-05,26.4,80,9.500575,3.9,5.4
2007-11-06,26.6,77,10.44131388888889,4.0,6.6
2007-11-07,26.3,81,5.466455555555556,3.4,9.2
2007-11-08,26.7,81,10.882588888888888,9.4,9.4
2007-11-09,26.1,84,10.942225,7.0,10.8
2007-11-10,25.2,88,8.621522222222222,12.2,8.6
2007-11-11,26.3,82,11.445975,4.7,9.7
2007-11-12,26.5,79,7.260158333333333,1.6,9.7
2007-11-13,26.4,82,11.714305555555555,8.9,10.3
2007-11-14,26.3,83,10.046238888888888,6.1,10.7
2007-11-15,27.2,79,10.198566666666666,1.7,8.5
2007-11-16,27.0,80,10.764052777777778,3.1,8.8
2007-11-17,27.0,79,11.626269444444445,7.0,7.7
2007-11-18,27.6,75,11.875680555555554,1.4,11.1
2007-11-19,27.7,74,12.018047222222222,2.7,8.7
2007-11-20,27.6,70,11.889330555555555,0.7,7.9
2007-11-21,27.4,66,11.80386388888889,0.0,13.0
2007-11-22,27.3,65,11.714144444444443,0.0,15.7
2007-11-23,27.5,64,11.816330555555556,0.0,16.9
2007-11-24,27.4,63,12.057947222222223,0.0,14.8
2007-11-25,28.2,61,11.930072222222222,0.0,9.2
2007-11-26,28.5,60,12.076230555555556,0.5,10.0
2007-11-27,27.9,67,11.783216666666668,2.9,10.2
2007-11-28,27.4,71,11.714766666666668,2.9,13.2
2007-11-29,27.3,73,11.96798888888889,1.6,11.5
2007-11-30,27.0,77,11.922163888888889,7.7,12.1
2007-12-01,27.2,76,11.919280555555556,2.6,14.1
2007-12-02,26.7,79,11.880377777777777,10.0,15.0
2007-12-03,26.2,81,11.594655555555557,17.9,17.2
2007-12-04,26.3,79,10.905841666666666,3.9,12.3
2007-12-05,26.5,80,11.239172222222221,11.1,11.0
2007-12-06,26.0,86,9.743327777777779,13.7,8.9
2007-12-07,26.0,86,9.906041666666667,6.6,8.1
2007-12-08,25.9,87,10.928152777777777,9.3,10.9
2007-12-09,26.0,87,11.394702777777779,13.0,13.3
2007-12-10,26.4,85,11.942088888888888,9.0,10.5
2007-12-11,25.9,87,11.181344444444443,27.7,10.0
2007-12-12,25.8,87,5.728583333333334,10.7,12.6
2007-12-13,26.2,86,9.173541666666667,20.1,11.8
2007-12-14,25.6,89,8.277605555555557,10.7,8.0
2007-12-15,25.5,89,7.262119444444445,7.9,8.3
2007-12-16,25.8,88,7.098880555555556,10.5,6.9
2007-12-17,25.8,87,5.604905555555556,3.0,8.4
2007-12-18,26.1,86,10.830883333333333,6.3,8.9
2007-12-19,26.1,88,8.95581111111111,25.1,11.5
2007-12-20,25.2,91,8.027105555555556,38.5,10.5
2007-12-21,25.4,87,6.291688888888889,5.3,11.2
2007-12-22,24.9,89,8.22031111111111,19.9,17.0
2007-12-23,24.7,90,1.8559166666666667,21.9,14.2
2007-12-24,25.5,85,9.193130555555555,6.2,18.5
2007-12-25,26.0,84,10.405158333333333,13.2,16.3
2007-12-26,25.1,84,2.009863888888889,10.7,20.9
2007-12-27,24.8,87,1.8300916666666667,6.8,17.0
2007-12-28,24.9,87,2.2804333333333333,9.1,22.5
2007-12-29,25.3,86,8.086188888888888,6.6,23.8
2007-12-30,26.4,81,10.400922222222222,0.6,17.4
2007-12-31,25.8,86,12.0,21.3,16.2
2008-01-01,25.4,87,8.934463888888889,9.8,18.0
2008-01-02,24.8,89,0.0,11.9,14.2
2008-01-03,25.0,86,0.8378861111111111,8.1,17.0
2008-01-04,24.8,87,5.2048861111111115,11.4,17.2
2008-01-05,25.5,85,12.0,2.9,16.9
2008-01-06,26.1,80,12.0,0.1,15.8
2008-01-07,26.2,81,12.0,0.5,16.5
2008-01-08,26.0,81,12.0,0.5,12.3
2008-01-09,26.3,79,12.0,0.5,16.6
2008-01-10,26.2,80,12.0,1.8,12.3
2008-01-11,26.2,81,12.0,0.9,15.5
2008-01-12,26.4,79,11.203261111111111,0.3,17.7
2008-01-13,26.5,79,12.0,0.6,19.4
2008-01-14,26.1,82,9.288438888888889,7.1,19.2
2008-01-15,25.5,83,4.207052777777777,2.0,20.3
2008-01-16,25.5,84,9.033391666666667,5.1,18.8
2008-01-17,26.0,81,12.0,4.2,18.0
2008-01-18,26.1,80,12.0,1.0,17.6
2008-01-19,26.0,80,12.0,0.3,17.3
2008-01-20,26.5,79,12.0,0.1,15.1
2008-01-21,26.4,82,12.0,3.2,11.8
2008-01-22,26.1,83,12.0,8.7,11.4
2008-01-23,26.0,86,10.0,6.6,8.6
2008-01-24,26.4,83,12.0,2.3,14.0
2008-01-25,26.6,82,12.0,2.7,11.4
2008-01-26,26.1,86,12.0,13.7,12.4
2008-01-27,26.5,85,12.0,3.4,11.2
2008-01-28,26.4,86,11.325563888888889,15.4,11.2
2008-01-29,26.5,84,9.673380555555555,16.4,11.9
2008-01-30,26.1,84,9.029919444444443,9.0,14.6
2008-01-31,26.1,86,10.876994444444444,14.8,12.8
2008-02-01,25.1,91,5.265691666666667,19.4,16.1
2008-02-02,25.5,89,6.318291666666666,11.0,11.4
2008-02-03,25.0,89,4.361047222222222,14.5,15.9
2008-02-04,25.6,82,8.841316666666668,1.8,16.4
2008-02-05,26.1,82,11.706563888888889,1.6,17.3
2008-02-06,26.2,86,11.492475,13.8,16.6
2008-02-07,26.1,85,10.852883333333333,13.6,17.8
2008-02-08,25.1,88,7.0741249999999996,22.9,19.2
2008-02-09,25.6,84,8.30541111111111,8.7,18.3
2008-02-10,25.2,85,5.809444444444445,6.8,19.0
2008-02-11,25.5,84,11.271705555555556,4.5,17.4
2008-02-12,25.2,85,8.235786111111112,8.1,16.3
2008-02-13,25.3,86,9.670455555555556,6.3,19.1
2008-02-14,25.2,85,6.859180555555556,9.2,19.7
2008-02-15,24.8,86,1.9361638888888888,12.3,12.6
2008-02-16,25.6,85,11.439436111111112,4.3,14.9
2008-02-17,25.2,86,7.729791666666666,11.0,14.5
2008-02-18,25.4,82,9.606986111111112,10.5,20.1
2008-02-19,25.3,82,7.4385972222222225,6.7,19.4
2008-02-20,24.9,86,10.389908333333333,5.5,17.3
2008-02-21,25.0,87,9.767480555555556,11.2,13.6
2008-02-22,23.8,93,0.08127222222222222,29.8,13.4
2008-02-23,24.4,90,4.04885,20.4,19.8
2008-02-24,25.3,87,9.982816666666666,12.2,21.3
2008-02-25,25.2,86,7.613513888888889,5.8,14.6
2008-02-26,25.0,90,4.555727777777777,9.6,9.5
2008-02-27,24.7,89,6.733633333333334,12.6,15.2
2008-02-28,24.7,88,7.8992861111111115,10.9,21.5
2008-02-29,24.5,88,0.8753527777777778,3.3,17.5
2008-03-01,25.1,84,9.423305555555556,0.9,15.7
2008-03-02,25.0,86,11.623597222222221,8.3,16.9
2008-03-03,25.1,85,10.524469444444444,11.6,17.7
2008-03-04,24.7,87,11.423130555555554,15.6,20.6
2008-03-05,25.2,87,9.878472222222221,10.0,15.9
2008-03-06,24.8,89,7.901466666666666,28.1,9.2
2008-03-07,25.1,87,11.146255555555555,13.0,9.4
2008-03-08,24.9,89,8.431677777777779,8.1,7.9
2008-03-09,25.2,89,10.560775,14.0,13.9
2008-03-10,25.2,89,11.936122222222222,16.3,11.5
2008-03-11,25.2,89,10.612452777777778,14.6,9.0
2008-03-12,25.8,87,8.772558333333333,4.1,6.6
2008-03-13,25.7,88,9.076802777777779,13.2,8.8
2008-03-14,25.0,89,11.161511111111112,8.4,9.0
2008-03-15,25.3,89,11.118363888888888,6.2,11.9
2008-03-16,25.7,85,11.735769444444443,2.9,10.6
2008-03-17,25.7,88,11.973388888888888,13.6,11.4
2008-03-18,25.5,88,11.978633333333335,9.3,10.7
2008-03-19,25.3,88,10.486588888888889,24.2,12.9
2008-03-20,25.7,87,7.874288888888889,9.4,16.3
2008-03-21,26.0,84,8.984477777777778,4.1,13.6
2008-03-22,25.9,85,9.961394444444444,8.0,19.1
2008-03-23,25.2,84,8.744252777777778,1.2,14.1
2008-03-24,25.4,85,10.358955555555555,1.8,12.8
2008-03-25,25.8,87,11.969447222222223,1.6,12.1
2008-03-26,26.0,86,11.963744444444446,1.6,13.3
2008-03-27,25.4,87,11.872311111111111,6.9,11.8
2008-03-28,25.9,83,11.951794444444443,5.4,12.4
2008-03-29,26.3,82,11.943772222222222,0.7,8.4
2008-03-30,26.4,83,11.56493888888889,6.9,13.4
2008-03-31,26.2,83,9.599380555555555,1.7,11.8
2008-04-01,25.9,82,11.660344444444444,5.0,10.2
2008-04-02,25.9,81,11.91235,0.0,11.2
2008-04-03,25.5,85,11.904755555555557,1.8,13.8
2008-04-04,25.9,85,11.897297222222221,1.6,10.5
2008-04-05,26.1,83,11.656227777777778,0.4,7.0
2008-04-06,25.7,88,11.206822222222222,21.0,9.9
2008-04-07,25.8,85,11.875716666666667,7.5,8.4
2008-04-08,25.6,89,11.604541666666666,5.4,11.0
2008-04-09,25.8,87,11.479025,7.7,6.1
2008-04-10,25.6,86,11.85431111111111,11.4,8.5
2008-04-11,25.2,89,11.29248611111111,19.1,10.1
2008-04-12,24.3,93,2.385788888888889,16.7,6.0
2008-04-13,25.2,86,11.561819444444446,6.4,11.0
2008-04-14,25.4,89,10.648938888888889,9.2,9.3
2008-04-15,25.5,85,11.819469444444444,1.7,11.5
2008-04-16,26.1,84,11.812747222222223,0.5,9.7
2008-04-17,26.2,82,11.579627777777779,0.0,9.4
2008-04-18,26.2,81,11.649602777777778,0.7,9.5
2008-04-19,25.9,86,11.292813888888888,15.4,9.8
2008-04-20,25.6,87,8.689777777777778,8.8,8.7
2008-04-21,25.5,87,3.7771583333333334,10.6,9.0
2008-04-22,25.1,90,3.0004222222222223,15.8,9.8
2008-04-23,25.9,89,11.671144444444446,3.4,11.0
2008-04-24,25.5,91,7.86505,11.8,13.0
2008-04-25,25.8,89,10.541472222222223,7.8,12.0
2008-04-26,25.9,87,11.616852777777778,1.1,7.4
2008-04-27,26.4,83,11.749302777777777,0.2,7.4
2008-04-28,26.3,85,11.744619444444444,0.4,6.8
2008-04-29,26.4,84,11.628,1.7,8.4
2008-04-30,26.0,86,11.631611111111113,5.3,7.7
2008-05-01,25.7,87,10.356994444444444,2.4,10.0
2008-05-02,26.1,83,11.705508333333334,0.0,6.6
2008-05-03,26.9,81,11.709052777777776,0.0,7.3
2008-05-04,26.2,85,11.310413888888888,2.7,8.3
2008-05-05,25.8,89,11.380341666666668,1.2,9.4
2008-05-06,25.3,90,10.697275000000001,6.8,9.7
2008-05-07,25.4,88,11.385919444444443,1.3,7.6
2008-05-08,25.6,85,11.456005555555556,0.9,8.3
2008-05-09,25.7,84,11.703097222222222,0.8,6.9
2008-05-10,25.3,86,11.528875,1.4,6.7
2008-05-11,25.5,80,11.328297222222224,0.0,10.5
2008-05-12,25.2,80,11.398291666666665,0.1,10.1
2008-05-13,25.1,78,11.128794444444445,0.0,6.1
2008-05-14,25.4,77,11.402516666666665,0.3,7.9
2008-05-15,25.6,80,10.298830555555556,0.4,5.8
2008-05-16,25.9,80,11.33922222222222,0.5,6.9
2008-05-17,25.7,81,11.681166666666666,0.1,8.5
2008-05-18,26.1,77,11.683113888888888,0.0,9.8
2008-05-19,26.5,78,11.479486111111111,0.0,9.9
2008-05-20,26.3,81,11.2066,1.5,10.4
2008-05-21,26.5,80,11.34489722222222,0.6,9.2
2008-05-22,26.6,78,11.552202777777778,0.3,9.7
2008-05-23,26.8,77,11.484536111111112,0.0,12.6
2008-05-24,26.5,77,11.485524999999999,0.6,8.4
2008-05-25,26.5,77,11.486411111111112,0.0,6.9
2008-05-26,26.9,74,11.681652777777776,0.1,11.2
2008-05-27,26.7,76,11.205116666666667,0.0,10.2
2008-05-28,26.8,75,11.45251388888889,0.0,10.4
2008-05-29,27.2,73,11.475980555555555,0.0,8.4
2008-05-30,26.6,77,11.472827777777779,1.8,10.7
2008-05-31,26.1,80,11.330555555555556,4.2,11.2
2008-06-01,25.6,84,10.492416666666665,4.2,15.1
2008-06-02,26.4,80,10.911708333333333,0.5,11.5
2008-06-03,26.2,81,10.841708333333333,0.6,8.3
2008-06-04,25.7,84,11.595019444444445,2.5,8.8
2008-06-05,25.9,84,11.24236111111111,4.8,10.1
2008-06-06,25.8,83,11.132308333333333,1.6,7.8
2008-06-07,26.0,80,11.094147222222222,0.4,6.8
2008-06-08,26.3,78,11.64923888888889,0.1,10.6
2008-06-09,26.3,77,9.994733333333334,1.0,11.8
2008-06-10,25.8,83,11.149597222222223,2.8,10.0
2008-06-11,25.8,83,11.144408333333335,3.6,8.4
2008-06-12,25.9,85,11.115127777777777,5.3,10.5
2008-06-13,26.0,85,11.344138888888889,2.4,8.9
2008-06-14,25.1,87,5.315422222222223,6.2,15.0
2008-06-15,25.5,85,9.557752777777779,2.7,10.2
2008-06-16,26.0,83,11.646119444444444,1.2,10.7
2008-06-17,26.2,83,11.111263888888889,1.4,11.4
2008-06-18,26.2,79,11.645194444444444,0.0,12.2
2008-06-19,25.7,81,11.451522222222223,0.7,7.7
2008-06-20,25.3,78,11.644697222222224,0.0,10.3
2008-06-21,25.6,74,11.644608333333332,0.0,10.5
2008-06-22,25.7,76,11.644636111111112,0.1,11.4
2008-06-23,26.5,70,11.644769444444444,0.0,13.7
2008-06-24,26.4,71,11.64501388888889,0.0,11.8
2008-06-25,26.6,72,11.645394444444443,0.0,16.1
2008-06-26,26.8,74,11.645969444444443,0.0,14.3
2008-06-27,26.9,75,11.551133333333334,0.2,12.5
2008-06-28,26.8,75,11.647469444444445,0.4,13.9
2008-06-29,26.2,80,11.119827777777777,1.1,12.1
2008-06-30,26.3,77,11.649430555555554,0.6,12.3
2008-07-01,26.5,75,11.650572222222221,0.1,10.7
2008-07-02,26.6,72,11.651825,0.1,14.6
2008-07-03,26.4,70,11.653186111111111,0.0,12.6
2008-07-04,26.6,72,11.585463888888889,0.0,6.8
2008-07-05,27.2,69,11.656208333333334,0.0,16.3
2008-07-06,26.3,67,11.281722222222221,0.0,14.5
2008-07-07,26.2,66,11.659627777777779,0.0,16.2
2008-07-08,27.1,65,11.661475,0.0,18.2
2008-07-09,27.2,66,11.422305555555557,0.0,14.1
2008-07-10,27.3,66,11.66545,0.0,12.4
2008-07-11,26.7,69,11.553555555555556,0.0,10.1
2008-07-12,27.0,67,11.669772222222223,0.0,15.4
2008-07-13,27.0,69,11.672055555555556,0.0,14.3
2008-07-14,26.9,73,11.674419444444446,0.5,11.3
2008-07-15,26.7,70,11.676877777777777,0.0,12.3
2008-07-16,26.8,67,11.679480555555555,0.0,14.2
2008-07-17,26.6,65,11.6822,0.0,17.4
2008-07-18,26.8,65,11.685022222222223,0.0,12.1
2008-07-19,27.1,67,11.687947222222222,0.0,15.8
2008-07-20,27.3,68,11.690975,0.0,14.5
2008-07-21,27.1,67,11.694094444444444,0.0,10.0
2008-07-22,26.6,70,11.697302777777779,0.0,13.1
2008-07-23,26.3,68,11.700597222222223,0.0,12.8
2008-07-24,26.6,66,11.703975,0.0,14.9
2008-07-25,26.6,67,11.707430555555556,0.0,14.1
2008-07-26,26.8,69,10.585519444444445,0.0,10.3
2008-07-27,26.8,74,10.596305555555555,4.6,10.9
2008-07-28,27.1,73,11.32306111111111,0.3,17.9
2008-07-29,27.3,67,11.655933333333333,0.0,13.7
2008-07-30,27.1,68,11.725736111111111,0.0,14.6
2008-07-31,27.0,72,11.729572222222222,0.0,17.2
2008-08-01,27.9,68,11.73346388888889,0.0,15.3
2008-08-02,26.8,75,11.048458333333333,13.1,10.5
2008-08-03,26.0,80,11.741380555555557,9.1,7.4
2008-08-04,26.8,71,11.7454,0.3,12.5
2008-08-05,26.6,69,11.74948611111111,0.0,14.4
2008-08-06,26.6,73,11.753655555555557,0.3,9.2
2008-08-07,27.2,69,11.757905555555554,0.2,14.4
2008-08-08,27.0,66,11.762236111111111,0.0,13.5
2008-08-09,27.5,62,11.766636111111112,0.1,17.8
2008-08-10,27.3,69,11.7711,0.1,16.2
2008-08-11,27.8,68,11.615133333333334,0.0,13.3
2008-08-12,26.4,79,10.865725,10.2,9.6
2008-08-13,25.6,82,9.330775000000001,9.5,11.2
2008-08-14,25.7,82,11.690008333333333,1.1,12.5
2008-08-15,25.9,82,11.095944444444445,2.7,11.1
2008-08-16,26.5,78,11.799091666666667,1.5,13.8
2008-08-17,26.6,76,11.803916666666666,0.0,8.6
2008-08-18,26.6,74,10.566894444444443,0.2,10.1
2008-08-19,26.7,73,11.648338888888889,0.0,16.5
2008-08-20,26.4,76,11.334594444444445,0.4,11.2
2008-08-21,27.3,70,11.823525,0.0,13.5
2008-08-22,27.3,69,11.828483333333333,0.0,9.6
2008-08-23,27.5,68,11.833461111111111,0.1,10.2
2008-08-24,27.0,75,11.743363888888888,6.0,13.7
2008-08-25,26.6,76,11.84341388888889,0.4,10.5
2008-08-26,26.9,73,11.392061111111111,0.8,12.0
2008-08-27,26.5,76,11.75425,1.9,13.5
2008-08-28,26.0,81,10.27215,12.7,10.2
2008-08-29,26.0,81,10.435422222222222,2.5,10.7
2008-08-30,26.2,82,11.558575000000001,3.0,11.5
2008-08-31,25.6,86,11.834377777777778,12.7,12.3
2008-09-01,26.1,81,11.146600000000001,1.8,9.1
2008-09-02,26.7,77,11.828819444444445,0.1,12.5
2008-09-03,26.8,75,11.224313888888888,0.0,10.5
2008-09-04,27.1,73,11.82301388888889,0.0,8.2
2008-09-05,26.8,76,11.690986111111112,1.7,9.7
2008-09-06,27.0,73,11.198302777777778,0.0,9.5
2008-09-07,26.7,74,11.498241666666667,1.8,10.6
2008-09-08,26.5,76,11.433894444444444,0.3,11.9
2008-09-09,26.3,79,11.758222222222221,2.5,12.7
2008-09-10,27.0,72,11.292336111111112,0.0,9.4
2008-09-11,27.2,72,10.534044444444444,0.4,7.8
2008-09-12,27.1,75,8.939302777777778,0.9,8.2
2008-09-13,26.9,78,10.986830555555555,4.3,12.4
2008-09-14,27.1,76,11.311552777777777,3.2,17.8
2008-09-15,27.4,68,11.79042222222222,0.0,13.8
2008-09-16,27.0,70,11.787327777777778,0.0,11.8
2008-09-17,27.8,69,11.784175,0.3,12.8
2008-09-18,28.2,68,11.780975,0.0,17.0
2008-09-19,28.5,66,11.703855555555554,0.0,12.8
2008-09-20,28.3,67,11.7745,0.0,11.0
2008-09-21,28.3,65,11.192663888888887,0.0,8.7
2008-09-22,27.9,67,11.768022222222221,0.3,13.0
2008-09-23,28.3,67,11.764819444444443,0.0,13.9
2008-09-24,27.9,71,11.454319444444446,0.7,8.6
2008-09-25,28.1,67,11.198922222222222,0.0,9.4
2008-09-26,27.7,67,11.585986111111112,0.2,12.2
2008-09-27,28.0,66,11.523319444444443,0.7,9.4
2008-09-28,28.2,66,11.589169444444446,0.3,8.8
2008-09-29,27.8,70,11.526466666666666,3.5,10.0
2008-09-30,27.7,68,11.528002777777777,1.6,8.6
2008-10-01,27.1,71,11.336544444444444,0.6,10.8
2008-10-02,27.6,70,11.436880555555554,1.2,15.8
2008-10-03,27.5,73,11.403666666666666,2.5,12.2
2008-10-04,27.3,75,11.018652777777778,6.3,11.4
2008-10-05,26.6,80,10.694483333333332,8.1,15.5
2008-10-06,26.8,77,10.740608333333334,2.2,13.9
2008-10-07,26.9,74,11.280352777777777,0.8,8.6
2008-10-08,26.8,75,10.541705555555556,2.1,12.8
2008-10-09,27.5,74,11.089313888888888,1.4,14.5
2008-10-10,27.5,77,11.413719444444444,3.1,9.7
2008-10-11,27.5,74,11.1606,2.5,7.8
2008-10-12,28.4,68,11.7215,0.0,16.3
2008-10-13,28.1,71,11.482730555555555,1.0,16.6
2008-10-14,28.2,71,11.298763888888889,1.6,16.1
2008-10-15,28.4,69,11.716847222222222,0.1,15.6
2008-10-16,28.1,69,11.48681111111111,0.5,10.6
2008-10-17,27.7,73,11.357975,4.4,13.4
2008-10-18,28.0,72,11.341080555555555,2.9,10.4
2008-10-19,28.0,74,11.0,3.0,11.1
2008-10-20,28.4,71,11.360905555555556,0.5,8.6
2008-10-21,28.3,72,11.401330555555555,2.9,15.3
2008-10-22,27.2,79,11.362427777777777,8.9,10.6
2008-10-23,25.9,88,3.4221305555555555,13.2,14.3
2008-10-24,26.4,81,6.486352777777777,3.0,12.4
2008-10-25,26.1,84,11.495380555555556,16.7,11.4
2008-10-26,26.1,85,10.677927777777779,2.0,12.4
2008-10-27,26.3,82,10.247538888888888,2.3,7.3
2008-10-28,26.3,83,11.167516666666666,12.3,9.7
2008-10-29,25.8,86,3.9542027777777777,8.3,5.1
2008-10-30,26.5,78,11.101330555555556,0.6,9.3
2008-10-31,26.7,79,10.737658333333334,2.2,12.2
2008-11-01,26.7,82,11.254386111111112,2.3,11.1
2008-11-02,26.3,85,10.896497222222223,20.7,9.7
2008-11-03,26.2,86,9.057958333333334,7.3,8.6
2008-11-04,25.7,87,8.975797222222221,9.8,13.9
2008-11-05,26.1,84,11.498619444444444,6.7,9.8
2008-11-06,25.7,88,11.0,17.8,11.1
2008-11-07,25.8,88,7.802861111111111,8.2,8.9
2008-11-08,25.5,89,9.702691666666666,7.8,9.4
2008-11-09,24.9,92,4.717094444444444,34.3,8.7
2008-11-10,25.4,91,6.427713888888889,11.6,11.2
2008-11-11,25.5,88,8.912625,4.8,10.7
2008-11-12,25.7,88,11.495322222222223,10.1,12.7
2008-11-13,26.0,84,11.449933333333334,1.1,8.6
2008-11-14,26.1,86,11.049449999999998,11.1,10.9
2008-11-15,25.9,88,10.19876111111111,10.2,8.0
2008-11-16,26.4,86,9.74225,2.9,8.6
2008-11-17,25.8,88,9.380627777777779,20.0,9.7
2008-11-18,25.5,90,6.043886111111112,15.3,14.7
2008-11-19,25.8,85,7.18725,6.8,14.1
2008-11-20,25.6,86,1.6087694444444445,5.2,7.3
2008-11-21,26.4,84,8.716983333333333,1.3,15.3
2008-11-22,26.3,83,10.699733333333334,4.1,14.8
2008-11-23,26.2,85,10.449652777777779,24.7,13.0
2008-11-24,25.1,90,2.614813888888889,21.6,17.2
2008-11-25,26.2,83,9.805530555555556,3.9,18.4
2008-11-26,25.3,88,4.415647222222222,15.1,13.2
2008-11-27,26.5,81,11.645969444444443,1.4,9.2
2008-11-28,26.9,79,11.965177777777777,2.6,6.7
2008-11-29,26.6,84,11.905858333333333,2.4,6.8
2008-11-30,26.2,87,11.301066666666665,4.5,8.8
2008-12-01,26.2,86,11.460316666666667,8.5,10.0
2008-12-02,26.0,86,11.335808333333334,11.4,9.4
2008-12-03,26.0,88,10.511419444444444,13.2,12.1
2008-12-04,26.0,88,11.298969444444445,8.1,7.6
2008-12-05,26.2,88,11.907430555555555,15.9,10.1
2008-12-06,26.1,88,11.515030555555557,26.3,10.6
2008-12-07,26.5,81,10.69153888888889,1.3,5.9
2008-12-08,25.8,84,8.393505555555555,11.8,10.7
2008-12-09,25.0,87,0.09093333333333334,12.2,14.5
2008-12-10,24.4,91,2.5659666666666667,14.6,15.5
2008-12-11,24.0,93,0.94455,26.4,12.7
2008-12-12,25.0,88,4.894444444444445,6.0,13.9
2008-12-13,25.6,86,11.210780555555555,12.5,12.0
2008-12-14,25.7,86,9.810230555555556,9.2,11.5
2008-12-15,25.7,85,6.316213888888889,7.2,16.8
2008-12-16,25.2,86,5.273691666666667,5.0,14.4
2008-12-17,25.8,85,11.0,2.5,14.4
2008-12-18,25.2,88,6.7267,12.6,12.0
2008-12-19,25.6,86,11.762005555555556,1.6,13.7
2008-12-20,25.5,86,11.810916666666667,8.4,16.6
2008-12-21,24.9,88,7.715058333333333,12.0,15.4
2008-12-22,25.5,86,11.582872222222221,4.1,11.4
2008-12-23,25.0,88,4.535469444444445,7.2,11.8
2008-12-24,25.9,85,11.779552777777777,2.6,15.2
2008-12-25,25.4,85,8.66168888888889,14.6,15.8
2008-12-26,24.9,88,6.226627777777778,14.4,16.6
2008-12-27,25.4,84,11.683436111111112,4.0,19.0
2008-12-28,26.1,79,11.417166666666667,0.0,18.4
2008-12-29,25.0,87,3.964272222222222,3.3,19.3
2008-12-30,25.8,84,10.284077777777778,5.3,19.0
2008-12-31,25.4,83,6.320205555555556,2.0,20.2
2009-01-01,25.4,85,7.946913888888889,4.9,15.9
2009-01-02,26.0,81,12.0,0.7,19.3
2009-01-03,26.4,78,12.0,0.0,18.0
2009-01-04,26.0,75,12.0,0.0,17.3
2009-01-05,25.6,80,12.0,0.9,15.5
2009-01-06,25.3,86,11.687677777777777,7.0,16.1
2009-01-07,25.4,85,8.297897222222222,2.5,13.3
2009-01-08,25.5,86,7.960594444444444,8.4,13.9
2009-01-09,24.9,89,3.3108861111111114,12.7,11.1
2009-01-10,24.6,89,4.649572222222222,6.6,14.4
2009-01-11,24.7,89,9.298966666666667,13.8,17.9
2009-01-12,24.2,90,1.0984027777777778,11.0,13.7
2009-01-13,24.1,89,0.4935361111111111,10.1,20.1
2009-01-14,24.1,89,2.1441777777777777,13.4,16.0
2009-01-15,24.8,85,11.095755555555556,1.1,18.2
2009-01-16,25.0,86,12.0,10.4,16.1
2009-01-17,25.2,86,11.591061111111111,5.0,18.6
2009-01-18,25.3,87,10.885275,5.5,14.8
2009-01-19,25.5,87,12.0,6.4,15.1
2009-01-20,25.4,88,12.0,3.0,15.1
2009-01-21,25.7,86,11.5177,3.0,12.8
2009-01-22,25.8,84,12.0,2.6,13.7
2009-01-23,26.3,86,12.0,2.7,13.8
2009-01-24,26.3,84,11.934366666666667,3.0,15.5
2009-01-25,25.6,88,9.6592,14.1,13.1
2009-01-26,25.3,91,2.294780555555555,7.5,11.2
2009-01-27,25.3,89,4.574655555555555,10.9,13.6
2009-01-28,25.4,86,7.337877777777778,3.0,13.6
2009-01-29,25.4,85,10.076447222222223,11.7,17.8
2009-01-30,24.8,90,4.636372222222222,20.6,12.1
2009-01-31,24.9,88,4.7387194444444445,14.4,16.1
2009-02-01,25.0,88,4.297138888888889,8.6,14.5
2009-02-02,24.3,91,2.7252833333333335,21.9,13.3
2009-02-03,24.8,89,8.551866666666667,18.3,15.4
2009-02-04,24.7,87,1.130975,20.1,17.3
2009-02-05,24.8,85,5.92865,6.2,19.2
2009-02-06,23.8,91,0.07870277777777777,13.0,16.9
2009-02-07,24.9,86,7.902713888888889,7.5,16.9
2009-02-08,25.4,85,11.173824999999999,9.5,20.7
2009-02-09,24.9,89,9.019127777777777,11.7,17.3
2009-02-10,25.3,88,10.466758333333333,10.1,12.3
2009-02-11,25.3,87,4.659588888888889,1.5,17.7
2009-02-12,25.2,86,6.3558666666666666,9.2,17.3
2009-02-13,25.2,85,10.427752777777778,2.4,20.9
2009-02-14,25.8,81,8.0,2.1,23.5
2009-02-15,25.7,83,7.330502777777778,1.9,20.0
2009-02-16,25.4,84,6.130891666666667,1.8,17.7
2009-02-17,25.6,86,11.758688888888889,15.4,14.6
2009-02-18,25.2,88,7.461394444444444,2.1,11.3
2009-02-19,25.6,87,9.818344444444445,7.7,11.1
2009-02-20,25.4,90,9.44075,14.0,12.1
2009-02-21,25.4,88,9.657905555555555,6.8,11.6
2009-02-22,25.7,86,9.956402777777779,9.5,14.1
2009-02-23,25.1,89,4.180986111111111,13.9,14.7
2009-02-24,25.5,85,8.299866666666667,13.0,18.0
2009-02-25,25.7,83,9.629183333333332,8.5,13.5
2009-02-26,25.8,85,9.546091666666667,9.0,14.1
2009-02-27,25.6,89,7.70156111111111,20.5,13.8
2009-02-28,24.6,92,0.34978888888888887,22.5,8.4
2009-03-01,25.6,86,11.956341666666667,1.2,11.4
2009-03-02,26.2,84,11.715897222222223,1.0,14.0
2009-03-03,26.3,84,11.169227777777778,8.0,16.6
2009-03-04,26.0,85,11.58736388888889,6.2,13.0
2009-03-05,25.8,88,9.242177777777776,24.2,11.0
2009-03-06,26.0,85,6.285138888888889,1.2,15.6
2009-03-07,26.0,85,11.889669444444444,7.1,12.2
2009-03-08,25.9,85,11.962827777777777,5.2,11.8
2009-03-09,26.1,86,8.929755555555555,7.8,13.1
2009-03-10,25.3,90,10.091627777777777,23.5,13.8
2009-03-11,26.2,84,11.792733333333333,0.8,8.5
2009-03-12,25.6,85,11.967852777777777,5.3,9.7
2009-03-13,25.9,85,11.969225,10.1,6.9
2009-03-14,25.8,88,11.970752777777777,9.1,9.1
2009-03-15,25.6,87,11.402366666666666,18.8,9.3
2009-03-16,26.8,80,11.974227777777777,0.8,5.9
2009-03-17,26.4,78,11.976144444444445,0.3,11.0
2009-03-18,26.3,80,11.978163888888888,0.3,13.5
2009-03-19,25.8,85,11.980269444444446,2.5,15.0
2009-03-20,26.1,82,11.982444444444445,0.1,11.3
2009-03-21,25.9,85,11.838902777777779,8.3,13.5
2009-03-22,25.8,85,11.387841666666668,6.7,11.9
2009-03-23,25.6,87,8.693194444444444,9.8,6.3
2009-03-24,25.6,88,10.896591666666668,5.5,13.0
2009-03-25,25.3,89,11.28603888888889,11.2,15.3
2009-03-26,25.7,87,11.964963888888889,5.9,8.9
2009-03-27,25.9,84,11.959327777777778,0.3,7.0
2009-03-28,26.2,86,11.952977777777779,2.1,10.0
2009-03-29,26.0,86,11.945227777777777,4.9,8.9
2009-03-30,25.5,89,11.937586111111111,3.2,10.2
2009-03-31,25.6,87,11.051558333333334,6.6,9.8
2009-04-01,25.9,86,10.63721111111111,3.6,8.1
2009-04-02,26.3,87,11.915266666666666,5.5,8.3
2009-04-03,26.1,89,11.710347222222222,7.2,8.7
2009-04-04,25.7,90,11.585394444444445,5.6,12.1
2009-04-05,25.9,89,10.0,18.3,9.8
2009-04-06,25.1,91,5.019191666666667,12.7,11.3
2009-04-07,24.8,91,6.971586111111111,11.8,7.6
2009-04-08,24.5,93,2.2033527777777775,14.2,12.4
2009-04-09,25.8,86,9.207830555555557,2.4,17.9
2009-04-10,26.3,86,10.305291666666667,2.9,13.8
2009-04-11,26.1,86,11.848216666666668,5.5,7.4
2009-04-12,26.1,87,10.894802777777779,5.8,8.3
2009-04-13,26.2,86,11.691677777777779,3.2,11.0
2009-04-14,26.4,86,9.970411111111112,0.6,9.1
2009-04-15,26.9,86,11.635558333333334,9.4,8.7
2009-04-16,26.2,87,10.667794444444445,11.7,8.3
2009-04-17,26.3,86,11.806919444444446,6.0,6.6
2009-04-18,26.9,84,11.800588888888889,0.8,8.0
2009-04-19,26.5,89,11.587497222222222,2.4,9.8
2009-04-20,26.9,84,9.0,2.3,6.0
2009-04-21,26.4,85,11.782841666666668,5.2,14.3
2009-04-22,26.2,85,9.979330555555554,4.9,14.1
2009-04-23,26.0,85,11.057619444444445,6.9,11.0
2009-04-24,25.9,86,11.766375,0.2,6.6
2009-04-25,26.4,82,11.28033888888889,0.0,5.8
2009-04-26,26.0,86,11.416869444444446,5.2,7.7
2009-04-27,25.9,87,11.287822222222223,8.1,9.0
2009-04-28,26.4,83,11.746019444444444,0.1,8.7
2009-04-29,26.4,84,11.560572222222222,1.8,7.6
2009-04-30,26.2,85,11.564205555555555,1.5,9.4
2009-05-01,26.4,83,11.434369444444446,0.2,7.9
2009-05-02,26.4,84,10.852638888888889,0.8,8.0
2009-05-03,26.4,82,11.7238,0.8,7.6
2009-05-04,26.1,85,11.31006388888889,2.4,8.0
2009-05-05,26.4,82,9.7239,0.0,7.1
2009-05-06,26.3,84,11.382897222222223,5.2,8.0
2009-05-07,26.6,84,11.251077777777777,1.0,6.2
2009-05-08,26.6,85,11.18615,1.2,7.6
2009-05-09,25.8,89,10.494024999999999,11.4,7.6
2009-05-10,25.4,89,5.550772222222222,8.3,16.1
2009-05-11,24.6,93,0.0,18.7,7.2
2009-05-12,24.9,89,7.438183333333333,11.3,10.9
2009-05-13,25.2,87,11.0,3.6,9.3
2009-05-14,25.5,90,9.932158333333332,7.3,6.1
2009-05-15,26.0,88,11.335758333333334,8.9,11.0
2009-05-16,26.4,87,11.209672222222222,1.8,8.6
2009-05-17,26.3,88,11.0,11.7,8.8
2009-05-18,26.2,86,11.08628611111111,7.6,10.2
2009-05-19,25.6,88,9.410938888888888,6.6,8.2
2009-05-20,26.3,88,8.853205555555556,1.6,7.5
2009-05-21,26.2,84,9.935566666666666,0.1,7.3
2009-05-22,26.2,85,11.345497222222223,0.7,7.1
2009-05-23,26.3,85,11.002327777777777,1.0,7.9
2009-05-24,26.7,84,11.416316666666667,0.4,8.2
2009-05-25,27.0,82,11.555227777777779,0.0,10.6
2009-05-26,26.9,82,11.34693888888889,0.3,5.8
2009-05-27,26.5,84,11.62105,0.0,7.3
2009-05-28,27.0,82,11.676652777777777,0.1,7.6
2009-05-29,26.8,82,11.616127777777777,0.5,7.9
2009-05-30,26.4,82,11.474658333333332,0.4,9.2
2009-05-31,26.3,87,11.332780555555557,2.1,7.7
2009-06-01,25.9,87,10.37061111111111,2.4,11.4
2009-06-02,26.3,83,11.39551111111111,2.2,9.4
2009-06-03,25.7,87,11.252358333333333,4.4,7.8
2009-06-04,26.3,82,11.248191666666665,0.5,8.9
2009-06-05,26.1,83,11.45318888888889,0.8,8.2
2009-06-06,26.4,82,11.657661111111112,0.6,10.7
2009-06-07,26.7,81,11.514063888888888,3.4,11.0
2009-06-08,25.7,86,10.564763888888889,7.4,9.1
2009-06-09,26.1,84,4.076580555555556,1.4,10.2
2009-06-10,26.8,82,11.429475,3.4,7.6
2009-06-11,25.8,85,10.438477777777777,6.2,8.4
2009-06-12,25.9,85,11.138697222222222,2.8,8.2
2009-06-13,26.1,82,11.484152777777776,0.4,7.8
2009-06-14,26.1,84,11.478958333333333,0.9,6.9
2009-06-15,25.7,87,11.192886111111111,9.6,9.2
2009-06-16,25.4,87,9.974430555555555,4.0,8.1
2009-06-17,25.7,84,11.217708333333333,3.1,10.4
2009-06-18,26.0,84,11.645008333333333,1.1,15.3
2009-06-19,26.3,79,11.644666666666668,0.0,14.0
2009-06-20,26.6,79,11.448633333333333,0.0,11.9
2009-06-21,27.3,76,11.644455555555556,0.0,8.2
2009-06-22,26.6,76,11.644558333333334,0.0,9.5
2009-06-23,26.0,80,11.363197222222222,0.0,7.9
2009-06-24,25.8,83,11.28854722222222,3.7,9.4
2009-06-25,26.1,81,11.005997222222222,0.1,13.2
2009-06-26,26.2,82,11.628186111111111,0.5,8.2
2009-06-27,26.6,77,11.482180555555555,0.0,13.7
2009-06-28,26.3,79,11.055366666666666,0.1,14.1
2009-06-29,26.0,83,10.104725,3.8,10.2
2009-06-30,25.8,81,10.790602777777778,1.1,13.9
2009-07-01,25.9,81,11.650483333333332,1.3,11.5
2009-07-02,26.1,78,11.314980555555556,0.4,8.7
2009-07-03,26.2,78,11.520091666666668,0.2,10.0
2009-07-04,26.5,79,11.37501388888889,3.1,7.7
2009-07-05,26.3,81,11.230297222222221,2.8,13.0
2009-07-06,26.6,76,11.657377777777777,0.0,13.1
2009-07-07,26.7,73,11.659041666666667,0.0,10.3
2009-07-08,26.7,71,11.6608,0.0,12.5
2009-07-09,27.0,73,11.56265,0.0,7.7
2009-07-10,27.2,74,11.504708333333333,0.0,12.1
2009-07-11,26.7,74,11.416125000000001,0.2,13.6
2009-07-12,26.1,71,11.668947222222222,0.0,14.0
2009-07-13,26.2,64,10.972033333333334,0.0,13.0
2009-07-14,26.0,64,11.545305555555554,0.0,14.6
2009-07-15,26.3,67,11.676305555555555,0.0,13.6
2009-07-16,27.0,68,11.678963888888887,0.0,14.6
2009-07-17,27.3,69,11.681716666666667,0.0,18.0
2009-07-18,27.1,70,11.382519444444444,0.1,13.2
2009-07-19,27.3,69,11.6875,0.0,15.9
2009-07-20,27.8,66,11.690519444444446,0.0,9.4
2009-07-21,27.7,71,11.179447222222223,0.0,6.9
2009-07-22,27.8,69,11.662363888888889,0.0,8.0
2009-07-23,27.2,71,11.700052777777778,0.0,6.9
2009-07-24,26.6,78,11.590341666666667,2.5,12.1
2009-07-25,25.9,83,10.852188888888888,18.3,7.8
2009-07-26,25.9,85,10.297566666666667,8.1,13.8
2009-07-27,26.3,77,11.713727777777777,0.5,16.3
2009-07-28,25.1,75,11.717294444444445,0.0,10.5
2009-07-29,26.0,77,11.72091111111111,0.0,12.1
2009-07-30,25.8,74,11.655,0.1,11.3
2009-07-31,26.0,70,11.728341666666667,0.0,10.0
2009-08-01,26.3,69,11.732191666666667,0.0,15.0
2009-08-02,26.6,66,11.736130555555555,0.1,6.0
2009-08-03,26.4,66,11.740152777777778,0.0,13.5
2009-08-04,26.4,68,11.744255555555556,0.0,15.3
2009-08-05,27.1,67,11.748433333333333,0.0,11.0
2009-08-06,26.8,70,11.752683333333334,0.0,15.1
2009-08-07,27.1,72,11.756994444444445,0.0,18.0
2009-08-08,27.1,72,11.761369444444444,0.0,12.6
2009-08-09,27.1,71,11.765802777777777,0.1,11.4
2009-08-10,27.6,70,11.770291666666667,0.0,17.7
2009-08-11,27.7,71,11.774827777777777,0.0,13.2
2009-08-12,27.9,71,11.779405555555556,0.0,16.0
2009-08-13,27.6,73,11.784030555555557,0.8,13.8
2009-08-14,27.4,75,11.788688888888888,0.2,10.4
2009-08-15,27.4,72,11.793380555555554,0.1,11.4
2009-08-16,28.0,70,11.798102777777776,0.4,14.0
2009-08-17,27.1,76,11.802852777777776,4.0,12.2
2009-08-18,26.5,80,11.706536111111111,4.8,11.6
2009-08-19,27.3,74,11.8124,0.0,13.2
2009-08-20,27.4,70,11.817191666666666,0.0,16.9
2009-08-21,26.9,71,11.822047222222222,0.2,14.9
2009-08-22,27.3,68,11.826963888888889,0.3,16.7
2009-08-23,27.6,65,11.831944444444444,0.0,16.7
2009-08-24,27.8,66,11.836972222222222,0.1,13.9
2009-08-25,27.4,68,11.842052777777777,0.0,13.1
2009-08-26,27.2,69,11.847052777777778,0.2,10.9
2009-08-27,27.0,74,11.844738888888887,0.8,12.3
2009-08-28,27.8,68,11.842333333333334,0.1,13.0
2009-08-29,27.3,71,10.952702777777779,0.3,9.4
2009-08-30,28.2,66,11.688958333333334,0.0,15.8
2009-08-31,28.0,68,11.834666666666667,0.0,11.2
2009-09-01,28.2,69,11.831999999999999,1.4,12.6
2009-09-02,27.4,72,11.689569444444444,0.9,10.1
2009-09-03,28.1,67,10.469752777777778,0.3,13.4
2009-09-04,28.3,65,11.82381111111111,0.2,10.3
2009-09-05,27.5,70,10.627588888888889,0.6,11.7
2009-09-06,27.7,71,11.424583333333333,0.1,9.7
2009-09-07,28.1,67,11.815577777777778,0.0,16.4
2009-09-08,28.2,66,11.812858333333333,0.0,16.3
2009-09-09,28.8,62,11.81003611111111,0.0,10.9
2009-09-10,28.6,66,11.807102777777777,0.8,12.2
2009-09-11,28.7,67,11.804072222222223,0.5,13.5
2009-09-12,28.8,64,11.80096111111111,0.0,15.0
2009-09-13,28.7,63,11.797780555555557,0.0,14.9
2009-09-14,28.9,61,11.794547222222223,0.0,19.1
2009-09-15,28.8,64,11.3124,0.2,14.5
2009-09-16,27.5,75,11.0,8.6,13.2
2009-09-17,27.3,77,11.186530555555557,3.4,14.3
2009-09-18,27.6,75,11.57378611111111,2.0,10.6
2009-09-19,27.7,74,11.778063888888889,0.8,10.5
2009-09-20,28.3,66,11.774805555555556,0.4,7.9
2009-09-21,27.8,61,11.051758333333334,0.4,11.9
2009-09-22,27.9,62,11.065519444444446,0.1,9.7
2009-09-23,28.5,61,11.765366666666667,0.0,9.9
2009-09-24,28.4,63,11.762380555555556,0.0,9.9
2009-09-25,28.3,68,11.583913888888889,4.8,11.9
2009-09-26,28.6,67,11.405533333333333,0.4,11.2
2009-09-27,28.5,63,11.754097222222223,0.1,9.3
2009-09-28,28.8,61,11.751594444444445,0.0,13.1
2009-09-29,28.6,59,11.749091666666667,0.0,13.1
2009-09-30,28.7,59,11.591166666666666,0.0,9.4
2009-10-01,28.7,65,11.65702777777778,0.7,10.1
2009-10-02,28.4,68,11.20826111111111,0.7,10.0
2009-10-03,27.2,78,11.016625,20.0,12.1
2009-10-04,26.5,84,11.270244444444444,6.8,11.5
2009-10-05,26.4,83,11.008447222222223,2.9,11.4
2009-10-06,26.2,83,11.176538888888889,7.7,6.9
2009-10-07,26.7,79,11.08653611111111,2.1,8.6
2009-10-08,27.3,76,11.475105555555555,1.7,11.9
2009-10-09,27.7,72,11.605825000000001,0.0,10.1
2009-10-10,27.3,77,11.723997222222222,2.1,11.5
2009-10-11,27.4,76,11.350322222222223,2.0,7.2
2009-10-12,27.3,76,11.0,3.2,11.8
2009-10-13,27.0,77,10.28225,2.9,11.2
2009-10-14,27.0,77,11.718155555555557,2.7,12.1
2009-10-15,27.0,76,10.916483333333332,3.5,13.4
2009-10-16,28.0,71,11.76996388888889,0.0,9.8
2009-10-17,27.5,75,11.715783333333333,0.7,9.8
2009-10-18,27.5,75,11.683805555555555,0.6,10.5
2009-10-19,28.8,65,11.68501111111111,0.1,21.1
2009-10-20,28.9,64,11.758441666666666,0.0,18.9
2009-10-21,28.3,68,11.728216666666667,0.2,13.4
2009-10-22,28.4,67,11.661819444444445,0.4,11.5
2009-10-23,27.9,70,11.034983333333335,2.6,12.1
2009-10-24,27.8,72,11.331808333333333,3.9,11.4
2009-10-25,28.7,67,11.691736111111112,0.0,17.3
2009-10-26,28.3,68,11.657325,1.1,12.4
2009-10-27,29.0,64,11.812661111111112,0.2,11.3
2009-10-28,29.2,62,11.787208333333332,0.7,13.5
2009-10-29,28.2,70,11.390747222222222,2.2,12.4
2009-10-30,28.8,64,11.653730555555555,0.0,12.7
2009-10-31,28.0,70,11.454447222222223,3.6,12.3
2009-11-01,28.6,66,11.432288888888888,0.1,11.7
2009-11-02,28.8,65,11.747977777777779,0.0,18.3
2009-11-03,28.7,68,12.014652777777778,1.1,16.9
2009-11-04,29.3,67,11.783286111111112,0.8,18.9
2009-11-05,29.2,67,11.849452777777778,0.4,14.1
2009-11-06,28.7,67,11.382236111111112,0.4,7.8
2009-11-07,28.5,72,11.431436111111111,2.2,14.0
2009-11-08,28.8,69,11.782108333333332,0.8,16.6
2009-11-09,27.5,79,11.049908333333333,5.2,14.8
2009-11-10,27.2,81,11.244836111111113,11.0,12.8
2009-11-11,27.5,79,11.563183333333333,3.9,8.5
2009-11-12,27.1,83,7.574580555555556,7.3,16.0
2009-11-13,26.5,85,9.157941666666666,18.0,10.3
2009-11-14,26.1,85,6.975905555555555,6.9,12.3
2009-11-15,26.9,83,11.356680555555556,5.4,8.4
2009-11-16,26.4,85,11.050505555555555,9.7,11.7
2009-11-17,25.8,88,6.650563888888889,11.1,11.4
2009-11-18,24.9,89,1.1789166666666668,44.4,11.6
2009-11-19,24.9,90,5.282752777777778,27.6,9.2
2009-11-20,25.3,89,1.9301416666666666,19.4,13.2
2009-11-21,24.7,92,0.28165555555555555,29.3,11.1
2009-11-22,24.8,85,2.1801944444444445,6.1,19.3
2009-11-23,25.6,81,6.1534861111111105,0.2,18.0
2009-11-24,26.0,84,10.041597222222222,7.3,17.4
2009-11-25,25.1,89,5.0310999999999995,17.9,10.0
2009-11-26,25.8,84,8.877480555555556,3.8,6.5
2009-11-27,26.0,84,10.716019444444443,0.8,7.9
2009-11-28,26.4,85,11.042438888888888,21.2,10.2
2009-11-29,26.2,85,7.727683333333333,4.0,17.0
2009-11-30,26.3,83,10.520383333333333,5.3,15.0
2009-12-01,26.7,82,11.874916666666666,0.7,14.1
2009-12-02,26.4,84,10.491238888888889,12.2,7.6
2009-12-03,26.2,86,12.012508333333333,9.3,12.9
2009-12-04,26.0,87,11.452113888888888,8.0,7.9
2009-12-05,25.8,87,11.182969444444446,8.2,12.2
2009-12-06,25.5,89,10.575044444444446,24.2,12.5
2009-12-07,25.6,89,10.375536111111112,11.2,9.0
2009-12-08,26.1,85,11.799211111111113,3.4,10.2
2009-12-09,26.2,86,10.861727777777778,6.9,12.3
2009-12-10,26.4,85,11.766394444444444,3.0,9.9
2009-12-11,26.8,83,11.956933333333334,2.6,12.7
2009-12-12,26.6,84,11.965297222222222,4.3,12.0
2009-12-13,26.8,84,11.973605555555556,3.8,12.6
2009-12-14,26.7,84,11.981827777777779,9.9,12.2
2009-12-15,26.6,85,10.06418611111111,11.5,12.5
2009-12-16,26.3,85,11.99793611111111,2.5,9.7
2009-12-17,26.2,84,11.573516666666668,0.7,12.1
2009-12-18,26.9,79,12.0,0.0,8.5
2009-12-19,27.1,75,12.0,0.0,11.2
2009-12-20,26.6,78,12.0,0.0,10.8
2009-12-21,25.9,85,12.0,2.5,11.8
2009-12-22,25.6,88,6.561213888888888,12.4,9.5
2009-12-23,25.8,88,6.444311111111111,6.4,10.2
2009-12-24,26.1,87,10.242149999999999,11.5,13.5
2009-12-25,25.7,89,6.1552500000000006,19.0,11.4
2009-12-26,25.4,89,4.122305555555555,11.1,12.2
2009-12-27,25.7,89,9.625819444444444,10.3,13.3
2009-12-28,25.5,88,5.572658333333333,7.0,11.7
2009-12-29,25.9,88,10.85251388888889,6.6,8.4
2009-12-30,25.4,88,8.191572222222222,8.4,11.4
2009-12-31,25.3,88,3.8210333333333333,5.5,14.4
2010-01-01,26.2,82,7.172655555555556,4.0,16.0
2010-01-02,26.5,83,9.0,6.5,14.7
2010-01-03,26.4,84,10.982783333333332,7.6,12.6
2010-01-04,27.1,82,11.900958333333332,0.9,19.3
2010-01-05,26.1,85,6.871563888888889,14.3,15.9
2010-01-06,25.8,85,6.838330555555556,13.2,16.2
2010-01-07,26.5,81,11.167305555555556,3.4,11.8
2010-01-08,25.0,90,4.950141666666666,14.0,12.7
2010-01-09,25.1,89,8.220466666666667,22.4,9.3
2010-01-10,25.6,86,9.447402777777778,7.7,12.9
2010-01-11,26.0,85,10.499302777777777,6.2,14.0
2010-01-12,25.4,84,7.617308333333334,11.1,19.8
2010-01-13,24.5,91,0.5296027777777778,14.0,14.5
2010-01-14,25.0,87,10.29768611111111,9.7,20.3
2010-01-15,24.5,89,2.1808666666666667,8.2,13.0
2010-01-16,25.3,86,9.519155555555555,8.7,16.9
2010-01-17,25.5,86,11.072944444444444,3.8,17.6
2010-01-18,25.8,85,12.0,3.2,15.9
2010-01-19,25.2,89,8.850822222222222,21.0,16.6
2010-01-20,25.4,89,9.399475,6.6,12.3
2010-01-21,25.9,86,9.636066666666666,11.6,13.4
2010-01-22,25.6,87,9.04365,12.7,13.7
2010-01-23,26.0,85,11.051980555555556,17.0,12.3
2010-01-24,26.0,86,10.848122222222221,3.2,16.0
2010-01-25,25.5,88,3.1196305555555557,6.5,13.0
2010-01-26,25.8,86,11.786155555555556,6.0,12.9
2010-01-27,25.9,87,11.0,9.1,12.9
2010-01-28,25.8,86,10.201883333333333,13.1,12.8
2010-01-29,26.0,86,12.0,9.5,13.8
2010-01-30,25.3,90,4.923111111111111,13.3,13.2
2010-01-31,25.6,86,5.928452777777778,8.7,13.2
2010-02-01,26.1,85,7.084930555555555,6.9,9.5
2010-02-02,26.6,83,11.088127777777778,3.4,13.6
2010-02-03,26.6,84,11.914588888888888,7.9,10.3
2010-02-04,26.0,88,11.638952777777778,15.1,11.3
2010-02-05,25.7,90,8.548283333333334,11.4,11.7
2010-02-06,25.8,87,5.577138888888889,6.2,8.9
2010-02-07,26.2,87,11.112241666666666,6.3,9.8
2010-02-08,26.2,88,11.267516666666666,8.9,9.9
2010-02-09,26.4,86,11.477097222222223,9.8,12.7
2010-02-10,27.0,85,11.639008333333333,3.4,11.4
2010-02-11,26.8,87,10.381216666666665,6.2,9.0
2010-02-12,26.7,88,11.88346111111111,11.1,12.8
2010-02-13,25.8,91,6.958991666666666,17.7,10.6
2010-02-14,25.7,89,5.165194444444444,7.9,7.9
2010-02-15,26.3,86,11.96566111111111,17.3,11.3
2010-02-16,26.0,91,11.154244444444444,14.2,10.9
2010-02-17,26.1,89,8.484369444444445,8.6,11.0
2010-02-18,25.4,91,5.413016666666667,30.1,14.1
2010-02-19,24.9,92,3.0940638888888885,22.0,11.0
2010-02-20,25.9,87,10.02131388888889,9.8,15.2
2010-02-21,26.5,86,11.957744444444444,5.3,12.7
2010-02-22,26.6,86,9.773102777777778,2.7,10.7
2010-02-23,26.7,87,7.540405555555555,6.4,8.7
2010-02-24,26.4,88,10.506016666666667,13.8,13.8
2010-02-25,25.8,90,8.150197222222221,6.8,13.9
2010-02-26,26.8,86,11.75793611111111,0.7,8.7
2010-02-27,27.0,85,11.929013888888887,4.8,9.7
2010-02-28,27.0,86,9.801427777777777,10.4,8.2
2010-03-01,27.1,84,11.10563888888889,11.2,9.4
2010-03-02,26.7,88,10.333183333333332,12.9,10.0
2010-03-03,26.7,89,10.414375,3.7,10.0
2010-03-04,26.9,87,9.958763888888889,6.9,9.5
2010-03-05,26.1,90,5.315558333333333,7.0,10.5
2010-03-06,26.8,88,10.0,5.7,11.2
2010-03-07,26.5,88,10.094602777777778,9.4,9.3
2010-03-08,26.4,88,8.961927777777777,13.1,7.9
2010-03-09,26.2,88,10.3316,15.3,10.3
2010-03-10,25.6,90,5.932236111111111,12.9,11.1
2010-03-11,25.4,90,6.5095527777777775,9.7,17.0
2010-03-12,26.3,83,11.967247222222221,1.4,9.7
2010-03-13,26.8,84,11.968927777777777,1.3,10.3
2010-03-14,26.4,86,11.89925,7.9,14.4
2010-03-15,26.2,88,11.399155555555556,9.6,11.5
2010-03-16,25.1,92,2.4064055555555552,21.4,10.4
2010-03-17,25.3,92,2.6858805555555554,18.8,13.0
2010-03-18,25.8,87,6.576313888888889,3.1,9.2
2010-03-19,26.3,87,11.253594444444445,11.1,9.3
2010-03-20,26.0,89,7.636699999999999,22.2,7.4
2010-03-21,25.8,89,10.385,14.3,9.9
2010-03-22,26.4,85,10.074633333333333,2.5,16.9
2010-03-23,26.3,87,9.767175,6.0,8.6
2010-03-24,26.6,86,11.008244444444445,11.7,8.7
2010-03-25,26.3,88,11.535430555555557,10.1,9.8
2010-03-26,26.2,89,7.289797222222222,9.7,8.7
2010-03-27,26.3,88,7.731741666666667,9.5,8.7
2010-03-28,25.9,91,3.0229250000000003,13.7,13.8
2010-03-29,25.7,91,8.242019444444445,23.8,12.0
2010-03-30,25.4,88,0.0,9.5,11.1
2010-03-31,25.9,88,9.865405555555554,5.7,7.2
2010-04-01,26.9,84,10.347333333333333,0.9,10.2
2010-04-02,26.6,85,11.058427777777776,10.9,13.3
2010-04-03,26.5,81,7.696633333333334,0.5,11.8
2010-04-04,27.3,81,11.455111111111112,1.8,11.1
2010-04-05,27.3,83,11.653863888888889,1.3,8.9
2010-04-06,26.9,85,11.886258333333332,8.3,6.5
2010-04-07,27.1,85,8.123144444444444,11.1,6.0
2010-04-08,26.9,86,10.686477777777778,3.8,7.6
2010-04-09,27.2,84,10.132211111111111,1.9,11.2
2010-04-10,26.5,86,11.838952777777779,7.1,11.2
2010-04-11,27.0,85,9.947372222222223,4.3,13.1
2010-04-12,27.3,83,11.165211111111113,0.1,7.7
2010-04-13,27.3,83,11.835105555555554,0.1,10.9
2010-04-14,26.7,88,10.5321,14.1,9.2
2010-04-15,26.6,88,9.769947222222221,9.3,11.4
2010-04-16,26.3,82,8.151808333333333,5.4,17.3
2010-04-17,26.5,78,10.559872222222223,0.0,12.1
2010-04-18,26.6,82,11.647227777777777,0.9,15.9
2010-04-19,26.7,81,11.577505555555554,0.3,17.3
2010-04-20,26.9,83,11.5901,0.4,13.4
2010-04-21,26.7,85,10.91821388888889,2.4,13.9
2010-04-22,27.0,85,10.17292222222222,1.3,16.2
2010-04-23,27.3,81,11.773383333333333,0.0,15.2
2010-04-24,27.9,79,11.0,0.3,11.8
2010-04-25,27.5,81,11.544669444444445,0.9,10.8
2010-04-26,27.7,82,11.7569,1.4,10.4
2010-04-27,27.6,80,11.02201111111111,0.8,8.1
2010-04-28,27.6,74,11.489905555555557,0.0,9.4
2010-04-29,27.0,83,11.161086111111112,5.4,8.0
2010-04-30,27.5,81,11.737055555555555,0.1,14.3
2010-05-01,28.0,80,11.700705555555556,0.7,17.7
2010-05-02,27.7,81,11.103352777777777,1.3,12.1
2010-05-03,27.4,82,11.707983333333333,1.1,13.5
2010-05-04,26.7,86,10.828180555555555,5.4,17.2
2010-05-05,26.6,86,6.997983333333334,6.1,16.6
2010-05-06,27.8,78,11.713194444444444,0.2,12.1
2010-05-07,27.4,83,11.384933333333334,4.5,11.8
2010-05-08,26.5,90,6.2470944444444445,9.2,12.5
2010-05-09,26.8,86,11.390033333333333,4.2,8.7
2010-05-10,26.8,87,10.87701388888889,5.9,9.2
2010-05-11,26.5,89,10.124133333333333,13.1,7.6
2010-05-12,26.5,88,9.355163888888887,11.0,13.5
2010-05-13,26.8,87,9.938611111111111,15.9,8.3
2010-05-14,26.7,88,9.748694444444446,8.2,6.9
2010-05-15,26.5,88,9.960955555555556,6.7,9.2
2010-05-16,26.5,90,5.984816666666667,12.9,11.2
2010-05-17,26.7,88,10.127144444444445,5.6,9.0
2010-05-18,27.0,86,11.476844444444444,1.6,8.2
2010-05-19,26.8,86,11.478516666666668,1.4,9.9
2010-05-20,26.6,89,10.897222222222222,5.5,7.3
2010-05-21,26.7,86,11.550186111111111,6.5,7.2
2010-05-22,26.7,87,11.27673888888889,12.8,8.8
2010-05-23,26.5,89,11.138208333333335,8.4,7.7
2010-05-24,26.3,88,10.213408333333332,4.7,8.4
2010-05-25,26.6,88,10.482222222222223,1.9,10.7
2010-05-26,26.6,87,10.682169444444444,6.3,7.9
2010-05-27,25.8,92,2.5223527777777774,9.0,7.6
2010-05-28,26.3,89,7.684411111111111,1.5,11.2
2010-05-29,26.3,88,10.719997222222222,6.6,7.9
2010-05-30,26.2,88,10.234247222222223,5.2,12.5
2010-05-31,26.0,89,10.668199999999999,11.9,12.0
2010-06-01,26.5,87,11.330016666666666,9.1,6.6
2010-06-02,26.8,86,10.841825,1.5,10.2
2010-06-03,27.0,86,8.775077777777778,1.4,8.4
2010-06-04,26.1,89,10.18543611111111,7.9,10.9
2010-06-05,26.1,90,9.742747222222222,11.1,10.4
2010-06-06,25.7,90,5.762613888888889,2.1,5.5
2010-06-07,25.8,91,9.756438888888889,13.4,8.2
2010-06-08,25.6,90,5.425808333333333,15.8,8.4
2010-06-09,26.1,87,5.9988777777777775,3.1,8.2
2010-06-10,26.9,83,10.436447222222222,0.1,8.7
2010-06-11,26.7,86,10.929772222222223,4.7,12.8
2010-06-12,26.3,87,9.046352777777777,3.2,10.9
2010-06-13,26.5,85,11.204894444444445,0.0,11.2
2010-06-14,26.5,87,8.926599999999999,3.8,12.6
2010-06-15,26.1,89,11.05496388888889,13.0,8.0
2010-06-16,24.8,92,3.7012138888888892,8.5,13.4
2010-06-17,25.0,90,1.7222,1.0,7.4
2010-06-18,25.6,87,8.982730555555555,3.9,8.8
2010-06-19,24.9,90,9.975613888888889,8.6,14.8
2010-06-20,25.5,87,10.725866666666667,2.0,18.2
2010-06-21,26.4,84,11.64476111111111,0.2,10.1
2010-06-22,26.4,82,11.644822222222222,0.0,9.4
2010-06-23,25.7,83,10.804836111111111,0.2,8.3
2010-06-24,25.1,90,6.866402777777777,8.6,6.1
2010-06-25,25.0,90,8.534766666666666,10.2,7.4
2010-06-26,25.1,90,9.522533333333334,3.9,7.6
2010-06-27,25.7,86,11.646705555555556,0.8,7.0
2010-06-28,25.6,87,5.920561111111112,1.6,8.6
2010-06-29,25.2,90,8.295288888888889,6.7,12.5
2010-06-30,25.7,88,10.631041666666667,2.3,15.5
2010-07-01,25.8,88,10.021344444444443,4.0,12.8
2010-07-02,25.6,88,11.315258333333333,8.5,9.4
2010-07-03,25.7,86,10.56928888888889,15.1,9.0
2010-07-04,26.0,84,10.470455555555555,0.8,7.6
2010-07-05,25.7,87,11.093602777777779,2.7,8.7
2010-07-06,26.1,86,9.664547222222224,5.0,8.9
2010-07-07,25.8,89,10.973441666666666,5.0,8.6
2010-07-08,25.3,89,8.427377777777778,18.0,9.1
2010-07-09,25.4,86,11.569513888888888,6.8,7.7
2010-07-10,25.3,87,10.112088888888888,4.8,12.9
2010-07-11,25.5,87,11.326919444444446,3.6,8.9
2010-07-12,25.7,87,11.414252777777778,8.5,7.0
2010-07-13,25.2,89,10.632719444444446,6.3,9.0
2010-07-14,25.2,90,10.55253611111111,2.7,9.4
2010-07-15,25.2,89,10.509494444444444,6.3,9.3
2010-07-16,24.8,93,1.4084722222222221,8.1,8.8
2010-07-17,25.0,91,8.050616666666667,13.8,7.6
2010-07-18,25.0,90,10.017025,26.0,9.7
2010-07-19,25.2,90,9.371680555555557,9.3,8.0
2010-07-20,25.8,86,11.224230555555556,0.2,7.3
2010-07-21,25.5,90,10.806730555555557,4.0,8.4
2010-07-22,25.3,86,11.662958333333334,1.6,7.9
2010-07-23,25.7,84,11.62405,0.0,9.4
2010-07-24,25.6,83,11.702366666666666,0.0,8.6
2010-07-25,25.8,80,10.002025,0.1,10.4
2010-07-26,25.7,86,10.600683333333333,24.7,9.1
2010-07-27,24.6,93,4.265538888888889,42.6,10.5
2010-07-28,25.1,88,4.478827777777778,7.1,6.1
2010-07-29,25.8,86,10.980030555555556,2.5,10.3
2010-07-30,26.0,85,11.723547222222221,0.9,13.7
2010-07-31,26.2,81,11.656072222222223,0.0,8.2
2010-08-01,25.7,83,11.724499999999999,0.1,6.2
2010-08-02,25.6,83,11.657519444444445,0.4,8.0
2010-08-03,25.8,82,11.739372222222222,0.0,8.6
2010-08-04,25.3,87,10.817002777777777,9.6,7.7
2010-08-05,25.6,86,10.619430555555555,6.0,7.5
2010-08-06,25.7,86,10.093402777777778,11.9,6.9
2010-08-07,25.6,86,11.542913888888888,0.8,8.4
2010-08-08,25.8,84,11.76057222222222,0.4,8.2
2010-08-09,26.2,81,11.670247222222223,0.1,10.0
2010-08-10,26.4,81,11.769388888888889,0.0,12.4
2010-08-11,25.8,86,10.717600000000001,8.3,13.7
2010-08-12,26.4,85,11.212505555555556,2.7,13.2
2010-08-13,26.2,87,11.30883888888889,5.8,15.4
2010-08-14,25.6,89,11.553483333333334,5.3,10.5
2010-08-15,25.5,89,10.427008333333335,4.9,9.4
2010-08-16,25.6,89,10.827769444444444,8.3,8.9
2010-08-17,25.4,88,11.720583333333334,4.8,6.5
2010-08-18,25.5,87,11.638486111111112,2.4,8.7
2010-08-19,25.7,86,11.44568888888889,5.5,9.9
2010-08-20,25.9,86,11.535311111111112,5.6,7.6
2010-08-21,26.1,83,11.326055555555556,2.8,8.7
2010-08-22,26.2,82,11.556572222222224,0.6,8.4
2010-08-23,26.4,83,9.154499999999999,0.8,11.4
2010-08-24,26.4,86,10.694919444444444,3.1,11.8
2010-08-25,26.2,85,11.157186111111113,3.8,10.1
2010-08-26,25.7,89,11.042961111111111,9.1,10.7
2010-08-27,25.6,87,11.231491666666667,2.9,9.3
2010-08-28,25.6,87,11.623755555555555,5.8,8.5
2010-08-29,25.9,84,11.840152777777778,0.4,9.2
2010-08-30,26.0,83,11.837772222222224,1.2,11.8
2010-08-31,25.9,84,11.819222222222221,1.8,11.3
2010-09-01,25.9,84,11.68912222222222,3.9,8.5
2010-09-02,26.1,84,11.299444444444445,4.7,9.5
2010-09-03,25.8,87,11.827994444444444,8.9,10.5
2010-09-04,26.1,83,11.0,1.1,8.9
2010-09-05,25.3,89,9.078244444444444,15.5,13.0
2010-09-06,24.9,91,1.4322611111111112,8.7,6.6
2010-09-07,25.7,86,10.672608333333333,8.1,10.2
2010-09-08,25.3,88,8.645377777777778,12.4,7.0
2010-09-09,25.7,84,9.922588888888889,7.5,6.8
2010-09-10,25.6,86,9.124425,1.1,8.7
2010-09-11,26.0,85,10.936311111111111,5.5,8.4
2010-09-12,26.2,85,11.353552777777779,0.8,5.8
2010-09-13,25.8,88,9.305675,6.0,8.7
2010-09-14,25.9,86,11.375580555555555,1.5,8.9
2010-09-15,25.4,89,8.381208333333333,14.2,8.0
2010-09-16,25.4,88,4.196825,11.8,6.4
2010-09-17,25.7,86,10.387794444444443,4.5,7.6
2010-09-18,25.8,87,11.563322222222222,2.2,10.0
2010-09-19,26.0,88,9.74331111111111,2.2,10.2
2010-09-20,26.0,86,11.062211111111111,8.8,8.1
2010-09-21,26.1,87,11.0,5.5,8.3
2010-09-22,25.3,89,10.167797222222221,10.6,10.5
2010-09-23,25.6,88,11.06631388888889,9.0,9.2
2010-09-24,25.9,87,11.067688888888888,7.0,7.1
2010-09-25,24.9,91,2.3206333333333333,11.8,11.5
2010-09-26,25.8,86,3.7889305555555555,5.9,8.1
2010-09-27,25.9,87,10.913558333333333,5.4,11.3
2010-09-28,26.2,85,9.761933333333333,1.2,9.0
2010-09-29,26.1,85,11.589224999999999,4.1,9.1
2010-09-30,26.1,86,11.462272222222222,2.3,8.3
2010-10-01,26.4,84,11.744327777777778,0.6,7.5
2010-10-02,26.3,87,11.079516666666667,11.0,9.1
2010-10-03,25.6,91,5.524249999999999,9.3,14.4
2010-10-04,26.0,89,9.910027777777778,4.1,14.0
2010-10-05,26.2,88,6.640622222222222,2.0,6.6
2010-10-06,26.5,87,10.324133333333332,12.5,10.9
2010-10-07,26.0,88,10.228466666666668,18.8,8.0
2010-10-08,25.6,88,11.355461111111111,17.1,10.0
2010-10-09,25.4,86,11.411983333333334,1.3,9.4
2010-10-10,25.5,77,11.671838888888889,0.0,8.1
2010-10-11,25.2,75,11.722619444444444,0.0,10.1
2010-10-12,25.9,78,11.612177777777777,0.8,7.5
2010-10-13,25.9,87,10.779030555555556,19.5,9.3
2010-10-14,25.4,87,8.751027777777779,3.2,9.7
2010-10-15,26.1,83,11.1599,4.0,10.4
2010-10-16,26.2,83,9.652266666666668,2.5,7.5
2010-10-17,26.5,82,9.108655555555556,0.6,7.6
2010-10-18,26.1,84,9.924269444444445,8.0,11.7
2010-10-19,26.1,84,10.747047222222223,6.6,9.1
2010-10-20,26.0,85,10.021333333333335,2.6,9.4
2010-10-21,26.3,84,11.360613888888889,4.8,9.2
2010-10-22,26.5,84,8.987244444444444,3.7,7.8
2010-10-23,25.7,88,7.198691666666667,17.4,8.2
2010-10-24,26.0,87,10.34773888888889,14.5,10.4
2010-10-25,25.1,91,4.595611111111111,24.4,10.1
2010-10-26,25.5,88,6.863047222222223,17.6,11.9
2010-10-27,25.6,87,10.0,13.1,10.6
2010-10-28,25.0,90,3.996961111111111,7.9,9.2
2010-10-29,25.5,88,10.831333333333333,2.2,7.3
2010-10-30,25.3,89,8.008155555555556,7.6,8.4
2010-10-31,26.1,83,7.411444444444444,0.3,13.6
2010-11-01,26.4,78,11.101283333333335,0.8,11.0
2010-11-02,26.3,81,10.399516666666667,4.2,12.4
2010-11-03,26.4,84,9.0,4.3,7.8
2010-11-04,25.7,86,5.32515,10.2,14.1
2010-11-05,25.7,84,3.2537111111111114,5.1,16.5
2010-11-06,26.6,79,10.376613888888889,0.0,13.0
2010-11-07,25.5,86,7.860352777777778,14.9,14.1
2010-11-08,25.3,86,6.725408333333334,6.7,18.3
2010-11-09,26.4,83,6.926352777777778,11.5,12.4
2010-11-10,25.8,87,7.242227777777778,9.8,8.6
2010-11-11,25.6,88,11.495899999999999,6.4,17.0
2010-11-12,25.2,88,8.856269444444445,15.5,14.1
2010-11-13,24.4,92,3.455977777777778,59.1,8.5
2010-11-14,25.6,87,8.925266666666666,4.2,9.8
2010-11-15,25.7,88,9.73865,9.5,10.0
2010-11-16,25.4,90,9.063919444444444,8.7,8.0
2010-11-17,25.9,86,11.0,6.3,8.7
2010-11-18,26.3,84,11.946219444444445,3.3,6.8
2010-11-19,26.1,85,10.806477777777777,13.0,8.0
2010-11-20,26.1,86,11.577713888888889,4.3,10.7
2010-11-21,26.1,85,10.479705555555556,8.1,9.6
2010-11-22,26.1,88,11.687477777777778,5.0,8.4
2010-11-23,26.0,87,10.0,11.4,9.7
2010-11-24,25.5,90,10.536388888888888,13.0,11.2
2010-11-25,25.7,88,5.440033333333333,8.0,10.9
2010-11-26,25.9,87,9.007513888888889,8.1,13.0
2010-11-27,25.7,86,10.18273611111111,10.8,7.2
2010-11-28,26.0,86,10.962025,9.6,9.1
2010-11-29,26.0,84,11.859016666666667,7.6,10.7
2010-11-30,26.1,85,11.740144444444443,4.8,14.9
2010-12-01,25.8,85,9.434322222222221,4.3,17.3
2010-12-02,26.2,85,9.564675000000001,5.7,9.7
2010-12-03,25.9,86,9.640122222222223,7.1,12.5
2010-12-04,25.6,87,7.551808333333333,15.9,14.7
2010-12-05,24.9,90,2.8097222222222222,20.0,15.8
2010-12-06,25.5,86,7.203358333333333,11.3,15.8
2010-12-07,25.2,87,3.7615611111111114,8.9,17.2
2010-12-08,25.2,85,8.498055555555556,3.3,19.2
2010-12-09,25.2,83,2.9895805555555555,2.8,15.0
2010-12-10,24.5,89,0.6129777777777777,12.3,16.7
2010-12-11,24.7,88,6.252638888888889,8.2,17.1
2010-12-12,25.6,82,6.632961111111111,0.0,14.8
2010-12-13,26.5,78,11.841658333333333,0.4,16.9
2010-12-14,25.4,89,10.229344444444445,13.3,15.0
2010-12-15,25.4,88,7.256516666666666,13.6,17.7
2010-12-16,25.1,86,7.1575750000000005,9.8,18.4
2010-12-17,25.1,85,3.280216666666667,4.2,16.6
2010-12-18,25.8,82,9.901869444444445,2.2,18.2
2010-12-19,25.8,83,9.663169444444446,11.2,19.4
2010-12-20,24.7,88,8.748516666666667,25.4,16.8
2010-12-21,25.2,84,9.105416666666667,1.6,18.6
2010-12-22,24.4,89,6.114561111111111,13.3,12.9
2010-12-23,24.6,87,7.970011111111111,17.9,14.8
2010-12-24,25.7,85,11.930338888888889,12.5,11.2
2010-12-25,25.9,82,11.40922222222222,0.6,16.6
2010-12-26,25.3,86,8.948072222222223,8.5,16.6
2010-12-27,25.1,87,0.13404444444444444,11.0,12.8
2010-12-28,25.1,86,7.6870111111111115,8.7,13.3
2010-12-29,25.7,79,9.16211388888889,0.1,17.3
2010-12-30,26.2,80,12.0,0.9,19.2
2010-12-31,26.3,81,6.591366666666667,0.6,18.0
2011-01-01,26.6,80,9.141475,0.4,17.1
2011-01-02,26.1,81,8.597508333333334,0.3,15.8
2011-01-03,25.5,85,10.055891666666666,9.7,14.1
2011-01-04,25.7,83,10.901330555555555,4.7,15.3
2011-01-05,25.4,87,10.366394444444444,6.7,13.8
2011-01-06,25.4,88,9.59881388888889,11.4,12.6
2011-01-07,25.5,87,8.683866666666667,8.9,9.7
2011-01-08,25.4,88,7.036275,8.4,12.9
2011-01-09,25.5,86,10.0,7.5,15.5
2011-01-10,25.9,84,9.221422222222223,3.7,25.6
2011-01-11,25.0,87,9.892033333333334,10.4,21.0
2011-01-12,25.7,80,10.813230555555554,2.2,18.6
2011-01-13,25.8,84,11.23133611111111,5.7,16.9
2011-01-14,25.9,80,11.867524999999999,0.4,14.4
2011-01-15,25.2,85,9.326786111111112,6.5,20.3
2011-01-16,24.7,88,5.843947222222222,6.9,15.2
2011-01-17,25.1,86,11.873824999999998,3.4,17.4
2011-01-18,25.1,88,10.249633333333334,10.0,15.8
2011-01-19,25.6,84,11.727841666666668,2.2,16.8
2011-01-20,25.0,88,6.691483333333333,9.4,12.5
2011-01-21,24.7,91,6.586530555555555,11.3,11.1
2011-01-22,24.9,90,9.1475,10.0,14.8
2011-01-23,25.1,89,10.647391666666667,4.2,12.6
2011-01-24,25.4,87,11.79866111111111,3.7,13.5
2011-01-25,25.5,83,11.162758333333333,3.2,14.9
2011-01-26,25.7,84,12.0,3.4,14.1
2011-01-27,26.1,84,11.463388888888888,1.6,13.8
2011-01-28,25.3,87,12.0,9.9,15.1
2011-01-29,25.5,88,6.596344444444444,3.1,9.0
2011-01-30,25.6,84,4.310902777777778,0.7,14.7
2011-01-31,25.5,85,7.814708333333334,0.8,14.8
2011-02-01,25.2,88,7.993169444444445,15.1,14.6
2011-02-02,25.2,86,3.7948138888888887,5.0,10.6
2011-02-03,25.1,87,6.132325,2.7,11.5
2011-02-04,24.3,90,0.0,23.1,11.8
2011-02-05,24.9,85,4.967919444444444,6.1,14.1
2011-02-06,25.5,82,6.3947361111111105,1.5,16.8
2011-02-07,25.4,85,11.987555555555554,2.1,17.8
2011-02-08,25.7,84,9.181216666666666,2.5,14.3
2011-02-09,26.1,81,10.980594444444444,0.0,8.4
2011-02-10,25.9,78,11.90498611111111,0.7,11.9
2011-02-11,26.2,87,11.975033333333334,2.2,11.5
2011-02-12,26.2,87,11.519013888888889,6.1,10.7
2011-02-13,26.0,87,9.322922222222221,8.5,12.1
2011-02-14,25.6,88,6.931336111111111,7.5,10.5
2011-02-15,25.3,85,10.419983333333334,5.2,9.5
2011-02-16,25.6,87,10.141416666666666,6.2,14.4
2011-02-17,25.9,86,11.636238888888888,1.8,17.1
2011-02-18,26.3,81,11.961508333333333,1.4,15.3
2011-02-19,25.9,85,11.960344444444443,8.5,16.2
2011-02-20,26.1,81,11.959347222222222,0.1,16.6
2011-02-21,26.2,84,11.0,2.3,12.7
2011-02-22,26.1,83,9.916511111111111,1.8,12.8
2011-02-23,26.2,84,11.792127777777779,3.1,13.7
2011-02-24,26.4,80,11.569363888888889,0.4,17.9
2011-02-25,25.9,84,10.424975000000002,4.2,15.6
2011-02-26,25.4,87,11.190158333333333,5.7,12.7
2011-02-27,25.1,88,7.113655555555556,10.3,14.8
2011-02-28,24.1,91,0.22798888888888888,16.9,19.2
2011-03-01,24.4,87,2.362477777777778,6.5,18.8
2011-03-02,25.9,81,11.60941388888889,0.3,19.9
2011-03-03,25.5,83,11.771044444444446,5.0,17.5
2011-03-04,25.6,84,9.0,2.1,17.9
2011-03-05,25.4,86,11.105391666666668,5.2,15.1
2011-03-06,25.5,87,8.01928611111111,10.0,16.3
2011-03-07,25.7,86,10.960166666666666,9.1,15.9
2011-03-08,25.4,84,11.344994444444445,5.0,20.2
2011-03-09,25.6,85,11.47086111111111,2.9,14.6
2011-03-10,25.5,85,11.611694444444444,2.0,13.3
2011-03-11,25.8,86,11.674502777777777,5.2,13.8
2011-03-12,26.5,82,11.86998611111111,0.1,14.1
2011-03-13,26.2,85,9.096522222222221,5.7,10.2
2011-03-14,26.0,82,8.73665,1.0,13.2
2011-03-15,25.8,83,9.69813888888889,3.3,12.7
2011-03-16,26.3,80,11.974783333333333,0.7,12.2
2011-03-17,26.0,83,11.976708333333335,0.2,8.2
2011-03-18,26.2,85,11.978641666666666,1.8,10.8
2011-03-19,25.9,87,11.980572222222222,6.7,9.7
2011-03-20,26.1,86,11.732022222222222,9.9,8.5
2011-03-21,26.4,83,9.518541666666666,4.4,14.9
2011-03-22,25.5,85,5.136358333333333,5.7,16.6
2011-03-23,25.0,86,4.835352777777778,7.5,13.2
2011-03-24,25.8,84,8.794527777777777,1.9,18.4
2011-03-25,24.6,90,1.366238888888889,10.1,18.7
2011-03-26,25.4,87,7.688777777777777,14.0,13.8
2011-03-27,25.6,86,9.197380555555556,2.3,17.9
2011-03-28,25.1,88,7.516633333333334,8.0,17.3
2011-03-29,25.7,84,7.971291666666667,0.3,17.2
2011-03-30,25.5,85,9.960502777777776,3.4,16.8
2011-03-31,25.4,85,8.810080555555556,9.7,22.1
2011-04-01,25.3,88,5.346947222222222,5.6,18.7
2011-04-02,26.1,83,10.959816666666665,0.5,19.5
2011-04-03,25.7,83,10.882230555555555,3.2,17.0
2011-04-04,25.9,82,9.890636111111112,0.4,14.8
2011-04-05,26.2,80,11.847394444444445,0.2,16.9
2011-04-06,26.4,81,11.575083333333334,0.1,16.6
2011-04-07,26.5,80,11.662275000000001,0.2,15.5
2011-04-08,25.9,85,9.869861111111112,12.1,15.1
2011-04-09,25.5,87,8.997580555555556,14.3,13.3
2011-04-10,26.1,84,9.572583333333334,0.6,12.8
2011-04-11,25.3,89,3.230252777777778,15.8,10.5
2011-04-12,25.4,90,10.745230555555557,6.7,10.1
2011-04-13,25.3,88,10.915502777777776,2.9,8.5
2011-04-14,25.3,89,11.613613888888889,3.0,10.6
2011-04-15,26.1,84,11.824736111111111,0.4,7.8
2011-04-16,25.7,86,11.81811111111111,16.7,9.4
2011-04-17,26.1,83,9.52608888888889,5.0,6.0
2011-04-18,25.5,85,11.121708333333334,2.9,8.7
2011-04-19,25.8,85,11.798705555555555,2.3,8.2
2011-04-20,25.9,86,11.654786111111113,2.6,9.8
2011-04-21,25.7,88,7.659161111111111,7.5,7.0
2011-04-22,25.9,86,11.729355555555555,4.2,8.6
2011-04-23,26.1,86,10.070516666666666,2.4,7.3
2011-04-24,25.5,90,7.435613888888889,13.7,9.6
2011-04-25,25.4,90,9.490699999999999,9.8,10.8
2011-04-26,25.4,90,10.113811111111112,7.9,10.6
2011-04-27,25.4,89,9.691252777777779,11.1,8.2
2011-04-28,25.9,86,10.782575,0.8,11.6
2011-04-29,26.0,87,11.160383333333332,11.6,8.4
2011-04-30,25.4,90,8.745786111111112,16.3,6.5
2011-05-01,24.8,90,2.909883333333333,13.2,16.1
2011-05-02,25.0,91,0.20514444444444443,8.9,7.6
2011-05-03,25.9,85,11.0,1.1,12.0
2011-05-04,26.6,82,11.722083333333334,0.1,14.4
2011-05-05,25.4,87,6.449441666666667,5.0,13.0
2011-05-06,25.3,88,10.814875,8.3,12.6
2011-05-07,24.9,91,4.355761111111111,18.4,10.8
2011-05-08,25.6,88,9.360888888888889,3.2,13.4
2011-05-09,26.1,84,11.523983333333332,0.5,6.8
2011-05-10,26.1,87,11.459150000000001,4.6,8.0
2011-05-11,26.3,84,11.52931111111111,0.1,6.6
2011-05-12,26.5,85,11.667330555555555,0.7,7.3
2011-05-13,26.3,86,11.0,8.2,5.5
2011-05-14,25.5,89,5.117969444444444,6.4,9.0
2011-05-15,25.8,87,10.553325000000001,2.3,7.2
2011-05-16,25.7,85,11.54101388888889,1.2,6.8
2011-05-17,26.2,84,11.474805555555557,0.2,6.7
2011-05-18,26.4,85,11.339972222222222,3.3,6.1
2011-05-19,25.8,89,11.157855555555555,3.5,9.0
2011-05-20,26.3,86,11.0,1.8,7.1
2011-05-21,25.7,88,7.5843638888888885,1.9,10.7
2011-05-22,26.3,86,10.580019444444444,0.7,8.5
2011-05-23,25.8,86,11.2776,6.6,7.4
2011-05-24,26.0,86,11.07178611111111,4.9,6.0
2011-05-25,25.8,88,10.173719444444444,9.6,9.5
2011-05-26,25.5,88,11.072536111111111,3.6,10.1
2011-05-27,25.9,87,11.34626388888889,2.4,9.4
2011-05-28,25.9,86,11.204816666666666,2.7,7.6
2011-05-29,26.2,83,11.478569444444444,0.2,10.7
2011-05-30,26.4,83,11.544672222222221,0.5,6.1
2011-05-31,26.3,85,11.541305555555555,0.3,8.7
2011-06-01,26.7,82,11.259738888888888,1.2,11.5
2011-06-02,26.2,86,11.047055555555556,5.3,15.4
2011-06-03,26.6,85,10.73373611111111,2.4,17.5
2011-06-04,26.0,88,11.317325,4.1,14.2
2011-06-05,25.9,88,9.899263888888889,4.9,8.7
2011-06-06,26.2,85,11.588277777777778,0.1,8.6
2011-06-07,25.9,87,11.51433888888889,1.1,8.2
2011-06-08,26.2,83,11.440258333333333,0.0,7.4
2011-06-09,26.0,86,11.576030555555555,1.2,10.7
2011-06-10,25.9,83,11.652033333333334,1.4,9.9
2011-06-11,25.8,84,11.357402777777779,0.5,7.6
2011-06-12,25.6,82,11.352744444444443,0.0,7.7
2011-06-13,25.5,84,11.347858333333333,0.9,6.9
2011-06-14,25.8,82,11.41296388888889,1.6,6.5
2011-06-15,25.8,83,11.64721111111111,1.1,11.3
2011-06-16,26.2,75,11.646561111111112,0.0,7.8
2011-06-17,25.8,77,11.045675,0.0,11.3
2011-06-18,25.3,78,11.531869444444446,0.0,13.7
2011-06-19,25.6,77,11.455977777777777,0.0,8.1
2011-06-20,25.9,77,11.645,0.0,10.9
2011-06-21,26.1,77,11.644875,0.0,11.7
2011-06-22,26.5,78,11.509255555555555,0.6,7.8
2011-06-23,26.7,78,11.644944444444445,0.4,9.0
2011-06-24,26.7,78,11.358591666666667,0.0,10.1
2011-06-25,26.7,75,11.645433333333333,0.0,15.3
2011-06-26,26.3,73,11.627733333333332,0.0,18.3
2011-06-27,26.2,79,10.052091666666666,2.6,11.4
2011-06-28,25.7,86,10.15346388888889,6.2,11.4
2011-06-29,25.6,84,11.401825,0.5,7.9
2011-06-30,25.4,86,10.446380555555557,23.7,8.6
2011-07-01,24.6,88,3.352580555555556,11.0,11.0
2011-07-02,25.1,85,11.458130555555554,3.6,11.1
2011-07-03,24.7,87,9.666852777777777,2.9,10.1
2011-07-04,25.0,85,11.378752777777779,0.3,9.0
2011-07-05,25.3,85,11.234163888888888,1.7,7.9
2011-07-06,26.0,79,11.558472222222223,0.1,12.3
2011-07-07,26.0,78,11.658222222222221,0.0,9.4
2011-07-08,26.0,78,11.660041666666666,0.0,13.0
2011-07-09,26.1,76,11.661958333333335,0.0,10.0
2011-07-10,26.0,80,11.363205555555556,1.1,7.6
2011-07-11,25.8,79,11.666080555555556,1.2,9.5
2011-07-12,25.8,83,10.836791666666667,1.3,11.2
2011-07-13,25.8,83,11.670569444444446,1.1,10.5
2011-07-14,25.9,79,11.444786111111112,0.1,9.4
2011-07-15,26.1,80,11.333916666666667,0.9,7.2
2011-07-16,25.8,81,11.400227777777777,1.1,8.7
2011-07-17,25.7,80,11.68056111111111,0.0,9.7
2011-07-18,25.8,77,11.683252777777778,0.2,10.3
2011-07-19,26.0,79,11.392697222222221,2.1,11.0
2011-07-20,26.2,76,11.183866666666667,0.0,12.2
2011-07-21,26.6,74,11.691833333333333,0.0,14.3
2011-07-22,26.7,74,11.694916666666666,0.3,15.8
2011-07-23,26.6,74,11.662327777777778,0.0,8.3
2011-07-24,26.8,75,11.701383333333334,0.6,9.8
2011-07-25,25.9,82,11.044394444444444,2.1,8.8
2011-07-26,26.2,75,11.708219444444444,0.0,12.6
2011-07-27,26.5,72,11.711772222222221,0.0,12.1
2011-07-28,26.7,72,11.7154,0.0,8.5
2011-07-29,26.9,72,11.719108333333333,0.0,7.8
2011-07-30,26.9,69,11.519961111111112,0.0,14.0
2011-07-31,26.5,69,11.726727777777779,0.0,16.8
2011-08-01,26.2,68,11.730636111111112,0.0,18.9
2011-08-02,27.0,69,11.734602777777777,0.0,18.9
2011-08-03,27.3,71,11.738627777777777,0.0,11.8
2011-08-04,26.8,75,11.456566666666667,2.1,11.7
2011-08-05,26.5,76,11.660577777777778,0.5,6.3
2011-08-06,26.9,71,11.750988888888887,0.0,17.6
2011-08-07,27.2,69,11.755194444444443,0.6,16.1
2011-08-08,26.7,74,11.699033333333333,0.8,12.1
2011-08-09,26.5,74,11.763711111111112,0.5,14.7
2011-08-10,27.3,71,11.768030555555557,0.0,16.9
2011-08-11,27.2,71,11.772430555555555,0.0,12.2
2011-08-12,27.0,73,11.776905555555556,0.0,14.1
2011-08-13,27.1,74,11.781452777777778,0.0,14.3
2011-08-14,27.5,71,11.786066666666665,0.3,11.0
2011-08-15,27.3,70,11.79073888888889,0.0,14.0
2011-08-16,26.8,70,11.795472222222221,0.1,12.4
2011-08-17,27.4,66,11.765577777777779,0.1,11.8
2011-08-18,27.5,70,11.805094444444444,0.0,13.7
2011-08-19,27.7,70,11.445341666666668,0.0,14.7
2011-08-20,27.8,65,11.814897222222221,0.0,13.5
2011-08-21,27.5,67,11.819858333333332,0.0,16.1
2011-08-22,27.6,65,11.824855555555557,0.0,18.5
2011-08-23,27.4,66,11.829875000000001,0.0,16.4
2011-08-24,27.5,67,11.675619444444445,0.0,16.5
2011-08-25,27.4,65,11.84,0.0,14.4
2011-08-26,27.1,60,11.845094444444443,0.0,15.8
2011-08-27,26.9,63,11.845638888888889,0.0,16.6
2011-08-28,26.5,66,11.843580555555555,0.0,18.6
2011-08-29,27.2,67,11.841469444444444,0.0,14.2
2011-08-30,27.5,69,11.623422222222223,0.1,11.9
2011-08-31,27.5,74,11.836808333333334,3.0,12.1
2011-09-01,27.6,73,11.834266666666666,0.0,10.7
2011-09-02,27.4,70,11.831597222222221,0.0,11.0
2011-09-03,27.5,67,11.828819444444445,0.0,9.6
2011-09-04,27.5,67,11.825944444444445,0.0,13.3
2011-09-05,27.7,65,11.822983333333333,0.0,14.0
2011-09-06,28.1,64,11.819952777777779,0.0,15.1
2011-09-07,27.9,65,11.81686388888889,0.0,9.1
2011-09-08,27.3,71,11.562877777777778,1.1,11.2
2011-09-09,27.6,65,11.810563888888888,0.0,13.2
2011-09-10,27.7,63,11.807380555555556,0.0,11.3
2011-09-11,28.0,64,11.804191666666666,0.0,16.3
2011-09-12,28.1,65,11.80101111111111,0.0,14.9
2011-09-13,28.1,68,11.797852777777777,0.2,18.3
2011-09-14,27.9,69,11.794730555555555,0.7,15.6
2011-09-15,27.4,73,11.698608333333333,7.5,12.0
2011-09-16,26.8,76,11.262858333333334,4.0,11.7
2011-09-17,26.7,77,9.885769444444444,3.5,9.2
2011-09-18,26.8,76,11.782836111111111,2.1,11.1
2011-09-19,26.5,79,10.87663888888889,3.0,10.6
2011-09-20,26.9,76,11.57565,0.9,9.3
2011-09-21,27.9,66,11.769772222222223,0.0,9.4
2011-09-22,27.8,68,10.889866666666666,0.2,9.5
2011-09-23,28.0,65,11.767724999999999,0.0,16.1
2011-09-24,28.1,65,11.764622222222222,0.0,15.3
2011-09-25,28.4,63,11.761527777777777,0.0,10.4
2011-09-26,28.2,67,11.758452777777778,0.3,12.8
2011-09-27,27.7,69,11.755413888888889,0.8,10.2
2011-09-28,27.4,66,11.33066111111111,0.0,15.6
2011-09-29,27.5,66,11.749505555555556,0.0,13.6
2011-09-30,27.8,66,11.746661111111113,0.0,10.4
2011-10-01,28.1,66,11.72126388888889,0.7,13.4
2011-10-02,27.9,70,11.145294444444444,1.1,7.6
2011-10-03,27.8,69,11.27415,1.0,9.5
2011-10-04,27.3,73,11.736377777777777,2.3,13.1
2011-10-05,26.7,76,11.277033333333334,2.5,11.9
2011-10-06,26.6,76,11.149508333333333,2.0,11.7
2011-10-07,27.2,74,9.801177777777777,2.7,11.0
2011-10-08,25.9,81,8.973638888888889,8.6,10.5
2011-10-09,27.4,71,11.604975000000001,0.3,8.9
2011-10-10,27.0,78,11.34801111111111,3.9,8.7
2011-10-11,27.2,78,11.413947222222221,3.7,9.0
2011-10-12,27.2,76,11.159991666666667,1.3,9.8
2011-10-13,27.6,73,11.721175,0.2,11.0
2011-10-14,28.0,68,11.353091666666666,0.0,12.8
2011-10-15,28.1,67,11.718502777777777,0.0,13.4
2011-10-16,28.3,69,11.772986111111111,0.3,20.9
2011-10-17,27.7,76,11.29168888888889,2.1,17.5
2011-10-18,28.0,74,11.667758333333333,0.3,15.4
2011-10-19,28.2,67,11.601191666666667,0.3,12.0
2011-10-20,27.3,73,8.783427777777778,5.5,13.3
2011-10-21,27.8,74,11.118580555555555,4.0,11.6
2011-10-22,27.1,78,11.165677777777779,7.8,12.1
2011-10-23,26.7,80,11.297116666666668,8.1,15.0
2011-10-24,27.1,79,11.494297222222222,1.0,14.3
2011-10-25,26.9,81,11.199738888888888,3.3,13.1
2011-10-26,26.3,84,9.599877777777778,7.1,13.5
2011-10-27,26.1,85,9.781633333333332,21.5,16.5
2011-10-28,25.8,87,10.857494444444445,15.5,5.9
2011-10-29,26.3,84,11.299536111111111,6.1,13.2
2011-10-30,26.2,86,10.349955555555555,15.6,10.6
2011-10-31,26.4,86,10.466474999999999,5.9,10.4
2011-11-01,26.6,83,11.08596388888889,7.1,10.3
2011-11-02,25.9,86,11.020980555555555,13.1,11.4
2011-11-03,26.3,83,5.740783333333333,2.1,5.9
2011-11-04,25.3,78,5.779647222222222,0.6,15.7
2011-11-05,24.3,76,4.698180555555556,3.3,14.6
2011-11-06,25.7,77,10.774738888888889,0.0,9.9
2011-11-07,26.3,74,11.248111111111111,0.0,9.4
2011-11-08,26.3,78,8.398,4.1,10.1
2011-11-09,26.1,72,8.666105555555555,0.2,10.2
2011-11-10,26.1,77,7.891011111111111,10.5,7.9
2011-11-11,26.8,79,11.698,3.2,9.8
2011-11-12,26.7,79,11.377922222222221,11.4,11.1
2011-11-13,26.3,82,10.501586111111111,2.7,11.2
2011-11-14,26.4,79,10.93099722222222,4.7,8.9
2011-11-15,26.5,81,11.425480555555556,8.1,6.5
2011-11-16,26.3,83,10.683383333333333,15.5,9.2
2011-11-17,26.4,83,11.490808333333334,8.4,13.0
2011-11-18,26.8,80,11.849713888888889,4.0,11.0
2011-11-19,27.1,77,11.792152777777778,2.3,9.0
2011-11-20,26.0,85,6.139469444444445,16.8,11.0
2011-11-21,26.1,87,8.777897222222222,5.8,8.8
2011-11-22,26.3,85,10.610605555555555,9.4,10.5
2011-11-23,26.2,85,10.470386111111111,18.2,9.4
2011-11-24,26.3,85,8.882555555555555,9.9,8.7
2011-11-25,25.4,90,5.999572222222222,24.0,12.7
2011-11-26,26.5,84,11.851933333333333,1.9,10.5
2011-11-27,27.2,81,11.880091666666667,1.9,6.6
2011-11-28,27.6,81,11.107505555555555,5.2,8.8
2011-11-29,25.9,90,2.46905,17.4,8.7
2011-11-30,26.3,88,6.6173527777777785,9.2,7.4
2011-12-01,26.3,87,9.678055555555556,11.3,7.6
2011-12-02,25.6,87,3.4119694444444444,10.6,13.7
2011-12-03,25.5,83,4.926911111111111,0.1,14.5
2011-12-04,26.4,82,11.85196111111111,4.9,6.3
2011-12-05,26.5,84,11.903022222222221,6.9,14.0
2011-12-06,26.3,86,8.244961111111111,1.6,10.7
2011-12-07,26.8,81,11.918180555555555,1.3,9.4
2011-12-08,26.6,80,10.833127777777777,1.6,8.4
2011-12-09,26.7,81,9.453013888888888,1.6,8.9
2011-12-10,26.2,86,11.0,9.5,15.0
2011-12-11,26.5,84,11.919055555555556,9.1,11.8
2011-12-12,26.8,81,11.248197222222222,8.2,6.9
2011-12-13,26.1,84,10.222336111111112,6.1,9.3
2011-12-14,25.9,86,9.0,12.1,13.2
2011-12-15,26.2,84,11.83511388888889,4.1,14.5
2011-12-16,26.1,85,8.145769444444445,10.0,17.7
2011-12-17,25.8,85,6.434255555555556,9.5,16.3
2011-12-18,26.1,82,9.77375,1.0,19.2
2011-12-19,25.8,85,9.322372222222223,7.9,16.7
2011-12-20,25.5,88,10.615883333333333,18.2,14.1
2011-12-21,26.3,82,8.954816666666666,2.6,12.4
2011-12-22,26.9,81,10.01311111111111,9.2,15.9
2011-12-23,27.0,81,11.037955555555556,4.4,16.6
2011-12-24,26.4,86,11.310708333333334,15.0,11.2
2011-12-25,26.0,86,5.242522222222223,9.9,10.7
2011-12-26,26.0,87,9.312025,19.7,15.4
2011-12-27,26.8,83,8.283405555555555,3.4,12.0
2011-12-28,26.5,81,7.0751333333333335,5.6,16.6
2011-12-29,26.7,79,9.335897222222224,0.2,14.8
2011-12-30,26.2,83,9.485986111111112,11.3,17.8
2011-12-31,25.4,87,5.066313888888889,8.7,16.6
2012-01-01,24.9,90,5.655788888888889,14.1,16.2
2012-01-02,24.9,90,1.5178500000000001,11.6,10.0
2012-01-03,25.3,87,6.604997222222223,12.4,9.2
2012-01-04,26.2,85,12.0,6.4,12.8
2012-01-05,25.9,86,10.747016666666667,10.5,14.9
2012-01-06,25.5,87,9.346294444444446,7.7,14.6
2012-01-07,24.7,89,2.890811111111111,22.2,16.8
2012-01-08,24.8,90,1.2224444444444444,16.6,11.5
2012-01-09,25.4,86,10.510105555555555,7.1,15.5
2012-01-10,25.6,87,7.054180555555555,20.1,16.6
2012-01-11,25.0,88,0.04201944444444445,11.3,16.3
2012-01-12,25.3,86,6.885669444444445,14.4,17.7
2012-01-13,24.9,88,7.804052777777778,9.0,18.4
2012-01-14,24.2,91,1.8380888888888889,9.5,18.6
2012-01-15,25.1,87,7.398611111111111,4.3,14.8
2012-01-16,25.9,84,11.860783333333334,3.4,14.5
2012-01-17,25.6,88,12.0,5.7,11.9
2012-01-18,25.6,86,10.110533333333333,7.8,9.0
2012-01-19,26.2,82,11.549147222222222,0.2,12.1
2012-01-20,26.3,82,9.918586111111113,6.6,16.3
2012-01-21,25.6,85,3.1661916666666667,5.1,10.1
2012-01-22,25.6,84,10.581480555555556,0.6,19.1
2012-01-23,26.3,80,11.532272222222222,2.9,22.4
2012-01-24,26.5,78,11.600652777777777,3.0,20.4
2012-01-25,26.1,84,11.302516666666666,8.8,21.1
2012-01-26,26.2,82,10.497433333333333,5.3,21.4
2012-01-27,26.5,79,11.254638888888888,2.3,18.7
2012-01-28,26.5,78,11.166827777777778,1.6,20.4
2012-01-29,24.9,89,7.991030555555556,11.9,16.8
2012-01-30,25.1,88,5.846247222222223,13.6,15.7
2012-01-31,25.7,85,2.6203055555555554,3.1,12.4
2012-02-01,25.8,88,11.746563888888888,8.6,12.2
2012-02-02,25.6,88,9.886288888888888,21.2,13.5
2012-02-03,24.4,92,4.106533333333333,34.0,13.6
2012-02-04,24.9,88,1.3171916666666668,8.5,7.6
2012-02-05,25.7,85,11.77323888888889,1.2,14.7
2012-02-06,25.7,87,11.0,1.9,14.9
2012-02-07,26.1,85,11.98826388888889,4.6,14.1
2012-02-08,25.7,86,11.984941666666668,17.5,15.1
2012-02-09,25.6,85,9.929147222222221,5.1,16.4
2012-02-10,25.9,84,10.141355555555554,7.1,11.2
2012-02-11,25.3,90,9.565183333333334,16.4,12.5
2012-02-12,25.8,86,11.837402777777779,12.6,11.8
2012-02-13,25.8,86,11.971377777777777,7.3,9.2
2012-02-14,25.4,90,8.360999999999999,21.5,9.8
2012-02-15,25.6,88,11.835102777777779,1.1,10.7
2012-02-16,25.7,86,11.523874999999999,1.9,9.2
2012-02-17,25.2,89,9.117466666666665,26.9,11.4
2012-02-18,26.3,83,9.865952777777778,3.7,11.9
2012-02-19,25.3,90,7.484272222222223,11.9,9.3
2012-02-20,25.4,88,10.18248611111111,13.1,11.4
2012-02-21,25.7,86,8.966844444444444,2.3,8.6
2012-02-22,26.2,84,10.437333333333333,1.4,8.8
2012-02-23,26.2,86,11.957116666666668,1.6,9.0
2012-02-24,26.2,87,11.222136111111112,6.2,9.5
2012-02-25,26.1,87,10.015686111111112,5.8,9.8
2012-02-26,26.0,87,9.95555,20.5,10.4
2012-02-27,26.0,86,10.101880555555555,7.5,7.3
2012-02-28,25.8,89,10.301872222222222,12.5,11.8
2012-02-29,25.5,89,6.984672222222222,9.2,13.7
2012-03-01,25.3,89,10.63101111111111,16.0,10.1
2012-03-02,26.0,86,10.528019444444444,6.9,14.8
2012-03-03,26.5,80,9.152172222222221,0.7,15.0
2012-03-04,25.5,88,2.3968638888888885,9.0,11.3
2012-03-05,25.8,85,8.642336111111112,2.4,13.1
2012-03-06,26.1,85,10.724475,5.9,7.7
2012-03-07,26.2,84,9.377083333333333,11.1,14.9
2012-03-08,25.4,85,1.5228972222222223,6.5,16.1
2012-03-09,25.5,87,7.478458333333333,7.6,17.1
2012-03-10,25.8,85,5.744086111111111,4.1,13.7
2012-03-11,26.3,81,11.029394444444444,0.8,16.3
2012-03-12,26.3,83,10.202941666666666,1.9,19.0
2012-03-13,26.1,84,8.381322222222222,5.5,11.5
2012-03-14,26.5,75,11.737522222222223,0.2,21.3
2012-03-15,26.1,80,11.974219444444445,1.5,19.5
2012-03-16,26.3,82,10.376894444444444,0.8,14.3
2012-03-17,26.6,79,10.260069444444444,1.7,19.8
2012-03-18,26.3,77,7.353741666666667,0.0,16.3
2012-03-19,26.0,81,7.108716666666667,4.6,20.0
2012-03-20,25.4,84,7.4702472222222225,6.1,20.7
2012-03-21,26.4,79,11.985252777777779,0.5,20.2
2012-03-22,26.3,79,11.986433333333334,0.5,18.6
2012-03-23,26.7,79,11.980708333333334,0.0,16.6
2012-03-24,26.3,82,11.974991666666668,2.2,14.1
2012-03-25,26.5,81,11.969277777777778,1.1,13.4
2012-03-26,26.2,82,11.963580555555556,3.5,11.4
2012-03-27,26.6,80,11.942791666666668,3.2,12.2
2012-03-28,26.7,78,11.950872222222221,1.1,11.5
2012-03-29,26.0,82,11.883572222222222,6.5,12.4
2012-03-30,25.8,86,10.891438888888889,8.5,10.6
2012-03-31,25.8,86,11.927158333333333,5.1,9.3
2012-04-01,25.8,84,11.919425,8.7,9.4
2012-04-02,25.6,89,11.578547222222221,12.9,6.8
2012-04-03,25.1,90,10.145577777777778,17.7,14.4
2012-04-04,25.1,89,8.459675,13.0,9.1
2012-04-05,25.1,88,8.872944444444444,5.5,7.2
2012-04-06,25.1,90,9.852033333333333,12.8,9.8
2012-04-07,25.1,88,5.599613888888889,7.3,6.3
2012-04-08,25.7,86,11.604730555555555,7.1,8.7
2012-04-09,25.9,86,11.46903611111111,4.0,8.3
2012-04-10,25.6,87,11.093383333333334,15.0,9.7
2012-04-11,25.3,88,9.640877777777778,14.3,10.3
2012-04-12,26.0,84,11.296958333333334,1.2,6.7
2012-04-13,26.1,85,11.823022222222221,2.9,8.9
2012-04-14,26.5,83,11.825786111111112,2.2,11.5
2012-04-15,25.9,89,11.37493611111111,15.7,13.2
2012-04-16,26.2,86,11.812255555555556,1.9,13.1
2012-04-17,25.6,89,11.252319444444444,13.5,12.6
2012-04-18,25.9,86,11.649855555555556,3.6,8.1
2012-04-19,25.9,88,11.785605555555556,5.2,11.4
2012-04-20,26.1,87,11.786794444444444,2.5,10.1
2012-04-21,25.6,88,11.465402777777777,12.6,11.8
2012-04-22,25.6,88,8.722619444444444,15.9,6.7
2012-04-23,26.1,85,9.710202777777779,0.7,14.2
2012-04-24,26.4,83,11.764208333333334,1.0,9.5
2012-04-25,26.6,83,11.759102777777777,0.3,9.5
2012-04-26,26.1,86,11.0,7.3,7.6
2012-04-27,26.3,84,11.421583333333333,7.5,8.7
2012-04-28,26.1,87,11.624380555555554,7.2,9.7
2012-04-29,25.4,89,9.07661388888889,18.7,13.0
2012-04-30,25.3,90,7.0321694444444445,21.8,7.2
2012-05-01,26.1,85,11.309116666666666,2.4,8.6
2012-05-02,26.4,85,11.727105555555555,4.0,8.3
2012-05-03,26.3,85,11.3746,4.5,9.2
2012-05-04,26.0,84,11.719275,0.1,10.1
2012-05-05,26.1,87,11.447655555555555,4.1,7.3
2012-05-06,26.2,84,10.99586388888889,0.4,8.4
2012-05-07,25.7,88,10.989130555555557,3.5,8.0
2012-05-08,25.7,87,9.440613888888889,10.9,6.9
2012-05-09,26.5,83,11.458908333333333,0.1,8.2
2012-05-10,26.2,85,11.461491666666667,2.4,7.6
2012-05-11,26.3,85,11.59941111111111,0.9,8.3
2012-05-12,26.3,82,11.694994444444445,0.6,9.4
2012-05-13,26.4,79,11.536502777777779,0.4,8.3
2012-05-14,25.8,86,9.541330555555556,11.0,7.0
2012-05-15,25.6,89,10.260522222222221,5.1,9.0
2012-05-16,25.8,89,10.681327777777778,5.7,12.7
2012-05-17,26.2,84,11.339772222222223,0.6,8.8
2012-05-18,26.3,83,11.478022222222222,2.4,10.1
2012-05-19,25.8,87,9.974866666666665,4.2,16.9
2012-05-20,25.7,90,10.879505555555555,7.8,13.5
2012-05-21,25.6,89,11.0,10.9,8.8
2012-05-22,26.1,84,11.62101111111111,1.4,9.0
2012-05-23,26.3,81,11.622280555555555,0.4,7.9
2012-05-24,26.2,81,11.347683333333334,1.1,9.2
2012-05-25,26.2,82,11.683744444444445,0.0,11.1
2012-05-26,26.6,78,11.68158611111111,0.0,16.2
2012-05-27,26.4,77,11.678825,0.0,12.5
2012-05-28,25.6,85,10.875841666666666,6.5,16.5
2012-05-29,26.3,84,11.406683333333334,1.9,10.9
2012-05-30,26.5,83,11.264627777777779,0.2,8.9
2012-05-31,26.0,86,10.657769444444444,3.5,6.7
2012-06-01,25.6,89,10.910438888888889,27.6,9.2
2012-06-02,26.0,86,11.050986111111111,1.0,8.4
2012-06-03,26.1,85,10.333869444444444,0.4,6.4
2012-06-04,26.0,86,10.756450000000001,6.8,11.3
2012-06-05,25.4,88,6.750583333333333,3.9,10.5
2012-06-06,25.4,90,6.373894444444445,9.0,11.5
2012-06-07,25.9,85,10.151255555555554,1.8,8.1
2012-06-08,27.1,81,11.089180555555556,1.0,8.3
2012-06-09,26.4,86,10.716875,3.0,7.4
2012-06-10,25.9,87,3.072525,3.0,7.7
2012-06-11,25.8,88,8.230258333333333,4.2,6.2
2012-06-12,26.1,83,10.540080555555555,0.1,7.2
2012-06-13,26.2,84,11.413530555555555,0.6,9.6
2012-06-14,26.1,84,11.618666666666666,0.6,6.4
2012-06-15,26.0,85,11.646777777777778,0.7,7.4
2012-06-16,25.9,82,11.53753611111111,0.2,8.0
2012-06-17,26.4,78,11.532038888888888,0.0,11.6
2012-06-18,26.0,78,11.645213888888888,0.0,16.1
2012-06-19,26.3,77,11.644905555555557,0.0,18.1
2012-06-20,26.2,78,11.644708333333332,0.0,12.0
2012-06-21,26.3,80,11.644622222222223,0.3,13.6
2012-06-22,26.5,83,11.434994444444445,1.6,12.2
2012-06-23,25.9,82,11.219091666666667,2.4,9.1
2012-06-24,26.0,81,11.635988888888889,0.1,10.2
2012-06-25,26.2,79,11.645516666666667,0.0,13.7
2012-06-26,26.5,75,11.646097222222222,0.8,12.2
2012-06-27,26.1,77,11.646797222222222,1.2,8.1
2012-06-28,26.4,74,11.647611111111111,0.0,7.9
2012-06-29,26.6,74,11.648536111111111,0.0,13.5
2012-06-30,26.4,73,11.649572222222222,0.0,11.6
2012-07-01,26.2,70,11.650719444444443,0.0,11.3
2012-07-02,25.9,71,11.651966666666667,0.0,14.6
2012-07-03,26.4,73,11.653322222222222,0.9,10.4
2012-07-04,26.1,77,11.5148,0.8,11.4
2012-07-05,26.3,78,11.439925,1.1,10.0
2012-07-06,26.3,76,11.505077777777778,0.6,6.7
2012-07-07,26.7,72,11.659730555555555,0.0,12.9
2012-07-08,26.9,73,11.635541666666667,0.1,7.1
2012-07-09,27.0,73,11.642555555555555,0.4,8.6
2012-07-10,26.7,73,11.665522222222222,0.1,7.8
2012-07-11,26.1,79,11.483797222222222,2.4,11.9
2012-07-12,25.9,82,10.556580555555556,4.6,8.8
2012-07-13,26.0,81,11.30503611111111,0.3,10.8
2012-07-14,26.6,74,11.674455555555555,0.0,12.7
2012-07-15,26.4,75,11.676975,0.7,13.6
2012-07-16,26.8,74,11.679605555555556,0.1,11.1
2012-07-17,26.5,75,11.682344444444444,0.2,9.7
2012-07-18,26.2,78,11.299738888888887,0.9,8.8
2012-07-19,26.6,73,11.392755555555555,0.7,15.0
2012-07-20,26.5,78,11.429413888888888,4.9,12.3
2012-07-21,26.7,79,11.694294444444445,0.0,14.2
2012-07-22,27.1,74,11.317494444444446,0.0,13.8
2012-07-23,26.9,73,11.700808333333335,0.0,13.9
2012-07-24,26.9,69,11.592544444444446,0.0,12.5
2012-07-25,27.1,69,11.181180555555555,0.0,14.6
2012-07-26,26.7,71,10.922475,0.0,13.5
2012-07-27,26.7,70,11.714755555555556,0.0,15.0
2012-07-28,27.2,67,11.71841388888889,0.0,13.6
2012-07-29,28.0,63,11.722127777777779,0.0,16.6
2012-07-30,27.4,64,11.655772222222222,0.0,15.9
2012-07-31,27.6,64,11.72391111111111,0.0,7.2
2012-08-01,26.8,67,11.588819444444445,0.0,14.2
2012-08-02,27.2,63,11.737511111111111,0.0,14.6
2012-08-03,27.1,63,11.741469444444444,0.0,16.3
2012-08-04,27.4,65,11.745497222222223,0.0,18.6
2012-08-05,27.6,67,11.749616666666668,0.0,17.0
2012-08-06,27.8,68,11.66376111111111,0.0,10.9
2012-08-07,27.9,69,11.75808888888889,0.0,9.8
2012-08-08,27.4,67,11.762438888888889,0.0,17.1
2012-08-09,27.2,64,11.766855555555555,0.0,19.1
2012-08-10,27.0,65,11.771341666666666,0.0,18.7
2012-08-11,27.2,67,11.775883333333333,0.0,14.7
2012-08-12,27.4,68,11.780486111111111,0.4,12.1
2012-08-13,27.8,68,11.785136111111111,0.1,14.6
2012-08-14,28.0,66,11.789836111111113,0.0,14.1
2012-08-15,27.9,61,11.794577777777778,0.0,18.3
2012-08-16,27.3,63,11.79936111111111,0.0,16.3
2012-08-17,27.3,64,11.804177777777777,0.0,17.4
2012-08-18,27.2,67,11.809027777777779,0.0,18.4
2012-08-19,27.9,68,11.813905555555555,0.0,16.2
2012-08-20,27.9,67,11.818808333333333,0.0,14.2
2012-08-21,27.0,68,11.823730555555557,0.0,13.8
2012-08-22,27.9,65,11.828669444444444,0.0,17.7
2012-08-23,28.1,63,11.83361388888889,0.2,16.1
2012-08-24,28.4,63,11.838552777777778,0.0,16.9
2012-08-25,28.4,61,11.843552777777777,0.0,17.7
2012-08-26,28.3,59,11.846830555555554,0.0,15.6
2012-08-27,27.0,67,5.0923944444444444,0.0,11.6
2012-08-28,27.5,70,10.842194444444445,1.6,18.2
2012-08-29,27.5,69,11.753877777777777,0.9,13.4
2012-08-30,27.7,68,11.819041666666667,0.0,15.0
2012-08-31,27.3,66,11.834405555555556,0.0,7.3
2012-09-01,27.4,64,11.831636111111111,0.0,16.9
2012-09-02,27.4,62,11.8288,0.0,18.1
2012-09-03,27.3,62,11.68996388888889,0.0,17.8
2012-09-04,27.3,62,11.822972222222221,0.0,16.9
2012-09-05,27.8,64,11.82001111111111,0.0,16.9
2012-09-06,28.1,64,11.81702777777778,0.0,14.7
2012-09-07,27.8,65,11.814041666666668,0.0,15.0
2012-09-08,27.8,67,11.811061111111112,0.0,16.3
2012-09-09,27.8,69,11.808102777777778,0.1,11.9
2012-09-10,27.2,74,11.113622222222222,2.7,11.4
2012-09-11,27.3,73,11.802288888888889,0.8,11.3
2012-09-12,27.7,66,11.438144444444445,0.0,16.3
2012-09-13,27.8,61,11.796513888888889,0.0,14.1
2012-09-14,28.0,62,11.793494444444445,0.0,11.9
2012-09-15,28.3,65,11.790397222222222,0.0,13.2
2012-09-16,28.6,65,11.787236111111111,0.0,13.5
2012-09-17,28.0,67,11.0,0.7,12.3
2012-09-18,28.5,65,11.574013888888889,0.1,13.8
2012-09-19,28.4,65,11.777519444444444,0.1,10.2
2012-09-20,28.3,66,11.255516666666667,0.4,8.4
2012-09-21,27.7,71,11.182166666666667,6.0,11.5
2012-09-22,27.8,67,11.767763888888888,0.0,9.4
2012-09-23,27.9,68,11.645605555555555,0.9,10.5
2012-09-24,27.9,69,10.865208333333333,1.7,10.4
2012-09-25,27.4,73,10.959513888888889,2.1,7.3
2012-09-26,27.5,68,11.714566666666668,0.0,9.2
2012-09-27,28.0,65,11.75248888888889,0.1,9.7
2012-09-28,27.4,66,10.983355555555557,0.1,12.0
2012-09-29,27.7,71,11.462172222222222,2.6,12.7
2012-09-30,28.4,68,11.39935,0.0,12.1
2012-10-01,28.5,68,11.722380555555555,1.5,8.2
2012-10-02,27.4,77,11.016069444444444,5.3,11.0
2012-10-03,26.9,77,11.725405555555556,4.9,11.2
2012-10-04,27.2,75,11.533766666666667,0.3,9.7
2012-10-05,27.0,75,11.148672222222222,1.5,8.7
2012-10-06,27.4,73,10.740458333333335,0.6,11.6
2012-10-07,27.1,73,11.386447222222221,2.4,11.0
2012-10-08,27.5,72,11.668994444444444,0.8,10.5
2012-10-09,28.7,65,11.72573888888889,0.0,14.6
2012-10-10,28.8,65,11.723980555555556,0.7,10.5
2012-10-11,29.0,66,11.479825,0.0,14.4
2012-10-12,28.2,68,10.99386388888889,1.7,11.9
2012-10-13,28.6,66,11.677102777777778,0.0,17.3
2012-10-14,28.5,69,11.678661111111111,1.4,14.5
2012-10-15,28.4,67,11.42051111111111,2.4,14.9
2012-10-16,28.1,70,11.551702777777777,1.2,13.8
2012-10-17,27.1,78,11.292802777777776,7.3,14.8
2012-10-18,26.7,80,11.423997222222223,10.5,13.2
2012-10-19,26.7,81,11.294638888888889,13.4,11.0
2012-10-20,26.6,79,10.974419444444445,1.6,12.1
2012-10-21,26.8,79,11.230777777777778,7.6,9.8
2012-10-22,27.1,75,11.399769444444445,4.5,10.0
2012-10-23,28.0,67,11.88158611111111,0.0,12.3
2012-10-24,28.0,66,11.749516666666667,0.0,10.4
2012-10-25,27.9,69,11.789327777777778,0.1,9.4
2012-10-26,27.6,72,11.262744444444444,1.5,10.4
2012-10-27,26.5,81,10.286041666666666,5.4,9.1
2012-10-28,27.3,76,10.796316666666666,0.3,8.9
2012-10-29,27.6,74,11.29931111111111,1.0,15.3
2012-10-30,26.9,80,10.927927777777779,6.9,14.5
2012-10-31,26.7,84,10.365461111111111,7.6,9.8
2012-11-01,27.4,78,11.38508888888889,0.7,9.4
2012-11-02,27.6,75,11.186825,3.0,12.4
2012-11-03,26.7,83,7.681905555555556,5.8,7.7
2012-11-04,26.7,83,11.111366666666667,13.1,8.0
2012-11-05,26.2,85,10.157722222222223,9.5,11.5
2012-11-06,26.4,82,10.49725,5.3,9.1
2012-11-07,26.5,82,10.58398611111111,3.9,10.4
2012-11-08,26.9,80,11.095908333333332,4.1,10.0
2012-11-09,27.1,81,11.178427777777777,4.8,8.8
2012-11-10,27.5,77,11.445983333333334,0.9,9.1
2012-11-11,27.3,80,11.6472,6.3,9.4
2012-11-12,26.8,82,10.450416666666667,6.2,13.0
2012-11-13,25.7,88,2.3707999999999996,5.0,10.5
2012-11-14,26.4,83,10.391544444444444,3.0,10.5
2012-11-15,27.6,79,11.221305555555555,0.9,7.5
2012-11-16,27.0,83,11.714027777777778,10.1,13.2
2012-11-17,26.6,83,10.272122222222222,10.5,11.2
2012-11-18,25.0,92,5.521561111111111,68.0,8.8
2012-11-19,26.1,86,5.967836111111111,7.4,4.8
2012-11-20,25.9,85,5.046797222222223,3.2,6.3
2012-11-21,26.2,86,9.683113888888888,6.0,8.0
2012-11-22,25.6,89,8.359663888888889,11.3,11.4
2012-11-23,25.2,90,5.722933333333334,9.7,9.7
2012-11-24,25.7,87,8.353994444444444,17.7,7.6
2012-11-25,25.8,89,9.798763888888889,5.1,12.5
2012-11-26,25.9,89,9.80408888888889,7.2,11.0
2012-11-27,26.0,90,11.607938888888889,11.1,11.3
2012-11-28,26.1,86,11.812480555555556,1.8,8.7
2012-11-29,26.4,85,11.862905555555555,3.4,7.2
2012-11-30,26.3,87,11.0,9.3,6.9
2012-12-01,26.3,87,11.529525,7.6,13.0
2012-12-02,25.9,89,8.894291666666668,17.2,10.5
2012-12-03,26.2,83,9.936066666666665,4.6,17.3
2012-12-04,26.2,83,9.459050000000001,4.5,17.1
2012-12-05,26.1,85,8.448166666666667,8.1,8.2
2012-12-06,25.6,88,11.792713888888889,7.0,11.2
2012-12-07,25.5,89,7.360386111111111,7.9,12.0
2012-12-08,25.6,90,10.26073888888889,17.7,9.1
2012-12-09,26.3,85,11.941252777777779,2.2,7.0
2012-12-10,26.0,87,8.820505555555556,19.7,10.7
2012-12-11,25.9,88,7.162047222222222,9.4,9.9
2012-12-12,25.4,90,8.312769444444445,12.3,13.0
2012-12-13,24.7,91,0.7152944444444445,11.6,10.6
2012-12-14,25.6,88,11.066730555555557,12.0,8.7
2012-12-15,26.0,85,10.730069444444444,2.6,12.0
2012-12-16,25.8,87,10.0,13.0,12.6
2012-12-17,25.6,87,9.980441666666666,5.7,10.5
2012-12-18,25.8,84,5.168152777777777,1.5,15.0
2012-12-19,26.6,80,10.830105555555555,0.5,12.7
2012-12-20,26.3,85,11.482952777777777,12.5,9.4
2012-12-21,25.7,89,9.657594444444443,14.3,13.1
2012-12-22,25.6,90,5.461636111111111,15.6,11.9
2012-12-23,25.7,89,2.8136527777777776,11.3,8.7
2012-12-24,25.6,89,10.298924999999999,15.8,14.7
2012-12-25,25.8,86,9.34013888888889,21.4,12.7
2012-12-26,26.0,87,6.627519444444444,5.1,13.0
2012-12-27,26.8,82,11.124622222222222,3.3,14.5
2012-12-28,26.5,84,11.0,1.9,15.3
2012-12-29,26.1,85,11.617561111111112,7.4,14.5
2012-12-30,26.2,84,10.213530555555556,11.3,16.1
2012-12-31,25.7,87,4.846875,7.2,13.8
2013-01-01,25.4,90,6.076030555555556,26.4,14.3
2013-01-02,25.5,89,5.180752777777777,15.1,11.7
2013-01-03,26.6,84,12.0,2.4,16.9
2013-01-04,25.3,88,4.797869444444445,22.7,16.8
2013-01-05,25.0,87,3.717675,11.6,17.2
2013-01-06,25.3,89,3.053233333333333,13.1,18.1
2013-01-07,25.7,86,7.181011111111111,7.2,13.6
2013-01-08,25.8,84,9.830347222222223,3.9,22.0
2013-01-09,24.9,88,0.8421194444444444,20.2,22.5
2013-01-10,25.3,85,10.01548611111111,5.9,27.8
2013-01-11,26.0,82,7.874872222222223,2.7,21.5
2013-01-12,25.8,86,6.286163888888889,12.4,16.1
2013-01-13,25.3,88,7.818463888888889,21.9,15.5
2013-01-14,25.0,90,4.593388888888889,18.7,12.2
2013-01-15,24.6,90,4.575202777777777,20.7,14.7
2013-01-16,24.9,89,7.840922222222222,5.9,10.1
2013-01-17,25.4,89,6.865322222222222,9.5,13.7
2013-01-18,25.1,88,7.974588888888889,23.3,13.1
2013-01-19,25.9,84,11.586208333333333,5.3,14.2
2013-01-20,26.0,86,10.574794444444445,6.6,12.2
2013-01-21,26.1,87,11.438402777777778,4.0,13.0
2013-01-22,26.0,88,11.85455,14.1,15.5
2013-01-23,25.3,89,4.7375638888888885,20.7,15.3
2013-01-24,25.0,90,1.9380055555555555,10.0,13.0
2013-01-25,24.8,90,2.1235472222222223,11.2,8.8
2013-01-26,24.7,91,2.6636333333333333,14.5,11.3
2013-01-27,25.1,88,9.52003611111111,16.8,16.3
2013-01-28,25.4,88,10.119430555555555,19.0,15.6
2013-01-29,25.4,88,10.83345,8.0,12.2
2013-01-30,25.7,86,11.0,7.3,13.6
2013-01-31,25.5,89,11.542188888888887,13.2,12.6
2013-02-01,25.9,87,11.20198888888889,5.8,11.5
2013-02-02,25.8,89,9.393222222222223,9.1,12.6
2013-02-03,25.9,88,9.412297222222222,12.1,11.7
2013-02-04,26.0,89,10.068919444444445,8.4,9.4
2013-02-05,25.8,88,10.89063888888889,11.8,11.1
2013-02-06,25.3,90,4.4528638888888885,30.7,8.7
2013-02-07,25.8,88,11.9863,8.3,10.2
2013-02-08,25.9,84,11.983113888888889,0.5,9.4
2013-02-09,26.3,83,11.612608333333332,2.9,10.6
2013-02-10,26.1,86,11.977272222222222,12.2,8.2
2013-02-11,25.6,88,9.433719444444444,10.6,10.1
2013-02-12,25.7,90,11.282575,13.0,10.9
2013-02-13,25.3,90,8.917966666666667,23.8,8.3
2013-02-14,25.1,90,6.850016666666667,17.0,15.3
2013-02-15,25.8,86,10.075263888888887,3.4,15.3
2013-02-16,25.7,85,8.676380555555555,17.3,17.5
2013-02-17,25.1,89,5.729977777777777,12.6,15.7
2013-02-18,26.0,82,10.752255555555557,2.8,17.7
2013-02-19,25.1,89,0.9560138888888889,10.1,16.1
2013-02-20,25.0,88,3.2323277777777775,5.5,13.4
2013-02-21,25.6,86,8.966919444444445,4.5,17.5
2013-02-22,25.5,86,8.729483333333333,6.4,17.9
2013-02-23,25.8,88,9.66505277777778,19.0,18.2
2013-02-24,26.1,87,8.728447222222222,3.8,8.9
2013-02-25,26.8,83,11.955536111111112,1.6,14.7
2013-02-26,26.7,83,11.138041666666666,3.8,13.8
2013-02-27,26.7,83,11.207811111111113,4.8,16.6
2013-02-28,27.2,77,11.956188888888889,0.0,23.3
2013-03-01,26.8,81,11.956697222222223,2.1,17.9
2013-03-02,26.8,85,11.957333333333334,4.5,13.6
2013-03-03,25.9,87,11.48876388888889,17.3,12.5
2013-03-04,25.1,91,1.6285166666666666,28.0,10.2
2013-03-05,24.5,80,7.907894444444444,16.5,16.7
2013-03-06,26.2,82,11.960891666666667,3.4,13.8
2013-03-07,26.4,82,11.961972222222222,0.0,12.1
2013-03-08,26.1,88,11.963108333333334,13.5,16.9
2013-03-09,26.2,85,10.066677777777779,4.9,13.6
2013-03-10,26.0,86,10.452944444444444,9.9,15.0
2013-03-11,26.8,84,11.240536111111112,7.4,11.8
2013-03-12,26.4,87,10.339077777777778,13.9,10.8
2013-03-13,27.4,81,11.030713888888888,5.2,12.7
2013-03-14,26.4,86,11.961430555555555,8.6,12.6
2013-03-15,26.1,86,9.630030555555555,5.9,10.4
2013-03-16,26.3,86,9.414127777777779,8.8,13.0
2013-03-17,26.7,83,11.284269444444446,4.5,14.2
2013-03-18,26.3,85,11.978786111111111,2.9,11.8
2013-03-19,26.1,87,11.708297222222223,6.0,10.2
2013-03-20,25.8,89,11.731716666666667,9.9,9.0
2013-03-21,26.5,83,11.985411111111112,3.0,11.9
2013-03-22,26.6,84,11.987569444444444,6.7,11.4
2013-03-23,27.0,80,11.981855555555555,0.0,10.8
2013-03-24,26.4,84,11.711758333333334,4.4,9.0
2013-03-25,26.4,85,11.89631388888889,3.9,8.8
2013-03-26,26.5,86,11.866502777777779,1.7,11.5
2013-03-27,26.5,86,10.025391666666668,3.3,10.8
2013-03-28,26.3,86,11.55575,4.7,6.9
2013-03-29,26.5,86,10.7627,4.3,11.7
2013-03-30,26.4,86,10.694255555555555,5.5,11.8
2013-03-31,26.9,84,5.717075,1.4,10.2
2013-04-01,26.7,85,10.829683333333334,8.7,10.2
2013-04-02,26.4,89,10.644233333333332,9.3,8.3
2013-04-03,26.7,87,10.27873611111111,6.7,10.5
2013-04-04,26.7,86,10.707219444444444,6.3,8.0
2013-04-05,26.3,89,6.9603222222222225,10.5,7.8
2013-04-06,25.8,90,7.246694444444444,28.8,10.5
2013-04-07,25.2,93,0.0,30.0,9.3
2013-04-08,26.4,85,8.344188888888889,9.2,7.2
2013-04-09,26.4,88,11.862158333333332,7.2,9.9
2013-04-10,26.3,87,11.287905555555556,9.3,11.8
2013-04-11,26.4,86,9.331411111111112,10.1,11.3
2013-04-12,26.5,84,9.734133333333332,3.0,14.8
2013-04-13,26.1,86,8.560919444444444,6.9,20.6
2013-04-14,27.0,84,10.882097222222223,5.3,10.1
2013-04-15,26.6,86,8.627033333333333,4.3,13.7
2013-04-16,26.4,87,9.770225,11.9,12.7
2013-04-17,26.2,88,11.710152777777779,14.5,9.2
2013-04-18,24.9,93,0.39387222222222223,48.8,9.8
2013-04-19,25.6,87,6.82846111111111,2.4,7.3
2013-04-20,26.3,84,10.89715,2.1,7.3
2013-04-21,26.9,85,8.812016666666667,1.7,9.0
2013-04-22,25.7,89,7.430147222222222,8.9,8.7
2013-04-23,25.7,89,7.476933333333333,9.1,9.2
2013-04-24,25.8,89,9.620855555555556,6.0,11.8
2013-04-25,26.0,88,10.833752777777779,10.7,9.2
2013-04-26,25.8,86,11.513738888888888,5.9,10.3
2013-04-27,25.9,86,11.750649999999998,2.2,9.7
2013-04-28,26.0,85,11.55706111111111,1.6,14.0
2013-04-29,26.3,84,11.740936111111111,0.5,15.6
2013-04-30,26.8,82,11.697644444444444,0.6,12.4
2013-05-01,26.1,86,11.167755555555555,3.4,6.5
2013-05-02,26.2,83,11.638325,0.6,8.9
2013-05-03,26.7,82,11.708755555555555,0.6,13.0
2013-05-04,26.8,82,11.712299999999999,0.8,12.2
2013-05-05,26.9,83,11.581552777777777,1.0,13.9
2013-05-06,26.9,82,11.517513888888889,0.4,12.0
2013-05-07,26.6,89,11.02623611111111,13.1,10.8
2013-05-08,26.5,86,7.31915,2.5,11.2
2013-05-09,26.3,88,11.0764,3.6,7.3
2013-05-10,26.4,88,8.830091666666668,5.7,9.2
2013-05-11,26.4,88,11.531127777777778,13.7,9.0
2013-05-12,26.2,88,9.201125000000001,2.7,10.8
2013-05-13,25.6,91,0.31390555555555555,6.5,15.5
2013-05-14,25.8,90,8.464730555555555,9.8,9.9
2013-05-15,26.1,89,8.671988888888889,4.8,6.6
2013-05-16,26.6,87,11.001775,3.7,8.7
2013-05-17,26.4,87,11.407455555555554,4.4,11.2
2013-05-18,26.7,86,10.684591666666666,2.5,5.8
2013-05-19,26.6,85,10.88548888888889,3.3,7.0
2013-05-20,26.3,86,11.0,7.1,9.0
2013-05-21,26.3,88,11.207302777777779,8.7,7.9
2013-05-22,25.8,88,11.345725,6.9,10.7
2013-05-23,26.0,87,10.729752777777778,12.4,9.0
2013-05-24,26.1,87,10.533780555555555,2.6,8.2
2013-05-25,26.2,88,10.67385,18.0,9.4
2013-05-26,25.7,87,10.971952777777778,6.5,6.8
2013-05-27,25.1,92,4.9492111111111114,8.3,7.7
2013-05-28,25.3,89,7.080683333333333,6.4,8.9
2013-05-29,25.7,86,11.339766666666668,7.2,9.8
2013-05-30,25.7,86,11.198044444444443,6.8,12.8
2013-05-31,26.1,84,9.828661111111112,2.2,15.1
2013-06-01,26.3,84,10.208366666666667,2.1,11.4
2013-06-02,26.2,87,11.465725,1.7,10.1
2013-06-03,25.9,86,6.171669444444444,3.8,11.1
2013-06-04,26.1,86,10.351494444444445,3.8,11.7
2013-06-05,26.1,85,10.548352777777778,6.4,13.2
2013-06-06,26.0,87,7.297711111111111,3.9,11.4
2013-06-07,26.0,86,11.202702777777779,2.0,8.1
2013-06-08,26.4,85,10.58368611111111,2.5,7.6
2013-06-09,26.0,88,9.782019444444444,10.6,6.5
2013-06-10,26.2,87,11.068658333333333,1.5,8.4
2013-06-11,26.0,88,9.929111111111112,4.9,12.1
2013-06-12,24.9,91,0.0,16.4,10.7
2013-06-13,24.9,90,3.1907055555555557,16.8,9.2
2013-06-14,26.3,82,11.12801111111111,0.0,10.7
2013-06-15,26.4,83,10.513000000000002,0.6,7.6
2013-06-16,26.2,87,11.217088888888888,2.9,7.2
2013-06-17,26.0,87,10.660649999999999,1.6,6.8
2013-06-18,26.2,86,10.936505555555556,1.4,15.3
2013-06-19,26.4,84,11.45395,0.8,14.3
2013-06-20,26.0,87,10.584822222222222,2.0,7.7
2013-06-21,26.1,86,11.218438888888889,0.7,10.7
2013-06-22,26.3,84,11.494938888888889,0.0,7.4
2013-06-23,26.3,86,11.503769444444444,0.9,8.3
2013-06-24,26.3,81,11.645247222222222,0.0,7.4
2013-06-25,26.8,79,11.645686111111111,0.0,6.9
2013-06-26,26.2,84,10.925297222222222,1.9,7.1
2013-06-27,25.6,85,11.646897222222222,9.5,15.2
2013-06-28,25.5,85,11.616750000000001,2.8,7.2
2013-06-29,25.7,86,11.142666666666667,2.9,10.0
2013-06-30,25.3,87,10.618069444444446,11.4,10.3
2013-07-01,26.0,85,9.565455555555555,0.1,14.1
2013-07-02,25.0,89,7.916630555555555,9.7,10.6
2013-07-03,24.3,92,2.0734583333333334,23.8,11.8
2013-07-04,24.1,92,1.1315277777777777,36.6,9.1
2013-07-05,23.8,94,0.0,35.9,11.0
2013-07-06,25.3,85,11.281949999999998,2.4,11.9
2013-07-07,25.6,85,11.659077777777778,0.4,10.9
2013-07-08,25.0,84,11.334852777777778,0.8,9.2
2013-07-09,25.1,89,10.865575,9.5,12.4
2013-07-10,25.2,87,4.778666666666667,2.0,6.4
2013-07-11,25.1,87,10.559822222222222,7.5,8.1
2013-07-12,24.9,89,9.6086,7.3,9.2
2013-07-13,24.4,91,7.826227777777778,33.2,9.8
2013-07-14,25.0,86,3.820144444444445,9.4,11.1
2013-07-15,24.8,89,8.799983333333333,9.3,10.7
2013-07-16,25.3,87,11.041497222222223,1.6,10.1
2013-07-17,25.0,89,9.186547222222222,10.2,8.6
2013-07-18,25.1,87,11.093086111111111,0.6,8.6
2013-07-19,25.8,79,11.687666666666667,0.0,10.8
2013-07-20,25.7,83,11.223283333333333,4.4,6.5
2013-07-21,25.2,87,10.849752777777779,2.0,7.6
2013-07-22,25.2,86,11.017583333333334,1.0,8.4
2013-07-23,26.0,83,11.661850000000001,0.0,14.5
2013-07-24,25.3,89,11.247883333333332,8.5,13.7
2013-07-25,24.6,90,9.698861111111112,14.6,18.5
2013-07-26,25.2,85,10.805283333333332,0.5,12.6
2013-07-27,25.8,86,11.713797222222222,6.4,8.9
2013-07-28,25.6,85,11.655769444444443,1.9,11.0
2013-07-29,25.0,88,10.566405555555555,5.7,7.1
2013-07-30,25.4,85,11.247774999999999,1.3,9.2
2013-07-31,25.5,83,11.728430555555555,1.0,7.2
2013-08-01,25.6,80,11.724686111111112,0.7,6.0
2013-08-02,25.5,81,11.736272222222222,1.4,8.2
2013-08-03,25.8,81,11.740313888888888,0.0,11.8
2013-08-04,26.1,80,11.744433333333333,0.1,8.9
2013-08-05,26.1,80,11.382858333333333,0.5,7.7
2013-08-06,25.9,82,11.327797222222221,2.1,7.9
2013-08-07,25.0,88,10.032358333333333,5.6,8.8
2013-08-08,25.1,86,11.467730555555557,2.7,7.6
2013-08-09,25.0,84,11.356033333333334,0.0,11.6
2013-08-10,25.8,82,11.770508333333334,0.0,8.6
2013-08-11,25.7,83,11.744708333333332,2.5,8.4
2013-08-12,25.7,83,11.77961111111111,0.7,7.2
2013-08-13,25.6,73,10.442125,0.0,11.9
2013-08-14,25.5,71,11.788872222222222,0.0,12.3
2013-08-15,25.8,79,11.427391666666667,0.4,16.3
2013-08-16,26.0,81,11.798252777777778,1.4,14.5
2013-08-17,25.7,85,11.768080555555555,5.3,9.0
2013-08-18,25.9,84,11.807716666666666,9.3,8.9
2013-08-19,26.1,77,11.812466666666666,0.6,7.1
2013-08-20,26.2,75,11.585066666666666,0.0,7.0
2013-08-21,26.1,77,11.822172222222223,0.0,10.2
2013-08-22,25.8,80,11.489391666666666,0.0,11.9
2013-08-23,26.2,78,11.832108333333332,0.0,13.0
2013-08-24,26.0,73,11.837155555555556,0.0,16.5
2013-08-25,25.5,73,11.84225,0.0,16.6
2013-08-26,26.0,72,11.846775,0.0,17.2
2013-08-27,26.2,69,11.844458333333334,0.0,16.0
2013-08-28,26.5,72,11.842055555555556,0.0,13.5
2013-08-29,26.9,74,11.839577777777778,0.1,12.7
2013-08-30,26.7,78,11.83703611111111,2.6,12.8
2013-08-31,26.1,83,11.819325,4.4,13.5
2013-09-01,26.2,83,11.754375,3.4,13.5
2013-09-02,26.7,77,11.829127777777778,0.0,13.0
2013-09-03,26.2,79,11.689925,2.1,11.9
2013-09-04,26.0,81,11.560619444444445,4.5,10.1
2013-09-05,26.3,78,11.821022222222222,1.1,8.9
2013-09-06,25.9,80,11.818327777777778,2.8,11.0
2013-09-07,25.7,82,11.691638888888889,3.1,11.2
2013-09-08,26.0,79,11.756852777777777,0.2,10.4
2013-09-09,26.3,78,11.809919444444445,0.4,10.0
2013-09-10,26.5,74,11.806899999999999,0.0,9.2
2013-09-11,26.8,70,11.803791666666667,0.0,12.4
2013-09-12,27.1,69,11.373227777777778,0.0,15.6
2013-09-13,26.9,74,11.760991666666667,0.7,11.3
2013-09-14,26.2,81,11.568883333333334,13.7,10.9
2013-09-15,25.8,84,11.790758333333335,12.7,9.8
2013-09-16,25.9,83,10.268794444444445,1.6,10.9
2013-09-17,26.2,81,11.765652777777778,0.6,11.2
2013-09-18,26.5,78,11.36658888888889,0.0,10.0
2013-09-19,26.5,80,11.51118611111111,2.0,9.7
2013-09-20,26.5,79,11.57688888888889,2.2,11.4
2013-09-21,26.7,78,11.514069444444445,6.1,9.7
2013-09-22,27.0,75,11.767900000000001,0.0,7.4
2013-09-23,27.7,69,11.76486388888889,0.0,12.0
2013-09-24,27.8,68,11.711152777777778,0.1,16.0
2013-09-25,27.9,69,11.519861111111112,0.0,11.5
2013-09-26,28.1,67,11.756422222222223,0.0,9.4
2013-09-27,27.7,71,11.651169444444443,0.1,9.6
2013-09-28,27.6,72,11.652619444444445,1.3,8.9
2013-09-29,26.7,76,11.748725,1.2,11.1
2013-09-30,26.1,81,11.269897222222221,13.5,10.5
2013-10-01,26.9,77,11.20306111111111,0.4,9.3
2013-10-02,26.8,80,11.416016666666668,9.2,10.8
2013-10-03,26.8,78,11.738588888888888,0.2,11.3
2013-10-04,26.9,74,11.73616111111111,0.0,11.7
2013-10-05,26.5,77,11.341788888888889,1.4,10.6
2013-10-06,27.1,76,11.731527777777778,0.5,9.7
2013-10-07,27.0,76,11.602819444444444,2.2,10.5
2013-10-08,26.5,77,11.475391666666667,2.6,9.0
2013-10-09,27.0,73,11.682183333333333,1.3,8.6
2013-10-10,27.5,69,11.723530555555556,0.0,12.0
2013-10-11,27.8,68,11.726325,0.0,8.7
2013-10-12,27.4,74,11.2224,10.9,11.3
2013-10-13,27.0,76,11.392197222222222,9.0,11.0
2013-10-14,27.3,72,11.483997222222222,0.0,9.3
2013-10-15,27.9,70,11.420333333333332,0.3,10.6
2013-10-16,27.9,72,11.716325,0.1,15.1
2013-10-17,28.1,75,11.715841666666666,1.0,21.3
2013-10-18,26.9,83,8.060166666666666,8.1,16.8
2013-10-19,26.7,81,11.098533333333334,4.9,10.8
2013-10-20,27.0,79,11.360041666666667,1.7,9.5
2013-10-21,27.0,76,11.597577777777778,0.4,8.6
2013-10-22,27.0,77,11.596291666666668,4.6,10.8
2013-10-23,27.1,75,8.827683333333333,0.2,7.6
2013-10-24,27.0,76,10.429708333333332,2.3,10.5
2013-10-25,27.2,74,11.814319444444445,0.5,11.5
2013-10-26,27.1,76,11.627102777777777,1.2,12.1
2013-10-27,27.3,76,11.458783333333335,3.6,12.1
2013-10-28,26.7,81,11.299272222222221,12.0,10.1
2013-10-29,26.8,80,11.060777777777778,3.2,12.0
2013-10-30,27.1,78,11.0,1.1,11.6
2013-10-31,26.5,84,9.849213888888888,6.7,11.1
2013-11-01,26.6,81,11.0,2.7,10.8
2013-11-02,27.4,73,11.727738888888888,0.4,10.1
2013-11-03,27.3,74,11.584294444444444,3.0,11.7
2013-11-04,26.1,85,8.34331388888889,7.5,9.7
2013-11-05,26.6,81,11.365494444444444,3.4,8.0
2013-11-06,26.6,82,11.413080555555554,3.1,10.9
2013-11-07,26.8,80,10.525363888888888,2.8,9.8
2013-11-08,26.1,83,7.012358333333334,4.8,9.9
2013-11-09,25.8,87,7.2790027777777775,12.0,12.3
2013-11-10,27.3,79,10.537344444444445,0.8,10.3
2013-11-11,26.7,82,9.775986111111111,9.7,10.5
2013-11-12,26.3,84,8.609094444444445,3.7,12.8
2013-11-13,25.4,89,8.892905555555556,13.1,10.1
2013-11-14,25.4,89,9.612511111111111,10.7,11.3
2013-11-15,24.8,90,5.694216666666667,11.1,5.8
2013-11-16,24.2,89,0.3284138888888889,12.1,7.4
2013-11-17,24.7,89,3.8255749999999997,27.9,13.0
2013-11-18,25.9,83,9.47785,1.9,16.7
2013-11-19,26.2,76,11.796338888888888,0.0,18.0
2013-11-20,25.9,76,11.509366666666667,0.0,19.0
2013-11-21,26.2,74,12.106324999999998,0.0,9.8
2013-11-22,26.0,75,11.813838888888888,0.0,9.1
2013-11-23,26.2,76,11.372133333333334,0.4,8.0
2013-11-24,26.5,79,11.683577777777778,1.4,7.6
2013-11-25,26.9,74,9.989697222222222,0.1,12.2
2013-11-26,25.9,81,6.553963888888889,2.6,10.4
2013-11-27,26.6,79,11.471575,2.2,10.1
2013-11-28,26.6,81,9.082561111111112,4.1,10.4
2013-11-29,26.6,78,11.391875,1.3,9.7
2013-11-30,26.8,76,12.049358333333334,0.8,11.4
2013-12-01,26.1,86,11.790833333333333,13.0,10.3
2013-12-02,26.4,85,11.804177777777777,11.7,7.5
2013-12-03,26.1,88,8.698519444444443,11.9,7.3
2013-12-04,26.0,89,7.041991666666666,22.2,7.4
2013-12-05,25.9,89,6.3840861111111105,8.0,9.4
2013-12-06,26.1,88,10.626252777777779,23.9,11.2
2013-12-07,27.0,84,11.581238888888889,3.5,11.9
2013-12-08,26.0,87,6.036469444444445,9.9,7.9
2013-12-09,26.2,86,7.771397222222222,16.4,7.8
2013-12-10,26.2,87,10.799830555555555,19.2,10.4
2013-12-11,26.0,88,9.731636111111111,11.7,10.2
2013-12-12,26.2,85,8.032908333333333,4.2,12.7
2013-12-13,25.2,89,4.9269083333333334,3.1,13.0
2013-12-14,24.4,92,0.0,28.4,13.3
2013-12-15,25.9,85,7.0225277777777775,9.6,8.4
2013-12-16,25.7,88,8.354219444444444,19.0,8.0
2013-12-17,24.9,90,3.263413888888889,14.3,8.0
2013-12-18,26.3,87,8.468758333333334,3.4,10.6
2013-12-19,26.8,80,9.588111111111111,0.6,10.9
2013-12-20,25.3,84,0.0,2.4,12.7
2013-12-21,25.2,85,6.1227,5.8,18.9
2013-12-22,23.8,92,0.0,71.0,15.3
2013-12-23,24.7,88,7.05035,15.2,14.1
2013-12-24,25.7,85,11.8039,2.8,16.7
2013-12-25,25.6,83,10.645316666666666,1.3,11.3
2013-12-26,26.0,84,12.0,3.0,15.3
2013-12-27,25.9,85,12.0,2.8,13.6
2013-12-28,25.9,83,11.926197222222221,0.9,14.5
2013-12-29,25.6,86,8.758327777777778,2.0,15.8
2013-12-30,25.1,87,5.700783333333333,15.8,16.1
2013-12-31,24.5,91,0.0,13.2,8.8
2014-01-01,25.1,89,5.371738888888888,6.8,8.6
2014-01-02,25.5,87,11.910669444444446,5.8,13.8
2014-01-03,26.1,87,12.0,3.7,12.4
2014-01-04,25.9,85,8.715619444444444,4.7,17.2
2014-01-05,25.4,83,8.783825,0.4,19.8
2014-01-06,25.2,85,10.423397222222222,2.4,20.9
2014-01-07,25.2,86,8.083030555555556,6.2,13.5
2014-01-08,24.9,89,7.0,14.6,9.5
2014-01-09,25.4,84,10.0,8.8,16.8
2014-01-10,26.2,83,9.194247222222222,3.9,13.0
2014-01-11,25.4,88,11.912205555555555,7.4,14.6
2014-01-12,24.5,92,2.9534972222222224,30.1,13.1
2014-01-13,24.2,92,0.8539472222222222,27.7,8.0
2014-01-14,25.5,86,10.542483333333333,7.5,16.8
2014-01-15,24.8,87,5.50125,5.5,17.3
2014-01-16,25.1,86,11.046524999999999,12.8,21.1
2014-01-17,24.5,90,3.452338888888889,31.9,17.2
2014-01-18,24.4,89,7.390513888888888,23.5,15.5
2014-01-19,24.4,88,2.3854166666666665,26.8,15.1
2014-01-20,24.7,87,9.730119444444444,17.2,20.1
2014-01-21,23.6,92,0.31073611111111116,18.0,16.9
2014-01-22,24.7,84,11.049463888888889,6.6,17.6
2014-01-23,23.9,88,0.7564888888888889,9.7,16.2
2014-01-24,24.4,87,11.485227777777778,8.6,19.0
2014-01-25,24.9,87,12.0,7.1,14.2
2014-01-26,25.3,86,12.0,11.0,13.7
2014-01-27,25.1,88,9.001505555555555,12.0,15.5
2014-01-28,25.0,87,9.161755555555555,16.6,15.8
2014-01-29,24.6,90,7.003805555555556,12.6,13.2
2014-01-30,25.1,85,9.937716666666667,4.9,16.8
2014-01-31,25.1,85,11.740397222222223,5.0,17.7
2014-02-01,25.4,86,11.654505555555556,3.2,17.8
2014-02-02,25.1,87,9.133719444444445,13.3,19.5
2014-02-03,25.1,87,8.191719444444445,17.5,16.3
2014-02-04,25.1,89,4.716386111111111,13.2,14.7
2014-02-05,25.3,88,11.0,4.7,12.2
2014-02-06,25.8,88,10.249905555555557,5.8,14.1
2014-02-07,25.3,88,8.412511111111112,8.7,16.5
2014-02-08,24.9,91,3.043997222222222,31.6,11.8
2014-02-09,24.9,91,7.298877777777777,27.5,16.3
2014-02-10,25.7,88,11.433233333333334,14.0,14.5
2014-02-11,26.1,84,11.975047222222221,0.0,10.0
2014-02-12,26.0,86,11.226711111111111,3.5,15.7
2014-02-13,26.4,84,11.969955555555554,1.4,13.6
2014-02-14,26.2,85,11.967683333333333,1.7,14.0
2014-02-15,25.8,88,7.6524,2.7,12.1
2014-02-16,26.2,86,11.963808333333333,1.6,12.2
2014-02-17,25.8,86,10.757761111111112,1.2,11.0
2014-02-18,25.6,89,3.4603888888888887,1.7,9.6
2014-02-19,25.7,86,11.0,1.7,10.1
2014-02-20,25.9,84,11.958691666666667,5.4,12.0
2014-02-21,25.4,87,10.176025000000001,2.6,12.0
2014-02-22,24.3,91,4.981202777777778,29.0,17.6
2014-02-23,24.1,90,3.4785916666666665,32.2,8.7
2014-02-24,24.5,88,8.229347222222223,12.2,12.6
2014-02-25,24.8,87,11.563705555555554,13.5,14.3
2014-02-26,25.2,85,11.956388888888888,1.6,12.9
2014-02-27,25.2,86,8.400086111111111,4.4,10.1
2014-02-28,25.7,87,11.956727777777779,4.3,10.4
2014-03-01,25.5,89,11.481644444444443,16.1,13.8
2014-03-02,25.4,89,11.363983333333332,18.1,12.4
2014-03-03,25.8,87,11.957991666666667,8.1,10.1
2014-03-04,26.3,83,11.958572222222223,2.0,9.8
2014-03-05,25.6,88,11.544511111111111,8.4,10.3
2014-03-06,25.8,87,11.942172222222222,10.2,11.8
2014-03-07,25.9,87,10.34306111111111,6.3,13.2
2014-03-08,25.4,89,5.466811111111111,8.4,8.0
2014-03-09,25.5,87,8.824347222222222,14.0,12.3
2014-03-10,25.5,89,8.845252777777779,6.6,8.4
2014-03-11,25.7,86,11.035444444444444,5.1,12.1
2014-03-12,25.6,85,10.262694444444444,1.3,10.7
2014-03-13,25.4,88,10.01206111111111,11.3,12.2
2014-03-14,25.7,87,10.403458333333333,1.2,7.0
2014-03-15,25.7,89,11.972897222222223,3.4,12.6
2014-03-16,26.2,87,11.80043888888889,2.3,8.5
2014-03-17,26.0,89,10.889933333333333,22.4,14.2
2014-03-18,25.9,89,11.476197222222222,16.7,10.2
2014-03-19,26.1,85,11.981225,8.8,12.0
2014-03-20,26.4,85,11.542583333333335,5.3,12.8
2014-03-21,25.5,89,5.685402777777778,13.6,18.4
2014-03-22,25.7,87,11.644213888888888,13.7,10.8
2014-03-23,25.3,90,5.301944444444445,10.7,11.1
2014-03-24,25.9,88,11.394841666666666,6.1,9.5
2014-03-25,25.6,89,6.209033333333333,13.1,11.7
2014-03-26,25.9,88,11.086269444444444,6.2,9.1
2014-03-27,25.7,88,11.354211111111113,10.8,9.4
2014-03-28,25.8,87,9.147483333333334,5.0,8.7
2014-03-29,26.3,84,11.94788611111111,1.5,8.7
2014-03-30,26.3,86,11.080413888888888,2.7,11.4
2014-03-31,26.4,86,11.343297222222223,2.8,15.6
2014-04-01,26.2,87,11.759680555555555,8.2,14.8
2014-04-02,26.2,86,10.772069444444444,6.2,10.1
2014-04-03,26.2,84,11.77433888888889,5.0,9.3
2014-04-04,26.0,88,10.986908333333334,5.1,9.4
2014-04-05,26.0,88,11.848472222222222,4.3,10.7
2014-04-06,25.9,88,10.981397222222222,7.6,12.3
2014-04-07,26.2,85,10.149788888888889,2.8,14.5
2014-04-08,27.1,81,11.473408333333332,0.2,13.3
2014-04-09,26.5,82,10.67866388888889,3.0,17.3
2014-04-10,25.7,85,10.233783333333333,9.6,15.1
2014-04-11,25.6,88,10.0,16.6,12.6
2014-04-12,25.4,88,6.391463888888889,4.1,12.3
2014-04-13,25.3,89,6.487324999999999,13.3,13.8
2014-04-14,25.4,88,8.836886111111111,13.1,14.2
2014-04-15,26.2,84,11.109091666666668,3.0,13.1
2014-04-16,26.4,84,11.0,1.9,12.2
2014-04-17,26.7,83,11.512041666666667,2.9,10.8
2014-04-18,26.1,86,11.581750000000001,2.7,8.3
2014-04-19,26.2,84,11.796847222222222,1.9,10.3
2014-04-20,26.5,83,11.39308888888889,5.9,11.3
2014-04-21,26.0,86,10.515608333333335,8.0,17.2
2014-04-22,26.9,83,11.400980555555556,1.9,10.2
2014-04-23,26.7,84,11.773175,1.7,9.0
2014-04-24,27.3,81,11.012483333333334,0.9,11.3
2014-04-25,27.2,83,11.214152777777777,11.8,8.6
2014-04-26,26.6,86,11.283858333333333,12.2,11.9
2014-04-27,26.3,86,11.55261388888889,3.0,9.3
2014-04-28,26.6,85,11.158000000000001,9.9,7.1
2014-04-29,26.3,87,11.360672222222222,15.1,8.3
2014-04-30,25.9,88,11.230855555555555,7.9,8.7
2014-05-01,25.9,90,11.500697222222223,4.3,10.6
2014-05-02,26.7,86,11.637644444444444,0.6,10.0
2014-05-03,26.6,86,11.302186111111112,1.5,13.8
2014-05-04,26.5,86,11.061391666666667,2.7,13.1
2014-05-05,26.7,86,11.513538888888888,1.6,14.1
2014-05-06,26.4,89,11.216305555555556,10.4,16.6
2014-05-07,26.6,87,11.586641666666667,3.2,7.0
2014-05-08,27.0,83,11.65691111111111,1.5,8.4
2014-05-09,27.4,83,11.389958333333333,3.1,7.7
2014-05-10,26.6,88,11.024355555555555,6.6,11.7
2014-05-11,26.4,88,11.420866666666667,2.3,6.2
2014-05-12,26.4,87,11.0,2.8,9.9
2014-05-13,26.6,86,11.171794444444444,2.0,8.5
2014-05-14,26.1,87,11.182755555555556,5.5,8.4
2014-05-15,26.0,87,10.52053888888889,3.5,10.2
2014-05-16,25.8,88,10.08481388888889,11.5,8.3
2014-05-17,25.7,89,8.496844444444445,9.7,12.1
2014-05-18,25.7,89,9.012383333333334,4.3,7.6
2014-05-19,26.1,83,11.341730555555557,0.0,8.0
2014-05-20,26.3,86,11.13749722222222,2.1,10.8
2014-05-21,26.6,83,11.481691666666666,0.6,8.6
2014-05-22,26.1,87,11.139425,6.4,10.0
2014-05-23,26.1,85,11.277875,2.0,8.5
2014-05-24,26.6,82,11.003152777777778,0.5,11.1
2014-05-25,26.5,86,11.48648611111111,2.2,14.1
2014-05-26,26.9,85,11.072966666666666,1.4,11.4
2014-05-27,26.5,87,9.971083333333334,7.4,9.0
2014-05-28,26.2,87,10.055516666666668,3.4,8.4
2014-05-29,26.8,83,11.245852777777777,0.0,15.0
2014-05-30,26.3,85,11.198572222222223,1.2,7.6
2014-05-31,26.2,87,10.905352777777777,4.0,5.8
2014-06-01,26.6,81,11.538508333333333,0.0,9.3
2014-06-02,26.7,79,11.465119444444445,0.0,9.7
2014-06-03,26.8,81,11.663697222222222,0.0,11.7
2014-06-04,26.8,84,11.596361111111111,2.7,10.3
2014-06-05,26.3,86,10.584141666666667,5.8,8.4
2014-06-06,26.3,85,10.068869444444445,0.8,9.7
2014-06-07,27.0,80,11.51356111111111,0.0,10.8
2014-06-08,26.7,81,10.026086111111113,0.0,12.1
2014-06-09,27.0,81,11.504433333333333,0.3,12.4
2014-06-10,27.1,81,11.359727777777778,2.3,10.0
2014-06-11,26.8,84,11.565261111111111,4.9,6.9
2014-06-12,26.9,84,10.720091666666667,15.6,8.9
2014-06-13,25.2,91,4.3541944444444445,41.9,7.3
2014-06-14,25.6,90,9.149902777777779,15.0,11.2
2014-06-15,25.3,90,5.0240888888888895,10.0,10.2
2014-06-16,25.7,87,8.332391666666666,12.2,7.2
2014-06-17,26.2,85,8.787897222222222,5.2,8.2
2014-06-18,26.1,86,11.039794444444444,5.7,9.5
2014-06-19,25.8,86,10.298763888888889,3.1,13.7
2014-06-20,26.3,86,8.980813888888889,1.6,10.5
2014-06-21,26.2,87,11.515127777777778,2.6,8.7
2014-06-22,26.2,83,11.368858333333334,0.1,7.6
2014-06-23,26.0,87,11.01168611111111,3.7,8.9
2014-06-24,25.7,87,9.973605555555556,5.8,14.1
2014-06-25,25.8,89,10.189877777777777,12.5,7.2
2014-06-26,25.2,92,5.882897222222223,4.6,9.4
2014-06-27,25.2,91,7.137702777777777,11.0,8.6
2014-06-28,25.4,87,8.513252777777778,1.7,10.2
2014-06-29,26.1,82,11.39996388888889,0.3,7.7
2014-06-30,25.6,86,10.861244444444445,3.8,6.9
2014-07-01,25.8,82,11.119791666666666,0.9,10.8
2014-07-02,25.3,83,11.651211111111111,0.3,7.7
2014-07-03,25.5,84,11.409091666666667,0.3,8.6
2014-07-04,26.3,83,11.586216666666665,0.2,7.9
2014-07-05,26.0,87,10.503013888888889,6.1,9.1
2014-07-06,24.9,91,3.3482250000000002,4.6,9.0
2014-07-07,25.1,89,10.848852777777779,7.3,8.2
2014-07-08,25.8,85,8.185852777777777,2.2,7.8
2014-07-09,25.7,83,11.634649999999999,0.3,10.0
2014-07-10,26.1,82,11.050847222222224,1.0,10.7
2014-07-11,25.9,85,11.666527777777778,2.0,13.2
2014-07-12,25.5,89,10.849394444444444,3.7,11.2
2014-07-13,24.1,90,0.0,26.7,17.6
2014-07-14,25.7,80,10.567655555555556,0.0,10.1
2014-07-15,25.6,84,11.446813888888888,0.3,8.8
2014-07-16,25.7,86,11.538874999999999,1.8,7.3
2014-07-17,25.4,86,11.651380555555557,0.9,7.9
2014-07-18,25.4,87,11.463877777777778,3.8,6.6
2014-07-19,25.2,88,11.130969444444444,6.4,7.2
2014-07-20,25.5,87,11.362197222222223,3.1,7.2
2014-07-21,25.8,84,11.526022222222222,0.4,5.0
2014-07-22,26.0,84,11.455469444444445,1.1,8.4
2014-07-23,25.9,83,10.524505555555557,1.6,7.8
2014-07-24,25.7,82,11.590244444444444,0.1,8.1
2014-07-25,25.2,88,10.972711111111112,4.2,7.6
2014-07-26,24.6,90,11.198536111111112,8.6,10.9
2014-07-27,25.3,86,5.938113888888888,9.6,11.6
2014-07-28,25.5,84,11.716255555555554,1.0,7.7
2014-07-29,26.2,79,11.719947222222222,0.2,7.7
2014-07-30,25.9,81,11.587966666666667,1.8,7.3
2014-07-31,26.2,82,11.045033333333334,1.5,6.8
2014-08-01,26.1,81,11.731508333333334,0.1,10.8
2014-08-02,25.5,82,11.648888888888889,0.1,7.6
2014-08-03,25.5,84,11.523602777777779,1.5,10.0
2014-08-04,25.4,84,11.525119444444444,2.6,10.5
2014-08-05,26.3,79,11.74788611111111,0.2,16.0
2014-08-06,26.4,78,11.752122222222223,0.0,18.5
2014-08-07,25.9,78,11.756408333333333,0.0,12.5
2014-08-08,25.7,81,11.760744444444445,0.3,9.3
2014-08-09,26.2,78,11.765116666666666,0.2,13.8
2014-08-10,26.0,83,11.271622222222222,7.5,11.8
2014-08-11,25.1,85,11.34816111111111,3.1,9.4
2014-08-12,25.4,83,11.746080555555555,1.0,10.2
2014-08-13,25.6,81,11.782952777777776,1.2,11.2
2014-08-14,25.6,82,11.686630555555556,0.7,12.5
2014-08-15,25.7,80,11.79208611111111,0.8,7.4
2014-08-16,25.8,79,11.761516666666667,0.0,10.0
2014-08-17,26.3,75,11.80150277777778,0.0,11.2
2014-08-18,26.5,71,11.8063,0.0,11.8
2014-08-19,26.8,71,11.811158333333333,0.0,9.7
2014-08-20,26.6,73,11.816069444444445,0.0,8.3
2014-08-21,26.7,73,11.821027777777777,0.0,9.2
2014-08-22,26.7,76,11.727766666666666,0.4,17.7
2014-08-23,27.2,75,11.831075,1.4,13.7
2014-08-24,26.6,77,11.836155555555557,0.4,11.1
2014-08-25,26.5,76,11.841269444444444,0.5,10.2
2014-08-26,26.4,74,11.846413888888888,0.0,10.6
2014-08-27,26.7,72,11.84489722222222,0.1,13.1
2014-08-28,26.9,72,11.842661111111111,0.4,11.8
2014-08-29,26.1,78,11.427894444444444,0.9,10.2
2014-08-30,26.6,74,11.83805,0.2,13.7
2014-08-31,26.6,75,11.835691666666666,0.2,11.7
2014-09-01,27.2,73,11.833308333333335,0.1,16.3
2014-09-02,27.5,73,11.830897222222223,0.8,14.2
2014-09-03,27.5,75,11.828355555555556,0.3,11.3
2014-09-04,27.1,74,11.825675,3.0,11.3
2014-09-05,27.3,71,11.822872222222221,0.6,11.3
2014-09-06,26.3,70,11.302152777777778,3.6,9.1
2014-09-07,26.6,73,11.522438888888889,0.2,15.8
2014-09-08,26.7,73,11.81385,0.0,10.3
2014-09-09,27.4,68,11.81068888888889,0.0,12.6
2014-09-10,27.4,67,11.758122222222221,0.2,11.2
2014-09-11,27.7,64,11.804211111111112,0.0,11.5
2014-09-12,27.8,62,11.800925000000001,0.0,17.3
2014-09-13,27.9,61,11.797627777777777,0.0,15.6
2014-09-14,28.4,61,11.794333333333332,0.0,14.3
2014-09-15,28.2,62,11.763147222222223,0.0,16.2
2014-09-16,27.8,63,11.442580555555557,0.0,17.8
2014-09-17,28.0,63,11.784597222222223,0.0,19.1
2014-09-18,27.9,65,11.781447222222223,0.0,20.4
2014-09-19,28.6,64,11.778372222222222,0.5,16.3
2014-09-20,27.9,65,11.576355555555555,1.5,14.8
2014-09-21,27.1,74,11.770405555555556,0.7,11.8
2014-09-22,27.4,66,11.769697222222224,0.0,20.6
2014-09-23,27.4,62,11.766869444444445,0.0,18.9
2014-09-24,28.5,58,11.764000000000001,0.0,22.4
2014-09-25,27.8,61,11.761099999999999,0.0,11.2
2014-09-26,27.9,61,11.456125,0.0,17.1
2014-09-27,27.7,61,11.755272222222223,0.0,20.0
2014-09-28,27.9,64,11.752372222222222,0.0,13.6
2014-09-29,28.5,64,11.7495,0.0,8.4
2014-09-30,28.3,65,11.655355555555555,0.0,11.8
2014-10-01,28.1,67,11.464113888888889,0.4,10.9
2014-10-02,28.3,66,11.404325,0.4,11.6
2014-10-03,27.4,70,11.660463888888888,2.8,10.9
2014-10-04,28.2,62,11.404622222222223,0.2,10.0
2014-10-05,27.8,65,11.663880555555556,0.0,11.2
2014-10-06,27.9,65,11.0,0.2,11.2
2014-10-07,27.8,69,10.992519444444444,1.6,14.3
2014-10-08,28.0,67,10.921766666666667,0.4,6.9
2014-10-09,28.9,61,11.29513888888889,0.0,15.9
2014-10-10,29.1,56,11.723913888888887,0.0,19.1
2014-10-11,28.6,58,11.79241388888889,0.0,17.0
2014-10-12,29.0,62,11.612286111111112,0.0,12.9
2014-10-13,28.3,67,11.720191666666667,0.2,11.5
2014-10-14,27.9,71,11.612819444444446,1.2,14.7
2014-10-15,28.2,70,11.484402777777778,0.2,11.8
2014-10-16,27.9,73,11.605408333333333,1.8,13.4
2014-10-17,28.0,72,11.616850000000001,1.0,13.6
2014-10-18,28.8,65,11.341997222222222,0.0,12.7
2014-10-19,28.9,63,10.613716666666665,0.5,12.4
2014-10-20,29.0,63,11.555480555555556,0.0,13.1
2014-10-21,28.6,67,11.728491666666667,0.1,18.6
2014-10-22,28.5,69,11.531333333333334,2.5,13.5
2014-10-23,27.4,74,11.660883333333333,2.5,10.2
2014-10-24,27.5,75,11.050780555555555,1.9,13.3
2014-10-25,28.2,69,11.813727777777776,0.0,13.0
2014-10-26,27.6,74,11.29802222222222,10.4,14.0
2014-10-27,27.5,74,11.717425,1.9,9.4
2014-10-28,27.2,75,11.194452777777778,2.8,9.7
2014-10-29,26.8,81,11.223508333333333,4.4,10.7
2014-10-30,26.8,82,11.323586111111112,2.9,10.6
2014-10-31,27.8,74,11.719208333333334,0.0,12.6
2014-11-01,28.3,70,11.366047222222221,1.1,9.4
2014-11-02,28.5,70,11.850411111111113,0.7,8.5
2014-11-03,28.1,73,11.815727777777779,0.2,11.2
2014-11-04,27.8,73,11.950524999999999,1.8,10.0
2014-11-05,27.0,77,11.183527777777776,2.7,12.3
2014-11-06,27.6,75,11.716080555555555,4.0,13.1
2014-11-07,27.3,75,9.794805555555556,1.0,14.3
2014-11-08,28.3,69,11.915899999999999,2.0,9.9
2014-11-09,27.8,75,11.161969444444443,4.5,10.1
2014-11-10,26.7,83,11.0,15.3,12.3
2014-11-11,25.3,89,3.5808583333333335,25.0,6.7
2014-11-12,25.8,87,8.780291666666667,7.9,8.9
2014-11-13,26.2,85,10.9432,7.9,7.9
2014-11-14,26.6,83,11.578808333333333,10.3,8.7
2014-11-15,26.2,86,11.375716666666667,4.9,7.3
2014-11-16,25.9,86,8.1368,3.2,8.9
2014-11-17,25.8,88,10.841447222222222,9.8,12.3
2014-11-18,25.9,87,8.810186111111111,6.2,9.4
2014-11-19,26.0,86,10.983027777777778,8.8,8.9
2014-11-20,26.2,86,11.577844444444445,6.7,10.4
2014-11-21,26.5,85,11.966661111111112,3.1,9.8
2014-11-22,26.4,86,10.696619444444446,2.2,11.2
2014-11-23,26.3,86,11.714286111111111,5.8,13.7
2014-11-24,26.2,89,11.341655555555555,41.3,9.0
2014-11-25,26.1,87,8.808191666666668,18.2,10.7
2014-11-26,26.0,88,8.70946111111111,19.4,10.2
2014-11-27,26.0,88,10.911594444444443,5.4,11.9
2014-11-28,27.2,81,11.181830555555555,0.7,6.5
2014-11-29,27.0,83,10.50746111111111,11.4,10.6
2014-11-30,27.2,76,11.809172222222221,0.0,17.1
2014-12-01,27.2,76,9.983808333333332,3.3,7.6
2014-12-02,26.1,82,6.0,5.5,11.9
2014-12-03,25.2,88,3.842044444444445,15.1,16.1
2014-12-04,25.3,88,4.0709333333333335,25.7,12.0
2014-12-05,25.2,89,5.91935,11.5,8.4
2014-12-06,25.1,88,8.923027777777778,10.3,12.8
2014-12-07,25.0,89,6.0989,6.8,12.3
2014-12-08,25.6,87,10.130947222222224,9.9,14.4
2014-12-09,24.6,91,0.0,8.4,9.4
2014-12-10,25.6,85,9.379894444444446,0.3,14.8
2014-12-11,26.3,84,11.251155555555556,4.6,14.2
2014-12-12,26.3,84,10.336427777777777,5.7,15.3
2014-12-13,25.4,88,4.702047222222222,19.9,14.2
2014-12-14,25.8,86,7.144266666666667,9.0,12.4
2014-12-15,25.8,87,8.747547222222222,7.1,12.9
2014-12-16,26.5,85,11.153102777777777,5.8,13.3
2014-12-17,27.3,78,10.716477777777778,0.5,14.4
2014-12-18,26.0,89,6.1761583333333325,18.0,10.2
2014-12-19,25.8,90,10.288236111111111,14.1,15.0
2014-12-20,25.5,89,2.924002777777778,27.6,11.0
2014-12-21,26.0,87,9.563733333333333,17.9,10.9
2014-12-22,26.1,89,9.818233333333334,8.9,8.4
2014-12-23,26.1,87,2.9878583333333335,5.7,8.6
2014-12-24,26.5,87,10.521369444444444,13.4,11.2
2014-12-25,27.0,85,11.235088888888889,8.0,9.0
2014-12-26,26.2,88,8.300091666666667,20.0,10.5
2014-12-27,25.2,90,1.1047722222222223,19.3,11.0
2014-12-28,25.4,87,1.0256333333333334,10.3,13.4
2014-12-29,26.4,81,10.99131388888889,5.6,13.3
2014-12-30,26.1,82,8.053225,10.0,15.8
2014-12-31,24.8,90,6.741069444444444,28.2,15.0
2015-01-01,24.9,88,6.246875,6.4,18.3
2015-01-02,24.6,89,4.042827777777778,13.9,15.5
2015-01-03,25.2,86,7.419802777777778,9.7,15.9
2015-01-04,24.7,89,2.481336111111111,8.4,15.9
2015-01-05,25.0,86,9.83462777777778,8.7,19.4
2015-01-06,25.5,84,9.346055555555557,3.5,18.9
2015-01-07,25.8,83,10.642647222222221,3.2,16.3
2015-01-08,25.9,82,11.017175,1.2,22.8
2015-01-09,26.6,78,12.0,0.0,22.0
2015-01-10,26.1,80,12.0,0.8,21.3
2015-01-11,26.4,78,12.0,0.1,17.1
2015-01-12,25.0,89,5.542997222222223,16.6,8.4
2015-01-13,25.6,87,11.455908333333332,5.6,15.5
2015-01-14,25.0,90,2.999813888888889,6.7,13.7
2015-01-15,25.3,87,8.385577777777778,22.0,15.6
2015-01-16,25.9,86,12.0,2.7,15.8
2015-01-17,25.6,87,7.955158333333333,4.7,13.7
2015-01-18,25.7,82,10.953544444444445,1.8,16.4
2015-01-19,24.9,90,4.368622222222222,12.8,11.0
2015-01-20,24.4,92,1.326902777777778,28.7,12.3
2015-01-21,24.7,87,4.349161111111111,7.4,11.2
2015-01-22,24.3,91,5.4523527777777785,15.2,10.5
2015-01-23,24.7,88,11.0,11.2,12.6
2015-01-24,25.5,85,12.0,5.1,13.2
2015-01-25,25.4,86,9.173974999999999,3.9,14.8
2015-01-26,25.3,88,10.098458333333333,4.1,13.4
2015-01-27,25.6,88,9.593541666666667,7.6,13.3
2015-01-28,25.6,86,12.0,12.9,13.9
2015-01-29,25.7,86,11.258622222222222,11.8,15.1
2015-01-30,26.0,86,11.727555555555554,6.5,16.1
2015-01-31,25.3,87,10.663583333333333,11.1,13.6
2015-02-01,24.1,92,0.46973055555555554,44.4,15.3
2015-02-02,25.1,88,9.511522222222224,6.0,12.2
2015-02-03,25.5,87,10.013772222222222,9.1,15.8
2015-02-04,25.1,88,9.525502777777778,9.5,15.9
2015-02-05,25.3,89,9.318491666666667,10.6,12.1
2015-02-06,25.3,87,11.07663611111111,18.5,15.8
2015-02-07,25.2,88,10.84011388888889,23.3,16.1
2015-02-08,24.7,90,3.992913888888889,5.6,14.9
2015-02-09,24.7,91,8.948597222222222,24.3,14.6
2015-02-10,24.5,87,6.0,45.5,15.5
2015-02-11,24.6,88,7.686544444444444,4.8,11.6
2015-02-12,24.4,90,4.348116666666667,10.7,12.4
2015-02-13,24.9,89,9.083172222222222,34.1,18.6
2015-02-14,25.5,86,11.439841666666666,2.7,14.5
2015-02-15,25.8,87,11.966558333333333,1.2,12.2
2015-02-16,26.1,88,11.754024999999999,1.8,11.3
2015-02-17,25.2,91,8.816255555555555,14.4,10.3
2015-02-18,25.4,90,11.66917222222222,14.6,15.6
2015-02-19,24.6,90,0.11668888888888888,18.1,8.5
2015-02-20,25.4,83,8.205869444444446,1.3,10.8
2015-02-21,25.9,78,10.117380555555556,0.1,12.8
2015-02-22,25.7,80,11.958075,0.0,13.1
2015-02-23,25.4,88,10.675530555555557,10.9,13.4
2015-02-24,26.1,85,11.956999999999999,1.3,10.8
2015-02-25,26.7,83,11.567827777777778,5.1,9.1
2015-02-26,26.1,86,9.652858333333334,5.2,10.0
2015-02-27,25.8,89,10.333777777777778,5.3,11.6
2015-02-28,25.8,87,11.820852777777779,6.7,10.7
2015-03-01,25.5,87,11.550105555555556,19.7,13.1
2015-03-02,24.7,89,8.530136111111112,22.8,16.3
2015-03-03,25.3,88,11.155997222222222,8.8,13.8
2015-03-04,24.6,90,4.438661111111111,16.2,15.4
2015-03-05,25.4,83,6.250208333333333,2.8,11.0
2015-03-06,26.0,83,11.480769444444444,2.3,8.8
2015-03-07,25.6,87,8.537944444444443,7.8,16.8
2015-03-08,24.8,89,3.5277305555555554,12.0,14.9
2015-03-09,25.4,87,10.989519444444444,7.9,13.2
2015-03-10,25.4,85,5.588266666666666,12.0,13.4
2015-03-11,25.4,87,9.763944444444444,10.5,12.0
2015-03-12,25.6,84,6.358483333333334,7.0,15.6
2015-03-13,26.0,85,10.827411111111111,3.0,11.0
2015-03-14,25.6,89,10.315772222222222,2.9,10.8
2015-03-15,25.6,87,11.221925,8.8,12.9
2015-03-16,26.0,86,11.975005555555555,6.5,15.0
2015-03-17,26.5,84,11.963191666666667,2.3,10.5
2015-03-18,26.6,83,11.978780555555556,0.7,8.0
2015-03-19,26.4,83,11.980652777777777,2.9,8.1
2015-03-20,26.0,86,11.925161111111112,8.1,7.5
2015-03-21,25.8,88,10.465155555555555,14.2,9.8
2015-03-22,25.8,88,11.762963888888889,3.9,10.9
2015-03-23,25.9,87,11.906775,7.2,8.7
2015-03-24,25.5,90,8.618383333333334,20.9,8.9
2015-03-25,25.0,90,8.960630555555555,14.7,12.7
2015-03-26,25.5,88,10.096875,6.3,9.9
2015-03-27,25.7,89,11.297955555555555,9.2,13.0
2015-03-28,26.0,87,11.628805555555555,5.3,9.7
2015-03-29,26.3,87,11.028694444444445,10.5,10.2
2015-03-30,26.4,86,11.497219444444443,6.3,8.3
2015-03-31,26.5,86,11.933508333333332,5.5,8.9
2015-04-01,26.1,89,10.75061111111111,11.3,9.1
2015-04-02,25.9,88,11.810630555555555,12.8,8.1
2015-04-03,25.5,89,7.2652,15.8,8.0
2015-04-04,26.1,87,10.189708333333332,15.5,8.8
2015-04-05,26.3,88,10.156005555555556,10.6,9.2
2015-04-06,26.5,85,11.385891666666666,4.6,11.5
2015-04-07,25.7,89,9.224561111111111,18.9,14.9
2015-04-08,25.6,90,10.700652777777778,14.9,9.5
2015-04-09,25.9,87,11.727808333333334,12.3,10.4
2015-04-10,26.6,85,11.858219444444444,1.7,11.3
2015-04-11,26.2,85,11.224891666666666,2.5,13.4
2015-04-12,26.2,86,11.684744444444444,15.1,7.4
2015-04-13,26.1,86,7.819769444444444,2.1,6.8
2015-04-14,25.8,87,10.777369444444444,9.6,8.3
2015-04-15,25.7,88,9.070533333333334,6.8,8.7
2015-04-16,26.0,87,10.513419444444445,7.1,12.0
2015-04-17,26.0,89,7.639311111111112,4.9,8.3
2015-04-18,26.0,89,8.326408333333333,7.8,10.1
2015-04-19,26.2,88,10.444772222222221,13.4,10.1
2015-04-20,26.0,87,10.719816666666667,8.5,9.7
2015-04-21,26.5,86,11.264855555555556,2.8,7.7
2015-04-22,26.0,86,11.532097222222223,7.5,14.3
2015-04-23,26.1,84,11.431230555555556,2.3,18.1
2015-04-24,25.3,87,8.620277777777778,12.7,21.7
2015-04-25,25.4,87,3.065863888888889,7.7,18.8
2015-04-26,24.9,89,1.6925055555555557,19.0,16.2
2015-04-27,25.5,86,9.528652777777777,2.2,19.4
2015-04-28,25.8,86,10.776208333333333,3.2,15.8
2015-04-29,26.4,84,10.673572222222223,1.0,15.0
2015-04-30,26.6,81,11.738225,0.0,13.0
2015-05-01,26.2,85,10.477105555555555,7.7,10.5
2015-05-02,26.3,84,10.405397222222222,3.5,7.9
2015-05-03,25.8,87,9.090011111111112,19.6,8.2
2015-05-04,25.9,86,8.398858333333333,0.2,5.2
2015-05-05,25.9,87,11.0,10.4,8.9
2015-05-06,26.4,83,11.58258611111111,1.4,9.0
2015-05-07,26.5,84,11.451155555555557,1.4,11.5
2015-05-08,26.9,81,11.386600000000001,0.0,10.2
2015-05-09,26.3,84,11.52408611111111,1.6,6.6
2015-05-10,26.6,80,11.52681111111111,0.3,14.7
2015-05-11,26.9,79,11.699880555555556,0.1,14.9
2015-05-12,26.6,80,11.697405555555557,0.0,11.2
2015-05-13,26.1,87,11.075463888888889,5.7,11.6
2015-05-14,26.3,86,11.0,4.5,9.2
2015-05-15,26.0,91,11.198808333333334,9.1,10.2
2015-05-16,26.4,86,10.930994444444446,1.6,10.0
2015-05-17,26.5,85,11.338472222222222,1.8,10.5
2015-05-18,26.6,82,11.681763888888888,0.0,12.5
2015-05-19,26.5,84,11.204769444444445,0.6,6.5
2015-05-20,27.0,80,11.480041666666667,0.0,11.8
2015-05-21,26.7,79,11.683597222222222,0.0,10.0
2015-05-22,26.5,78,11.683122222222222,0.0,8.8
2015-05-23,25.7,79,11.68287222222222,0.0,10.8
2015-05-24,26.1,80,11.682841666666668,0.0,12.5
2015-05-25,26.3,80,11.554983333333334,0.0,8.7
2015-05-26,26.3,81,11.555894444444444,0.2,9.2
2015-05-27,26.6,81,11.148211111111111,0.6,12.3
2015-05-28,26.7,81,11.481769444444446,0.5,11.8
2015-05-29,26.5,79,11.617308333333332,0.0,6.6
2015-05-30,27.2,76,11.673141666666666,0.0,10.4
2015-05-31,26.9,79,11.670702777777777,0.8,13.7
2015-06-01,26.5,85,10.80471111111111,3.3,8.7
2015-06-02,26.6,81,11.395411111111112,1.7,8.5
2015-06-03,26.5,82,11.39158888888889,3.4,10.2
2015-06-04,27.0,80,11.387672222222223,0.0,19.1
2015-06-05,27.5,76,11.592997222222223,0.0,15.9
2015-06-06,27.0,79,11.309791666666667,1.1,10.8
2015-06-07,26.1,87,9.579108333333334,11.3,10.6
2015-06-08,26.3,86,10.159058333333334,7.9,14.8
2015-06-09,25.9,89,6.623452777777778,5.5,11.3
2015-06-10,26.1,86,11.068647222222221,4.7,9.3
2015-06-11,26.0,88,10.685927777777778,4.4,9.0
2015-06-12,26.3,84,11.563825,0.1,9.4
2015-06-13,25.9,81,11.648922222222224,0.0,9.0
2015-06-14,26.1,80,11.648055555555555,0.0,9.8
2015-06-15,25.8,80,11.267713888888888,0.0,9.7
2015-06-16,25.7,80,11.646633333333332,0.0,10.2
2015-06-17,26.3,75,11.325158333333333,0.0,11.7
2015-06-18,26.4,74,11.18066111111111,0.2,12.2
2015-06-19,27.0,74,11.645283333333332,0.0,13.8
2015-06-20,26.9,77,11.553858333333332,0.2,15.6
2015-06-21,27.6,75,11.585230555555556,0.4,16.7
2015-06-22,27.8,74,11.36868611111111,0.3,12.2
2015-06-23,27.5,71,11.644961111111112,0.0,11.6
2015-06-24,27.0,70,11.638711111111112,0.0,16.9
2015-06-25,26.8,69,11.645436111111112,0.0,13.7
2015-06-26,26.7,72,11.557691666666667,0.0,15.8
2015-06-27,27.2,74,11.646341666666666,0.1,16.6
2015-06-28,27.2,75,11.547594444444444,0.0,12.0
2015-06-29,27.2,74,11.647697222222222,0.1,11.3
2015-06-30,27.2,72,11.648630555555556,0.0,14.0
2015-07-01,27.0,72,11.649683333333334,0.5,10.3
2015-07-02,26.4,71,11.650855555555555,0.5,16.5
2015-07-03,26.6,71,11.523716666666665,0.0,15.5
2015-07-04,26.6,64,11.653536111111112,0.0,13.1
2015-07-05,26.4,67,11.655038888888889,0.0,15.0
2015-07-06,26.8,69,11.65665,0.0,15.5
2015-07-07,27.6,66,11.65836388888889,0.0,13.0
2015-07-08,27.7,68,11.360447222222222,0.1,10.8
2015-07-09,27.3,71,11.662094444444445,1.2,14.6
2015-07-10,26.8,74,11.642627777777777,0.4,10.7
2015-07-11,26.6,73,11.55681111111111,1.1,8.4
2015-07-12,27.1,73,11.668397222222223,0.1,16.5
2015-07-13,27.8,71,11.670675,0.0,19.5
2015-07-14,27.8,69,10.722477777777778,0.3,16.0
2015-07-15,27.9,67,11.675483333333332,0.0,20.8
2015-07-16,27.6,69,11.678005555555556,0.0,22.6
2015-07-17,27.2,71,11.680605555555555,0.0,18.6
2015-07-18,27.3,70,11.683277777777779,0.0,20.0
2015-07-19,27.1,71,11.686036111111113,0.0,18.6
2015-07-20,27.1,72,11.688927777777778,0.3,13.2
2015-07-21,27.1,74,11.691925,1.1,15.9
2015-07-22,27.0,73,11.695030555555556,0.4,13.2
2015-07-23,27.1,75,11.698230555555554,0.0,18.3
2015-07-24,27.2,73,11.701525,0.1,16.0
2015-07-25,26.9,74,11.704913888888889,0.0,16.7
2015-07-26,27.1,74,11.658019444444445,0.1,12.9
2015-07-27,27.5,70,11.71193888888889,1.0,14.7
2015-07-28,27.4,69,11.715569444444446,0.0,12.8
2015-07-29,27.5,68,11.719272222222221,0.0,20.6
2015-07-30,27.0,73,11.656308333333333,0.5,14.3
2015-07-31,26.1,80,11.588513888888889,10.0,10.6
2015-08-01,26.3,79,11.730786111111112,1.9,11.1
2015-08-02,26.3,76,11.589747222222222,0.4,10.0
2015-08-03,26.6,68,11.738755555555555,0.0,17.9
2015-08-04,26.2,63,11.742813888888888,0.0,11.4
2015-08-05,26.5,68,11.746919444444446,0.0,14.4
2015-08-06,26.5,71,11.751066666666667,0.4,14.9
2015-08-07,26.6,72,11.56766111111111,0.9,15.6
2015-08-08,26.9,73,11.759472222222222,0.2,11.7
2015-08-09,27.1,72,10.2224,0.0,18.8
2015-08-10,27.8,68,11.623375000000001,0.0,17.5
2015-08-11,27.9,72,11.772519444444445,0.0,15.3
2015-08-12,27.2,78,11.777019444444443,4.1,11.5
2015-08-13,27.4,76,11.781588888888889,0.5,16.8
2015-08-14,27.4,75,11.786216666666666,0.1,14.8
2015-08-15,27.3,74,11.790908333333332,0.0,15.7
2015-08-16,27.1,75,11.795655555555555,0.0,20.5
2015-08-17,27.2,72,11.800450000000001,0.0,16.9
2015-08-18,27.5,71,11.805291666666667,0.4,18.5
2015-08-19,27.2,72,11.710211111111112,1.5,16.3
2015-08-20,26.9,75,11.715677777777778,2.6,15.9
2015-08-21,26.4,77,10.882641666666668,3.4,13.7
2015-08-22,27.0,68,11.825047222222222,0.1,15.8
2015-08-23,27.0,67,11.601791666666665,0.0,18.0
2015-08-24,26.8,69,11.835102777777779,0.0,15.9
2015-08-25,27.0,70,11.614694444444444,0.1,15.6
2015-08-26,27.9,69,11.845233333333333,0.0,13.5
2015-08-27,27.8,70,11.845777777777778,0.0,15.5
2015-08-28,27.9,71,11.843761111111112,0.0,16.4
2015-08-29,27.8,71,11.841594444444445,0.0,18.1
2015-08-30,28.1,67,11.839277777777777,0.0,14.8
2015-08-31,27.7,68,11.836819444444446,0.0,17.9
2015-09-01,28.1,65,11.83423611111111,0.0,19.0
2015-09-02,27.7,64,11.83153888888889,0.0,19.1
2015-09-03,27.0,64,11.82873611111111,0.0,20.7
2015-09-04,27.4,68,11.825849999999999,0.0,20.2
2015-09-05,27.8,68,11.82288611111111,0.2,14.7
2015-09-06,28.0,63,11.819858333333332,0.0,17.3
2015-09-07,27.8,63,11.816780555555557,0.0,18.8
2015-09-08,28.3,62,11.813669444444445,0.0,16.0
2015-09-09,28.3,66,11.810533333333332,0.0,9.0
2015-09-10,27.9,65,11.80738611111111,0.0,13.4
2015-09-11,28.1,64,11.80423888888889,0.0,20.6
2015-09-12,28.1,62,11.801108333333334,0.0,18.1
2015-09-13,28.1,64,11.798008333333334,0.0,16.3
2015-09-14,28.0,66,11.375416666666666,0.2,12.4
2015-09-15,27.5,67,11.183433333333333,0.6,14.8
2015-09-16,27.8,66,11.789002777777778,0.0,16.1
2015-09-17,28.2,68,11.786125,0.1,18.2
2015-09-18,28.3,66,11.783186111111112,0.0,19.9
2015-09-19,27.5,67,11.780172222222223,0.0,17.7
2015-09-20,27.8,70,11.777099999999999,0.0,13.4
2015-09-21,27.6,74,11.38415,3.8,12.8
2015-09-22,28.4,67,11.770841666666666,0.3,13.7
2015-09-23,29.0,60,11.515608333333335,0.0,14.4
2015-09-24,28.9,60,11.764522222222222,0.0,12.6
2015-09-25,27.8,67,11.647197222222223,0.6,12.3
2015-09-26,28.3,63,11.648802777777778,0.0,14.3
2015-09-27,28.5,65,11.586180555555556,0.1,14.4
2015-09-28,27.8,73,11.009469444444443,3.8,10.8
2015-09-29,27.4,74,11.368591666666667,9.6,13.2
2015-09-30,28.3,65,11.655411111111112,0.0,18.6
2015-10-01,28.3,67,11.592772222222223,0.0,14.0
2015-10-02,27.9,70,11.0,1.5,11.5
2015-10-03,28.9,60,11.738597222222221,0.1,17.6
2015-10-04,28.7,59,11.736263888888889,0.0,18.9
2015-10-05,28.1,65,11.663533333333334,0.0,11.3
2015-10-06,28.3,66,11.665055555555554,0.0,11.1
2015-10-07,28.0,72,11.0,9.0,14.0
2015-10-08,27.4,74,11.603505555555556,7.3,10.4
2015-10-09,27.9,69,11.282180555555556,0.2,10.9
2015-10-10,27.9,67,11.606472222222223,0.0,12.0
2015-10-11,28.0,68,11.679380555555555,0.1,15.9
2015-10-12,28.1,68,11.790105555555554,0.4,15.0
2015-10-13,28.4,66,11.352030555555555,0.0,14.5
2015-10-14,28.8,65,11.609163888888888,0.0,14.6
2015-10-15,28.7,64,11.718277777777779,0.0,17.7
2015-10-16,29.1,60,11.615391666666667,0.0,11.3
2015-10-17,29.2,57,11.76868611111111,0.0,18.6
2015-10-18,28.9,60,11.488075,0.0,16.3
2015-10-19,29.0,65,11.098472222222222,0.0,14.3
2015-10-20,29.3,60,11.469286111111112,0.0,15.7
2015-10-21,29.1,60,11.556783333333334,0.1,16.1
2015-10-22,29.2,58,11.81851111111111,0.0,21.4
2015-10-23,28.5,61,11.94706388888889,0.0,18.5
2015-10-24,28.4,67,11.880105555555556,0.0,16.3
2015-10-25,29.1,65,11.878836111111111,0.1,19.3
2015-10-26,28.3,65,11.877963888888889,0.0,15.5
2015-10-27,28.6,67,11.943130555555555,0.3,14.7
2015-10-28,29.1,66,11.853205555555556,0.0,16.8
2015-10-29,28.7,69,11.811636111111111,0.4,13.4
2015-10-30,29.0,66,11.324080555555556,0.3,13.8
2015-10-31,28.6,69,11.81255,0.9,10.6
2015-11-01,28.5,69,11.879530555555554,0.3,10.2
2015-11-02,28.4,69,11.916852777777777,1.0,10.9
2015-11-03,27.7,75,11.299191666666665,11.4,13.1
2015-11-04,28.3,73,11.517475000000001,1.0,10.7
2015-11-05,28.1,74,11.716388888888888,0.9,10.6
2015-11-06,28.1,71,11.716319444444444,0.5,10.5
2015-11-07,27.6,75,9.474877777777778,4.7,13.2
2015-11-08,27.1,81,10.029399999999999,10.2,12.4
2015-11-09,27.6,75,10.941263888888889,0.8,10.8
2015-11-10,27.8,75,11.563972222222223,0.7,14.4
2015-11-11,27.9,73,11.580363888888888,1.7,11.3
2015-11-12,27.6,75,11.3779,4.9,9.5
2015-11-13,27.5,77,10.288333333333334,4.2,10.5
2015-11-14,28.3,72,11.493955555555555,0.5,13.6
2015-11-15,28.7,68,11.992869444444445,1.2,12.0
2015-11-16,27.7,77,9.753144444444445,16.4,14.4
2015-11-17,26.3,85,7.872583333333333,9.0,11.6
2015-11-18,27.1,81,11.57793888888889,8.2,12.8
2015-11-19,26.8,84,10.531766666666666,3.0,12.5
2015-11-20,26.5,86,11.023555555555557,11.4,12.1
2015-11-21,27.0,84,11.804394444444444,14.7,8.9
2015-11-22,27.1,82,10.984961111111112,6.8,10.9
2015-11-23,26.7,85,11.50878611111111,15.3,13.2
2015-11-24,26.6,86,11.152880555555557,4.9,13.0
2015-11-25,27.1,81,11.0,0.4,10.5
2015-11-26,26.8,82,11.474211111111112,2.7,9.7
2015-11-27,26.9,80,11.07788611111111,1.6,6.6
2015-11-28,27.1,80,11.851086111111112,8.4,9.2
2015-11-29,26.2,86,7.479069444444445,5.7,6.6
2015-11-30,26.5,85,10.583397222222223,10.1,9.0
2015-12-01,26.9,84,11.508241666666667,9.4,8.4
2015-12-02,27.0,83,11.459083333333332,8.2,12.9
2015-12-03,26.5,85,7.863530555555555,8.6,10.3
2015-12-04,26.5,85,9.989994444444445,9.4,12.0
2015-12-05,27.0,85,11.902663888888888,6.4,13.0
2015-12-06,27.1,83,9.120016666666666,1.7,7.4
2015-12-07,26.4,87,11.0,15.2,9.2
2015-12-08,26.0,90,6.292608333333333,18.2,9.0
2015-12-09,27.1,84,11.933916666666667,4.0,10.3
2015-12-10,26.8,85,10.916291666666668,8.8,9.4
2015-12-11,26.6,86,6.831627777777778,7.0,10.5
2015-12-12,26.1,90,6.5352194444444445,15.5,10.3
2015-12-13,26.3,87,8.329502777777778,8.8,15.9
2015-12-14,24.7,92,0.0,36.6,16.1
2015-12-15,25.0,89,6.304197222222222,22.5,17.8
2015-12-16,24.4,92,1.1754583333333333,51.6,14.4
2015-12-17,24.1,87,0.0,8.9,13.0
2015-12-18,25.2,85,8.409055555555556,2.6,16.1
2015-12-19,25.6,85,7.394961111111111,14.8,14.8
2015-12-20,25.7,86,9.910358333333333,12.2,16.9
2015-12-21,24.8,90,0.0,19.0,15.7
2015-12-22,26.3,82,11.360766666666667,1.3,12.6
2015-12-23,26.6,77,12.0,0.0,16.2
2015-12-24,26.7,79,12.0,0.3,12.4
2015-12-25,26.6,81,12.0,0.7,10.3
2015-12-26,26.6,84,12.0,4.4,12.4
2015-12-27,26.7,85,12.0,7.0,12.0
2015-12-28,26.8,85,12.0,3.6,11.6
2015-12-29,26.4,87,11.51568888888889,5.4,13.9
2015-12-30,26.3,88,11.57325,4.2,14.7
2015-12-31,26.4,85,12.0,7.0,11.6
2016-01-01,26.7,88,11.3437,16.3,11.4
2016-01-02,26.1,88,9.181836111111112,10.5,16.3
2016-01-03,26.0,89,7.017363888888888,15.5,8.0
2016-01-04,26.5,88,10.586013888888889,8.9,13.0
2016-01-05,26.3,88,11.578377777777778,9.2,12.3
2016-01-06,26.3,88,9.40413888888889,8.5,11.3
2016-01-07,26.7,86,12.0,3.9,12.8
2016-01-08,26.6,89,11.327125,4.5,11.3
2016-01-09,26.7,87,12.0,2.7,12.7
2016-01-10,26.4,86,12.0,4.8,11.4
2016-01-11,26.7,87,12.0,3.2,13.4
2016-01-12,26.2,89,9.0,27.7,9.4
2016-01-13,26.1,89,8.378313888888888,21.9,11.9
2016-01-14,26.1,90,6.377077777777778,12.7,9.0
2016-01-15,26.0,90,9.71346111111111,4.1,12.6
2016-01-16,26.6,88,11.52045,1.6,7.6
2016-01-17,27.0,83,10.918683333333334,4.9,9.5
2016-01-18,26.5,87,10.360763888888888,10.0,11.2
2016-01-19,26.5,88,12.0,12.0,14.2
2016-01-20,26.3,86,6.682125,14.7,12.3
2016-01-21,26.6,87,7.717519444444444,4.1,12.8
2016-01-22,26.8,85,12.0,11.5,11.7
2016-01-23,25.0,92,0.05937222222222222,38.1,11.6
2016-01-24,25.8,88,9.901194444444446,7.1,11.6
2016-01-25,25.4,91,6.654380555555556,14.0,11.2
2016-01-26,26.0,90,8.265233333333333,5.5,10.6
2016-01-27,26.8,88,10.359869444444444,7.0,13.4
2016-01-28,26.8,87,12.0,3.2,13.9
2016-01-29,27.1,83,12.0,1.3,9.7
2016-01-30,26.6,88,9.110272222222223,8.7,12.3
2016-01-31,26.7,85,10.359980555555556,6.4,16.1
2016-02-01,26.1,88,10.0,38.8,13.6
2016-02-02,26.1,88,10.030475,9.0,16.9
2016-02-03,26.0,87,3.1294916666666666,8.7,10.4
2016-02-04,26.1,87,6.527091666666666,8.1,8.1
2016-02-05,26.1,90,8.512305555555555,15.8,13.7
2016-02-06,26.7,87,11.706372222222223,17.7,11.8
2016-02-07,26.1,90,8.930925,20.6,14.3
2016-02-08,26.2,88,8.44636388888889,23.8,15.2
2016-02-09,25.7,89,7.645130555555556,16.4,16.3
2016-02-10,25.1,92,3.425213888888889,48.1,16.8
2016-02-11,25.1,92,0.0,14.4,10.4
2016-02-12,25.2,92,0.0,18.0,9.7
2016-02-13,26.0,84,2.829422222222222,3.4,6.9
2016-02-14,26.8,86,11.234944444444444,8.8,10.2
2016-02-15,26.7,86,9.96736388888889,5.6,12.1
2016-02-16,25.9,89,6.524844444444444,13.0,14.4
2016-02-17,26.0,88,10.07251388888889,8.4,10.4
2016-02-18,26.2,88,11.204738888888889,8.3,13.0
2016-02-19,26.5,88,11.960988888888888,3.0,13.1
2016-02-20,26.4,89,10.817488888888889,17.4,15.0
2016-02-21,26.1,89,8.115338888888889,11.8,16.6
2016-02-22,26.1,89,8.586658333333334,8.2,13.5
2016-02-23,26.1,89,11.349830555555556,31.9,12.1
2016-02-24,25.9,90,7.373472222222222,15.9,12.8
2016-02-25,25.8,89,8.373633333333334,14.0,9.9
2016-02-26,26.0,86,10.632872222222222,7.6,16.9
2016-02-27,26.2,86,11.163486111111112,7.2,13.4
2016-02-28,25.2,92,0.7215333333333334,26.5,8.2
2016-02-29,25.5,90,5.164613888888889,17.8,15.5
2016-03-01,25.8,88,5.068397222222222,33.2,18.4
2016-03-02,26.1,88,7.886855555555556,7.9,11.3
2016-03-03,26.6,87,11.103394444444445,6.8,11.5
2016-03-04,26.5,89,10.958483333333334,18.6,14.8
2016-03-05,26.2,89,9.910241666666668,13.2,11.5
2016-03-06,26.7,89,10.961844444444445,13.3,12.3
2016-03-07,26.9,86,11.87533611111111,2.3,12.0
2016-03-08,26.9,88,11.486658333333335,7.4,10.7
2016-03-09,26.8,90,11.457616666666667,12.2,9.7
2016-03-10,26.8,88,11.966025,4.8,12.8
2016-03-11,26.8,88,11.967508333333333,5.5,10.4
2016-03-12,26.5,89,10.971008333333332,17.7,10.0
2016-03-13,26.4,89,11.609975,20.7,8.0
2016-03-14,26.5,89,11.0,9.8,11.4
2016-03-15,26.8,87,11.973616666666667,6.2,12.0
2016-03-16,26.9,87,11.648686111111111,3.3,11.9
2016-03-17,27.0,86,11.976949999999999,6.7,11.9
2016-03-18,26.3,88,4.5549888888888885,10.0,12.3
2016-03-19,26.9,87,9.861600000000001,5.9,11.8
2016-03-20,26.8,90,9.98288611111111,10.1,11.6
2016-03-21,26.4,90,7.685619444444444,7.1,9.3
2016-03-22,26.1,91,6.301363888888889,14.3,14.9
2016-03-23,26.3,89,8.063455555555555,15.5,11.2
2016-03-24,27.1,85,9.857230555555555,2.7,6.3
2016-03-25,26.4,88,10.098875,15.7,14.5
2016-03-26,26.4,87,8.045538888888888,9.7,10.1
2016-03-27,26.5,89,11.684563888888889,4.2,12.4
2016-03-28,26.8,87,11.950633333333332,4.3,12.7
2016-03-29,26.2,89,11.471233333333334,13.7,11.3
2016-03-30,25.9,89,10.468866666666667,11.3,11.2
2016-03-31,26.3,89,11.927019444444444,14.4,7.6
2016-04-01,26.2,90,10.610380555555556,12.3,11.1
2016-04-02,26.3,89,9.836138888888888,12.7,9.4
2016-04-03,27.0,85,11.904419444444445,3.8,9.4
2016-04-04,26.7,88,11.24946111111111,7.5,11.6
2016-04-05,26.5,89,11.267608333333333,11.5,9.2
2016-04-06,26.8,87,11.127202777777779,5.3,9.8
2016-04-07,26.6,88,11.535461111111113,8.8,16.0
2016-04-08,26.8,89,10.8818,5.3,8.1
2016-04-09,27.0,87,10.524727777777777,10.4,9.5
2016-04-10,26.7,88,7.855463888888888,7.1,9.3
2016-04-11,26.8,89,9.739644444444444,6.8,7.7
2016-04-12,26.6,90,9.332524999999999,20.6,8.3
2016-04-13,27.1,85,11.1363,2.4,7.9
2016-04-14,27.1,87,9.051527777777778,8.3,8.2
2016-04-15,26.3,91,9.845891666666667,13.1,5.8
2016-04-16,26.8,87,9.929425,7.4,7.7
2016-04-17,26.1,90,6.9402944444444445,18.9,12.6
2016-04-18,26.9,86,11.518872222222223,5.4,8.6
2016-04-19,26.6,88,11.044822222222223,12.0,10.2
2016-04-20,26.6,87,10.425308333333334,12.7,9.7
2016-04-21,25.8,90,3.2806972222222224,69.7,9.6
2016-04-22,26.2,89,7.6895750000000005,10.4,12.6
2016-04-23,26.5,88,10.609216666666667,10.3,14.5
2016-04-24,26.8,86,9.629113888888888,5.6,15.8
2016-04-25,26.5,88,9.052988888888889,8.2,10.7
2016-04-26,25.8,91,7.746216666666667,9.2,12.9
2016-04-27,26.5,85,9.853911111111112,4.8,7.2
2016-04-28,26.4,88,11.26038611111111,7.1,7.6
2016-04-29,26.7,85,8.805975,4.5,7.9
2016-04-30,26.4,89,10.63261388888889,10.2,9.4
2016-05-01,26.2,88,8.00956388888889,1.6,14.0
2016-05-02,26.8,86,11.284725,2.8,14.2
2016-05-03,26.5,88,10.0,7.4,13.5
2016-05-04,26.9,86,9.617372222222222,3.4,14.4
2016-05-05,26.1,90,2.926333333333333,7.1,7.9
2016-05-06,26.6,86,11.450622222222222,2.6,9.1
2016-05-07,26.6,86,11.251502777777779,5.2,8.3
2016-05-08,26.7,87,10.136775,9.6,10.1
2016-05-09,26.5,89,10.0,8.7,7.1
2016-05-10,26.8,86,11.326222222222222,0.9,13.2
2016-05-11,27.2,85,10.70585,3.0,9.7
2016-05-12,27.3,84,11.262805555555556,2.6,8.1
2016-05-13,27.4,85,11.128902777777778,10.5,7.2
2016-05-14,26.8,88,8.858163888888889,2.4,11.1
2016-05-15,27.3,85,10.597058333333335,1.8,12.7
2016-05-16,26.7,90,9.946138888888889,10.9,9.0
2016-05-17,26.9,88,10.667858333333333,2.1,8.1
2016-05-18,27.1,85,11.477858333333334,0.7,7.9
2016-05-19,27.3,84,11.342416666666665,1.6,9.0
2016-05-20,27.2,85,11.54941111111111,1.0,8.7
2016-05-21,26.7,89,10.584291666666665,1.8,6.5
2016-05-22,26.3,90,10.315491666666667,6.4,8.4
2016-05-23,26.4,90,9.526322222222223,6.0,6.6
2016-05-24,26.6,89,11.140758333333334,3.1,7.9
2016-05-25,26.6,87,11.003175,11.0,10.0
2016-05-26,26.4,88,10.891830555555554,1.8,12.2
2016-05-27,26.2,88,0.40100277777777776,3.4,11.9
2016-05-28,26.9,84,11.340361111111111,1.8,15.1
2016-05-29,25.8,91,6.987013888888889,18.0,12.2
2016-05-30,24.7,94,0.37538888888888894,44.0,10.4
2016-05-31,25.7,87,4.142216666666666,16.2,8.4
2016-06-01,26.9,84,10.657497222222222,0.2,10.6
2016-06-02,26.9,84,10.842805555555556,3.1,7.6
2016-06-03,26.4,86,10.774638888888887,5.3,6.3
2016-06-04,26.9,85,11.246936111111111,1.4,8.7
2016-06-05,26.3,89,11.31265,3.5,10.8
2016-06-06,26.0,89,11.238480555555554,8.6,9.4
2016-06-07,26.2,85,10.930005555555555,1.1,7.1
2016-06-08,26.1,87,10.282863888888889,3.7,9.0
2016-06-09,26.4,87,8.631380555555555,1.3,8.8
2016-06-10,26.3,87,11.359097222222223,3.1,11.1
2016-06-11,26.6,84,11.577916666666667,0.0,9.0
2016-06-12,26.6,84,11.629141666666667,1.0,6.8
2016-06-13,26.3,84,11.273058333333333,2.4,6.7
2016-06-14,25.7,89,9.50917222222222,7.5,7.6
2016-06-15,25.6,90,8.761172222222223,6.8,15.3
2016-06-16,26.0,87,8.601583333333334,5.4,11.7
2016-06-17,25.8,89,10.589097222222222,14.3,10.0
2016-06-18,24.4,87,0.0,7.5,10.8
2016-06-19,25.8,84,3.381677777777778,0.0,9.7
2016-06-20,26.4,84,10.613236111111112,0.1,6.4
2016-06-21,26.8,83,11.440677777777779,0.2,6.9
2016-06-22,26.3,83,11.224766666666667,2.3,7.4
2016-06-23,26.5,85,11.079330555555554,2.1,5.8
2016-06-24,26.4,84,11.566477777777777,0.0,10.5
2016-06-25,25.7,86,11.420908333333333,1.7,8.3
2016-06-26,26.2,86,11.48606388888889,2.0,7.3
2016-06-27,25.7,85,9.673958333333333,6.7,8.0
2016-06-28,25.8,84,9.335269444444444,0.0,11.5
2016-06-29,26.1,86,8.915744444444444,9.7,9.7
2016-06-30,25.8,88,9.728586111111111,2.5,9.2
2016-07-01,26.4,85,11.650827777777778,0.6,7.0
2016-07-02,26.6,83,11.594825,0.0,9.5
2016-07-03,26.5,86,11.449525,6.3,7.3
2016-07-04,26.3,84,11.413858333333334,0.8,11.1
2016-07-05,26.4,85,11.579494444444444,1.1,7.2
2016-07-06,26.6,85,11.574638888888888,1.7,9.2
2016-07-07,26.1,86,11.430238888888889,1.1,8.6
2016-07-08,26.3,83,11.661624999999999,0.4,8.4
2016-07-09,26.6,81,11.630875,0.0,9.1
2016-07-10,26.3,83,11.139050000000001,1.2,8.7
2016-07-11,26.0,85,11.116175,1.1,8.2
2016-07-12,26.0,85,7.018041666666667,0.1,6.9
2016-07-13,25.8,87,10.186666666666667,5.8,6.9
2016-07-14,25.8,87,10.687769444444445,2.2,11.1
2016-07-15,25.8,88,11.45013611111111,2.3,11.6
2016-07-16,26.0,85,11.307619444444445,5.3,8.8
2016-07-17,25.6,89,8.581286111111112,8.8,8.4
2016-07-18,25.6,86,10.911261111111111,5.4,6.8
2016-07-19,25.3,88,11.088675,5.3,10.4
2016-07-20,24.7,91,1.5948583333333333,26.1,8.1
2016-07-21,25.2,87,10.847627777777777,6.3,9.7
2016-07-22,25.1,90,7.543380555555555,8.3,10.0
2016-07-23,25.6,86,10.316791666666665,3.2,9.2
2016-07-24,25.6,87,11.455347222222223,11.5,9.4
2016-07-25,25.8,85,11.337266666666668,3.1,9.0
2016-07-26,25.3,84,11.711297222222221,1.0,9.3
2016-07-27,25.9,79,11.714880555555556,0.0,12.2
2016-07-28,25.4,85,11.65606388888889,5.8,8.8
2016-07-29,25.7,84,11.247447222222222,2.2,6.9
2016-07-30,25.7,85,11.178655555555556,2.6,6.6
2016-07-31,26.3,80,11.729777777777777,0.2,8.9
2016-08-01,25.5,87,11.733630555555555,2.5,8.3
2016-08-02,25.6,86,11.648141666666666,2.1,8.9
2016-08-03,25.4,81,11.741494444444443,0.7,7.6
2016-08-04,25.4,79,11.745550000000001,0.0,8.7
2016-08-05,25.3,81,11.749691666666667,0.0,7.7
2016-08-06,26.0,79,11.753908333333333,0.0,9.0
2016-08-07,26.0,82,11.2637,0.2,8.2
2016-08-08,26.3,85,10.956277777777778,3.1,5.8
2016-08-09,26.1,86,10.839022222222223,3.1,12.9
2016-08-10,26.8,79,11.771491666666668,0.0,10.1
2016-08-11,26.2,85,11.776041666666666,2.3,9.3
2016-08-12,26.7,81,11.082552777777778,0.4,6.6
2016-08-13,26.9,81,11.287066666666668,3.8,7.8
2016-08-14,25.4,90,8.825297222222222,47.0,11.2
2016-08-15,26.2,86,11.793244444444445,0.1,7.7
2016-08-16,25.9,88,9.779630555555554,9.3,10.2
2016-08-17,26.3,84,11.283694444444444,1.7,9.3
2016-08-18,26.4,87,11.014044444444444,4.4,4.4
2016-08-19,26.3,86,11.450497222222223,2.5,8.8
2016-08-20,26.0,86,11.818897222222223,1.2,7.7
2016-08-21,25.9,85,11.462077777777779,0.6,6.9
2016-08-22,26.1,82,11.828708333333333,1.2,12.7
2016-08-23,25.9,84,11.414738888888888,3.3,10.1
2016-08-24,25.8,84,11.838586111111113,1.5,8.3
2016-08-25,25.8,82,10.044113888888889,0.0,9.2
2016-08-26,26.3,83,11.429377777777779,1.1,9.1
2016-08-27,26.3,83,11.492877777777778,5.8,13.4
2016-08-28,26.5,83,11.688855555555556,3.1,11.7
2016-08-29,26.4,85,10.641225,2.8,9.6
2016-08-30,25.9,88,10.0,8.6,8.9
2016-08-31,26.2,86,11.689141666666668,3.6,7.9
2016-09-01,26.5,83,11.831216666666666,2.5,7.4
2016-09-02,26.1,85,11.497874999999999,1.2,9.1
2016-09-03,25.9,87,11.759213888888889,2.2,9.7
2016-09-04,26.0,87,11.625727777777778,2.5,10.4
2016-09-05,26.1,83,11.626288888888888,1.3,9.1
2016-09-06,26.4,81,11.816869444444446,1.5,9.9
2016-09-07,26.1,84,11.692222222222222,13.1,7.2
2016-09-08,26.1,86,10.304358333333335,8.0,7.3
2016-09-09,26.7,81,11.256466666666666,3.3,7.7
2016-09-10,26.8,79,11.75880277777778,4.8,9.2
2016-09-11,26.6,81,11.802497222222222,1.2,9.2
2016-09-12,25.9,82,11.799588888888888,3.2,8.1
2016-09-13,26.0,81,11.117052777777777,0.2,7.9
2016-09-14,26.3,81,10.864069444444445,0.7,10.8
2016-09-15,26.1,83,11.50586388888889,15.3,8.3
2016-09-16,25.5,87,10.947880555555557,5.9,9.1
2016-09-17,26.0,86,11.444130555555557,19.3,12.1
2016-09-18,26.1,86,11.445527777777778,2.4,10.1
2016-09-19,26.4,85,11.511238888888888,4.3,12.1
2016-09-20,26.3,86,11.158183333333334,5.4,12.0
2016-09-21,26.1,84,9.903575,6.8,8.1
2016-09-22,26.2,87,11.061144444444444,9.2,9.4
2016-09-23,26.3,84,11.067558333333332,4.6,11.3
2016-09-24,26.3,85,9.836611111111113,6.5,12.1
2016-09-25,27.1,81,10.552044444444444,3.1,9.4
2016-09-26,25.9,84,9.717680555555557,5.5,16.3
2016-09-27,26.4,84,11.07365,2.0,7.6
2016-09-28,25.9,86,8.986244444444445,6.1,11.0
2016-09-29,25.8,87,9.382072222222222,12.7,9.5
2016-09-30,26.0,86,9.563002777777777,6.7,7.2
2016-10-01,26.3,85,9.184911111111111,4.2,14.1
2016-10-02,25.8,86,7.0897499999999996,11.0,13.5
2016-10-03,26.4,85,8.738541666666666,4.6,9.8
2016-10-04,25.5,87,9.459072222222224,26.7,8.4
2016-10-05,25.5,89,7.1321861111111104,8.3,10.3
2016-10-06,25.8,87,7.581997222222222,6.5,8.4
2016-10-07,26.1,85,10.139911111111111,2.0,10.8
2016-10-08,25.8,89,6.299344444444444,35.9,9.3
2016-10-09,25.7,86,4.247130555555556,5.9,11.2
2016-10-10,25.4,90,5.348213888888889,5.7,7.7
2016-10-11,25.6,87,9.5019,3.9,8.7
2016-10-12,26.1,84,10.50645277777778,3.6,9.9
2016-10-13,25.7,87,11.24606111111111,9.1,12.5
2016-10-14,25.8,86,9.542802777777776,8.7,16.2
2016-10-15,26.2,85,10.833675000000001,9.6,10.0
2016-10-16,27.1,78,11.681930555555555,0.0,8.0
2016-10-17,27.2,77,11.61455,0.0,9.8
2016-10-18,26.7,84,11.098622222222222,12.7,8.4
2016-10-19,26.9,81,11.425191666666667,1.1,10.0
2016-10-20,27.0,83,11.598583333333334,1.2,7.4
2016-10-21,26.0,88,7.44755,9.4,9.3
2016-10-22,25.0,93,1.2763833333333332,21.7,8.7
2016-10-23,24.3,94,0.14583055555555555,54.5,8.0
2016-10-24,25.7,87,11.15355,12.5,6.9
2016-10-25,25.6,88,9.79571111111111,14.3,8.4
2016-10-26,25.6,89,9.807049999999998,9.5,8.7
2016-10-27,25.4,90,6.457583333333333,35.8,9.5
2016-10-28,25.9,86,9.569144444444444,17.6,9.7
2016-10-29,26.0,85,11.086944444444445,5.0,14.1
2016-10-30,25.9,86,9.579069444444444,10.7,9.1
2016-10-31,26.2,84,11.034866666666666,3.6,10.1
2016-11-01,26.4,84,11.432186111111111,2.9,11.7
2016-11-02,26.1,84,9.345680555555555,6.7,9.8
2016-11-03,26.2,85,10.824008333333333,12.0,8.7
2016-11-04,26.1,87,11.099266666666667,4.4,7.4
2016-11-05,26.7,84,11.298625000000001,1.7,10.2
2016-11-06,27.0,83,10.973805555555554,0.8,8.6
2016-11-07,26.8,84,11.247369444444445,6.2,12.3
2016-11-08,26.3,88,9.99081111111111,20.4,8.3
2016-11-09,25.6,90,9.547475,15.6,6.5
2016-11-10,25.9,87,11.0,7.2,8.0
2016-11-11,26.2,85,11.279866666666665,3.0,6.6
2016-11-12,25.5,89,5.626419444444444,15.8,5.0
2016-11-13,25.8,89,9.241094444444444,23.7,7.6
2016-11-14,25.8,87,10.416866666666667,10.8,9.3
2016-11-15,25.8,88,6.192227777777778,16.2,8.7
2016-11-16,25.8,87,7.9833083333333335,12.4,9.0
2016-11-17,25.8,89,10.360852777777778,4.9,9.5
2016-11-18,25.8,89,9.04861111111111,11.8,10.2
2016-11-19,26.6,84,11.190652777777778,4.9,8.4
2016-11-20,26.1,88,10.370938888888888,12.0,7.6
2016-11-21,25.7,89,6.2711,14.9,8.7
2016-11-22,26.4,86,10.264502777777778,5.1,8.2
2016-11-23,26.3,86,11.43933611111111,10.2,11.1
2016-11-24,26.2,87,7.142044444444444,4.5,9.0
2016-11-25,26.3,84,9.215875,1.4,8.4
2016-11-26,26.3,86,11.26677222222222,1.1,10.8
2016-11-27,26.4,87,11.508480555555556,11.0,7.4
2016-11-28,26.0,90,7.251897222222222,20.2,8.2
2016-11-29,26.4,83,6.032916666666667,0.7,10.5
2016-11-30,26.5,82,5.374897222222223,0.4,9.3
2016-12-01,26.4,83,7.321219444444444,0.3,16.3
2016-12-02,25.7,86,7.0,17.8,15.1
2016-12-03,25.5,86,6.909058333333333,5.7,22.2
2016-12-04,25.7,84,9.443719444444444,1.7,19.5
2016-12-05,24.8,90,0.7442527777777778,10.9,16.7
2016-12-06,25.2,89,8.853433333333333,35.1,11.9
2016-12-07,25.5,89,4.253636111111111,6.9,13.7
2016-12-08,26.1,86,11.211138888888888,14.4,11.5
2016-12-09,25.9,83,11.941444444444443,1.8,18.7
2016-12-10,26.3,82,9.811019444444444,0.7,15.5
2016-12-11,25.2,89,8.765594444444444,18.7,13.4
2016-12-12,25.2,87,6.981736111111111,5.5,10.7
2016-12-13,26.2,84,7.382122222222222,3.9,12.7
2016-12-14,25.8,84,11.106227777777777,4.4,15.2
2016-12-15,25.7,84,11.710530555555556,2.0,17.7
2016-12-16,26.4,81,11.895433333333333,2.1,17.2
2016-12-17,25.9,85,10.540075,5.3,15.3
2016-12-18,25.8,86,10.0,15.9,17.6
2016-12-19,26.0,84,8.011238888888888,5.4,19.7
2016-12-20,27.1,79,12.0,0.4,22.1
2016-12-21,26.7,82,12.0,0.5,22.0
2016-12-22,26.3,81,12.0,0.8,24.6
2016-12-23,26.4,80,11.766577777777778,0.6,25.1
2016-12-24,26.2,82,9.877494444444446,0.7,19.9
2016-12-25,25.9,84,9.153366666666667,3.5,16.0
2016-12-26,26.2,81,12.0,0.6,13.9
2016-12-27,25.8,80,2.7576805555555555,0.3,11.7
2016-12-28,25.9,83,9.163005555555555,2.9,16.8
2016-12-29,26.1,85,11.245180555555557,1.2,15.3
2016-12-30,26.1,85,10.141597222222222,4.8,14.3
2016-12-31,26.7,81,11.232016666666667,1.1,12.4
2017-01-01,27.1,81,11.909061111111113,10.0,16.9
2017-01-02,27.4,78,12.0,3.4,17.1
2017-01-03,27.4,81,8.407055555555557,0.7,17.7
2017-01-04,26.6,86,9.054141666666666,6.8,17.1
2017-01-05,25.8,90,5.537111111111111,14.0,12.7
2017-01-06,26.5,84,10.797155555555555,0.9,12.3
2017-01-07,26.5,85,10.866319444444445,7.9,12.1
2017-01-08,26.2,86,11.960466666666667,3.1,11.2
2017-01-09,26.1,88,11.620466666666667,17.2,10.8
2017-01-10,25.7,90,10.988619444444444,30.2,11.5
2017-01-11,25.9,87,8.908333333333333,15.2,13.7
2017-01-12,25.8,86,8.586616666666666,2.1,16.3
2017-01-13,26.2,85,10.379888888888889,5.6,18.2
2017-01-14,25.1,89,1.7992166666666667,8.9,18.2
2017-01-15,25.7,84,7.147333333333334,10.4,17.1
2017-01-16,24.8,90,3.922413888888889,19.2,18.7
2017-01-17,24.9,90,0.06696388888888889,6.4,16.1
2017-01-18,26.2,82,11.694144444444444,0.6,15.5
2017-01-19,26.3,82,11.202236111111112,3.7,19.0
2017-01-20,26.8,80,12.0,5.6,17.1
2017-01-21,26.8,83,11.57816388888889,5.9,11.4
2017-01-22,26.2,87,8.612297222222223,7.8,12.4
2017-01-23,26.5,86,9.557008333333334,7.0,12.1
2017-01-24,26.1,87,10.772558333333333,15.8,14.5
2017-01-25,26.1,85,9.2675,2.5,14.0
2017-01-26,26.4,84,8.550563888888888,0.7,15.4
2017-01-27,25.8,87,7.640822222222222,5.5,14.4
2017-01-28,25.4,88,3.9225111111111115,7.0,15.5
2017-01-29,25.4,87,6.8912305555555555,5.4,20.9
2017-01-30,25.7,88,11.596766666666667,2.3,11.6
2017-01-31,24.9,92,5.581530555555555,20.4,14.1
2017-02-01,24.4,92,3.662061111111111,15.4,12.3
2017-02-02,25.0,88,5.180811111111111,6.0,13.9
2017-02-03,24.6,90,2.082708333333333,18.4,15.6
2017-02-04,25.0,91,5.234019444444445,17.1,18.2
2017-02-05,26.1,85,11.993391666666666,3.6,21.1
2017-02-06,26.3,83,10.676577777777778,1.9,23.7
2017-02-07,26.1,84,9.827008333333334,1.5,17.3
2017-02-08,25.9,85,10.686958333333335,5.0,20.2
2017-02-09,25.3,88,7.063008333333334,17.2,17.3
2017-02-10,24.8,90,1.4281555555555554,14.7,12.4
2017-02-11,24.8,90,3.585577777777778,26.0,17.1
2017-02-12,25.0,90,9.840133333333334,18.8,16.2
2017-02-13,25.5,87,11.197008333333335,5.8,13.2
2017-02-14,24.4,93,2.97655,44.9,12.2
2017-02-15,25.4,88,7.911741666666667,17.1,19.1
2017-02-16,25.4,86,11.570480555555557,3.3,16.3
2017-02-17,26.1,86,11.962272222222222,1.1,13.4
2017-02-18,26.3,85,11.960741666666665,6.1,13.4
2017-02-19,25.9,89,9.131277777777777,10.2,12.1
2017-02-20,25.6,90,3.188888888888889,7.5,9.3
2017-02-21,24.8,93,1.7721277777777777,17.4,7.7
2017-02-22,26.2,85,9.631894444444445,15.4,9.2
2017-02-23,26.4,86,11.956280555555555,19.3,9.1
2017-02-24,25.8,90,8.656691666666667,4.2,8.0
2017-02-25,25.4,90,5.405541666666667,22.7,10.9
2017-02-26,25.4,90,11.821833333333332,19.6,9.9
2017-02-27,26.2,87,11.821511111111112,8.2,9.8
2017-02-28,25.8,90,4.470347222222222,7.0,12.3
2017-03-01,26.2,84,10.938163888888889,11.0,16.4
2017-03-02,25.8,87,7.597527777777778,16.5,10.7
2017-03-03,26.0,87,10.723380555555556,11.0,13.9
2017-03-04,26.1,86,9.344425,22.3,13.3
2017-03-05,26.1,88,11.34996388888889,2.3,9.5
2017-03-06,26.1,88,10.633408333333332,14.9,11.4
2017-03-07,24.8,92,4.1444222222222225,35.7,15.8
2017-03-08,26.8,83,9.970802777777777,8.4,9.9
2017-03-09,26.9,85,11.035416666666666,6.9,11.5
2017-03-10,26.3,88,11.776347222222222,4.7,10.7
2017-03-11,26.4,86,11.516133333333334,4.6,12.7
2017-03-12,26.9,81,10.989758333333333,9.5,15.3
2017-03-13,27.4,75,11.546266666666666,0.8,12.8
2017-03-14,27.0,79,10.970947222222224,0.4,18.2
2017-03-15,26.7,80,9.589591666666667,2.1,19.3
2017-03-16,26.5,81,11.593469444444445,4.6,11.4
2017-03-17,26.4,86,11.253050000000002,12.6,8.4
2017-03-18,25.3,89,1.2836833333333333,14.2,13.0
2017-03-19,26.3,82,9.211297222222221,5.2,14.6
2017-03-20,26.2,84,7.169686111111111,11.9,20.7
2017-03-21,25.8,89,8.180041666666668,37.8,14.8
2017-03-22,25.6,89,9.158544444444445,13.9,11.3
2017-03-23,26.0,88,10.553286111111111,6.0,9.3
2017-03-24,26.6,87,11.209083333333332,8.8,10.9
2017-03-25,27.0,86,11.187463888888889,0.5,13.9
2017-03-26,26.7,87,7.61856388888889,3.3,9.8
2017-03-27,26.6,85,11.485925,4.5,10.0
2017-03-28,26.6,84,11.952525,2.6,13.5
2017-03-29,26.9,82,11.944975000000001,3.1,14.7
2017-03-30,26.6,82,11.937536111111111,1.7,20.0
2017-03-31,26.0,85,8.87561111111111,11.6,14.8
2017-04-01,26.6,86,11.92251388888889,13.4,11.6
2017-04-02,26.3,86,9.565477777777778,4.4,16.0
2017-04-03,25.9,85,9.225344444444444,9.7,12.7
2017-04-04,26.3,84,10.715183333333334,7.7,15.1
2017-04-05,25.8,85,11.161036111111112,4.9,19.2
2017-04-06,25.9,85,10.612783333333333,11.1,17.4
2017-04-07,25.8,87,8.642894444444444,9.4,15.6
2017-04-08,25.9,87,6.996144444444444,4.3,19.2
2017-04-09,26.8,83,9.884350000000001,12.8,12.0
2017-04-10,27.3,83,11.854516666666667,3.7,12.1
2017-04-11,26.6,89,10.156294444444445,10.5,9.2
2017-04-12,26.6,85,10.106636111111111,7.5,9.5
2017-04-13,26.7,85,11.366091666666668,12.8,7.9
2017-04-14,26.2,87,10.82615,3.8,9.7
2017-04-15,26.4,88,10.736711111111113,10.7,7.4
2017-04-16,26.5,87,9.033433333333333,17.5,10.5
2017-04-17,27.0,83,11.806516666666667,1.2,8.7
2017-04-18,26.9,86,11.321122222222222,6.3,9.3
2017-04-19,26.1,89,7.164758333333333,19.3,9.3
2017-04-20,26.6,86,11.395194444444444,1.9,11.7
2017-04-21,26.9,87,11.107938888888889,14.0,10.2
2017-04-22,26.3,88,9.427816666666667,20.5,11.6
2017-04-23,26.8,86,10.97543888888889,5.2,9.1
2017-04-24,26.7,87,10.739991666666667,1.8,10.9
2017-04-25,27.0,84,11.760841666666666,2.9,11.1
2017-04-26,26.2,88,10.25676111111111,16.7,9.8
2017-04-27,26.5,85,11.420719444444444,0.9,13.2
2017-04-28,26.3,84,9.866858333333335,3.7,16.3
2017-04-29,26.6,81,10.052983333333334,1.3,13.0
2017-04-30,26.6,84,11.09442222222222,5.9,7.1
2017-05-01,27.0,85,11.73176111111111,3.3,8.1
2017-05-02,26.9,87,10.921602777777776,5.2,10.8
2017-05-03,26.5,89,9.230825000000001,9.2,9.4
2017-05-04,26.1,90,9.668627777777777,23.5,10.5
2017-05-05,25.8,90,9.262866666666667,20.1,10.5
2017-05-06,25.8,90,9.803183333333333,10.5,10.1
2017-05-07,26.0,89,10.307516666666666,12.6,9.0
2017-05-08,26.2,87,11.142925,8.2,8.3
2017-05-09,26.8,85,11.120922222222221,5.7,8.7
2017-05-10,26.5,87,9.256691666666665,12.6,10.1
2017-05-11,26.7,84,10.805805555555557,6.0,8.8
2017-05-12,26.9,83,11.329975000000001,1.5,10.3
2017-05-13,27.3,82,11.331969444444443,0.9,10.1
2017-05-14,27.3,83,11.537825,6.6,10.0
2017-05-15,27.7,81,11.471836111111111,0.3,10.0
2017-05-16,27.7,81,11.54191111111111,1.0,8.4
2017-05-17,27.4,83,11.680372222222221,1.7,12.6
2017-05-18,27.5,84,11.545608333333334,1.2,7.6
2017-05-19,27.9,81,11.684247222222222,0.2,8.5
2017-05-20,27.6,80,11.411772222222222,0.8,11.0
2017-05-21,27.3,82,11.066866666666668,1.4,7.6
2017-05-22,27.4,82,11.620536111111111,1.3,10.1
2017-05-23,27.7,80,11.484238888888889,0.2,9.4
2017-05-24,27.4,82,11.347483333333335,1.7,8.4
2017-05-25,27.5,82,11.486333333333334,0.4,8.9
2017-05-26,27.4,80,11.681949999999999,0.0,8.6
2017-05-27,27.9,80,11.621355555555555,2.4,11.3
2017-05-28,26.5,88,7.809788888888889,19.5,9.1
2017-05-29,26.6,85,7.752730555555556,10.0,10.1
2017-05-30,27.0,83,11.197497222222221,4.1,17.2
2017-05-31,27.0,86,10.791725,22.4,13.9
2017-06-01,26.3,85,6.248875,0.6,17.4
2017-06-02,27.1,85,5.7579777777777785,0.6,12.0
2017-06-03,27.3,85,11.460941666666667,4.2,8.0
2017-06-04,27.0,85,11.661225000000002,5.3,9.2
2017-06-05,26.7,85,11.233888888888888,6.7,9.2
2017-06-06,27.0,85,11.657538888888888,1.5,7.9
2017-06-07,26.9,84,11.656022222222223,1.2,14.3
2017-06-08,27.4,81,11.654483333333333,0.6,13.7
2017-06-09,27.4,80,11.653044444444443,0.1,10.5
2017-06-10,27.4,84,11.568802777777778,1.4,8.7
2017-06-11,26.7,87,11.493775,7.9,11.1
2017-06-12,26.7,84,11.55888888888889,1.8,11.5
2017-06-13,26.6,85,10.84645,26.1,9.8
2017-06-14,26.6,85,10.86308611111111,32.5,9.4
2017-06-15,26.7,86,11.263050000000002,7.2,11.0
2017-06-16,26.8,85,11.04731111111111,3.1,15.9
2017-06-17,26.7,84,10.028808333333332,8.2,10.2
2017-06-18,26.5,83,11.599649999999999,2.6,11.3
2017-06-19,26.7,77,11.313661111111111,0.9,10.4
2017-06-20,26.6,81,10.885944444444444,0.0,11.1
2017-06-21,26.6,82,11.28941388888889,1.8,11.0
2017-06-22,26.3,86,8.888675,5.3,12.7
2017-06-23,26.0,89,7.2594055555555554,13.6,10.6
2017-06-24,25.2,88,0.920236111111111,5.9,11.4
2017-06-25,25.8,85,10.33005,9.2,15.8
2017-06-26,25.3,90,6.159383333333333,15.8,15.7
2017-06-27,25.9,86,10.934405555555555,2.2,7.8
2017-06-28,26.3,84,11.265025,9.4,12.6
2017-06-29,26.3,84,11.329775000000001,5.2,7.8
2017-06-30,25.4,88,8.178013888888888,58.9,10.6
2017-07-01,26.1,83,11.650616666666666,0.0,16.8
2017-07-02,26.8,82,11.651780555555556,1.2,16.3
2017-07-03,26.6,85,11.309041666666667,6.1,7.4
2017-07-04,26.7,84,11.584325,0.8,12.7
2017-07-05,26.5,85,11.655858333333333,3.4,11.2
2017-07-06,26.0,85,11.142272222222223,0.6,11.2
2017-07-07,26.7,81,9.947316666666666,0.0,10.5
2017-07-08,26.5,83,11.287633333333334,3.2,8.4
2017-07-09,26.3,86,11.662733333333332,5.4,6.5
2017-07-10,25.6,88,11.643825,10.9,7.5
2017-07-11,25.9,86,11.416361111111112,2.2,8.4
2017-07-12,25.6,88,10.2084,2.8,7.6
2017-07-13,26.3,84,7.109936111111111,0.3,8.1
2017-07-14,26.4,85,9.633569444444444,2.0,9.8
2017-07-15,25.6,88,6.079861111111111,6.7,9.1
2017-07-16,25.7,84,10.207155555555556,1.4,7.9
2017-07-17,25.5,77,11.682038888888888,0.0,9.0
2017-07-18,26.0,79,6.347061111111111,0.2,10.7
2017-07-19,26.1,81,10.840919444444443,2.1,9.7
2017-07-20,26.0,86,11.528336111111111,4.1,7.8
2017-07-21,25.9,88,11.149975000000001,1.7,7.6
2017-07-22,26.5,85,11.283416666666668,1.7,8.3
2017-07-23,25.9,89,11.004222222222221,7.9,8.7
2017-07-24,26.2,86,10.876208333333333,1.8,9.4
2017-07-25,26.7,76,11.662116666666668,0.2,13.7
2017-07-26,26.0,75,11.710366666666667,0.0,8.4
2017-07-27,26.3,78,11.109272222222222,0.1,12.5
2017-07-28,26.9,81,10.252052777777777,2.4,12.7
2017-07-29,26.1,87,9.229269444444444,13.2,9.5
2017-07-30,26.6,84,11.587347222222222,0.3,9.9
2017-07-31,26.9,83,11.728525000000001,1.7,15.8
2017-08-01,26.7,66,11.732425000000001,0.0,14.5
2017-08-02,26.1,70,11.736402777777778,0.0,17.0
2017-08-03,26.1,78,11.740461111111111,0.0,14.8
2017-08-04,26.2,74,11.744588888888888,0.0,14.8
2017-08-05,26.6,77,11.748788888888889,0.1,13.2
2017-08-06,26.7,78,11.753052777777777,0.8,10.0
2017-08-07,26.7,80,11.757375000000001,1.4,14.2
2017-08-08,27.0,80,11.400541666666665,1.0,11.8
2017-08-09,27.1,81,11.572511111111112,1.6,15.9
2017-08-10,26.5,82,11.256316666666667,2.9,10.5
2017-08-11,26.6,82,11.677852777777776,1.7,10.1
2017-08-12,26.5,83,10.8451,2.6,10.0
2017-08-13,26.3,84,10.54075,2.4,9.4
2017-08-14,26.6,82,11.168513888888889,0.9,9.0
2017-08-15,26.4,80,11.793641666666668,1.5,11.9
2017-08-16,26.2,77,10.880830555555555,0.1,13.3
2017-08-17,26.4,74,10.954086111111112,0.5,12.1
2017-08-18,27.3,75,11.64611388888889,0.6,18.4
2017-08-19,27.2,76,10.621866666666667,0.3,13.8
2017-08-20,27.8,76,11.717194444444445,0.7,14.2
2017-08-21,27.5,76,11.788816666666666,0.8,11.2
2017-08-22,27.3,75,11.729005555555554,0.0,14.3
2017-08-23,27.4,71,11.832252777777779,0.0,18.6
2017-08-24,27.7,68,11.44595,0.3,17.9
2017-08-25,27.7,73,10.193930555555555,0.5,13.9
2017-08-26,27.8,66,10.413002777777777,0.0,25.4
2017-08-27,26.5,71,11.844241666666665,0.0,21.5
2017-08-28,27.1,73,11.800572222222222,0.9,21.8
2017-08-29,26.7,81,9.311552777777777,4.2,13.8
2017-08-30,27.1,78,11.623908333333333,0.6,15.1
2017-08-31,27.4,78,11.34331388888889,2.3,11.4
2017-09-01,26.8,82,10.739697222222222,2.6,8.8
2017-09-02,27.4,76,11.150577777777778,0.1,15.1
2017-09-03,27.3,72,11.826513888888888,0.0,14.1
2017-09-04,27.9,72,11.625369444444445,0.1,13.7
2017-09-05,27.3,79,11.107591666666668,5.9,10.9
2017-09-06,27.5,76,11.367383333333335,1.2,10.9
2017-09-07,27.2,77,11.81585,1.4,18.9
2017-09-08,27.9,71,11.812980555555557,0.4,20.1
2017-09-09,28.0,74,11.692861111111112,0.1,15.5
2017-09-10,28.1,74,11.370980555555555,0.9,13.0
2017-09-11,28.2,71,11.051716666666668,0.7,14.8
2017-09-12,27.1,78,11.285119444444444,3.8,14.3
2017-09-13,27.1,72,11.797330555555556,0.0,16.7
2017-09-14,28.1,70,11.466191666666667,0.3,14.0
2017-09-15,28.5,74,11.505741666666665,2.0,11.9
2017-09-16,28.6,70,11.787405555555557,2.5,12.0
2017-09-17,28.8,69,11.765647222222222,1.0,16.4
2017-09-18,28.2,72,11.702633333333335,0.2,20.1
2017-09-19,28.0,72,11.382577777777778,1.5,13.4
2017-09-20,27.0,77,11.292261111111111,3.2,9.7
2017-09-21,27.2,73,11.642477777777778,0.5,15.2
2017-09-22,27.8,68,11.768158333333334,0.1,15.6
2017-09-23,28.1,69,11.388327777777778,0.4,14.4
2017-09-24,27.1,78,8.571519444444444,7.8,10.3
2017-09-25,27.3,81,10.356375,4.5,10.7
2017-09-26,26.6,87,7.905075,24.2,12.0
2017-09-27,24.5,95,0.0,45.7,6.9
2017-09-28,26.6,84,9.513736111111111,5.7,6.8
2017-09-29,26.8,84,11.253380555555555,7.7,11.7
2017-09-30,27.2,80,11.269769444444444,1.4,11.2
2017-10-01,27.0,81,10.814483333333333,7.1,10.6
2017-10-02,26.4,85,10.015441666666666,15.3,10.8
2017-10-03,26.3,86,11.145600000000002,7.7,9.2
2017-10-04,26.5,85,11.012227777777778,13.2,12.3
2017-10-05,27.3,83,11.277380555555556,4.0,15.3
2017-10-06,27.2,83,11.123983333333332,9.1,9.8
2017-10-07,27.4,79,11.344872222222222,1.6,10.8
2017-10-08,26.8,83,10.915875,1.5,10.1
2017-10-09,26.7,86,10.437027777777779,18.1,10.5
2017-10-10,26.9,86,8.41228888888889,9.9,11.4
2017-10-11,27.4,83,11.102469444444445,2.8,8.0
2017-10-12,26.9,87,10.307980555555556,6.7,12.2
2017-10-13,27.3,78,11.223552777777778,0.3,15.6
2017-10-14,27.9,76,11.0,0.0,12.4
2017-10-15,27.7,78,10.47503888888889,1.2,11.3
2017-10-16,27.1,79,10.891025,17.1,13.2
2017-10-17,27.3,78,5.695058333333333,0.9,7.6
2017-10-18,26.6,86,9.699966666666667,38.0,10.0
2017-10-19,26.3,87,8.090652777777777,20.9,10.6
2017-10-20,26.9,86,9.816011111111111,17.0,9.4
2017-10-21,27.8,81,11.362072222222222,9.2,7.3
2017-10-22,27.7,82,11.082077777777778,0.4,9.5
2017-10-23,27.2,80,10.121591666666667,4.1,13.4
2017-10-24,27.5,75,11.36311111111111,0.5,12.7
2017-10-25,27.2,78,11.035566666666666,4.1,7.5
2017-10-26,27.6,78,11.101433333333334,0.9,17.1
2017-10-27,27.3,78,11.157977777777779,6.6,9.7
2017-10-28,26.4,88,8.8913,29.9,9.0
2017-10-29,26.4,87,8.734955555555556,13.7,11.8
2017-10-30,27.4,81,11.323388888888887,1.0,9.9
2017-10-31,27.1,81,11.028894444444443,3.2,12.2
2017-11-01,27.5,79,10.707922222222221,0.0,8.4
2017-11-02,27.6,77,11.498850000000001,0.9,14.3
2017-11-03,27.9,77,11.366,0.7,10.3
2017-11-04,27.2,82,11.299216666666666,4.7,11.7
2017-11-05,27.1,83,11.38321388888889,8.4,10.2
2017-11-06,26.7,87,10.210502777777776,17.5,13.1
2017-11-07,25.9,89,2.6164222222222224,14.8,10.1
2017-11-08,26.2,88,9.808452777777777,24.1,11.4
2017-11-09,26.2,88,7.556477777777777,29.3,9.8
2017-11-10,26.8,83,8.297566666666667,0.2,9.1
2017-11-11,27.2,82,11.293966666666666,1.7,8.0
2017-11-12,27.1,84,8.975877777777777,4.8,13.4
2017-11-13,26.6,85,5.8445277777777775,5.9,9.2
2017-11-14,26.5,87,8.972888888888889,22.1,10.1
2017-11-15,26.6,87,2.211266666666667,1.2,8.1
2017-11-16,25.8,90,7.039955555555555,19.4,15.9
2017-11-17,26.5,85,10.155563888888889,7.9,12.9
2017-11-18,26.2,87,7.981933333333333,8.9,7.4
2017-11-19,26.4,88,6.0196555555555555,4.1,7.9
2017-11-20,26.9,77,8.577405555555556,0.2,16.6
2017-11-21,26.9,81,8.796238888888888,10.3,14.0
2017-11-22,27.0,85,5.993716666666667,0.4,12.2
2017-11-23,27.4,80,11.205936111111113,0.9,18.3
2017-11-24,27.9,73,11.546363888888889,0.1,21.3
2017-11-25,27.5,78,10.754352777777777,1.6,18.4
2017-11-26,26.4,84,8.866402777777777,5.1,21.9
2017-11-27,26.1,86,7.419030555555555,2.0,23.0
2017-11-28,26.3,86,4.430241666666667,5.3,22.7
2017-11-29,26.4,87,4.212058333333333,12.8,18.3
2017-11-30,25.3,91,5.594880555555555,17.3,25.0
2017-12-01,26.6,81,10.410788888888888,8.4,27.0
2017-12-02,27.1,74,10.962983333333332,0.0,25.6
2017-12-03,27.7,74,11.891427777777778,0.5,18.6
2017-12-04,27.2,80,11.899480555555554,3.4,18.7
2017-12-05,27.9,71,11.907619444444444,0.0,20.1
2017-12-06,28.0,72,11.915827777777778,0.0,17.7
2017-12-07,27.5,78,11.580986111111113,15.1,13.9
2017-12-08,27.5,78,11.856091666666666,8.9,13.6
2017-12-09,26.9,83,8.448491666666667,10.2,14.9
2017-12-10,26.7,82,5.410327777777778,4.1,16.8
2017-12-11,26.7,84,6.397491666666667,7.8,16.9
2017-12-12,25.9,87,10.296727777777779,6.6,15.6
2017-12-13,25.0,88,0.6181694444444444,9.6,18.9
2017-12-14,25.7,84,2.5631416666666667,3.6,16.5
2017-12-15,25.9,84,9.484644444444445,11.2,14.4
2017-12-16,25.4,87,5.634719444444445,19.5,16.8
2017-12-17,25.3,88,6.024008333333334,23.0,12.8
2017-12-18,26.0,85,8.006991666666666,9.2,16.8
2017-12-19,25.4,89,5.357866666666666,19.8,15.3
2017-12-20,25.0,90,3.3088333333333333,17.5,19.4
2017-12-21,24.9,88,2.227688888888889,3.7,15.5
2017-12-22,25.8,84,7.6429,6.3,15.1
2017-12-23,26.1,82,7.764425,4.3,17.7
2017-12-24,27.1,74,10.900699999999999,0.3,20.8
2017-12-25,27.1,72,12.0,0.0,20.8
2017-12-26,26.7,79,12.0,1.0,17.7
2017-12-27,26.3,84,10.601561111111112,12.4,15.5
2017-12-28,26.5,84,9.2872,2.3,12.3
2017-12-29,26.2,86,11.151658333333334,10.9,11.4
2017-12-30,26.6,85,10.04756388888889,8.9,13.7
2017-12-31,27.1,79,12.0,1.1,15.5
2018-01-01,27.0,78,11.224216666666667,0.3,24.5
2018-01-02,27.4,80,11.72106111111111,1.6,16.4
2018-01-03,27.0,81,8.374008333333334,2.6,12.6
2018-01-04,26.9,82,6.393497222222222,11.2,15.3
2018-01-05,26.2,82,7.356177777777778,4.1,18.2
2018-01-06,25.9,84,4.154388888888889,6.0,19.3
2018-01-07,26.1,83,1.4313416666666667,0.7,16.9
2018-01-08,26.2,85,10.12251388888889,9.7,10.9
2018-01-09,25.7,89,10.126325,12.5,12.9
2018-01-10,26.4,83,11.348819444444445,1.8,12.3
2018-01-11,26.6,79,9.205822222222222,2.6,21.6
2018-01-12,26.6,77,9.12898888888889,0.6,16.9
2018-01-13,26.2,81,8.825050000000001,1.2,15.3
2018-01-14,25.3,87,7.828038888888888,10.5,15.3
2018-01-15,24.9,89,2.629738888888889,17.0,17.4
2018-01-16,24.9,82,5.552311111111111,2.6,22.7
2018-01-17,25.5,86,3.4154694444444447,4.0,10.9
2018-01-18,24.7,91,1.2636611111111111,19.8,15.7
2018-01-19,25.4,88,5.136144444444444,8.7,19.9
2018-01-20,25.5,87,6.817261111111111,0.6,19.2
2018-01-21,26.0,84,9.659147222222222,2.0,19.5
2018-01-22,25.2,89,7.563488888888889,14.0,15.0
2018-01-23,25.7,88,8.06648611111111,17.8,12.6
2018-01-24,26.3,85,10.622008333333333,14.9,11.5
2018-01-25,26.1,83,6.255186111111111,0.3,22.3
2018-01-26,26.0,85,10.577255555555556,8.1,17.1
2018-01-27,26.6,81,12.0,1.5,19.0
2018-01-28,25.4,84,1.6203666666666665,8.3,19.1
2018-01-29,25.2,88,10.95983888888889,9.8,19.1
2018-01-30,25.2,88,9.35868611111111,16.8,16.9
2018-01-31,26.0,85,10.584344444444444,4.3,16.3
2018-02-01,25.9,87,8.496836111111111,17.4,14.1
2018-02-02,26.3,85,10.590413888888888,3.6,12.8
2018-02-03,26.3,85,6.54625,6.5,17.6
2018-02-04,25.4,89,9.723658333333333,12.4,14.8
2018-02-05,24.5,92,2.2248,46.9,9.4
2018-02-06,24.8,91,9.234475,32.7,15.0
2018-02-07,25.2,89,10.676511111111111,9.1,14.3
2018-02-08,25.2,88,5.842961111111111,11.7,16.6
2018-02-09,25.1,89,11.929733333333333,9.0,16.2
2018-02-10,25.6,87,11.97763611111111,9.0,15.6
2018-02-11,25.4,87,8.952002777777778,3.0,13.1
2018-02-12,25.2,88,10.200302777777777,12.0,16.5
2018-02-13,25.5,86,10.501422222222223,6.6,17.1
2018-02-14,25.2,89,8.965516666666668,7.8,11.8
2018-02-15,24.3,92,3.679405555555556,15.1,16.2
2018-02-16,25.4,88,8.0,5.7,15.0
2018-02-17,25.9,86,9.129480555555554,3.1,13.0
2018-02-18,25.8,88,11.028858333333334,8.9,9.9
2018-02-19,26.1,86,9.571383333333333,4.3,15.5
2018-02-20,25.9,87,9.028041666666667,7.6,12.6
2018-02-21,25.9,87,10.152019444444443,12.2,13.5
2018-02-22,25.6,89,9.837147222222223,9.4,13.8
2018-02-23,25.5,88,10.202613888888889,7.6,16.0
2018-02-24,26.0,83,11.499369444444445,4.0,12.9
2018-02-25,25.9,88,9.478930555555555,7.2,9.7
2018-02-26,25.3,90,3.299122222222222,13.4,9.2
2018-02-27,25.8,89,8.821783333333332,18.3,11.9
2018-02-28,25.6,90,4.339838888888889,15.5,11.0
2018-03-01,25.6,89,9.636313888888889,10.8,9.1
2018-03-02,26.2,87,9.793830555555555,9.5,8.7
2018-03-03,26.2,89,7.934855555555555,12.3,9.0
2018-03-04,26.5,86,9.700227777777778,5.4,10.0
2018-03-05,25.6,90,6.445086111111111,19.8,10.9
2018-03-06,25.8,90,9.098755555555556,8.2,11.9
2018-03-07,26.1,86,9.536427777777778,14.9,15.0
2018-03-08,25.6,89,2.6267805555555555,4.3,11.0
2018-03-09,26.2,88,10.393788888888889,14.0,12.0
2018-03-10,25.9,88,9.921233333333333,14.4,11.2
2018-03-11,25.5,90,8.047666666666666,25.0,15.1
2018-03-12,25.6,89,7.108275,7.7,17.3
2018-03-13,25.8,87,9.08456111111111,5.4,12.8
2018-03-14,26.3,85,11.971130555555556,1.4,9.5
2018-03-15,26.9,81,11.973044444444444,0.0,16.5
2018-03-16,26.7,84,10.975027777777777,6.3,8.1
2018-03-17,25.8,89,6.408433333333334,6.2,7.0
2018-03-18,26.4,86,11.476177777777778,1.5,10.5
2018-03-19,26.4,86,11.612811111111112,6.0,8.6
2018-03-20,26.9,84,10.472733333333332,1.2,13.1
2018-03-21,25.9,86,9.218630555555556,8.9,18.8
2018-03-22,25.9,85,10.5238,5.2,14.1
2018-03-23,26.4,85,10.369688888888888,2.6,11.0
2018-03-24,25.7,86,4.221263888888888,13.9,16.0
2018-03-25,26.0,83,9.351433333333334,2.6,18.2
2018-03-26,25.8,85,5.6937,11.1,12.6
2018-03-27,25.7,86,8.05305,8.9,15.0
2018-03-28,26.7,81,11.35918888888889,0.6,11.9
2018-03-29,26.5,82,11.947975,3.3,11.7
2018-03-30,27.0,80,11.940133333333334,0.9,17.1
2018-03-31,26.9,82,11.760655555555555,4.3,14.3
2018-04-01,26.5,85,11.700608333333333,6.7,14.0
2018-04-02,25.8,89,10.501108333333333,20.0,12.6
2018-04-03,25.9,88,10.127961111111112,13.9,10.0
2018-04-04,26.1,88,11.01677222222222,8.4,10.4
2018-04-05,26.5,86,11.783869444444445,3.8,10.2
2018-04-06,26.6,84,11.07575,1.5,9.0
2018-04-07,26.4,87,10.597183333333334,11.8,12.0
2018-04-08,25.4,89,9.382552777777779,11.1,14.1
2018-04-09,25.9,87,8.993455555555554,5.9,9.7
2018-04-10,26.6,86,11.161975,4.5,13.1
2018-04-11,26.9,84,11.848577777777777,1.4,13.5
2018-04-12,26.3,87,11.54616388888889,6.9,14.8
2018-04-13,26.8,86,11.430127777777777,10.3,11.2
2018-04-14,27.1,86,10.962502777777779,3.0,11.3
2018-04-15,26.7,87,11.373022222222222,1.1,10.8
2018-04-16,27.0,86,11.704091666666667,2.5,10.0
2018-04-17,26.4,89,9.562141666666667,14.2,7.5
2018-04-18,26.5,86,11.057408333333333,2.2,8.4
2018-04-19,26.5,88,11.651716666666667,15.3,8.6
2018-04-20,26.5,87,11.787466666666665,6.2,10.7
2018-04-21,26.6,85,11.068252777777777,1.4,7.7
2018-04-22,26.6,86,10.561491666666667,2.7,9.8
2018-04-23,25.2,93,0.0,8.5,7.1
2018-04-24,25.7,91,5.500180555555556,12.8,10.1
2018-04-25,25.3,92,3.986936111111111,7.1,9.2
2018-04-26,25.6,87,11.051963888888888,12.7,14.0
2018-04-27,26.3,87,10.229994444444445,13.2,15.6
2018-04-28,26.7,84,11.1657,2.8,11.0
2018-04-29,27.1,85,11.427372222222223,4.9,7.1
2018-04-30,26.9,82,11.736638888888889,0.1,13.8
2018-05-01,26.8,80,11.56755,1.2,10.6
2018-05-02,26.5,80,11.637772222222223,0.4,9.5
2018-05-03,26.4,84,11.173027777777778,5.6,10.0
2018-05-04,26.4,86,10.72126388888889,3.2,7.0
2018-05-05,27.1,83,11.513577777777778,0.6,13.6
2018-05-06,27.5,80,11.583702777777779,2.8,13.2
2018-05-07,27.1,80,11.710177777777778,0.0,14.6
2018-05-08,26.8,83,11.387466666666667,1.6,11.0
2018-05-09,27.0,83,11.524916666666666,0.7,16.8
2018-05-10,26.9,82,11.595116666666666,1.3,13.2
2018-05-11,26.8,80,11.66542222222222,1.4,14.5
2018-05-12,27.0,78,11.532541666666667,0.8,11.0
2018-05-13,27.3,82,11.467044444444445,0.1,15.0
2018-05-14,27.4,81,11.605152777777779,2.6,12.8
2018-05-15,27.2,82,11.199030555555556,1.8,11.4
2018-05-16,26.7,86,6.977766666666667,7.1,11.7
2018-05-17,26.4,88,6.946236111111111,14.1,9.2
2018-05-18,26.4,87,11.0,7.0,14.5
2018-05-19,25.7,91,9.429572222222221,13.8,11.6
2018-05-20,26.1,88,10.173608333333332,14.2,8.7
2018-05-21,26.5,86,11.20711388888889,8.0,11.8
2018-05-22,26.7,87,10.010058333333333,13.5,12.7
2018-05-23,26.0,90,6.496252777777777,22.3,8.6
2018-05-24,26.0,89,5.057211111111111,1.1,8.3
2018-05-25,26.3,88,9.400327777777777,5.6,12.6
2018-05-26,26.6,88,10.36376388888889,8.8,10.0
2018-05-27,26.4,88,10.074327777777778,5.7,10.4
2018-05-28,26.8,86,10.993091666666666,3.5,9.7
2018-05-29,26.8,83,11.547908333333334,0.0,11.8
2018-05-30,26.7,86,11.12841388888889,1.8,9.2
2018-05-31,27.0,83,11.263486111111112,0.3,9.4
2018-06-01,26.3,80,11.607249999999999,0.0,12.7
2018-06-02,26.5,84,11.255552777777778,1.9,12.6
2018-06-03,26.9,83,11.321022222222222,1.6,12.5
2018-06-04,27.0,84,11.055694444444445,2.7,11.8
2018-06-05,26.7,87,11.31238611111111,4.6,12.0
2018-06-06,26.9,87,11.377766666666666,4.3,8.4
2018-06-07,27.0,86,11.233480555555555,3.2,10.2
2018-06-08,26.7,87,11.298794444444445,1.8,11.0
2018-06-09,26.9,84,11.364169444444444,0.9,8.8
2018-06-10,27.1,83,11.21948888888889,2.4,8.1
2018-06-11,27.3,83,11.214819444444444,0.5,8.1
2018-06-12,26.9,84,11.280294444444444,4.1,8.1
2018-06-13,26.9,83,11.345883333333333,1.2,10.3
2018-06-14,27.1,83,11.355105555555555,1.6,9.2
2018-06-15,26.6,85,11.33633888888889,3.4,8.9
2018-06-16,27.1,82,11.471725,0.8,14.3
2018-06-17,27.2,78,11.39626111111111,0.0,18.1
2018-06-18,26.7,80,11.601691666666666,1.0,17.1
2018-06-19,26.2,78,11.596230555555556,0.0,9.3
2018-06-20,27.3,77,10.905886111111112,0.0,18.6
2018-06-21,27.2,80,11.233561111111111,0.5,17.7
2018-06-22,26.4,84,10.796322222222223,4.4,15.3
2018-06-23,26.0,87,10.257041666666666,9.0,14.6
2018-06-24,25.7,88,10.232677777777777,17.4,11.1
2018-06-25,24.1,94,0.0,16.7,9.5
2018-06-26,25.6,84,8.113577777777778,3.9,8.8
2018-06-27,25.9,84,9.428080555555555,3.4,9.4
2018-06-28,26.0,86,10.9336,2.0,8.1
2018-06-29,26.0,84,10.874316666666667,1.2,8.6
2018-06-30,26.0,85,10.650030555555556,2.0,7.6
2018-07-01,26.2,81,11.460202777777779,0.0,11.0
2018-07-02,25.9,82,11.651152777777778,0.0,9.8
2018-07-03,25.9,82,11.652358333333332,0.2,9.7
2018-07-04,26.5,79,10.644772222222223,0.0,8.8
2018-07-05,26.4,74,11.556099999999999,0.5,8.1
2018-07-06,24.8,67,11.656886111111112,0.0,12.7
2018-07-07,24.6,74,11.433811111111112,0.0,8.7
2018-07-08,25.9,77,11.660472222222221,0.0,11.9
2018-07-09,26.7,78,11.564955555555555,0.0,11.5
2018-07-10,26.5,83,11.120697222222223,1.9,10.2
2018-07-11,26.5,83,10.838616666666665,0.5,10.5
2018-07-12,26.3,74,11.622286111111112,0.1,13.9
2018-07-13,26.0,76,11.671244444444445,0.5,12.4
2018-07-14,25.8,80,11.406366666666667,2.9,9.4
2018-07-15,25.9,75,11.655372222222221,2.4,12.9
2018-07-16,26.0,73,11.678819444444445,0.0,14.1
2018-07-17,26.2,77,11.673805555555555,0.0,12.0
2018-07-18,26.5,78,11.684283333333333,0.0,10.9
2018-07-19,26.8,77,11.668083333333334,0.2,14.5
2018-07-20,27.4,78,11.665613888888888,0.7,13.2
2018-07-21,27.4,81,9.643699999999999,2.9,11.5
2018-07-22,27.3,81,11.422230555555556,0.9,11.2
2018-07-23,27.3,80,11.591341666666667,0.6,10.0
2018-07-24,27.2,78,11.702430555555555,0.7,9.3
2018-07-25,26.9,79,11.657694444444443,0.8,13.0
2018-07-26,26.7,79,11.451633333333332,1.2,11.3
2018-07-27,26.6,76,11.712747222222221,0.2,14.4
2018-07-28,25.9,74,11.716369444444444,0.0,15.0
2018-07-29,25.9,76,11.456838888888889,0.0,13.9
2018-07-30,26.0,76,11.72386388888889,0.0,14.2
2018-07-31,26.5,75,11.727725,0.4,11.2
2018-08-01,26.8,77,11.2499,3.0,13.6
2018-08-02,26.2,78,11.513427777777776,1.1,13.1
2018-08-03,26.2,69,10.821252777777778,0.0,16.6
2018-08-04,25.7,63,11.238041666666666,0.0,16.2
2018-08-05,26.0,64,11.421922222222221,0.0,14.9
2018-08-06,26.3,58,11.752255555555557,0.0,16.5
2018-08-07,26.4,69,9.164013888888888,0.0,15.3
2018-08-08,26.6,71,11.332102777777777,0.7,12.3
2018-08-09,27.2,76,11.114133333333333,1.8,10.3
2018-08-10,27.5,73,10.989969444444444,3.6,14.8
2018-08-11,27.2,76,11.7428,0.9,12.0
2018-08-12,27.4,76,11.647727777777778,3.0,10.2
2018-08-13,27.4,78,10.908375000000001,2.7,9.2
2018-08-14,27.1,79,11.686725,2.6,11.9
2018-08-15,27.3,76,11.79215,0.3,13.0
2018-08-16,27.1,73,11.796844444444444,0.1,16.2
2018-08-17,26.9,70,11.801602777777777,0.3,14.6
2018-08-18,26.5,62,11.806419444444444,0.0,15.6
2018-08-19,26.6,67,11.811288888888889,0.0,17.2
2018-08-20,27.2,72,11.816208333333332,0.0,17.2
2018-08-21,27.6,71,11.821175,0.2,13.9
2018-08-22,28.0,70,11.794205555555555,0.9,10.9
2018-08-23,27.8,74,11.4719,0.6,10.7
2018-08-24,27.4,77,11.67561111111111,2.4,11.6
2018-08-25,27.8,71,11.813458333333333,1.3,14.0
2018-08-26,27.6,72,11.558391666666667,0.2,13.7
2018-08-27,27.8,74,11.844552777777778,0.5,14.4
2018-08-28,27.8,74,11.819694444444444,2.1,11.5
2018-08-29,27.2,76,11.493255555555557,1.2,14.4
2018-08-30,27.4,76,11.754077777777779,0.8,16.6
2018-08-31,27.7,71,11.835475,1.8,13.7
2018-09-01,26.9,79,10.51811111111111,5.8,13.3
2018-09-02,26.5,84,10.637358333333333,10.3,13.1
2018-09-03,26.9,77,11.258141666666665,1.2,14.0
2018-09-04,26.9,63,11.825294444444443,1.0,14.5
2018-09-05,26.8,67,11.690244444444444,0.2,13.5
2018-09-06,27.2,73,9.367108333333332,0.7,16.6
2018-09-07,27.6,72,11.303313888888889,1.4,15.2
2018-09-08,27.3,76,11.368961111111112,1.5,13.4
2018-09-09,27.6,73,11.810191666666668,0.1,14.5
2018-09-10,27.8,65,11.806983333333333,0.0,19.0
2018-09-11,28.1,64,11.803747222222222,1.4,19.2
2018-09-12,27.7,68,11.695694444444445,0.9,17.8
2018-09-13,27.5,63,11.310127777777778,0.0,17.3
2018-09-14,27.3,64,11.793991666666667,0.0,19.6
2018-09-15,27.0,69,11.017858333333333,1.3,14.8
2018-09-16,27.1,69,11.63571111111111,0.3,16.3
2018-09-17,27.6,63,11.058019444444446,0.0,16.9
2018-09-18,28.3,62,11.380916666666668,0.1,15.5
2018-09-19,27.3,70,8.139833333333334,0.7,14.0
2018-09-20,27.5,75,10.126411111111112,12.6,15.4
2018-09-21,26.4,82,4.552969444444444,9.5,7.9
2018-09-22,28.1,72,11.707341666666666,0.0,13.7
2018-09-23,27.9,74,11.515969444444444,0.3,15.1
2018-09-24,27.8,70,11.763991666666668,0.0,15.4
2018-09-25,27.8,69,11.711627777777778,0.4,13.0
2018-09-26,27.8,71,11.45618611111111,0.7,13.0
2018-09-27,28.0,75,11.393497222222221,2.0,13.0
2018-09-28,28.0,72,11.652141666666667,0.0,17.1
2018-09-29,28.4,64,11.6538,0.1,17.8
2018-09-30,28.4,66,11.59118611111111,0.1,15.4
2018-10-01,28.3,72,11.335613888888888,1.3,10.0
2018-10-02,28.3,76,11.658883333333334,0.5,12.3
2018-10-03,27.9,78,11.338788888888889,3.0,14.1
2018-10-04,28.5,76,11.082791666666667,1.5,17.8
2018-10-05,28.7,73,11.019772222222223,0.0,14.8
2018-10-06,28.6,69,11.665641666666666,0.7,14.2
2018-10-07,28.8,66,11.602777777777778,0.5,16.1
2018-10-08,28.9,62,11.66886388888889,0.0,20.5
2018-10-09,28.8,62,11.54126388888889,0.0,15.1
2018-10-10,28.9,65,11.284183333333333,0.3,16.2
2018-10-11,28.7,68,11.285327777777779,1.0,10.6
2018-10-12,28.0,71,11.092302777777778,1.9,12.9
2018-10-13,28.9,66,10.443225,0.1,11.5
2018-10-14,28.3,70,11.353522222222223,3.1,14.3
2018-10-15,27.9,76,10.984680555555554,2.3,13.0
2018-10-16,28.1,74,11.0,1.1,12.1
2018-10-17,28.6,69,11.291899999999998,0.0,13.7
2018-10-18,28.1,71,10.803908333333334,3.1,10.8
2018-10-19,28.2,70,10.122461111111111,1.4,12.1
2018-10-20,27.7,76,11.033891666666667,5.8,12.0
2018-10-21,28.5,73,11.42623888888889,1.1,17.9
2018-10-22,28.1,76,11.100330555555557,3.6,10.7
2018-10-23,26.4,84,8.0,14.4,12.7
2018-10-24,28.1,76,11.363394444444445,1.8,13.2
2018-10-25,28.3,73,11.429688888888888,1.0,12.2
2018-10-26,28.0,76,11.364661111111111,2.1,11.8
2018-10-27,26.8,86,7.9296500000000005,27.0,11.3
2018-10-28,27.0,83,10.679347222222223,4.2,11.0
2018-10-29,27.3,82,10.181466666666667,11.1,14.9
2018-10-30,26.7,85,8.51091388888889,8.3,9.7
2018-10-31,27.1,84,10.514866666666666,3.4,10.0
2018-11-01,27.7,79,11.0,2.3,11.2
2018-11-02,27.5,80,11.115708333333334,2.7,14.2
2018-11-03,27.1,83,10.381855555555555,9.5,9.7
2018-11-04,26.9,87,9.44658888888889,4.2,8.0
2018-11-05,27.1,85,10.185213888888889,3.7,10.6
2018-11-06,27.1,85,10.386172222222223,10.8,9.9
2018-11-07,26.5,88,6.241963888888889,25.7,9.7
2018-11-08,26.1,89,5.3996,29.0,8.3
2018-11-09,25.9,91,2.066527777777778,15.3,10.2
2018-11-10,26.2,88,9.0365,15.8,9.7
2018-11-11,26.0,89,5.899819444444444,23.5,9.5
2018-11-12,26.4,89,7.527327777777778,11.4,8.2
2018-11-13,27.1,80,10.689941666666668,0.3,16.1
2018-11-14,27.1,77,6.245705555555555,0.3,15.9
2018-11-15,28.5,73,11.695433333333332,0.0,16.1
2018-11-16,28.8,71,11.781858333333334,0.7,12.0
2018-11-17,27.9,77,10.9208,5.4,15.8
2018-11-18,26.9,86,7.558002777777778,7.9,15.4
2018-11-19,27.2,84,10.07922222222222,5.1,12.7
2018-11-20,27.0,85,11.213402777777778,4.0,11.9
2018-11-21,26.6,87,9.417452777777779,9.0,11.8
2018-11-22,27.4,81,11.645866666666667,3.3,9.5
2018-11-23,26.7,84,9.857713888888888,9.7,6.8
2018-11-24,26.7,85,9.994269444444445,4.5,10.2
2018-11-25,26.2,87,10.453983333333332,13.3,8.5
2018-11-26,26.5,85,10.032830555555556,15.8,10.8
2018-11-27,26.3,86,11.402822222222223,4.7,9.1
2018-11-28,26.3,88,8.96288611111111,8.4,10.2
2018-11-29,26.4,89,9.578211111111111,15.4,8.7
2018-11-30,26.2,88,9.045858333333333,6.3,9.6
2018-12-01,26.6,86,10.093869444444444,9.2,8.8
2018-12-02,26.9,83,9.972008333333335,2.0,9.1
2018-12-03,26.0,89,8.304658333333334,12.0,9.3
2018-12-04,25.5,92,3.3900111111111113,14.9,10.9
2018-12-05,26.3,89,6.078519444444444,10.9,11.0
2018-12-06,26.4,86,8.604991666666667,11.3,8.7
2018-12-07,26.8,86,11.518461111111112,6.4,9.0
2018-12-08,27.1,86,11.648555555555557,10.7,10.0
2018-12-09,26.9,84,6.112233333333333,2.5,10.4
2018-12-10,26.9,87,9.520702777777778,7.3,8.0
2018-12-11,27.0,88,9.272816666666667,4.7,11.6
2018-12-12,26.2,88,6.307183333333334,10.0,10.9
2018-12-13,27.5,78,11.969444444444445,0.0,12.3
2018-12-14,26.6,82,10.390736111111112,3.9,20.3
2018-12-15,25.4,87,0.36320555555555556,11.2,13.6
2018-12-16,27.9,73,11.994952777777778,0.2,21.4
2018-12-17,27.7,74,10.741677777777777,0.7,12.9
2018-12-18,27.3,76,11.385144444444444,0.1,15.9
2018-12-19,27.0,75,12.0,0.1,10.1
2018-12-20,27.1,73,11.755358333333334,0.0,14.2
2018-12-21,27.1,73,10.463122222222221,1.0,12.2
2018-12-22,26.7,79,8.793800000000001,1.3,10.2
2018-12-23,26.2,82,8.782419444444445,8.1,17.4
2018-12-24,26.5,80,10.749194444444443,11.0,19.1
2018-12-25,25.5,85,5.831441666666667,9.4,17.7
2018-12-26,24.6,91,1.0207583333333334,30.3,16.4
2018-12-27,26.6,80,11.656447222222223,1.9,18.4
2018-12-28,27.0,79,12.0,0.6,22.1
2018-12-29,27.2,80,12.0,0.9,24.3
2018-12-30,27.4,78,11.819780555555555,1.2,25.3
2018-12-31,26.8,81,12.0,2.2,19.6
2019-01-01,24.9,92,1.0342555555555557,13.3,15.0
2019-01-02,26.2,85,11.854444444444445,8.6,17.9
2019-01-03,25.8,83,6.208658333333333,14.3,24.0
2019-01-04,27.1,73,12.0,0.1,17.2
2019-01-05,27.1,79,12.0,1.3,12.1
2019-01-06,27.5,81,12.0,0.4,12.3
2019-01-07,26.7,86,11.0,25.0,11.5
2019-01-08,26.6,88,9.364372222222222,17.3,8.2
2019-01-09,26.2,90,12.0,16.2,11.6
2019-01-10,26.6,87,11.135575,7.0,11.8
2019-01-11,27.1,85,11.893086111111112,4.8,13.8
2019-01-12,26.9,86,12.0,7.4,13.0
2019-01-13,26.0,91,10.0,9.9,12.2
2019-01-14,25.5,90,2.2390916666666665,11.6,13.9
2019-01-15,26.4,85,8.315758333333333,7.7,16.2
2019-01-16,26.1,86,9.3826,9.7,17.7
2019-01-17,25.8,88,8.316708333333334,11.4,16.9
2019-01-18,26.3,87,5.863261111111112,10.7,15.3
2019-01-19,26.1,88,8.54063888888889,6.9,15.8
2019-01-20,26.8,85,10.304972222222222,6.1,15.0
2019-01-21,25.8,89,3.768563888888889,13.8,14.0
2019-01-22,25.1,91,0.0,13.1,17.1
2019-01-23,25.9,87,6.717638888888889,6.9,13.5
2019-01-24,26.6,86,10.39481111111111,4.1,15.8
2019-01-25,25.0,92,0.344775,10.4,9.8
2019-01-26,26.5,87,10.688783333333333,3.8,19.4
2019-01-27,25.8,89,2.0124472222222223,13.8,18.2
2019-01-28,26.5,87,11.645033333333334,4.4,19.1
2019-01-29,26.1,88,9.356816666666667,8.2,16.9
2019-01-30,25.8,89,8.945055555555555,25.4,16.1
2019-01-31,26.4,85,11.608580555555555,4.8,12.0
2019-02-01,25.9,89,10.589341666666666,15.9,12.6
2019-02-02,26.4,87,9.94493611111111,4.7,10.3
2019-02-03,26.2,88,11.177925,12.9,10.5
2019-02-04,26.7,86,10.831408333333334,10.2,14.1
2019-02-05,26.7,85,11.994508333333334,5.8,16.2
2019-02-06,26.2,89,11.30546388888889,10.3,12.5
2019-02-07,26.7,85,9.831669444444445,2.4,13.2
2019-02-08,26.2,88,10.64386388888889,11.3,12.5
2019-02-09,26.5,84,10.97758611111111,6.7,11.2
2019-02-10,26.1,88,10.262752777777779,27.9,14.0
2019-02-11,26.1,89,10.85801111111111,24.2,10.7
2019-02-12,26.2,88,8.84343611111111,2.5,11.5
2019-02-13,26.3,86,11.970169444444444,3.4,10.9
2019-02-14,26.3,87,11.35616388888889,3.6,11.4
2019-02-15,25.0,93,2.556475,65.0,10.5
2019-02-16,25.9,90,7.23395,25.8,13.8
2019-02-17,25.5,89,9.09688888888889,15.6,11.9
2019-02-18,26.0,89,6.874341666666667,6.4,10.8
2019-02-19,26.7,86,11.960472222222222,5.7,9.7
2019-02-20,26.3,89,6.648508333333334,17.0,10.8
2019-02-21,25.8,90,8.433955555555556,18.7,9.3
2019-02-22,26.1,88,10.327741666666668,18.2,10.0
2019-02-23,26.1,90,10.451616666666666,7.0,9.1
2019-02-24,26.1,89,11.272475000000002,13.0,13.6
2019-02-25,26.5,88,11.808688888888888,7.6,10.5
2019-02-26,27.2,84,11.956072222222222,1.7,14.5
2019-02-27,26.9,88,11.484161111111112,3.3,13.7
2019-02-28,26.9,88,10.592558333333333,3.3,10.5
2019-03-01,26.3,90,7.922494444444444,14.1,9.7
2019-03-02,25.7,91,3.5471861111111114,27.6,10.2
2019-03-03,25.2,92,1.3191305555555555,16.9,8.9
2019-03-04,26.7,85,11.477547222222222,1.5,13.7
2019-03-05,25.8,92,5.5805333333333325,28.6,7.7
2019-03-06,24.9,93,0.8898805555555556,30.7,7.7
2019-03-07,25.7,87,0.08155277777777777,4.2,7.6
2019-03-08,26.5,86,11.524133333333333,7.8,9.7
2019-03-09,26.6,86,10.467069444444444,5.9,9.5
2019-03-10,27.1,82,9.532658333333334,0.3,19.3
2019-03-11,25.8,89,10.861983333333333,22.7,15.8
2019-03-12,25.8,90,9.02773611111111,11.0,10.3
2019-03-13,26.6,87,11.96936111111111,1.2,10.0
2019-03-14,26.9,86,7.998008333333334,0.7,10.5
2019-03-15,27.3,83,10.405475,3.1,14.5
2019-03-16,26.6,83,6.820291666666667,3.4,15.5
2019-03-17,26.6,84,8.089691666666667,4.9,15.0
2019-03-18,26.6,83,10.856230555555555,0.9,17.0
2019-03-19,26.1,87,7.7936,14.1,21.1
2019-03-20,26.6,85,11.0,3.7,13.7
2019-03-21,26.4,88,10.549011111111112,10.4,14.8
2019-03-22,26.4,88,10.896752777777778,8.4,12.7
2019-03-23,26.4,87,11.984802777777778,10.9,17.2
2019-03-24,26.3,88,7.396658333333334,5.1,14.5
2019-03-25,26.7,87,10.055616666666667,9.1,13.8
2019-03-26,26.7,88,11.538461111111111,7.9,11.4
2019-03-27,26.2,90,9.715863888888888,14.3,7.9
2019-03-28,26.4,89,7.6318,6.1,9.5
2019-03-29,26.8,86,10.964766666666668,2.1,10.1
2019-03-30,26.9,83,11.788266666666667,0.3,9.7
2019-03-31,26.3,87,10.655991666666667,4.8,9.4
2019-04-01,26.4,88,8.082761111111111,11.6,12.8
2019-04-02,27.0,83,9.42045,1.3,15.1
2019-04-03,26.3,87,11.51498611111111,7.5,8.6
2019-04-04,26.8,84,11.902291666666667,4.1,9.5
2019-04-05,26.4,87,11.894702777777779,3.9,13.1
2019-04-06,27.0,87,10.845497222222223,5.6,8.8
2019-04-07,26.6,89,11.856872222222222,6.2,8.9
2019-04-08,27.0,87,10.101033333333334,2.4,7.9
2019-04-09,26.9,87,9.958830555555556,1.6,8.9
2019-04-10,27.2,86,11.805580555555554,3.3,8.4
2019-04-11,27.0,86,11.851930555555555,2.0,13.2
2019-04-12,26.9,86,10.377238888888888,11.2,13.2
2019-04-13,27.3,87,11.299027777777777,12.3,10.2
2019-04-14,26.7,87,10.562711111111112,8.4,12.2
2019-04-15,26.5,90,8.070722222222221,11.7,8.4
2019-04-16,26.4,90,8.197258333333334,13.0,8.4
2019-04-17,26.9,86,8.16435,8.2,12.1
2019-04-18,26.9,88,9.820544444444444,8.6,9.4
2019-04-19,26.3,90,10.0,15.9,12.8
2019-04-20,26.5,87,7.2981638888888885,31.9,8.2
2019-04-21,27.3,84,11.06755,7.3,14.2
2019-04-22,27.8,82,11.006722222222221,1.6,11.4
2019-04-23,27.0,86,9.799499999999998,7.9,14.3
2019-04-24,26.1,90,4.651191666666667,11.5,10.8
2019-04-25,26.8,87,9.507816666666667,18.2,11.2
2019-04-26,26.7,89,11.084702777777778,15.5,9.6
2019-04-27,25.9,91,2.663913888888889,18.6,8.2
2019-04-28,26.3,90,7.874797222222222,7.1,8.9
2019-04-29,26.8,89,7.1635027777777776,11.3,8.3
2019-04-30,26.8,88,8.848758333333333,9.5,12.0
2019-05-01,26.6,86,6.551394444444445,1.7,16.9
2019-05-02,27.3,81,11.302530555555556,1.2,13.8
2019-05-03,27.4,85,11.372341666666667,0.9,7.9
2019-05-04,27.0,86,11.241427777777778,4.4,9.7
2019-05-05,26.5,87,11.311202777777778,2.8,12.4
2019-05-06,26.5,88,10.740491666666665,8.5,7.9
2019-05-07,27.1,84,11.316622222222222,1.8,8.9
2019-05-08,26.9,87,11.049822222222222,3.0,8.9
2019-05-09,26.3,90,10.353675,10.4,10.1
2019-05-10,26.4,88,9.556808333333334,8.8,9.8
2019-05-11,26.8,88,10.452408333333333,6.1,10.9
2019-05-12,26.2,90,8.261258333333332,14.4,12.4
2019-05-13,26.8,87,11.0,5.6,9.6
2019-05-14,26.3,87,10.0,19.3,15.5
2019-05-15,26.5,88,9.728602777777779,29.6,10.8
2019-05-16,26.5,87,9.913908333333334,1.3,8.0
2019-05-17,26.8,86,10.687652777777778,2.0,9.4
2019-05-18,26.8,83,11.096077777777777,0.4,8.6
2019-05-19,27.0,82,11.478338888888889,1.9,9.1
2019-05-20,26.9,86,11.205802777777778,4.9,11.5
2019-05-21,27.2,84,11.41268611111111,0.6,11.0
2019-05-22,27.3,82,11.139083333333332,2.1,10.9
2019-05-23,27.2,82,11.621333333333334,0.0,10.5
2019-05-24,27.1,83,11.484802777777778,1.0,14.3
2019-05-25,27.1,83,11.416766666666668,0.9,10.0
2019-05-26,27.3,80,10.999591666666666,0.3,6.6
2019-05-27,27.5,83,11.206933333333334,2.3,12.5
2019-05-28,27.6,83,11.342169444444444,0.5,13.4
2019-05-29,27.3,82,11.26966388888889,2.5,9.4
2019-05-30,26.8,85,11.127480555555556,8.3,11.5
2019-05-31,27.0,81,11.054302777777778,0.3,12.4
2019-06-01,27.3,82,11.189411111111111,1.6,9.1
2019-06-02,27.2,82,10.771719444444445,0.8,7.9
2019-06-03,26.7,82,10.465194444444444,1.8,10.1
2019-06-04,27.0,83,11.456369444444444,0.4,13.4
2019-06-05,27.5,81,11.4525,0.4,11.5
2019-06-06,27.2,84,11.378747222222222,3.4,9.0
2019-06-07,26.3,89,10.602147222222223,3.8,8.4
2019-06-08,26.4,87,11.230808333333334,3.7,8.4
2019-06-09,27.0,82,11.366469444444444,0.3,11.0
2019-06-10,26.9,79,11.572094444444446,0.0,9.7
2019-06-11,27.5,78,11.357283333333333,0.1,10.8
2019-06-12,27.7,80,11.632808333333333,0.4,11.0
2019-06-13,27.8,80,11.48755,0.4,9.8
2019-06-14,27.0,87,6.7469472222222215,7.0,9.1
2019-06-15,27.5,84,10.481466666666666,9.6,9.2
2019-06-16,27.1,85,10.512763888888887,2.1,9.8
2019-06-17,26.9,80,11.49821388888889,0.0,15.9
2019-06-18,26.6,78,11.645580555555554,0.4,15.3
2019-06-19,26.4,79,11.645227777777778,0.0,12.0
2019-06-20,27.0,77,11.644983333333334,0.0,11.3
2019-06-21,26.9,74,11.644841666666666,0.0,9.7
2019-06-22,26.8,77,11.367744444444444,0.0,11.5
2019-06-23,26.9,78,11.151366666666666,0.3,8.7
2019-06-24,26.7,81,11.356875,0.3,11.5
2019-06-25,26.8,76,11.645358333333334,0.0,14.8
2019-06-26,26.8,74,11.645758333333335,0.0,11.5
2019-06-27,27.3,75,11.646263888888889,0.2,11.4
2019-06-28,27.6,72,11.646902777777777,0.3,12.4
2019-06-29,27.2,70,11.647730555555556,0.0,13.7
2019-06-30,27.3,69,11.648680555555556,0.4,13.6
2019-07-01,27.2,73,11.64974722222222,0.3,15.3
2019-07-02,27.5,75,11.650925,0.7,15.6
2019-07-03,27.9,71,11.652216666666668,0.4,14.8
2019-07-04,27.3,81,11.485991666666667,4.4,11.2
2019-07-05,27.1,81,10.642838888888889,5.6,11.9
2019-07-06,27.4,82,11.656736111111112,0.3,16.8
2019-07-07,27.4,77,11.573930555555556,1.1,16.1
2019-07-08,26.9,77,11.429586111111112,4.6,14.0
2019-07-09,26.8,81,11.146049999999999,2.5,10.8
2019-07-10,26.8,73,11.664169444444445,0.0,20.7
2019-07-11,26.4,74,11.666261111111112,0.0,14.5
2019-07-12,26.7,72,11.668441666666666,0.0,12.1
2019-07-13,27.1,75,11.670708333333334,0.1,12.6
2019-07-14,26.8,74,11.67306111111111,0.4,11.5
2019-07-15,26.8,68,11.675491666666666,0.1,17.5
2019-07-16,26.7,66,11.678,0.0,14.5
2019-07-17,26.6,66,11.680583333333333,0.0,16.9
2019-07-18,26.6,65,11.683255555555556,0.0,17.5
2019-07-19,27.9,66,11.5999,0.2,12.4
2019-07-20,28.5,70,11.178580555555556,0.4,14.6
2019-07-21,28.1,74,11.182488888888889,1.7,14.8
2019-07-22,27.6,75,11.695133333333334,0.7,10.5
2019-07-23,27.2,69,11.69835,0.0,15.3
2019-07-24,27.4,64,11.3188,0.0,16.1
2019-07-25,27.0,70,11.705058333333334,0.0,17.0
2019-07-26,27.3,74,11.708538888888889,0.0,17.9
2019-07-27,27.6,72,11.712097222222223,0.0,17.6
2019-07-28,28.0,72,11.715730555555554,0.0,13.2
2019-07-29,27.4,72,11.71943888888889,0.2,11.6
2019-07-30,27.4,67,11.723208333333334,0.3,14.0
2019-07-31,27.7,65,11.727038888888888,0.0,17.3
2019-08-01,27.5,68,11.730930555555554,0.2,15.9
2019-08-02,27.8,69,11.734877777777777,0.4,17.2
2019-08-03,27.7,69,11.738872222222223,0.4,13.6
2019-08-04,27.8,66,11.493397222222223,0.4,14.4
2019-08-05,27.4,52,11.747002777777778,0.0,16.8
2019-08-06,27.1,53,11.729138888888889,0.0,18.7
2019-08-07,26.8,62,11.231863888888888,0.0,15.5
2019-08-08,27.1,66,11.027141666666667,0.0,18.1
2019-08-09,27.1,70,11.292488888888888,0.0,17.3
2019-08-10,27.0,72,11.768177777777778,0.3,14.5
2019-08-11,27.2,72,11.772625,1.9,13.3
2019-08-12,27.6,71,11.777144444444446,0.0,18.3
2019-08-13,27.7,70,11.682080555555554,0.1,17.6
2019-08-14,27.5,71,11.786366666666666,0.6,13.9
2019-08-15,27.6,74,11.756930555555554,0.9,10.5
2019-08-16,27.8,76,11.227097222222223,1.0,11.4
2019-08-17,27.6,75,11.800619444444445,0.4,10.6
2019-08-18,27.2,70,11.805461111111113,0.0,20.5
2019-08-19,27.0,70,11.810344444444445,0.0,16.5
2019-08-20,27.4,63,11.815263888888888,0.0,21.1
2019-08-21,27.7,67,11.820213888888889,0.0,21.4
2019-08-22,27.5,73,11.398166666666667,1.3,12.3
2019-08-23,27.5,75,11.830197222222221,1.2,15.0
2019-08-24,27.6,70,11.835222222222223,0.4,17.5
2019-08-25,27.4,68,11.840263888888888,0.0,14.2
2019-08-26,27.8,67,11.118733333333333,0.6,13.6
2019-08-27,27.6,77,11.361930555555555,4.0,12.1
2019-08-28,26.6,83,9.813455555555556,10.5,13.6
2019-08-29,26.7,80,11.318861111111111,1.1,13.2
2019-08-30,26.8,72,11.839127777777778,0.1,15.0
2019-08-31,26.5,74,11.8366,0.0,18.1
2019-09-01,26.9,72,11.833958333333333,0.0,13.0
2019-09-02,27.4,73,11.831211111111111,0.2,12.3
2019-09-03,27.7,74,11.369147222222223,0.5,11.9
2019-09-04,27.8,75,11.825461111111112,0.1,12.2
2019-09-05,27.1,78,10.079558333333335,1.3,9.8
2019-09-06,27.0,73,11.819444444444445,1.0,12.4
2019-09-07,27.2,70,11.816372222222222,0.0,15.1
2019-09-08,27.6,69,11.813269444444444,0.0,15.7
2019-09-09,28.0,69,11.810152777777779,0.0,17.3
2019-09-10,28.5,63,11.807036111111112,0.4,18.4
2019-09-11,27.4,62,11.803930555555556,0.0,19.9
2019-09-12,26.9,70,11.760133333333334,0.3,15.9
2019-09-13,27.1,62,11.797802777777777,0.0,15.4
2019-09-14,26.8,62,11.794805555555556,0.0,20.5
2019-09-15,26.6,71,11.791872222222223,1.2,16.0
2019-09-16,26.9,75,11.699477777777778,0.8,16.9
2019-09-17,27.5,74,11.786052777777778,0.4,17.4
2019-09-18,28.5,71,11.701697222222222,0.2,17.4
2019-09-19,28.2,73,11.779958333333333,0.2,18.1
2019-09-20,28.2,67,11.768508333333333,0.2,18.4
2019-09-21,28.1,63,11.773675,0.0,16.1
2019-09-22,28.1,66,11.578536111111111,0.1,20.0
2019-09-23,28.0,70,11.767319444444444,0.0,21.9
2019-09-24,28.1,69,11.764152777777777,0.0,22.1
2019-09-25,28.6,68,11.58313888888889,0.2,14.0
2019-09-26,29.1,68,11.456244444444446,0.2,13.7
2019-09-27,28.9,66,11.71486111111111,0.2,13.9
2019-09-28,29.1,67,11.523722222222222,0.7,14.7
2019-09-29,28.3,72,11.203969444444445,1.0,13.4
2019-09-30,27.9,75,11.398369444444445,0.7,12.9
2019-10-01,27.9,72,11.657169444444444,0.3,16.2
2019-10-02,28.2,73,11.4658,4.4,11.9
2019-10-03,28.3,72,11.061919444444445,1.0,11.0
2019-10-04,28.7,68,11.726327777777778,0.2,18.2
2019-10-05,28.4,63,11.663469444444443,0.0,17.7
2019-10-06,28.6,62,11.471625,0.3,17.6
2019-10-07,28.4,66,11.473022222222221,0.9,14.1
2019-10-08,28.6,68,11.409922222222223,1.3,15.7
2019-10-09,28.4,74,11.47778888888889,0.4,14.6
2019-10-10,27.7,77,10.8659,11.5,14.5
2019-10-11,28.3,73,11.220133333333335,0.9,10.2
2019-10-12,28.0,72,11.350777777777779,0.3,10.5
2019-10-13,28.3,71,11.481611111111112,0.1,11.3
2019-10-14,28.8,71,11.612644444444443,0.6,12.3
2019-10-15,28.8,69,11.549269444444445,1.7,14.4
2019-10-16,28.9,69,11.485744444444444,0.4,12.0
2019-10-17,28.5,74,11.292052777777778,2.5,9.7
2019-10-18,27.9,78,11.228047222222223,3.5,11.9
2019-10-19,28.6,73,11.424391666666667,0.3,16.0
2019-10-20,28.7,71,11.621086111111111,0.3,14.8
2019-10-21,28.9,63,11.713808333333333,0.0,28.3
2019-10-22,29.0,61,11.752574999999998,0.0,18.0
2019-10-23,29.3,61,11.399333333333333,0.0,15.1
2019-10-24,29.4,62,11.659925000000001,0.1,14.9
2019-10-25,29.1,67,11.626422222222223,0.2,15.1
2019-10-26,29.2,66,11.49586388888889,0.4,16.9
2019-10-27,27.7,79,10.003886111111111,11.2,13.3
2019-10-28,27.5,80,11.431094444444446,6.1,13.2
2019-10-29,27.6,77,11.233647222222222,1.7,10.0
2019-10-30,28.0,72,11.52215,0.2,11.2
2019-10-31,28.3,68,11.521175000000001,1.1,12.0
2019-11-01,28.2,71,11.122963888888888,1.8,13.1
2019-11-02,28.0,72,11.055188888888889,2.8,12.4
2019-11-03,28.4,69,11.233052777777777,1.7,13.0
2019-11-04,28.5,72,10.1662,4.0,9.1
2019-11-05,28.2,77,10.30476111111111,3.8,11.9
2019-11-06,28.5,74,11.231752777777777,0.0,14.8
2019-11-07,28.4,68,11.824033333333333,0.0,16.3
2019-11-08,28.3,66,11.715461111111113,0.0,18.3
2019-11-09,29.0,62,11.715155555555555,0.1,15.1
2019-11-10,29.2,67,11.71488611111111,0.6,10.5
2019-11-11,29.6,67,11.714772222222223,1.0,14.0
2019-11-12,28.8,75,11.512511111111111,5.2,14.0
2019-11-13,27.6,82,11.225513888888889,10.4,14.0
2019-11-14,26.0,92,0.9080138888888889,21.2,14.1
2019-11-15,28.0,77,10.392527777777778,1.5,12.5
2019-11-16,28.6,73,11.795116666666667,0.2,13.6
2019-11-17,28.8,70,11.78183888888889,0.0,12.4
2019-11-18,28.8,73,11.578044444444444,0.4,13.2
2019-11-19,28.7,75,11.691949999999999,1.7,16.8
2019-11-20,27.9,78,9.650344444444444,24.2,12.2
2019-11-21,27.2,82,10.951369444444445,4.4,10.9
2019-11-22,27.6,80,11.414383333333333,4.2,13.3
2019-11-23,27.9,80,11.27553611111111,2.7,10.2
2019-11-24,28.2,76,11.853630555555556,1.5,10.3
2019-11-25,27.7,80,11.657166666666667,1.4,10.6
2019-11-26,27.8,81,11.817666666666666,7.1,11.3
2019-11-27,28.0,82,11.471969444444444,9.3,9.3
2019-11-28,28.6,75,11.889838888888889,1.5,11.6
2019-11-29,28.2,80,11.6739,6.1,11.5
2019-11-30,27.4,84,11.464541666666666,9.6,13.0
2019-12-01,28.3,80,11.254630555555556,1.3,10.9
2019-12-02,28.6,75,11.66676111111111,0.5,10.4
2019-12-03,28.3,77,11.318005555555555,1.4,14.3
2019-12-04,28.1,78,11.107119444444443,4.2,12.8
2019-12-05,27.5,83,9.623344444444445,12.8,15.3
2019-12-06,27.4,81,10.230161111111112,3.6,12.9
2019-12-07,25.9,90,3.997725,43.2,13.3
2019-12-08,26.9,87,8.906244444444445,2.2,10.4
2019-12-09,27.0,86,10.462341666666667,1.7,12.1
2019-12-10,26.6,86,11.782808333333334,6.0,11.9
2019-12-11,27.0,83,11.0,4.2,11.2
2019-12-12,25.5,91,3.7981277777777778,15.5,10.5
2019-12-13,26.9,84,11.693022222222222,0.4,11.1
2019-12-14,26.9,81,11.976819444444445,1.7,11.5
2019-12-15,26.9,85,11.205952777777778,7.8,13.0
2019-12-16,26.4,87,5.663308333333333,11.1,11.0
2019-12-17,25.9,89,5.964916666666667,19.6,11.5
2019-12-18,26.7,83,11.369036111111111,0.9,9.0
2019-12-19,26.8,87,11.724305555555556,3.7,9.4
2019-12-20,27.5,84,12.0,1.3,10.4
2019-12-21,27.0,86,8.685472222222222,24.1,9.6
2019-12-22,26.6,88,9.520911111111111,14.0,12.0
2019-12-23,27.3,82,11.766272222222224,0.5,13.6
2019-12-24,27.3,84,11.3117,7.4,11.3
2019-12-25,26.1,90,3.410833333333333,8.5,11.9
2019-12-26,26.3,90,6.6915305555555555,13.2,9.4
2019-12-27,25.9,90,7.0879972222222225,19.2,10.8
2019-12-28,26.1,88,8.36731111111111,7.5,9.7
2019-12-29,26.0,88,4.991513888888889,11.4,9.1
2019-12-30,27.0,87,11.399733333333334,18.8,9.8
2019-12-31,26.3,90,8.520008333333333,34.8,13.6
2020-01-01,25.8,90,2.4359722222222224,28.5,13.6
2020-01-02,26.3,87,10.453486111111111,14.3,17.1
2020-01-03,26.8,86,8.840822222222222,9.8,16.4
2020-01-04,26.2,88,5.95155,17.8,17.8
2020-01-05,25.5,92,0.38786944444444443,16.1,15.3
2020-01-06,25.8,89,6.791938888888889,25.4,18.9
2020-01-07,25.9,89,7.129641666666666,11.0,18.5
2020-01-08,26.0,90,7.473594444444444,17.0,13.8
2020-01-09,25.7,91,2.9066194444444444,35.8,16.3
2020-01-10,24.6,95,0.0,35.0,8.6
2020-01-11,25.2,91,2.4760777777777774,16.5,14.0
2020-01-12,26.5,87,12.0,1.8,16.6
2020-01-13,26.4,88,11.068055555555556,3.8,17.9
2020-01-14,26.7,85,11.273597222222222,4.8,14.9
2020-01-15,26.0,90,5.156422222222222,13.3,7.0
2020-01-16,26.3,89,12.0,5.6,13.9
2020-01-17,26.7,88,11.184069444444445,3.4,13.7
2020-01-18,26.6,86,12.0,2.0,14.3
2020-01-19,26.7,87,12.0,7.1,10.9
2020-01-20,26.8,88,11.783183333333334,13.7,11.3
2020-01-21,26.5,88,9.953177777777778,15.4,9.5
2020-01-22,26.9,88,8.915416666666667,13.0,9.1
2020-01-23,27.1,87,10.123422222222223,6.1,10.6
2020-01-24,26.2,91,3.1537861111111107,20.2,10.8
2020-01-25,25.1,94,1.1427,37.9,13.9
2020-01-26,26.2,91,11.008408333333332,19.1,11.3
2020-01-27,26.2,90,11.507291666666667,14.5,12.6
2020-01-28,26.9,89,11.77055,11.4,15.2
2020-01-29,26.9,88,10.653577777777777,13.8,13.6
2020-01-30,26.8,84,8.192922222222222,3.6,11.6
2020-01-31,26.3,88,3.0807555555555552,10.0,11.8
2020-02-01,25.7,90,6.608877777777778,29.4,10.2
2020-02-02,25.9,86,7.842133333333334,12.1,12.1
2020-02-03,26.2,89,8.109122222222222,25.5,14.0
2020-02-04,25.9,89,6.567444444444444,9.2,11.5
2020-02-05,26.5,88,8.652625,7.3,11.0
2020-02-06,25.6,92,0.33181666666666665,4.9,16.3
2020-02-07,25.6,91,7.293063888888889,21.6,16.3
2020-02-08,25.9,87,7.3732750000000005,7.5,14.1
2020-02-09,25.8,87,1.8469694444444444,6.0,14.2
2020-02-10,26.9,82,9.973530555555556,0.9,15.5
2020-02-11,26.6,86,6.976213888888888,9.2,14.2
2020-02-12,26.7,86,10.122727777777778,11.6,9.1
2020-02-13,26.0,90,7.110572222222222,14.7,9.6
2020-02-14,25.9,92,4.664583333333334,35.5,11.3
2020-02-15,26.5,90,9.876105555555556,10.9,11.6
2020-02-16,25.5,92,5.525391666666667,36.4,12.8
2020-02-17,25.8,91,4.283119444444444,20.9,12.9
2020-02-18,25.6,91,5.339566666666666,18.7,15.9
2020-02-19,25.2,92,1.1118055555555555,14.4,15.9
2020-02-20,25.8,88,7.355613888888889,16.4,15.5
2020-02-21,26.5,87,9.415077777777778,7.4,16.4
2020-02-22,26.8,89,11.957416666666665,7.8,13.2
2020-02-23,26.5,89,10.722333333333333,22.6,16.5
2020-02-24,26.6,88,10.691630555555557,23.6,17.2
2020-02-25,26.1,90,4.137411111111112,12.0,12.5
2020-02-26,26.6,90,8.019980555555556,8.2,12.7
2020-02-27,26.8,89,10.799180555555557,13.4,15.2
2020-02-28,26.4,90,8.722519444444444,19.2,15.6
2020-02-29,26.7,89,10.659538888888887,12.2,16.0
2020-03-01,26.6,89,5.6856583333333335,17.4,17.2
2020-03-02,27.1,86,11.299127777777779,6.4,13.5
2020-03-03,27.0,88,11.751388888888888,3.7,12.0
2020-03-04,26.3,90,7.945444444444444,12.1,22.4
2020-03-05,25.7,82,0.22895277777777778,11.1,18.4
2020-03-06,26.9,83,11.960827777777778,0.8,15.0
2020-03-07,26.6,86,9.887469444444445,0.6,13.5
2020-03-08,26.7,87,8.31381111111111,5.1,13.6
2020-03-09,27.1,82,10.964694444444445,1.4,22.9
2020-03-10,27.5,80,11.61876111111111,6.2,14.2
2020-03-11,26.9,89,11.204975000000001,17.8,12.1
2020-03-12,26.0,92,8.821322222222221,29.4,11.8
2020-03-13,26.6,86,11.416747222222222,5.2,13.0
2020-03-14,27.1,88,11.802272222222223,7.7,8.6
2020-03-15,27.0,86,10.286516666666666,19.6,11.5
2020-03-16,26.0,90,9.440088888888889,13.1,11.5
2020-03-17,26.6,88,11.97688888888889,13.3,9.3
2020-03-18,25.5,92,5.45081111111111,21.5,12.3
2020-03-19,26.1,92,10.22061111111111,17.8,8.3
2020-03-20,25.8,91,4.753577777777778,41.3,12.4
2020-03-21,26.4,88,10.238747222222221,5.1,14.3
2020-03-22,25.2,92,3.0705333333333336,18.5,9.8
2020-03-23,26.3,88,8.043508333333333,4.4,9.3
2020-03-24,26.3,89,8.156919444444444,19.6,12.8
2020-03-25,26.7,88,11.924816666666665,4.5,11.8
2020-03-26,26.6,90,6.867702777777778,9.9,10.4
2020-03-27,26.2,89,9.4935,34.8,12.8
2020-03-28,26.8,89,11.298738888888888,7.7,8.9
2020-03-29,27.0,87,7.645250000000001,6.9,8.3
2020-03-30,26.5,90,7.044630555555555,9.0,12.7
2020-03-31,26.5,90,8.412372222222222,19.9,12.9
2020-04-01,26.5,88,7.997702777777778,8.3,12.5
2020-04-02,26.5,89,8.495761111111111,24.6,11.7
2020-04-03,26.6,90,10.0,12.8,11.9
2020-04-04,26.9,90,9.756544444444444,12.7,10.2
2020-04-05,26.6,90,7.229297222222223,9.6,10.1
2020-04-06,26.3,89,6.155022222222223,30.5,13.3
2020-04-07,26.3,88,8.55725,10.8,13.2
2020-04-08,26.7,87,8.440911111111111,7.9,12.7
2020-04-09,26.8,89,8.741472222222223,6.7,9.6
2020-04-10,27.0,88,8.367033333333334,23.3,7.5
2020-04-11,27.3,87,11.846552777777777,29.2,8.7
2020-04-12,26.9,88,11.297152777777777,4.6,9.7
2020-04-13,26.3,90,10.095594444444444,10.6,9.0
2020-04-14,26.4,90,11.0,9.7,12.3
2020-04-15,26.3,89,11.107022222222222,5.6,11.9
2020-04-16,27.1,86,11.444841666666667,5.7,11.3
2020-04-17,26.9,87,10.737497222222222,14.1,12.6
2020-04-18,26.5,88,11.650069444444444,7.3,9.4
2020-04-19,27.5,85,10.460477777777777,1.7,10.4
2020-04-20,27.8,85,11.527205555555556,1.0,12.0
2020-04-21,27.2,87,8.647438888888889,8.5,10.1
2020-04-22,27.7,85,11.314652777777777,3.5,12.3
2020-04-23,27.5,87,11.671091666666667,4.7,14.2
2020-04-24,26.5,90,9.166669444444445,18.0,14.7
2020-04-25,27.0,86,9.384733333333333,1.3,13.2
2020-04-26,26.5,90,8.904352777777778,11.8,12.9
2020-04-27,25.6,92,4.936386111111111,13.4,7.3
2020-04-28,26.0,91,0.6182361111111111,4.2,6.4
2020-04-29,26.8,87,11.295341666666667,2.7,9.9
2020-04-30,26.1,91,7.936252777777777,12.2,9.7
2020-05-01,26.5,89,8.238744444444444,15.1,12.6
2020-05-02,26.0,90,1.2432527777777778,18.3,8.4
2020-05-03,26.9,86,11.10695,3.3,12.8
2020-05-04,26.4,90,7.925941666666667,17.4,11.6
2020-05-05,27.0,88,10.380630555555555,13.9,12.2
2020-05-06,26.5,91,9.170769444444444,13.7,13.2
2020-05-07,27.6,84,11.27283888888889,3.4,11.8
2020-05-08,27.5,85,11.186616666666666,8.4,8.7
2020-05-09,25.9,92,0.0,6.9,6.2
2020-05-10,26.7,90,7.297022222222222,9.6,8.8
2020-05-11,26.8,89,9.229875000000002,3.4,7.2
2020-05-12,27.4,87,11.262822222222223,2.7,12.8
2020-05-13,26.3,92,3.0876083333333333,11.1,8.7
2020-05-14,27.3,84,11.062463888888889,1.1,13.7
2020-05-15,27.3,84,11.676866666666667,0.4,12.5
2020-05-16,27.4,83,11.54258611111111,0.4,13.2
2020-05-17,27.4,84,5.610383333333334,0.5,7.3
2020-05-18,25.9,94,1.311602777777778,38.2,8.3
2020-05-19,27.0,87,11.06831388888889,3.9,9.0
2020-05-20,26.8,89,10.587930555555557,12.6,10.5
2020-05-21,27.2,84,9.721113888888889,0.5,7.9
2020-05-22,27.4,87,11.001825,3.6,11.0
2020-05-23,27.1,87,10.14707777777778,0.6,8.6
2020-05-24,27.5,85,11.347433333333333,4.1,12.1
2020-05-25,27.3,86,10.660124999999999,3.6,13.8
2020-05-26,27.0,87,8.99653611111111,5.3,12.9
2020-05-27,26.7,87,8.658669444444444,4.3,10.5
2020-05-28,27.0,86,8.883144444444444,1.7,9.4
2020-05-29,27.2,85,10.761700000000001,4.5,10.7
2020-05-30,27.0,88,10.971583333333333,8.1,11.0
2020-05-31,26.5,89,8.53588888888889,4.9,9.1
2020-06-01,26.9,89,10.97621388888889,7.9,13.2
2020-06-02,26.3,89,10.70361388888889,16.4,10.7
2020-06-03,26.3,88,10.933322222222221,4.1,19.5
2020-06-04,27.2,78,11.106597222222222,0.0,13.9
2020-06-05,26.6,86,10.9626,3.9,9.0
2020-06-06,26.9,85,11.341858333333334,2.2,8.9
2020-06-07,26.7,85,11.23268611111111,4.2,9.6
2020-06-08,26.7,87,10.950055555555554,3.9,11.3
2020-06-09,26.5,88,10.813972222222223,5.6,9.7
2020-06-10,27.1,84,10.0,2.3,13.6
2020-06-11,27.0,84,11.212294444444446,5.9,8.6
2020-06-12,26.4,85,11.347197222222222,10.5,10.4
2020-06-13,26.7,83,11.271658333333333,1.4,8.7
2020-06-14,27.2,82,11.547008333333334,0.1,12.6
2020-06-15,26.9,91,9.746119444444444,17.8,6.9
2020-06-16,26.9,88,11.114825000000002,7.6,17.6
2020-06-17,27.0,85,11.179647222222224,2.1,11.7
2020-06-18,26.7,87,9.285327777777779,9.4,9.0
2020-06-19,25.8,91,7.792122222222222,14.1,10.8
2020-06-20,26.6,85,11.219041666666667,1.4,7.2
2020-06-21,26.5,84,10.61770277777778,0.6,10.8
2020-06-22,26.0,89,9.238844444444444,17.5,14.1
2020-06-23,26.0,89,8.762777777777778,7.5,7.4
2020-06-24,26.2,87,11.21443611111111,3.6,9.2
2020-06-25,26.5,84,11.64563888888889,0.1,11.0
2020-06-26,26.4,86,11.344722222222222,2.8,10.2
2020-06-27,26.3,86,11.3395,4.3,13.0
2020-06-28,26.7,82,11.47466111111111,1.8,10.9
2020-06-29,27.3,80,11.609727777777778,0.6,11.4
2020-06-30,26.9,82,11.649722222222222,0.9,8.9
2020-07-01,26.9,81,10.868347222222223,1.4,9.5
2020-07-02,25.7,90,4.963436111111111,38.9,8.9
2020-07-03,26.4,87,10.166611111111111,8.0,8.2
2020-07-04,25.9,87,5.986233333333333,4.1,11.3
2020-07-05,26.3,79,11.267377777777778,0.2,17.1
2020-07-06,26.5,81,11.294144444444443,3.9,15.2
2020-07-07,26.6,82,11.233538888888889,0.1,11.4
2020-07-08,26.3,85,11.425144444444443,5.8,7.0
2020-07-09,26.5,84,9.997672222222223,1.1,11.1
2020-07-10,26.5,83,7.662363888888889,0.3,11.4
2020-07-11,26.7,85,11.464247222222223,3.6,14.4
2020-07-12,27.0,84,11.669775000000001,2.3,7.0
2020-07-13,26.8,85,11.338052777777778,3.8,14.5
2020-07-14,26.7,86,10.759383333333332,7.1,16.0
2020-07-15,26.6,81,9.687072222222222,7.3,17.3
2020-07-16,27.2,80,7.978725,0.2,16.6
2020-07-17,27.1,82,11.604211111111113,1.8,10.4
2020-07-18,26.9,83,11.601641666666668,0.0,9.5
2020-07-19,27.1,79,11.384480555555555,0.5,10.9
2020-07-20,26.8,85,11.360166666666666,5.5,10.3
2020-07-21,26.6,88,10.804955555555555,11.4,12.6
2020-07-22,26.6,85,11.386952777777777,7.8,9.5
2020-07-23,26.6,85,10.934563888888889,2.3,9.8
2020-07-24,26.9,81,11.31898611111111,0.9,12.1
2020-07-25,27.1,77,11.707916666666666,0.8,13.2
2020-07-26,26.3,75,11.711424999999998,0.0,15.6
2020-07-27,25.9,73,11.714994444444445,0.0,13.9
2020-07-28,26.4,72,11.718625000000001,0.0,14.5
2020-07-29,26.7,75,11.722308333333332,0.0,15.0
2020-07-30,26.7,75,11.726044444444446,1.2,12.2
2020-07-31,26.3,66,11.729827777777777,0.1,17.0
2020-08-01,26.3,73,11.719277777777778,0.0,14.4
2020-08-02,26.6,76,11.737569444444444,0.0,12.8
2020-08-03,27.4,77,11.578513888888889,0.2,14.8
2020-08-04,27.4,78,7.611627777777778,1.4,12.4
2020-08-05,27.6,76,11.594169444444445,0.0,11.6
2020-08-06,27.9,78,11.299499999999998,3.4,16.7
2020-08-07,27.7,81,11.598877777777778,1.9,13.2
2020-08-08,27.2,84,11.40043611111111,4.3,9.4
2020-08-09,27.2,82,11.12616388888889,3.2,10.6
2020-08-10,27.4,82,11.741647222222221,2.2,11.2
2020-08-11,27.0,84,8.911311111111111,10.8,10.4
2020-08-12,27.7,80,8.791516666666666,0.1,18.6
2020-08-13,26.1,88,6.819408333333333,22.4,11.4
2020-08-14,26.7,86,11.366544444444443,6.4,7.9
2020-08-15,26.5,84,11.794919444444444,1.4,15.3
2020-08-16,26.6,84,11.69876111111111,8.5,12.5
2020-08-17,26.5,84,11.703516666666667,5.7,12.0
2020-08-18,26.2,85,11.609344444444444,4.0,11.8
2020-08-19,26.9,81,11.814150000000001,1.1,13.2
2020-08-20,26.8,82,10.971541666666667,2.0,18.6
2020-08-21,26.8,76,11.823883333333335,2.0,20.5
2020-08-22,26.2,76,11.828758333333333,0.3,13.8
2020-08-23,27.7,72,11.833694444444445,0.0,17.4
2020-08-24,27.5,76,11.838691666666668,1.0,14.3
2020-08-25,27.0,70,11.843744444444445,0.0,25.5
2020-08-26,27.2,69,11.846686111111111,0.0,18.1
2020-08-27,27.4,70,11.844352777777777,0.1,16.4
2020-08-28,27.6,68,11.84191388888889,0.0,18.3
2020-08-29,27.4,71,11.653852777777779,0.8,15.9
2020-08-30,28.2,73,11.753994444444444,0.5,16.4
2020-08-31,28.1,73,11.834052777777776,0.1,13.7
2020-09-01,28.4,65,11.831294444444445,0.0,24.1
2020-09-02,28.2,74,11.689638888888888,6.4,10.5
2020-09-03,27.4,78,10.072122222222221,3.4,13.9
2020-09-04,27.8,79,11.625658333333334,2.6,13.0
2020-09-05,27.2,83,10.854386111111111,11.6,10.9
2020-09-06,27.7,77,11.816977777777778,0.2,10.8
2020-09-07,27.9,74,11.814091666666668,0.1,15.9
2020-09-08,27.9,73,11.811227777777777,0.9,17.5
2020-09-09,28.4,70,11.499733333333333,2.6,13.8
2020-09-10,27.3,80,10.132427777777778,7.9,14.5
2020-09-11,27.5,79,10.745613888888888,3.3,11.4
2020-09-12,27.9,76,11.799697222222223,0.6,14.8
2020-09-13,27.7,74,11.439113888888889,4.8,10.1
2020-09-14,26.8,82,11.247133333333334,11.4,12.7
2020-09-15,26.9,82,10.833472222222222,4.0,10.5
2020-09-16,26.7,77,11.700172222222223,3.0,13.0
2020-09-17,26.9,75,11.572819444444445,1.0,13.8
2020-09-18,27.4,77,11.780408333333334,0.9,13.5
2020-09-19,28.3,72,11.663219444444444,0.0,22.7
2020-09-20,26.6,82,3.6988777777777777,10.7,18.7
2020-09-21,26.6,83,11.0,10.1,12.8
2020-09-22,26.8,82,8.712705555555557,6.8,14.7
2020-09-23,27.7,78,11.645780555555556,0.1,10.1
2020-09-24,27.8,83,11.454577777777779,2.0,11.5
2020-09-25,28.0,77,11.648844444444444,0.1,9.6
2020-09-26,27.4,80,11.072122222222221,1.6,10.7
2020-09-27,26.5,85,10.438352777777778,21.7,12.9
2020-09-28,27.3,80,11.141875,6.4,9.3
2020-09-29,27.5,75,11.719175,0.8,10.4
2020-09-30,27.6,75,11.745008333333333,0.9,14.3
2020-10-01,27.9,77,11.400544444444444,11.2,13.4
2020-10-02,27.1,84,11.01591111111111,14.1,9.4
2020-10-03,25.0,89,3.513933333333333,48.1,9.8
2020-10-04,27.2,77,11.34055,4.7,10.8
2020-10-05,27.4,76,11.153241666666666,10.1,9.8
2020-10-06,27.6,72,11.343508333333332,0.9,7.6
2020-10-07,27.6,75,11.344983333333333,2.4,9.8
2020-10-08,27.7,76,10.869605555555555,2.7,13.2
2020-10-09,26.6,85,7.896705555555555,10.5,11.4
2020-10-10,27.3,80,9.922030555555555,6.0,8.9
2020-10-11,26.8,86,9.976119444444445,11.4,9.4
2020-10-12,27.1,82,11.053452777777778,3.4,10.7
2020-10-13,27.7,77,11.0,1.6,8.9
2020-10-14,28.6,73,11.549225,0.2,10.4
2020-10-15,27.9,76,9.0,0.8,10.9
2020-10-16,27.3,81,8.089572222222221,8.8,10.1
2020-10-17,27.6,78,8.972811111111112,11.6,9.5
2020-10-18,27.6,79,11.293855555555554,4.5,12.5
2020-10-19,27.0,83,10.274466666666667,2.3,12.4
2020-10-20,26.8,85,11.0,3.3,12.0
2020-10-21,26.9,86,9.852941666666666,6.3,10.4
2020-10-22,27.0,82,7.755708333333333,3.6,15.1
2020-10-23,27.5,77,11.115075,2.7,20.0
2020-10-24,26.8,83,10.29331111111111,6.3,9.0
2020-10-25,26.6,85,11.363900000000001,7.5,10.9
2020-10-26,26.1,87,11.430144444444444,8.7,11.4
2020-10-27,26.1,85,3.9847166666666665,5.5,12.3
2020-10-28,26.8,86,10.443008333333333,6.8,9.5
2020-10-29,27.3,82,11.233527777777777,6.2,12.2
2020-10-30,26.3,89,7.472763888888889,25.3,15.9
2020-10-31,26.4,85,10.0,8.4,8.6
2020-11-01,26.4,85,8.954580555555555,6.8,20.4
2020-11-02,27.0,80,11.015944444444445,5.5,21.9
2020-11-03,27.1,77,10.942797222222222,0.2,14.0
2020-11-04,26.9,81,11.232619444444445,1.8,9.0
2020-11-05,25.2,91,0.4096916666666667,9.0,7.1
2020-11-06,26.0,90,5.936891666666667,14.5,13.5
2020-11-07,26.9,85,11.030225,3.7,10.0
2020-11-08,26.7,86,11.246441666666668,8.9,9.7
2020-11-09,27.2,81,11.631636111111112,0.6,10.4
2020-11-10,27.2,83,11.016416666666666,1.5,9.0
2020-11-11,27.8,80,11.647177777777777,1.1,9.7
2020-11-12,27.6,84,10.125124999999999,5.7,11.3
2020-11-13,28.3,80,11.714266666666667,2.3,12.7
2020-11-14,27.9,83,11.01823888888889,10.6,11.9
2020-11-15,27.5,81,10.549302777777777,5.6,17.0
2020-11-16,27.4,84,10.036750000000001,11.2,15.2
2020-11-17,26.9,88,6.330097222222221,13.2,11.2
2020-11-18,27.0,85,8.1211,2.5,10.9
2020-11-19,27.2,85,11.234055555555555,7.0,10.1
2020-11-20,26.9,86,9.185358333333333,6.1,13.8
2020-11-21,27.0,86,11.372611111111112,3.8,13.3
2020-11-22,26.6,87,8.766505555555556,10.7,10.8
2020-11-23,25.8,89,2.814211111111111,10.1,15.0
2020-11-24,27.1,80,11.751358333333334,2.7,17.1
2020-11-25,27.1,83,11.516372222222223,1.9,16.6
2020-11-26,27.0,81,9.379308333333334,0.4,19.0
2020-11-27,27.7,75,9.724691666666667,0.1,17.9
2020-11-28,26.8,77,6.510811111111111,1.7,20.7
2020-11-29,26.2,84,8.281883333333333,12.4,21.3
2020-11-30,25.3,90,5.251194444444444,25.5,14.2
2020-12-01,26.4,83,10.875425,13.9,16.8
2020-12-02,27.2,82,11.884347222222223,9.2,12.9
2020-12-03,25.4,91,1.9728916666666667,8.7,11.2
2020-12-04,26.3,85,6.639277777777778,7.3,12.8
2020-12-05,25.4,90,3.1271861111111114,7.5,19.9
2020-12-06,25.3,91,1.0011305555555556,10.3,19.5
2020-12-07,24.9,92,0.29967222222222223,14.3,15.5
2020-12-08,26.2,85,11.933397222222224,3.3,23.6
2020-12-09,26.2,84,11.289169444444445,4.3,24.8
2020-12-10,26.3,85,9.0,9.5,16.9
2020-12-11,26.0,90,7.898361111111111,31.6,12.9
2020-12-12,25.8,86,4.455027777777778,6.0,15.5
2020-12-13,25.4,89,1.3782111111111113,12.0,10.9
2020-12-14,25.6,88,7.0923638888888885,20.2,15.6
2020-12-15,26.1,85,8.049608333333333,4.4,18.7
2020-12-16,25.4,88,3.856794444444444,11.1,16.4
2020-12-17,25.4,87,2.79755,2.4,16.2
2020-12-18,25.7,86,9.680066666666667,5.4,16.9
2020-12-19,26.2,81,12.0,1.4,20.3
2020-12-20,25.3,86,9.0,7.3,18.7
2020-12-21,24.6,93,0.6256361111111111,23.7,11.6
2020-12-22,26.0,86,8.295497222222222,1.1,12.5
2020-12-23,27.0,80,11.756519444444445,0.3,17.9
2020-12-24,26.6,82,11.366869444444445,3.0,21.1
2020-12-25,26.4,77,9.12163611111111,2.6,15.7
2020-12-26,25.8,85,4.466063888888889,0.9,16.2
2020-12-27,26.7,83,12.0,6.6,12.1
2020-12-28,25.9,88,6.968566666666667,9.9,12.5
2020-12-29,25.5,87,3.5514805555555555,16.6,17.1
2020-12-30,25.0,91,1.0,13.2,13.1
2020-12-31,25.2,92,3.5731333333333337,15.1,13.8
2021-01-01,25.8,87,9.372833333333332,2.6,14.8
2021-01-02,26.3,84,7.8157000000000005,1.7,9.7
2021-01-03,26.3,86,8.486977777777778,13.8,14.7
2021-01-04,26.4,85,9.518425,2.7,14.7
2021-01-05,25.8,88,3.3643583333333336,7.2,12.1
2021-01-06,25.6,91,7.558119444444444,28.1,13.1
2021-01-07,25.7,89,2.242191666666667,3.6,11.9
2021-01-08,25.9,88,5.059794444444444,6.5,12.9
2021-01-09,25.5,90,8.741169444444445,33.8,19.2
2021-01-10,25.2,88,1.169088888888889,10.1,14.1
2021-01-11,25.8,88,7.652483333333333,15.0,17.0
2021-01-12,25.7,91,3.8704972222222223,24.0,11.8
2021-01-13,25.3,88,5.429902777777778,9.7,16.6
2021-01-14,25.5,87,0.39095555555555556,0.8,12.0
2021-01-15,25.6,89,8.439886111111111,0.5,11.3
2021-01-16,27.1,80,12.0,0.0,18.0
2021-01-17,26.0,88,6.912252777777778,1.7,13.5
2021-01-18,25.3,89,9.039177777777779,23.4,20.2
2021-01-19,24.8,87,0.7552972222222223,19.0,16.9
2021-01-20,25.6,87,2.5909916666666666,9.7,18.5
2021-01-21,25.6,89,3.7745611111111113,13.5,14.8
2021-01-22,26.1,89,8.873572222222222,1.4,14.5
2021-01-23,26.2,88,8.766797222222223,1.4,13.9
2021-01-24,24.2,94,0.0,74.6,7.6
2021-01-25,25.4,89,9.169072222222223,11.9,10.9
2021-01-26,25.5,90,8.887002777777777,20.3,13.2
2021-01-27,24.4,94,0.0,17.4,14.2
2021-01-28,24.3,94,0.0,24.6,13.5
2021-01-29,24.8,89,1.5608694444444444,2.5,17.3
2021-01-30,24.9,90,6.185763888888889,21.0,16.9
2021-01-31,25.3,89,4.438194444444444,18.7,17.2
2021-02-01,25.9,87,10.484925,6.3,17.9
2021-02-02,25.8,89,9.916038888888888,21.7,16.3
2021-02-03,25.0,92,0.0,21.7,13.8
2021-02-04,26.0,87,10.0,10.5,20.5
2021-02-05,26.1,86,11.238319444444443,5.4,23.1
2021-02-06,26.2,87,11.212669444444444,12.2,22.9
2021-02-07,25.5,91,6.719438888888889,29.5,21.0
2021-02-08,25.7,90,5.447294444444444,26.5,16.5
2021-02-09,25.5,92,5.698580555555555,13.2,14.9
2021-02-10,25.6,91,9.652980555555557,11.3,14.3
2021-02-11,26.2,88,11.628263888888888,5.6,16.2
2021-02-12,25.6,90,6.505997222222223,12.7,17.6
2021-02-13,25.5,91,7.4571555555555555,5.8,12.7
2021-02-14,25.4,91,7.369461111111112,16.7,14.5
2021-02-15,25.0,92,0.3942472222222222,11.5,10.9
2021-02-16,25.0,91,4.480966666666666,12.4,13.4
2021-02-17,25.2,92,3.4033333333333333,19.8,10.3
2021-02-18,25.4,91,5.551780555555555,16.7,19.6
2021-02-19,24.8,92,0.3011111111111111,20.8,17.0
2021-02-20,25.5,87,6.925588888888889,11.4,16.2
2021-02-21,25.8,86,10.252227777777778,4.6,13.1
2021-02-22,26.3,85,11.470344444444445,1.2,14.5
2021-02-23,26.7,82,9.891891666666666,2.2,16.3
2021-02-24,25.0,89,1.4944694444444444,8.0,13.8
2021-02-25,25.7,89,6.326722222222222,14.2,19.0
2021-02-26,25.3,92,5.589558333333334,17.7,12.9
2021-02-27,26.1,87,11.95615,6.1,11.2
2021-02-28,27.1,81,11.64648611111111,0.6,16.6
2021-03-01,26.9,84,10.506602777777777,5.8,12.7
2021-03-02,26.0,89,10.520583333333333,7.2,10.7
2021-03-03,25.9,90,9.432666666666666,6.3,8.7
2021-03-04,26.2,89,8.922627777777777,5.5,9.5
2021-03-05,26.3,88,10.461036111111111,15.4,12.7
2021-03-06,26.1,89,10.48916388888889,1.4,9.2
2021-03-07,25.8,87,5.784969444444444,7.2,8.5
2021-03-08,25.0,91,5.077994444444444,23.3,15.5
2021-03-09,25.8,85,11.873149999999999,3.0,12.5
2021-03-10,25.5,89,9.446586111111111,15.6,12.8
2021-03-11,25.1,88,9.313797222222222,11.4,13.0
2021-03-12,25.9,88,11.934055555555554,3.0,12.4
2021-03-13,26.1,84,8.870141666666667,4.9,11.0
2021-03-14,26.2,85,10.329988888888888,6.1,15.4
2021-03-15,26.3,86,9.64925,6.3,10.0
2021-03-16,26.0,89,10.15345,11.2,9.2
2021-03-17,26.6,83,11.976875,2.3,9.5
2021-03-18,26.1,87,11.752469444444444,11.1,10.0
2021-03-19,26.5,86,10.9094,4.7,11.0
2021-03-20,27.3,76,11.345316666666667,0.2,15.4
2021-03-21,27.2,81,11.985583333333333,3.1,15.7
2021-03-22,26.7,84,11.987177777777777,10.0,14.0
2021-03-23,26.7,84,11.433577777777778,8.9,15.5
2021-03-24,26.3,85,7.670016666666667,14.5,17.6
2021-03-25,26.5,86,10.123652777777778,12.2,12.1
2021-03-26,27.0,85,11.811919444444445,3.2,10.3
2021-03-27,26.6,89,11.043911111111111,14.5,10.2
2021-03-28,26.7,89,8.255661111111111,6.4,8.7
2021-03-29,26.6,90,11.279797222222221,4.9,11.2
2021-03-30,26.0,91,2.5026805555555556,14.4,10.7
2021-03-31,26.3,89,8.130433333333334,16.0,15.3
2021-04-01,25.3,91,0.063925,19.8,16.3
2021-04-02,26.8,82,10.591472222222222,5.7,11.2
2021-04-03,25.4,93,0.38552222222222227,23.0,7.9
2021-04-04,26.1,90,7.122175,19.1,14.2
2021-04-05,26.6,87,7.603708333333333,5.0,10.7
2021-04-06,26.9,84,9.265466666666667,4.4,16.1
2021-04-07,26.5,83,9.240619444444444,2.1,18.4
2021-04-08,26.9,84,11.869241666666666,2.7,15.6
2021-04-09,26.9,86,11.542625,0.7,13.4
2021-04-10,27.0,87,11.483230555555554,1.3,9.0
2021-04-11,26.8,87,11.703858333333333,9.7,10.6
2021-04-12,26.8,83,10.581441666666667,1.1,6.6
2021-04-13,26.5,86,10.879452777777777,3.2,7.6
2021-04-14,26.1,88,11.20993611111111,6.1,10.1
2021-04-15,25.5,91,7.53095,17.2,9.9
2021-04-16,26.7,86,11.473866666666666,1.6,8.7
2021-04-17,26.4,89,11.382544444444445,7.6,11.0
2021-04-18,26.2,89,10.904969444444445,6.0,7.4
2021-04-19,26.7,86,11.390372222222222,5.5,9.5
2021-04-20,26.2,86,11.789022222222224,2.9,8.8
2021-04-21,26.6,81,11.783216666666668,0.1,11.4
2021-04-22,26.9,79,11.777502777777778,0.3,9.5
2021-04-23,26.6,82,11.77188888888889,0.7,8.6
2021-04-24,26.6,81,11.409619444444443,0.5,10.5
2021-04-25,26.5,84,11.479527777777779,2.1,10.5
2021-04-26,27.1,83,11.682069444444444,2.3,12.6
2021-04-27,27.0,84,11.354399999999998,1.9,9.2
2021-04-28,26.0,89,9.40568611111111,14.1,7.8
2021-04-29,26.7,84,11.228302777777778,1.4,8.9
2021-04-30,26.6,88,11.364722222222222,7.3,13.0
2021-05-01,27.1,86,11.034441666666666,7.0,14.5
2021-05-02,27.1,88,11.371238888888888,4.1,11.6
2021-05-03,26.8,89,10.588247222222224,7.7,13.6
2021-05-04,27.1,87,10.631258333333333,7.2,9.4
2021-05-05,26.8,87,10.480647222222222,6.9,8.3
2021-05-06,26.0,89,10.941691666666665,3.2,8.5
2021-05-07,26.8,88,11.453119444444445,3.2,10.5
2021-05-08,26.5,89,9.117652777777778,8.0,7.8
2021-05-09,27.1,85,10.323369444444443,11.6,10.7
2021-05-10,27.6,81,11.393255555555555,0.5,13.6
2021-05-11,28.0,79,11.666319444444444,0.1,11.5
2021-05-12,27.7,83,11.262141666666666,1.9,9.9
2021-05-13,27.5,86,11.196152777777778,2.9,11.5
2021-05-14,27.2,85,11.265849999999999,3.6,12.2
2021-05-15,27.1,86,11.199469444444443,2.1,9.4
2021-05-16,27.4,84,11.132797222222223,2.1,6.9
2021-05-17,26.9,87,9.691752777777777,7.5,8.9
2021-05-18,26.3,85,8.208922222222222,15.2,9.0
2021-05-19,26.9,83,10.768641666666667,1.1,12.1
2021-05-20,27.0,86,11.137530555555555,6.7,11.4
2021-05-21,26.7,87,11.069811111111111,7.2,9.2
2021-05-22,26.2,88,8.991338888888889,9.2,10.4
2021-05-23,26.6,86,11.208933333333334,2.7,9.7
2021-05-24,26.9,88,11.00288888888889,14.1,7.2
2021-05-25,26.9,84,11.486408333333333,2.4,10.7
2021-05-26,27.6,79,11.554433333333334,0.6,17.2
2021-05-27,28.1,81,11.483047222222222,0.5,17.7
2021-05-28,27.4,84,11.272833333333333,5.4,11.9
2021-05-29,25.5,93,5.8931305555555555,25.6,9.5
2021-05-30,26.9,85,10.972397222222222,2.3,8.7
2021-05-31,26.8,89,11.26318888888889,8.4,8.0
2021-06-01,26.7,89,10.839841666666667,6.8,8.4
2021-06-02,27.1,86,11.116188888888889,3.1,9.8
2021-06-03,27.4,87,10.785333333333332,3.8,9.7
2021-06-04,26.8,88,10.1465,7.8,9.7
2021-06-05,26.9,86,11.451619444444445,1.5,7.6
2021-06-06,26.9,87,11.37721111111111,2.0,7.6
2021-06-07,26.8,85,11.372466666666666,1.2,8.2
2021-06-08,27.0,84,11.017811111111111,2.1,8.7
2021-06-09,26.7,87,11.082655555555554,1.6,8.2
2021-06-10,27.1,84,11.357705555555555,1.4,7.8
2021-06-11,26.3,87,10.648780555555556,10.1,8.7
2021-06-12,27.0,83,11.417772222222224,2.8,11.5
2021-06-13,26.7,87,11.342605555555554,7.0,9.7
2021-06-14,26.8,84,9.779455555555556,0.7,18.1
2021-06-15,26.5,88,10.349994444444444,3.4,10.2
2021-06-16,26.1,89,8.606483333333333,14.9,10.2
2021-06-17,25.2,92,0.0,2.9,5.7
2021-06-18,25.8,89,10.256691666666665,15.4,8.3
2021-06-19,25.5,91,4.991297222222221,5.7,6.3
2021-06-20,25.4,90,9.248147222222222,18.4,11.0
2021-06-21,25.3,89,9.257902777777778,1.5,17.5
2021-06-22,25.7,88,11.297163888888889,10.3,7.2
2021-06-23,25.2,89,7.806455555555556,12.7,7.4
2021-06-24,24.9,92,5.257741666666666,6.5,11.4
2021-06-25,26.3,85,11.140022222222223,2.4,10.7
2021-06-26,26.1,88,9.825752777777778,6.3,11.8
2021-06-27,25.8,89,10.826344444444443,9.8,10.3
2021-06-28,25.9,88,9.040705555555556,7.4,8.7
2021-06-29,25.8,90,10.28308611111111,6.5,10.6
2021-06-30,25.7,89,9.502263888888889,8.6,12.5
2021-07-01,25.4,89,6.740144444444445,6.3,13.4
2021-07-02,26.6,83,11.651724999999999,0.0,18.8
2021-07-03,26.7,84,11.652980555555557,0.4,9.2
2021-07-04,26.7,83,11.513852777777778,0.7,7.3
2021-07-05,26.7,83,11.509319444444445,1.1,8.9
2021-07-06,26.8,79,11.479994444444445,1.0,10.0
2021-07-07,26.5,79,11.501027777777777,0.7,8.7
2021-07-08,26.6,77,10.696575,0.0,12.6
2021-07-09,27.1,78,9.052502777777777,1.9,12.0
2021-07-10,26.8,87,10.992991666666665,8.8,11.9
2021-07-11,26.7,87,10.490166666666667,2.3,18.3
2021-07-12,26.9,81,11.648847222222221,0.3,15.0
2021-07-13,25.9,82,7.699877777777778,0.1,16.1
2021-07-14,25.9,80,0.3163555555555556,0.0,15.0
2021-07-15,26.0,80,10.866797222222223,0.0,11.8
2021-07-16,26.7,80,11.679375,0.0,15.8
2021-07-17,27.1,76,11.23515,0.3,13.9
2021-07-18,26.9,77,11.684977777777778,0.0,12.3
2021-07-19,26.8,82,10.808572222222223,2.0,9.9
2021-07-20,26.5,86,11.661763888888888,7.4,10.8
2021-07-21,26.5,85,10.333877777777777,2.7,9.2
2021-07-22,26.9,83,5.985888888888889,0.2,9.1
2021-07-23,26.1,88,10.467077777777778,18.8,10.4
2021-07-24,26.0,87,11.525519444444445,2.0,10.0
2021-07-25,26.4,81,11.70696388888889,0.0,11.9
2021-07-26,26.2,79,11.710363888888889,0.0,13.8
2021-07-27,25.8,75,11.713822222222223,0.0,12.5
2021-07-28,26.1,74,11.717383333333334,0.0,13.4
2021-07-29,26.8,75,11.721038888888888,0.0,11.4
2021-07-30,27.4,77,11.723358333333332,0.7,11.9
2021-07-31,26.7,85,11.452138888888888,5.2,7.9
2021-08-01,26.8,82,11.564919444444444,3.0,7.3
2021-08-02,26.3,86,10.877661111111111,3.4,11.8
2021-08-03,26.8,81,11.65873611111111,1.9,9.7
2021-08-04,27.1,82,11.525222222222222,2.4,11.2
2021-08-05,26.7,82,10.743894444444443,1.3,11.0
2021-08-06,27.1,76,11.434172222222221,2.6,17.8
2021-08-07,27.4,79,11.757561111111112,1.5,19.3
2021-08-08,27.2,82,11.76193888888889,7.2,15.1
2021-08-09,27.1,84,10.993705555555554,16.6,13.0
2021-08-10,26.2,86,8.122755555555555,101.2,11.1
2021-08-11,26.7,81,11.775352777777776,0.6,13.5
2021-08-12,26.5,78,11.779902777777778,0.0,9.2
2021-08-13,26.0,82,7.532725,6.4,12.6
2021-08-14,26.8,82,11.789097222222223,1.0,12.2
2021-08-15,27.1,79,11.793738888888889,0.8,18.0
2021-08-16,26.8,78,11.798388888888889,0.2,14.0
2021-08-17,27.0,81,11.803061111111111,1.0,9.7
2021-08-18,26.7,83,11.63993611111111,3.3,10.6
2021-08-19,26.0,85,11.645272222222223,5.0,9.2
2021-08-20,26.1,84,10.823752777777779,1.6,10.4
2021-08-21,25.8,87,9.174141666666667,4.2,13.8
2021-08-22,26.7,83,10.098694444444446,1.3,16.4
2021-08-23,26.8,85,11.61405,1.5,9.5
2021-08-24,26.7,83,11.348241666666667,0.9,8.1
2021-08-25,26.8,77,11.842605555555554,0.2,9.4
2021-08-26,26.8,74,11.846616666666666,0.0,12.3
2021-08-27,27.0,74,11.844305555555556,0.0,13.3
2021-08-28,27.2,72,11.841919444444445,0.2,12.2
2021-08-29,26.3,81,10.688938888888888,6.4,13.8
2021-08-30,27.0,81,11.012049999999999,1.7,9.5
2021-08-31,26.8,85,11.493866666666666,11.7,8.5
2021-09-01,26.9,81,11.299194444444444,2.2,11.8
2021-09-02,27.1,78,11.829274999999999,0.5,9.8
2021-09-03,26.9,79,9.872763888888889,0.4,9.8
2021-09-04,27.0,78,11.824072222222224,0.5,10.5
2021-09-05,27.4,75,10.265905555555555,1.6,12.1
2021-09-06,26.2,88,8.396802777777777,23.6,9.7
2021-09-07,25.8,88,11.070791666666667,18.7,10.2
2021-09-08,26.4,85,11.43365,2.8,8.0
2021-09-09,26.6,78,11.809880555555555,0.5,7.2
2021-09-10,26.7,74,11.806744444444444,0.0,8.8
2021-09-11,27.1,78,11.0,0.3,10.8
2021-09-12,26.4,88,7.507336111111111,29.8,9.6
2021-09-13,26.3,87,10.245952777777777,25.0,19.1
2021-09-14,24.1,94,0.0,64.6,9.3
2021-09-15,26.0,86,8.376130555555555,0.2,10.7
2021-09-16,26.8,84,11.764572222222222,2.8,14.5
2021-09-17,27.2,83,11.765822222222223,0.8,12.5
2021-09-18,27.4,79,11.780427777777778,0.5,10.6
2021-09-19,26.6,83,10.958313888888888,8.9,12.6
2021-09-20,26.9,81,11.512702777777779,1.9,6.4
2021-09-21,26.4,85,11.192827777777778,14.8,10.4
2021-09-22,26.5,86,10.428516666666667,4.5,13.2
2021-09-23,26.6,85,11.259916666666665,6.3,11.4
2021-09-24,27.4,81,11.454022222222223,3.8,17.8
2021-09-25,27.1,84,11.648105555555556,4.3,12.3
2021-09-26,26.9,86,11.392527777777778,11.2,15.3
2021-09-27,26.5,86,11.329711111111111,12.2,12.9
2021-09-28,26.8,85,10.728663888888889,5.3,9.7
2021-09-29,27.0,86,11.396969444444444,3.1,8.0
2021-09-30,27.0,82,11.398516666666668,2.3,11.2
2021-10-01,26.9,84,6.212605555555556,2.4,9.2
2021-10-02,27.2,83,10.466011111111111,3.0,12.5
2021-10-03,27.0,81,11.33888611111111,1.6,9.2
2021-10-04,27.2,81,11.082858333333334,5.1,9.5
2021-10-05,27.0,78,11.599705555555555,2.1,14.7
2021-10-06,26.5,79,11.0,2.9,11.2
2021-10-07,26.8,79,11.667544444444445,0.3,10.1
2021-10-08,26.8,77,11.475591666666666,0.0,9.8
2021-10-09,27.8,74,11.606283333333334,0.0,10.5
2021-10-10,27.8,77,11.090783333333333,1.0,9.2
2021-10-11,27.6,77,11.091916666666666,0.7,11.3
2021-10-12,28.2,71,10.40398888888889,0.2,11.6
2021-10-13,28.1,73,11.417900000000001,0.1,14.9
2021-10-14,28.3,73,11.0,0.1,12.1
2021-10-15,28.1,75,11.0,1.1,11.4
2021-10-16,28.0,78,11.421241666666667,3.0,10.0
2021-10-17,27.4,82,11.2272,11.2,11.5
2021-10-18,25.4,88,4.220133333333333,17.0,13.3
2021-10-19,26.7,82,10.74491388888889,5.0,13.8
2021-10-20,26.6,85,10.225672222222222,8.8,9.3
2021-10-21,26.6,86,10.696569444444444,31.8,11.4
2021-10-22,26.1,86,10.24341388888889,6.9,11.2
2021-10-23,26.5,83,11.100630555555554,2.6,13.0
2021-10-24,27.2,82,11.297683333333334,1.8,12.0
2021-10-25,26.7,84,11.495169444444445,5.1,10.6
2021-10-26,26.7,83,11.364480555555556,2.2,13.0
2021-10-27,25.9,88,5.712261111111111,20.5,9.9
2021-10-28,26.1,87,8.487505555555556,6.1,12.4
2021-10-29,26.8,83,11.299808333333333,0.4,11.2
2021-10-30,26.8,86,10.563788888888888,4.9,9.1
2021-10-31,26.3,88,9.597208333333333,26.3,12.5
2021-11-01,25.1,91,2.32045,18.4,10.4
2021-11-02,26.1,87,10.290891666666667,8.9,12.0
2021-11-03,26.1,85,9.807025,14.5,11.2
2021-11-04,26.5,86,11.299336111111112,8.2,10.0
2021-11-05,25.6,91,2.953525,8.8,11.3
2021-11-06,26.5,87,9.155211111111111,15.5,9.5
2021-11-07,25.8,88,8.560158333333334,20.3,11.9
2021-11-08,26.5,86,2.758313888888889,1.5,8.6
2021-11-09,25.9,90,8.170141666666666,31.5,11.3
2021-11-10,25.9,86,1.3432666666666668,13.4,15.5
2021-11-11,26.4,82,0.9020527777777777,0.0,13.7
2021-11-12,27.5,79,7.1690805555555555,0.9,15.4
2021-11-13,26.5,84,8.506675,7.6,9.2
2021-11-14,26.9,82,9.455541666666665,2.7,16.8
2021-11-15,25.4,89,2.955611111111111,15.8,11.4
2021-11-16,26.8,82,11.0,4.5,15.5
2021-11-17,26.3,86,9.677088888888887,14.4,9.5
2021-11-18,26.0,88,7.186238888888889,12.4,14.5
2021-11-19,25.1,92,0.42995555555555554,22.1,13.3
2021-11-20,26.5,84,9.846997222222223,3.8,11.8
2021-11-21,27.0,82,8.278916666666666,0.3,15.5
2021-11-22,26.4,85,6.659286111111111,12.0,16.3
2021-11-23,25.7,86,5.892333333333334,10.7,19.0
2021-11-24,26.5,72,8.638024999999999,0.0,17.7
2021-11-25,27.0,76,11.819316666666667,1.1,13.2
2021-11-26,26.6,84,8.0,18.1,13.7
2021-11-27,26.1,85,9.772461111111111,8.6,18.7
2021-11-28,26.2,79,7.3031194444444445,1.8,22.4
2021-11-29,26.3,83,10.604413888888889,3.9,17.1
2021-11-30,26.4,83,6.736741666666667,10.6,13.1
2021-12-01,27.3,76,10.59915,6.6,15.3
2021-12-02,28.3,72,11.883352777777779,1.2,16.9
2021-12-03,27.4,78,9.445536111111112,8.6,14.4
2021-12-04,25.2,91,0.0,14.1,11.1
2021-12-05,25.0,91,0.5076333333333334,13.2,8.1
2021-12-06,25.5,89,7.610391666666667,15.9,15.0
2021-12-07,24.7,93,0.5607388888888889,17.6,12.4
2021-12-08,26.3,87,11.85626388888889,6.5,13.2
2021-12-09,26.2,86,11.620308333333334,4.2,15.3
2021-12-10,26.0,86,11.301333333333334,20.7,12.3
2021-12-11,26.3,86,11.706994444444444,10.6,12.5
2021-12-12,27.2,79,11.964780555555555,1.2,19.9
2021-12-13,27.4,79,11.002430555555556,4.0,15.9
2021-12-14,27.1,82,9.762611111111111,3.3,12.9
2021-12-15,26.7,87,10.761111111111111,0.7,7.9
2021-12-16,26.5,87,9.760144444444444,9.4,13.7
2021-12-17,26.5,86,10.510441666666665,10.6,12.4
2021-12-18,26.9,84,9.230341666666668,10.5,9.9
2021-12-19,27.1,82,10.436413888888888,3.4,17.2
2021-12-20,26.1,88,5.844202777777778,15.6,10.6
2021-12-21,25.4,90,0.3589583333333333,5.0,9.1
2021-12-22,26.0,87,7.486038888888889,4.1,12.2
2021-12-23,25.9,87,9.626055555555556,13.0,12.5
2021-12-24,25.9,88,7.842802777777778,17.9,11.0
2021-12-25,25.6,88,7.575538888888889,22.1,13.3
2021-12-26,26.0,86,10.277169444444445,19.9,14.4
2021-12-27,26.2,87,11.162008333333334,7.4,13.8
2021-12-28,25.7,88,10.342669444444445,12.1,12.8
2021-12-29,25.6,87,7.969733333333334,10.2,11.5
2021-12-30,25.7,90,5.109233333333334,14.6,8.5
2021-12-31,26.9,83,10.0,2.8,21.2
2022-01-01,26.9,80,9.838069444444445,1.2,18.5
2022-01-02,27.0,79,10.332269444444444,0.6,19.2
2022-01-03,27.2,75,12.0,0.1,15.2
2022-01-04,26.8,78,12.0,0.1,10.2
2022-01-05,26.2,85,11.942441666666667,7.0,11.7
2022-01-06,26.1,87,9.245761111111111,11.5,14.0
2022-01-07,26.8,80,9.266716666666667,2.9,16.3
2022-01-08,26.7,81,9.37150277777778,12.2,13.0
2022-01-09,26.2,87,8.978636111111111,4.5,11.8
2022-01-10,25.8,88,9.163675000000001,20.6,13.0
2022-01-11,25.3,90,8.690811111111111,23.5,12.2
2022-01-12,25.3,89,7.921866666666667,18.7,17.2
2022-01-13,25.5,89,9.277936111111112,20.5,14.0
2022-01-14,24.8,90,7.999661111111111,27.6,14.0
2022-01-15,25.4,88,5.702211111111111,5.1,15.8
2022-01-16,25.6,89,7.476636111111111,2.2,15.0
2022-01-17,25.9,86,10.035591666666665,7.1,13.3
2022-01-18,24.9,90,8.305877777777777,25.7,13.4
2022-01-19,24.9,89,11.632088888888887,19.6,19.4
2022-01-20,24.0,92,0.21180555555555555,8.4,12.8
2022-01-21,25.8,86,11.017094444444444,13.1,16.2
2022-01-22,25.6,87,7.945888888888889,14.3,13.2
2022-01-23,26.7,83,10.701441666666668,13.0,14.5
2022-01-24,27.3,79,12.0,6.9,17.6
2022-01-25,26.4,85,9.799108333333333,7.6,15.0
2022-01-26,25.6,89,6.047038888888889,7.7,15.1
2022-01-27,26.5,84,11.31798888888889,2.6,16.8
2022-01-28,26.2,86,8.641397222222222,0.3,12.4
2022-01-29,26.3,84,7.466422222222222,0.8,13.4
2022-01-30,26.6,87,10.865019444444444,7.8,11.7
2022-01-31,26.2,86,7.831630555555555,4.0,14.5
2022-02-01,26.6,84,10.688466666666667,7.0,10.8
2022-02-02,25.9,86,9.531869444444446,6.4,13.4
2022-02-03,25.8,89,7.3692416666666665,26.1,8.7
2022-02-04,26.1,88,9.465380555555557,11.8,14.0
2022-02-05,24.7,93,2.260683333333333,16.9,12.2
2022-02-06,25.7,88,7.4388555555555556,3.7,15.6
2022-02-07,26.0,85,10.367524999999999,4.3,17.9
2022-02-08,25.7,88,8.592286111111111,6.8,12.6
2022-02-09,25.7,88,9.249572222222222,7.3,16.6
2022-02-10,25.5,87,5.385027777777777,4.8,19.5
2022-02-11,26.1,83,11.241319444444445,0.7,16.4
2022-02-12,26.3,86,4.4254694444444445,1.5,12.7
2022-02-13,25.9,86,5.620666666666667,2.0,11.2
2022-02-14,25.7,85,7.543227777777777,2.5,7.3
2022-02-15,26.5,77,6.229861111111111,0.3,10.0
2022-02-16,26.8,80,8.480241666666666,8.0,10.3
2022-02-17,25.2,89,8.918933333333333,24.9,13.1
2022-02-18,24.9,92,1.0,18.9,10.6
2022-02-19,25.6,90,10.030894444444444,6.2,11.5
2022-02-20,26.0,88,10.132236111111112,3.5,9.6
2022-02-21,26.7,84,10.429947222222221,0.9,13.4
2022-02-22,26.9,81,10.957552777777778,4.1,12.1
2022-02-23,26.3,84,8.304230555555556,4.5,14.3
2022-02-24,26.3,82,6.332813888888889,2.1,13.5
2022-02-25,24.8,88,1.308152777777778,9.8,15.6
2022-02-26,25.8,83,9.458883333333334,17.0,20.2
2022-02-27,26.1,81,9.093944444444444,4.4,18.8
2022-02-28,26.3,81,8.579413888888888,2.0,16.7
2022-03-01,24.8,90,0.04043611111111111,12.4,13.5
2022-03-02,26.4,81,11.917019444444444,2.3,18.3
2022-03-03,26.3,83,11.06255,4.9,18.2
2022-03-04,25.6,87,4.958327777777778,5.8,10.9
2022-03-05,26.3,85,9.814177777777777,10.7,19.0
2022-03-06,25.8,87,9.104172222222221,20.3,17.1
2022-03-07,26.6,82,6.6577,4.0,19.6
2022-03-08,26.4,84,10.156197222222222,12.9,14.3
2022-03-09,26.2,86,11.51148888888889,6.5,9.2
2022-03-10,26.2,88,9.969308333333334,16.6,11.1
2022-03-11,25.9,89,8.464261111111112,14.4,13.8
2022-03-12,26.1,87,8.345569444444445,19.3,17.9
2022-03-13,26.4,88,10.720552777777778,7.2,9.4
2022-03-14,26.5,88,8.971472222222221,6.8,9.2
2022-03-15,25.7,91,2.1361861111111113,15.8,10.5
2022-03-16,26.7,86,11.476008333333333,2.1,9.7
2022-03-17,26.8,86,11.313119444444446,6.9,9.5
2022-03-18,26.4,88,10.448480555555555,15.2,13.7
2022-03-19,27.1,80,11.981502777777779,1.0,21.4
2022-03-20,27.5,77,10.280827777777779,0.6,21.7
2022-03-21,27.1,79,9.947127777777778,3.7,18.9
2022-03-22,27.1,80,9.573905555555555,2.9,11.1
2022-03-23,26.1,86,8.6075,12.7,17.1
2022-03-24,27.0,83,11.977577777777778,0.8,14.0
2022-03-25,27.5,83,11.08395,1.2,11.5
2022-03-26,26.0,88,7.650775,22.9,14.8
2022-03-27,26.3,85,11.334613888888889,24.9,15.4
2022-03-28,26.1,85,9.579641666666667,6.1,12.7
2022-03-29,26.6,84,11.947641666666668,1.3,10.1
2022-03-30,27.3,81,11.939769444444444,3.5,10.8
2022-03-31,26.4,86,11.931880555555555,8.0,13.8
2022-04-01,26.3,87,7.772197222222222,5.2,11.3
2022-04-02,26.7,83,9.348875,15.1,13.2
2022-04-03,26.0,85,6.82685,13.3,16.9
2022-04-04,26.9,80,10.545219444444445,6.2,14.9
2022-04-05,26.2,86,8.228711111111112,11.0,10.7
2022-04-06,27.0,81,11.885122222222224,3.4,15.9
2022-04-07,26.9,79,11.167719444444444,2.4,13.7
2022-04-08,26.6,80,10.107247222222222,4.2,18.6
2022-04-09,26.4,83,11.151394444444444,24.9,10.9
2022-04-10,26.3,88,10.590677777777778,11.6,11.0
2022-04-11,26.2,88,10.970461111111112,11.2,10.3
2022-04-12,26.1,89,10.978977777777777,19.5,10.3
2022-04-13,26.2,87,11.821155555555556,3.0,10.2
2022-04-14,26.8,81,11.564608333333332,2.5,13.5
2022-04-15,27.0,83,11.568888888888889,2.0,10.7
2022-04-16,27.2,81,11.7694,2.2,10.3
2022-04-17,27.5,81,11.64295,3.1,12.6
2022-04-18,27.5,82,11.25398611111111,1.4,11.5
2022-04-19,26.9,84,11.0,6.8,12.2
2022-04-20,26.4,86,8.620369444444444,8.2,13.1
2022-04-21,25.2,91,1.873561111111111,10.5,9.8
2022-04-22,25.9,89,6.324933333333333,20.2,12.2
2022-04-23,26.8,86,10.663516666666668,3.0,11.5
2022-04-24,27.2,84,11.144733333333333,5.1,9.4
2022-04-25,27.2,84,10.77153611111111,15.5,12.1
2022-04-26,27.3,83,8.478766666666667,5.0,9.7
2022-04-27,26.5,86,10.230152777777779,13.5,14.7
2022-04-28,25.9,89,1.564961111111111,8.4,14.3
2022-04-29,26.5,86,8.885961111111111,10.7,13.7
2022-04-30,26.2,88,8.419844444444443,23.1,10.5
2022-05-01,26.2,89,6.926697222222223,6.4,8.4
2022-05-02,26.4,88,8.90288611111111,7.7,7.4
2022-05-03,26.5,88,10.069480555555554,3.3,10.8
2022-05-04,26.4,88,9.705927777777777,3.7,10.5
2022-05-05,26.7,86,11.513372222222221,2.0,13.2
2022-05-06,27.1,84,11.247638888888888,2.8,9.9
2022-05-07,27.0,85,10.066966666666668,2.2,10.8
2022-05-08,27.7,82,11.050430555555556,1.2,7.4
2022-05-09,27.3,87,9.66283611111111,1.7,14.0
2022-05-10,27.5,86,9.0,10.6,12.3
2022-05-11,26.9,86,10.0,9.6,10.0
2022-05-12,27.1,85,10.32765,5.5,18.7
2022-05-13,28.3,79,11.534844444444445,0.3,11.3
2022-05-14,28.2,79,10.197266666666668,0.9,9.7
2022-05-15,27.0,86,9.0,7.7,11.9
2022-05-16,26.5,87,9.04466388888889,9.3,9.7
2022-05-17,26.9,85,10.992027777777778,2.1,9.6
2022-05-18,26.6,87,9.381725,6.4,10.1
2022-05-19,26.0,88,10.0,2.9,10.7
2022-05-20,25.5,90,8.146619444444445,12.0,11.3
2022-05-21,25.6,90,5.286880555555555,7.1,8.2
2022-05-22,25.9,89,5.088725,2.6,11.1
2022-05-23,26.5,87,9.660186111111111,10.2,12.1
2022-05-24,27.1,84,11.416422222222224,2.0,16.2
2022-05-25,25.9,89,8.733469444444445,12.1,11.7
2022-05-26,25.1,91,0.0,1.6,14.7
2022-05-27,26.6,86,10.822666666666667,0.9,10.5
2022-05-28,25.6,87,7.704830555555556,0.4,10.4
2022-05-29,25.9,84,8.211522222222222,0.6,11.7
2022-05-30,26.0,86,10.099436111111112,6.8,9.7
2022-05-31,26.2,86,11.401411111111111,9.4,11.9
2022-06-01,26.7,84,10.140130555555556,3.6,14.5
2022-06-02,25.8,88,9.57506388888889,16.0,12.2
2022-06-03,26.6,83,10.35378888888889,1.0,8.2
2022-06-04,26.1,85,10.89378611111111,7.1,10.5
2022-06-05,26.1,87,11.171722222222222,6.4,8.4
2022-06-06,25.2,92,3.0322750000000003,8.1,8.7
2022-06-07,25.5,88,6.527255555555556,22.4,13.2
2022-06-08,25.3,91,9.129097222222223,15.0,10.9
2022-06-09,24.9,92,5.9182250000000005,14.4,13.1
2022-06-10,26.2,86,11.349716666666668,8.6,9.1
2022-06-11,25.8,89,9.948177777777778,11.1,9.0
2022-06-12,25.6,90,10.861652777777778,13.2,9.4
2022-06-13,25.5,89,10.36451111111111,20.0,10.8
2022-06-14,25.7,89,9.493036111111111,5.3,7.5
2022-06-15,24.9,92,5.1686805555555555,16.4,9.2
2022-06-16,25.0,90,6.792786111111111,11.6,9.8
2022-06-17,25.1,91,2.3976777777777776,9.6,7.6
2022-06-18,25.2,90,10.177627777777777,6.6,10.6
2022-06-19,26.0,85,11.383827777777778,1.1,12.1
2022-06-20,25.4,88,10.904769444444444,7.4,10.4
2022-06-21,26.2,85,11.231875,3.3,13.0
2022-06-22,25.9,87,10.965219444444445,8.7,10.8
2022-06-23,26.1,83,11.429491666666665,1.1,15.9
2022-06-24,25.2,90,8.157408333333333,8.6,9.5
2022-06-25,25.6,89,8.868538888888889,17.0,7.4
2022-06-26,25.3,90,8.825580555555556,5.0,8.4
2022-06-27,25.4,90,8.0652,21.7,8.7
2022-06-28,25.9,87,9.796908333333334,15.1,10.2
2022-06-29,26.3,81,11.648125,0.7,10.5
2022-06-30,25.7,78,11.534058333333334,0.2,12.3
2022-07-01,25.7,81,11.421283333333333,0.1,11.6
2022-07-02,26.2,85,11.454644444444444,8.4,10.9
2022-07-03,26.0,89,10.059319444444446,10.3,8.4
2022-07-04,26.8,86,11.275174999999999,1.6,17.4
2022-07-05,27.0,84,11.161458333333334,3.2,7.8
2022-07-06,26.1,87,10.156225000000001,4.9,10.4
2022-07-07,26.9,84,11.642305555555556,0.6,6.4
2022-07-08,26.5,82,11.56803888888889,0.6,10.5
2022-07-09,25.8,82,11.6625,1.0,9.6
2022-07-10,26.1,78,11.664558333333334,0.6,13.5
2022-07-11,26.7,78,10.560155555555555,0.0,9.7
2022-07-12,26.4,84,10.84855,13.9,11.6
2022-07-13,25.3,90,6.566591666666667,19.5,14.5
2022-07-14,26.2,86,9.518288888888888,4.2,15.2
2022-07-15,26.0,87,10.340419444444445,40.0,13.0
2022-07-16,25.1,88,5.0548777777777785,19.1,10.9
2022-07-17,26.0,85,9.093919444444445,4.1,14.3
2022-07-18,26.4,85,11.684308333333334,1.1,10.6
2022-07-19,26.9,84,11.386019444444443,0.2,11.4
2022-07-20,26.5,84,10.845872222222223,4.9,15.8
2022-07-21,26.4,80,11.693008333333333,0.0,10.0
2022-07-22,25.9,86,10.365683333333333,13.1,18.6
2022-07-23,26.0,87,9.895372222222221,5.4,14.1
2022-07-24,25.6,86,11.132983333333332,2.9,12.4
2022-07-25,25.3,89,10.6,2.7,8.7
2022-07-26,26.5,81,11.114061111111113,0.3,15.8
2022-07-27,26.4,80,9.855105555555555,0.1,10.8
2022-07-28,26.9,80,11.386283333333335,0.5,16.6
2022-07-29,26.7,83,11.587175,3.0,11.6
2022-07-30,26.6,83,11.724030555555556,0.6,11.2
2022-07-31,27.0,80,11.7279,0.1,14.8
2022-08-01,26.9,80,11.514100000000001,0.0,14.1
2022-08-02,26.7,81,10.663127777777778,1.2,8.7
2022-08-03,25.9,87,9.346824999999999,15.8,13.5
2022-08-04,25.3,89,9.877388888888888,14.2,11.2
2022-08-05,25.1,88,10.540383333333333,4.5,13.2
2022-08-06,25.7,85,11.25868611111111,2.2,8.2
2022-08-07,25.8,84,11.756680555555556,5.3,10.2
2022-08-08,26.4,80,11.760986111111112,0.3,14.1
2022-08-09,26.2,84,11.765327777777777,1.5,6.9
2022-08-10,26.8,79,11.769702777777779,1.9,9.5
2022-08-11,27.0,81,11.7741,1.9,10.3
2022-08-12,26.3,86,10.82895,8.5,14.4
2022-08-13,26.1,85,10.949247222222223,5.7,9.9
2022-08-14,26.2,85,11.087330555555555,8.9,12.9
2022-08-15,25.7,87,11.135869444444443,16.5,11.5
2022-08-16,25.4,88,10.09351111111111,11.4,14.3
2022-08-17,25.6,87,11.368572222222223,5.9,10.0
2022-08-18,26.8,76,11.806625,0.0,14.8
2022-08-19,27.0,77,11.811508333333334,0.0,14.8
2022-08-20,26.8,79,11.188205555555555,7.7,14.5
2022-08-21,25.6,86,9.964486111111112,21.4,11.1
2022-08-22,25.9,86,11.194280555555556,2.9,9.8
2022-08-23,26.6,82,11.831469444444444,3.5,13.7
2022-08-24,26.4,82,11.674977777777777,3.5,10.1
2022-08-25,26.5,79,10.623905555555554,3.1,11.6
2022-08-26,26.6,79,11.230372222222222,4.9,10.1
2022-08-27,25.8,86,9.779272222222222,7.2,12.2
2022-08-28,25.3,89,10.804977777777777,2.4,9.8
2022-08-29,25.9,83,11.427636111111111,1.8,11.6
2022-08-30,26.3,80,11.838558333333333,0.0,13.3
2022-08-31,26.5,82,11.279733333333333,0.9,11.6
2022-09-01,26.3,87,9.69035,11.2,12.7
2022-09-02,26.1,86,10.870330555555556,4.3,13.6
2022-09-03,26.1,82,11.624216666666667,1.8,17.8
2022-09-04,27.0,77,11.300450000000001,0.1,19.3
2022-09-05,26.8,83,10.461969444444444,12.4,13.7
2022-09-06,25.8,86,10.111330555555556,6.9,9.9
2022-09-07,25.9,87,11.497225,3.4,9.0
2022-09-08,24.2,93,0.0,20.4,8.5
2022-09-09,25.0,89,9.0,24.9,12.3
2022-09-10,25.1,90,8.397163888888889,10.8,9.0
2022-09-11,25.3,88,10.24311111111111,14.4,9.4
2022-09-12,25.4,87,11.050966666666667,7.3,11.8
2022-09-13,25.7,86,11.0,4.7,8.2
2022-09-14,26.5,81,11.44013611111111,0.2,8.3
2022-09-15,27.1,77,11.183883333333334,1.4,7.6
2022-09-16,26.3,81,11.016491666666667,1.0,14.2
2022-09-17,26.6,83,11.63681111111111,13.7,14.6
2022-09-18,26.2,83,10.397405555555556,1.4,10.9
2022-09-19,25.7,85,11.0,7.1,9.4
2022-09-20,26.3,79,10.74596388888889,0.2,9.4
2022-09-21,26.7,81,10.191855555555556,8.0,8.9
2022-09-22,25.9,86,10.552880555555557,19.1,12.4
2022-09-23,25.4,88,9.091763888888888,28.4,10.2
2022-09-24,25.8,85,10.453152777777778,8.1,14.0
2022-09-25,26.4,83,11.58316111111111,4.4,11.1
2022-09-26,27.1,78,11.584725,0.2,9.9
2022-09-27,27.1,76,11.586319444444445,1.2,11.1
2022-09-28,27.2,76,11.652222222222223,7.1,16.0
2022-09-29,27.2,79,11.203941666666667,1.6,11.3
2022-09-30,26.7,84,10.496794444444443,7.0,15.9
2022-10-01,26.9,86,10.946188888888889,3.7,15.0
2022-10-02,25.4,89,4.991669444444444,23.9,9.8
2022-10-03,26.1,87,7.984797222222222,10.5,12.5
2022-10-04,25.8,89,7.129038888888889,25.6,10.5
2022-10-05,25.3,89,7.741897222222223,9.1,11.8
2022-10-06,25.5,88,10.750055555555555,19.1,12.1
2022-10-07,25.0,89,6.6873611111111115,25.1,14.8
2022-10-08,26.2,83,6.270927777777778,0.2,14.4
2022-10-09,25.9,87,7.091547222222222,9.4,12.3
2022-10-10,25.5,89,6.019872222222222,3.4,8.7
2022-10-11,25.9,88,9.97755,13.4,9.0
2022-10-12,26.2,86,10.156905555555555,2.0,13.4
2022-10-13,25.9,87,10.591825,11.2,13.3
2022-10-14,26.0,86,9.0,8.2,11.6
2022-10-15,25.5,89,9.644355555555556,11.2,8.4
2022-10-16,26.0,88,10.88251111111111,4.6,9.0
2022-10-17,26.5,86,10.01533888888889,1.3,9.7
2022-10-18,26.1,88,9.966861111111111,7.8,10.2
2022-10-19,25.5,91,5.042125,18.3,9.7
2022-10-20,26.0,89,9.661780555555557,4.2,11.0
2022-10-21,26.3,87,7.957169444444445,7.2,9.6
2022-10-22,26.5,87,9.451508333333333,13.5,12.6
2022-10-23,26.4,84,7.661661111111111,7.8,15.4
2022-10-24,26.4,82,11.0,4.0,19.7
2022-10-25,25.2,91,4.761708333333334,26.0,16.3
2022-10-26,25.2,87,3.0677305555555554,20.1,18.9
2022-10-27,26.1,80,11.562455555555555,0.6,15.9
2022-10-28,26.5,75,11.03606388888889,0.2,17.1
2022-10-29,26.5,82,11.497661111111112,2.7,11.4
2022-10-30,26.6,80,11.587858333333333,0.1,13.0
2022-10-31,26.9,79,11.03523611111111,1.3,12.9
2022-11-01,27.1,79,11.48846111111111,0.6,9.5
2022-11-02,26.9,80,11.11486388888889,1.9,10.2
2022-11-03,26.8,84,9.851330555555556,1.8,9.7
2022-11-04,26.6,86,11.165941666666667,13.6,12.1
2022-11-05,26.0,88,8.818591666666666,15.5,12.6
2022-11-06,26.1,88,7.7047027777777775,8.7,9.0
2022-11-07,25.2,90,3.389022222222222,23.3,7.6
2022-11-08,25.1,92,5.674975,26.1,13.7
2022-11-09,25.6,90,7.001561111111111,29.5,9.3
2022-11-10,25.7,87,4.775205555555556,9.9,15.4
2022-11-11,26.4,80,8.905572222222222,0.6,21.2
2022-11-12,26.0,87,8.092144444444445,32.9,19.6
2022-11-13,25.3,90,8.08731388888889,10.3,12.4
2022-11-14,25.8,89,10.838252777777777,14.3,13.0
2022-11-15,25.9,87,9.230708333333334,14.1,11.7
2022-11-16,26.4,87,10.0,7.5,13.0
2022-11-17,25.5,87,4.0,25.6,13.0
2022-11-18,25.8,86,8.011472222222222,12.1,13.1
2022-11-19,26.0,85,9.56818888888889,1.8,18.6
2022-11-20,26.6,80,8.552877777777779,0.2,23.4
2022-11-21,26.9,78,11.830208333333333,1.2,17.8
2022-11-22,27.0,77,10.50548888888889,1.7,20.4
2022-11-23,25.9,86,10.884897222222222,12.3,16.0
2022-11-24,26.1,83,8.29695,2.2,17.7
2022-11-25,26.3,82,10.516205555555555,1.9,10.5
2022-11-26,26.6,82,7.192541666666667,2.3,15.5
2022-11-27,26.1,86,10.159525,13.8,11.2
2022-11-28,25.9,88,10.784341666666666,2.3,9.5
2022-11-29,26.8,82,11.397611111111111,0.8,9.2
2022-11-30,26.4,84,9.349586111111112,1.6,9.9
2022-12-01,26.7,82,11.874716666666668,2.2,8.0
2022-12-02,25.7,88,8.992830555555555,10.9,8.0
2022-12-03,26.0,85,9.241502777777779,3.0,9.2
2022-12-04,25.9,88,8.646005555555556,12.8,10.1
2022-12-05,25.7,89,10.152819444444445,12.7,13.0
2022-12-06,25.3,90,7.542488888888888,7.4,9.7
2022-12-07,25.6,89,11.921144444444446,17.7,11.7
2022-12-08,26.1,87,10.986677777777778,2.9,13.4
2022-12-09,25.8,87,11.174658333333332,8.9,13.1
2022-12-10,26.6,81,11.9445,2.3,16.6
2022-12-11,26.5,81,11.347455555555555,2.1,19.3
2022-12-12,26.8,78,10.097305555555556,2.0,17.1
2022-12-13,26.7,79,9.606197222222221,1.8,22.0
2022-12-14,26.7,81,11.970027777777778,4.3,18.2
2022-12-15,27.5,78,11.483541666666667,2.9,13.8
2022-12-16,26.2,88,8.304272222222222,20.8,9.9
2022-12-17,27.0,86,9.896530555555556,3.9,11.3
2022-12-18,26.3,88,9.406172222222223,12.8,10.1
2022-12-19,27.1,83,10.624163888888889,1.2,11.4
2022-12-20,26.0,88,8.591041666666667,15.6,9.2
2022-12-21,26.4,87,12.0,7.2,13.5
2022-12-22,25.9,88,7.910894444444445,8.6,14.8
2022-12-23,26.1,84,5.509033333333334,3.5,17.1
2022-12-24,26.2,85,8.671133333333334,3.1,14.2
2022-12-25,25.2,89,3.3971833333333334,5.3,15.4
2022-12-26,24.9,90,2.128616666666667,18.0,15.9
2022-12-27,24.9,87,5.033569444444444,2.9,15.0
2022-12-28,25.1,87,5.1878416666666665,3.0,17.6
2022-12-29,25.0,89,4.697047222222222,11.8,22.3
2022-12-30,24.7,90,6.806594444444445,17.5,14.8
2022-12-31,24.5,90,3.5881694444444445,22.6,16.3
2023-01-01,24.7,89,6.201716666666667,28.0,15.9
2023-01-02,24.8,87,7.446502777777778,5.9,16.6
2023-01-03,24.0,93,1.0,19.1,11.3
2023-01-04,25.0,88,10.0,17.0,15.0
2023-01-05,26.0,83,11.0,1.7,15.1
2023-01-06,26.9,78,11.196072222222222,1.0,21.3
2023-01-07,26.7,79,12.0,0.8,21.1
2023-01-08,26.4,82,11.216516666666667,6.6,15.9
2023-01-09,26.8,81,9.966038888888889,1.7,14.5
2023-01-10,27.0,79,7.371475,0.2,18.8
2023-01-11,27.2,77,11.517711111111112,0.2,8.7
2023-01-12,27.0,79,12.0,0.4,11.3
2023-01-13,26.3,84,12.0,5.3,15.2
2023-01-14,27.2,81,11.632013888888888,2.7,11.4
2023-01-15,27.3,74,12.0,0.2,19.3
2023-01-16,26.8,80,10.959080555555555,4.4,13.8
2023-01-17,25.4,85,2.5025694444444446,8.6,14.4
2023-01-18,25.0,90,6.424908333333333,21.1,11.2
2023-01-19,24.9,90,7.041663888888889,12.3,13.6
2023-01-20,25.5,87,9.333652777777779,12.5,16.9
2023-01-21,26.1,83,12.0,3.3,14.5
2023-01-22,26.3,83,9.798083333333333,1.0,20.6
2023-01-23,25.4,87,5.1720500000000005,7.6,16.3
2023-01-24,25.6,85,5.661247222222222,4.2,17.3
2023-01-25,25.0,86,5.269511111111112,15.6,19.5
2023-01-26,26.2,83,10.0,6.0,16.9
2023-01-27,25.4,89,3.4625694444444446,12.4,13.4
2023-01-28,24.7,91,0.0,24.9,11.5
2023-01-29,25.3,88,6.288825,37.4,20.4
2023-01-30,25.7,87,7.471127777777778,2.3,18.2
2023-01-31,26.2,87,9.11725,2.4,12.9
2023-02-01,25.5,89,4.174275,2.6,10.2
2023-02-02,25.2,91,3.5559972222222225,11.1,12.3
2023-02-03,25.7,85,5.046961111111112,1.2,11.2
2023-02-04,25.8,86,8.699002777777778,3.8,16.9
2023-02-05,26.3,82,10.862763888888889,2.3,19.6
2023-02-06,27.0,77,9.431411111111112,0.2,15.6
2023-02-07,25.9,86,8.439388888888889,4.3,15.0
2023-02-08,26.4,83,9.444527777777779,2.7,12.2
2023-02-09,26.3,81,9.482488888888888,2.0,19.6
2023-02-10,26.0,84,10.27048888888889,10.4,23.9
2023-02-11,24.9,91,6.790383333333334,26.4,15.0
2023-02-12,24.3,92,1.9413833333333332,39.3,15.1
2023-02-13,25.8,87,10.544419444444445,9.8,17.7
2023-02-14,24.8,91,5.2632,9.8,18.1
2023-02-15,25.1,88,7.6923055555555555,15.9,18.4
2023-02-16,24.8,90,7.196738888888889,26.9,15.5
2023-02-17,24.7,91,4.979272222222223,8.1,13.8
2023-02-18,25.7,87,7.890069444444444,2.7,11.5
2023-02-19,25.4,88,9.816172222222223,7.3,15.1
2023-02-20,25.9,84,10.660575,17.8,15.8
2023-02-21,25.0,89,6.160863888888889,15.7,13.2
2023-02-22,24.8,90,5.440536111111111,20.8,18.2
2023-02-23,25.3,89,6.285786111111111,17.9,18.8
2023-02-24,24.8,91,6.797377777777778,29.2,14.5
2023-02-25,25.2,89,4.551230555555556,13.2,15.0
2023-02-26,25.3,88,8.700508333333334,27.6,16.9
2023-02-27,25.0,89,0.0,7.6,17.4
2023-02-28,24.7,91,6.423213888888889,23.2,19.2
2023-03-01,24.8,90,10.543833333333334,21.6,18.4
2023-03-02,23.7,94,0.0,27.5,12.4
2023-03-03,25.5,88,8.903847222222222,17.0,17.8
2023-03-04,24.6,90,4.092802777777778,15.3,12.8
2023-03-05,25.7,86,11.943877777777777,5.9,14.7
2023-03-06,26.3,83,10.268794444444445,2.3,18.3
2023-03-07,26.1,84,11.960986111111112,6.5,16.3
2023-03-08,25.3,89,9.958108333333334,4.7,10.9
2023-03-09,25.5,87,9.455313888888888,3.8,13.3
2023-03-10,25.5,89,10.051702777777777,9.0,11.2
2023-03-11,25.7,89,9.96676111111111,1.6,11.8
2023-03-12,25.4,90,11.459094444444444,8.3,9.3
2023-03-13,25.6,88,11.970097222222222,9.3,12.8
2023-03-14,24.3,92,3.174811111111111,20.0,9.8
2023-03-15,24.7,90,9.409672222222222,4.5,10.7
2023-03-16,26.0,86,11.975347222222222,0.9,13.7
2023-03-17,26.0,87,11.964475,9.1,10.6
2023-03-18,26.3,87,11.07643888888889,2.5,10.1
2023-03-19,26.0,87,10.980558333333335,11.3,11.6
2023-03-20,26.1,87,11.98231111111111,4.6,11.5
2023-03-21,26.2,85,11.931252777777779,1.5,13.3
2023-03-22,26.9,86,11.986175000000001,1.4,8.3
2023-03-23,27.1,83,11.613666666666665,1.4,11.9
2023-03-24,26.6,86,11.978947222222223,3.7,13.7
2023-03-25,26.1,89,7.68085,19.1,13.9
2023-03-26,26.1,88,5.536411111111112,6.7,12.3
2023-03-27,26.4,86,5.134455555555556,14.8,14.0
2023-03-28,25.9,90,7.185013888888888,11.4,11.3
2023-03-29,26.0,89,6.5862083333333326,9.5,10.6
2023-03-30,25.5,92,7.671766666666667,38.9,15.5
2023-03-31,26.1,85,3.8042694444444445,1.2,14.2
2023-04-01,25.7,82,7.623622222222222,0.3,18.5
2023-04-02,26.4,84,10.692936111111111,2.9,13.4
2023-04-03,25.8,85,10.102355555555556,4.1,15.4
2023-04-04,26.5,79,11.649272222222221,1.3,13.4
2023-04-05,26.8,73,11.082863888888888,0.0,15.0
2023-04-06,26.3,76,11.0,0.0,15.3
2023-04-07,26.9,76,11.879422222222221,0.6,8.8
2023-04-08,26.8,80,11.5801,1.8,11.3
2023-04-09,26.8,82,11.865383333333332,0.7,15.5
2023-04-10,26.4,81,8.658586111111111,2.1,16.6
2023-04-11,27.1,79,10.58183611111111,4.3,17.3
2023-04-12,27.3,80,11.844425,5.4,18.9
2023-04-13,27.5,77,11.624211111111112,0.2,19.7
2023-04-14,27.2,82,9.146086111111112,3.3,15.5
2023-04-15,26.9,83,11.241275,4.9,16.9
2023-04-16,27.0,82,10.817975,13.8,13.5
2023-04-17,27.4,82,11.0,4.8,14.0
2023-04-18,26.8,86,9.084652777777778,8.7,11.0
2023-04-19,26.7,86,9.611652777777778,7.2,12.2
2023-04-20,26.3,88,10.733616666666666,4.1,10.0
2023-04-21,26.1,87,9.679280555555556,12.6,10.6
2023-04-22,26.6,85,11.466561111111112,5.7,13.2
2023-04-23,26.8,89,9.23993611111111,11.4,10.9
2023-04-24,26.8,86,11.144316666666667,2.6,8.7
2023-04-25,26.8,86,9.045633333333333,0.4,9.8
2023-04-26,27.0,83,11.217227777777778,0.5,10.5
2023-04-27,26.9,85,11.044091666666668,5.7,12.6
2023-04-28,27.1,83,11.489233333333333,1.5,17.9
2023-04-29,26.5,86,9.966694444444444,3.3,9.9
2023-04-30,27.4,84,11.363016666666667,2.1,10.8
2023-05-01,26.2,88,9.522305555555556,11.6,10.5
2023-05-02,27.3,85,10.587397222222222,4.2,9.2
2023-05-03,26.7,88,9.453436111111111,14.2,8.7
2023-05-04,26.5,89,10.058977777777777,15.1,9.4
2023-05-05,26.9,88,11.366319444444445,7.4,8.7
2023-05-06,27.0,87,10.918158333333334,2.2,7.7
2023-05-07,26.8,90,9.326844444444445,21.8,13.7
2023-05-08,26.7,87,5.743397222222222,8.8,9.5
2023-05-09,27.7,84,11.389327777777778,0.7,10.1
2023-05-10,27.4,85,9.959266666666666,1.8,14.5
2023-05-11,27.9,82,8.726049999999999,0.9,20.0
2023-05-12,28.3,80,11.396647222222223,1.8,19.0
2023-05-13,27.0,88,9.970333333333333,4.5,14.4
2023-05-14,27.4,80,10.387452777777778,3.4,8.8
2023-05-15,27.2,80,11.335016666666666,0.7,8.4
2023-05-16,27.0,80,11.473127777777778,0.9,12.0
2023-05-17,27.1,79,11.54326388888889,1.2,9.1
2023-05-18,26.6,86,11.0,11.6,13.0
2023-05-19,26.8,84,11.204722222222221,1.2,10.2
2023-05-20,26.9,86,9.476583333333332,3.8,11.5
2023-05-21,26.8,85,11.001061111111111,5.0,10.6
2023-05-22,26.6,85,11.070405555555554,2.4,8.4
2023-05-23,26.3,85,11.256372222222224,1.0,10.0
2023-05-24,26.7,83,11.347069444444443,2.3,10.0
2023-05-25,27.0,82,11.278858333333334,2.8,7.3
2023-05-26,27.6,80,11.278833333333335,3.3,9.7
2023-05-27,27.6,80,10.545119444444445,0.7,9.3
2023-05-28,27.8,81,11.272819444444444,1.3,8.0
2023-05-29,27.0,85,11.130963888888889,6.6,9.6
2023-05-30,26.7,85,10.98865,6.9,11.2
2023-05-31,27.1,83,11.401516666666666,2.4,13.3
2023-06-01,27.5,77,11.328480555555556,1.7,11.0
2023-06-02,27.9,79,11.533563888888889,0.0,15.2
2023-06-03,27.6,82,11.251352777777779,3.5,11.2
2023-06-04,26.8,84,11.317155555555557,3.1,12.6
2023-06-05,27.0,82,11.103894444444444,4.4,9.5
2023-06-06,26.5,85,10.800719444444443,2.7,9.7
2023-06-07,26.7,85,10.293027777777779,16.0,11.2
2023-06-08,26.9,84,10.713869444444445,2.1,13.8
2023-06-09,27.1,80,11.506591666666667,3.6,12.2
2023-06-10,26.6,84,11.185291666666668,3.4,11.0
2023-06-11,27.6,77,11.637377777777777,3.0,10.1
2023-06-12,27.4,81,11.492236111111112,5.0,14.5
2023-06-13,27.4,83,10.996052777777779,12.4,12.8
2023-06-14,26.3,87,10.928980555555556,21.0,10.0
2023-06-15,26.7,83,11.406119444444444,5.0,15.3
2023-06-16,24.5,93,0.23269722222222222,12.5,11.9
2023-06-17,26.5,86,7.4572416666666665,2.7,11.9
2023-06-18,26.6,86,10.51991388888889,6.2,11.4
2023-06-19,25.5,89,7.461425,22.8,11.6
2023-06-20,26.5,85,11.237425000000002,5.7,12.6
2023-06-21,26.3,87,10.866958333333335,9.0,9.0
2023-06-22,27.1,83,11.437177777777777,2.2,11.8
2023-06-23,26.5,86,10.856736111111111,10.8,12.3
2023-06-24,26.6,86,11.21555,1.4,7.4
2023-06-25,25.8,87,10.844027777777777,6.4,8.8
2023-06-26,26.1,86,11.34601111111111,1.8,8.7
2023-06-27,26.9,80,11.411483333333333,0.7,7.6
2023-06-28,27.1,79,11.617416666666665,3.8,11.0
2023-06-29,26.6,85,11.401863888888888,13.0,10.5
2023-06-30,27.0,84,11.493597222222222,2.0,8.9
2023-07-01,26.7,83,11.062572222222222,3.5,11.6
2023-07-02,26.4,85,9.834494444444445,2.6,12.0
2023-07-03,26.5,84,11.382202777777778,2.4,10.1
2023-07-04,27.0,83,11.653675000000002,1.1,9.8
2023-07-05,27.5,81,11.582483333333334,3.9,7.6
2023-07-06,25.8,88,9.816763888888888,19.7,13.3
2023-07-07,26.1,87,9.382530555555556,9.8,10.7
2023-07-08,26.1,87,9.151341666666667,17.7,11.1
2023-07-09,26.7,83,11.563622222222222,0.8,13.8
2023-07-10,26.6,83,8.588363888888889,6.2,13.3
2023-07-11,26.7,82,11.159363888888889,0.2,11.5
2023-07-12,26.8,83,11.62068611111111,5.0,13.9
2023-07-13,27.1,79,10.84693888888889,0.6,6.8
2023-07-14,26.5,82,10.545005555555555,7.1,13.2
2023-07-15,26.0,86,9.415713888888888,4.7,10.2
2023-07-16,26.5,84,11.379399999999999,3.6,8.7
2023-07-17,26.9,78,11.680547222222222,0.0,11.1
2023-07-18,26.5,76,11.683275,0.0,14.7
2023-07-19,26.7,71,11.686108333333333,0.0,14.2
2023-07-20,26.6,68,11.68905,0.0,12.0
2023-07-21,26.9,73,10.66441111111111,0.0,16.5
2023-07-22,27.6,75,11.456155555555556,0.6,14.8
2023-07-23,27.6,76,11.698466666666668,0.3,16.7
2023-07-24,26.3,84,11.173616666666666,6.4,11.4
2023-07-25,26.5,84,11.705191666666668,3.9,9.3
2023-07-26,26.6,84,9.848875,1.8,6.9
2023-07-27,26.9,83,11.109663888888889,1.7,8.8
2023-07-28,27.3,74,10.730505555555556,3.0,12.1
2023-07-29,26.7,73,11.314666666666668,0.0,18.2
2023-07-30,27.0,73,11.655211111111111,0.8,12.9
2023-07-31,26.7,73,11.72278888888889,0.1,16.8
2023-08-01,26.9,74,11.731044444444445,0.2,15.4
2023-08-02,26.7,82,10.978955555555554,10.1,11.0
2023-08-03,27.2,81,11.738961111111111,4.6,9.3
2023-08-04,27.7,79,11.742986111111112,0.5,14.6
2023-08-05,27.8,75,11.747052777777778,0.3,15.6
2023-08-06,27.2,74,11.751161111111111,1.3,11.6
2023-08-07,27.1,78,11.529097222222223,0.8,9.3
2023-08-08,27.2,78,11.759575,0.8,14.4
2023-08-09,26.9,79,11.763902777777778,0.2,16.3
2023-08-10,27.0,77,11.768302777777778,0.4,12.8
2023-08-11,26.8,77,11.772777777777778,0.8,10.6
2023-08-12,27.2,73,11.478025,0.3,13.8
2023-08-13,26.7,74,11.781916666666667,1.0,16.9
2023-08-14,27.1,76,11.752619444444445,0.1,13.9
2023-08-15,27.2,74,11.791286111111111,0.4,13.4
2023-08-16,27.5,74,11.031383333333334,0.0,14.3
2023-08-17,27.6,69,11.800847222222224,0.2,18.4
2023-08-18,27.3,72,11.805694444444445,0.8,14.7
2023-08-19,27.7,73,11.810575,0.6,17.1
2023-08-20,27.8,76,11.815491666666667,0.9,16.3
2023-08-21,27.8,73,11.82043611111111,1.3,12.3
2023-08-22,27.7,70,11.825405555555555,0.9,16.2
2023-08-23,27.4,76,11.830394444444444,0.4,14.2
2023-08-24,27.9,73,11.835405555555555,0.1,17.0
2023-08-25,27.7,77,11.810522222222222,2.2,12.6
2023-08-26,27.7,75,11.845447222222223,1.1,12.6
2023-08-27,27.0,79,11.361611111111111,1.5,12.2
2023-08-28,26.3,81,11.029272222222222,4.4,8.0
2023-08-29,27.2,75,11.841983333333333,0.0,15.6
2023-08-30,27.5,72,11.839527777777779,0.2,15.9
2023-08-31,27.4,70,11.836955555555555,0.0,17.1
2023-09-01,27.3,73,11.834272222222221,0.0,14.5
2023-09-02,27.5,72,11.831494444444443,0.3,17.5
2023-09-03,27.8,69,11.828630555555556,0.2,18.5
2023-09-04,27.3,62,11.0,0.1,18.5
2023-09-05,26.9,65,11.822708333333333,0.0,17.4
2023-09-06,27.7,66,11.819672222222222,0.0,15.1
2023-09-07,28.2,68,11.816605555555554,0.0,16.0
2023-09-08,27.9,74,11.813516666666668,3.5,16.4
2023-09-09,27.0,79,11.434552777777778,2.5,11.5
2023-09-10,27.3,72,11.758288888888888,2.5,14.1
2023-09-11,28.0,66,11.804266666666667,0.2,11.5
2023-09-12,28.6,64,11.801227777777777,0.0,18.4
2023-09-13,28.3,68,11.798233333333334,0.1,18.5
2023-09-14,28.1,67,11.568452777777777,1.7,13.5
2023-09-15,28.2,70,11.792411111111111,0.1,19.9
2023-09-16,28.5,68,11.69923611111111,0.6,16.5
2023-09-17,28.2,72,11.636033333333334,1.7,13.7
2023-09-18,28.2,72,10.88609722222222,2.8,15.3
2023-09-19,27.5,79,10.42072777777778,7.5,9.4
2023-09-20,27.8,78,11.575625,0.9,15.0
2023-09-21,27.5,77,11.705575,1.9,16.1
2023-09-22,28.0,71,11.7705,0.0,15.5
2023-09-23,27.0,69,11.323066666666668,2.5,11.9
2023-09-24,27.5,72,11.764075,0.1,13.2
2023-09-25,27.7,69,11.760908333333333,0.4,15.1
2023-09-26,28.3,65,11.757794444444444,0.1,16.3
2023-09-27,28.4,63,11.754747222222221,0.0,19.0
2023-09-28,28.6,61,11.751777777777779,0.0,20.1
2023-09-29,28.8,62,11.653944444444443,0.0,17.6
2023-09-30,27.7,71,11.71986388888889,1.7,17.7
2023-10-01,27.9,75,11.657191666666666,0.4,15.4
2023-10-02,28.3,68,11.14413888888889,0.0,19.0
2023-10-03,28.6,64,11.660344444444444,0.6,15.9
2023-10-04,28.4,71,11.533100000000001,1.9,13.3
2023-10-05,28.5,75,11.663352777777778,0.0,18.4
2023-10-06,28.1,78,11.40707777777778,8.3,14.1
2023-10-07,28.2,75,11.408472222222223,2.3,12.4
2023-10-08,28.8,70,11.603441666666667,0.6,12.2
2023-10-09,28.4,73,11.604980555555557,2.0,19.0
2023-10-10,28.8,73,10.283486111111111,2.0,14.0
2023-10-11,28.5,77,11.478769444444444,3.4,12.2
2023-10-12,28.6,73,11.609627777777778,1.1,17.6
2023-10-13,28.1,77,11.481641666666668,5.3,12.5
2023-10-14,28.6,74,11.158961111111111,3.4,11.5
2023-10-15,28.8,70,11.159113888888887,6.1,12.0
2023-10-16,29.2,68,11.550705555555556,0.5,13.6
2023-10-17,29.6,63,11.552063888888888,0.0,19.3
2023-10-18,29.3,64,11.618444444444444,0.5,15.3
2023-10-19,29.0,65,11.619772222222222,0.3,23.4
2023-10-20,28.2,74,11.0,9.0,14.0
2023-10-21,28.8,74,11.361091666666667,1.2,12.2
2023-10-22,28.9,72,11.427269444444445,3.1,12.1
2023-10-23,28.6,72,11.362630555555556,2.8,10.7
2023-10-24,27.5,78,11.101194444444445,10.1,12.1
2023-10-25,27.0,80,11.494980555555555,6.5,14.1
2023-10-26,28.3,77,11.429930555555556,2.0,12.0
2023-10-27,28.5,76,11.430422222222221,0.5,11.9
2023-10-28,28.9,70,11.746194444444445,0.0,17.1
2023-10-29,28.6,68,11.720947222222224,0.0,14.5
2023-10-30,28.8,68,11.786122222222222,0.0,14.2
2023-10-31,28.5,75,11.497916666666667,3.7,13.0
2023-11-01,27.7,81,10.022013888888889,11.0,10.7
2023-11-02,28.2,79,11.453002777777778,3.4,13.0
2023-11-03,28.1,79,11.319233333333333,2.6,14.4
2023-11-04,27.1,83,10.185111111111112,11.0,12.7
2023-11-05,26.5,87,5.210038888888889,6.9,11.2
2023-11-06,28.2,79,11.498466666666667,0.3,10.2
2023-11-07,28.4,76,11.36465,1.7,11.2
2023-11-08,28.1,77,11.715452777777777,0.6,13.9
2023-11-09,27.8,81,10.78235,5.7,15.9
2023-11-10,27.9,81,10.291197222222221,7.0,13.0
2023-11-11,27.5,81,11.362116666666667,3.0,11.6
2023-11-12,27.7,81,11.310661111111111,10.0,12.5
2023-11-13,28.3,78,10.49176111111111,2.2,12.1
2023-11-14,27.2,83,9.721427777777778,29.5,13.3
2023-11-15,27.7,82,11.357877777777778,3.7,10.3
2023-11-16,28.0,80,10.601641666666668,4.2,11.5
2023-11-17,27.8,83,11.0,5.9,11.2
2023-11-18,27.9,81,11.760894444444444,5.3,10.1
2023-11-19,28.2,80,11.815158333333333,23.7,18.0
2023-11-20,27.9,80,11.79873611111111,15.8,11.2
2023-11-21,27.7,82,11.37303611111111,8.7,10.9
2023-11-22,27.3,84,9.401558333333334,6.3,11.3
2023-11-23,27.7,82,10.03665,2.1,8.6
2023-11-24,26.9,87,4.894316666666667,9.2,9.5
2023-11-25,25.5,91,1.3756611111111112,8.8,8.1
2023-11-26,26.7,84,6.953047222222223,1.9,10.2
2023-11-27,25.6,90,3.088888888888889,15.5,11.5
2023-11-28,26.3,87,9.0,9.4,9.2
2023-11-29,26.7,85,10.410875,10.4,11.6
2023-11-30,26.1,88,7.148652777777778,29.8,11.3
2023-12-01,25.7,90,0.2889583333333333,11.1,6.0
2023-12-02,26.9,86,10.459383333333333,4.2,11.2
2023-12-03,26.0,89,8.073602777777777,24.3,8.6
2023-12-04,26.0,90,3.5238444444444443,14.3,6.1
2023-12-05,27.0,87,9.7285,2.3,8.8
2023-12-06,26.8,87,11.909788888888889,8.9,13.7
2023-12-07,26.8,85,7.3545694444444445,4.3,9.3
2023-12-08,27.1,85,10.67243888888889,5.2,10.2
2023-12-09,26.8,86,8.400758333333334,7.4,8.2
2023-12-10,27.0,86,7.3254527777777785,1.7,7.6
2023-12-11,27.6,83,11.951302777777778,2.2,9.5
2023-12-12,27.6,83,11.959938888888889,1.5,14.3
2023-12-13,27.8,78,11.968625000000001,0.1,9.7
2023-12-14,28.4,74,11.977341666666666,0.2,11.3
2023-12-15,28.1,73,11.986055555555556,0.0,13.3
2023-12-16,28.5,71,11.994741666666666,0.0,14.2
2023-12-17,28.4,70,12.0,0.0,14.1
2023-12-18,28.6,70,12.0,0.3,14.8
2023-12-19,29.1,65,12.0,0.0,17.9
2023-12-20,28.5,62,12.0,0.0,15.5
2023-12-21,27.9,64,12.0,0.0,17.5
2023-12-22,28.4,67,12.0,0.0,14.4
2023-12-23,29.3,68,11.494680555555556,0.2,14.0
2023-12-24,28.4,77,10.85303611111111,12.4,13.4
2023-12-25,26.9,85,10.309686111111112,25.7,12.4
2023-12-26,26.2,88,6.650769444444444,16.1,10.9
2023-12-27,26.8,86,10.991513888888887,15.9,11.2
2023-12-28,27.3,85,11.504825,13.2,12.4
2023-12-29,27.3,87,9.0156,5.1,10.5
2023-12-30,27.1,86,10.0,12.6,11.7
2023-12-31,26.9,88,8.668105555555556,12.3,10.0
2024-01-01,26.7,89,8.43596111111111,10.3,10.6
2024-01-02,27.4,85,9.55150277777778,7.8,11.1
2024-01-03,25.5,93,1.3056416666666668,33.4,11.0
2024-01-04,25.0,93,1.827788888888889,62.5,13.0
2024-01-05,26.3,85,10.089683333333333,7.6,14.3
2024-01-06,26.6,88,10.117763888888888,14.0,9.0
2024-01-07,25.9,90,7.579386111111111,51.1,13.4
2024-01-08,26.3,89,5.4665333333333335,8.4,9.0
2024-01-09,27.3,84,9.075569444444444,1.3,11.0
2024-01-10,26.8,86,6.8078916666666665,15.5,12.9
2024-01-11,26.6,85,8.803716666666666,11.3,18.0
2024-01-12,27.2,82,11.0,1.5,17.6
2024-01-13,27.4,80,12.0,0.6,18.6
2024-01-14,27.0,84,10.0,4.1,12.2
2024-01-15,27.3,83,11.878394444444444,2.7,12.4
2024-01-16,27.6,79,12.0,2.9,15.8
2024-01-17,27.1,83,9.675475,9.8,17.1
2024-01-18,26.8,83,8.0,2.9,20.8
2024-01-19,25.0,91,0.9149277777777777,23.9,18.3
2024-01-20,27.7,76,12.0,0.1,24.6
2024-01-21,27.1,81,12.0,2.5,19.2
2024-01-22,27.7,76,9.048113888888889,0.1,18.9
2024-01-23,28.1,73,12.0,0.0,25.6
2024-01-24,27.9,77,12.0,0.8,16.6
2024-01-25,28.0,78,12.0,2.3,17.1
2024-01-26,26.6,85,11.667677777777778,5.1,13.8
2024-01-27,25.5,89,8.709338888888889,31.4,10.6
2024-01-28,25.5,91,7.059533333333333,24.9,14.8
2024-01-29,25.4,92,4.749741666666667,33.8,12.1
2024-01-30,25.6,90,7.994177777777778,38.8,14.3
2024-01-31,26.2,89,8.28936388888889,27.2,11.4
2024-02-01,26.4,89,7.981216666666667,22.1,13.2
2024-02-02,26.9,84,6.993427777777778,3.0,16.9
2024-02-03,25.9,89,8.521355555555555,22.9,13.0
2024-02-04,26.5,87,8.723577777777779,3.0,12.5
2024-02-05,26.1,89,8.709341666666667,10.1,13.0
2024-02-06,25.5,91,2.2624222222222223,13.5,14.8
2024-02-07,26.1,87,9.694702777777778,10.3,11.3
2024-02-08,26.3,86,11.985519444444446,8.6,10.2
2024-02-09,26.9,85,11.982425000000001,3.3,10.2
2024-02-10,26.0,90,9.443094444444444,11.0,13.4
2024-02-11,26.3,87,11.975658333333334,10.4,15.1
2024-02-12,26.6,86,10.203427777777776,5.2,14.3
2024-02-13,26.8,87,9.974247222222223,11.7,15.6
2024-02-14,26.1,90,7.465208333333333,26.8,9.5
2024-02-15,26.7,90,10.184525,15.0,11.6
2024-02-16,26.3,90,5.919433333333333,15.6,12.0
2024-02-17,26.0,90,9.751697222222223,19.6,15.5
2024-02-18,26.7,88,9.141161111111112,2.4,10.0
2024-02-19,26.8,87,11.568908333333333,11.2,9.4
2024-02-20,27.3,86,11.95971111111111,1.2,11.5
2024-02-21,26.8,88,6.681080555555555,13.6,13.5
2024-02-22,27.8,82,7.379752777777778,0.1,13.7
2024-02-23,28.7,75,10.500791666666666,0.4,14.7
2024-02-24,26.7,88,7.4379388888888895,12.7,10.6
2024-02-25,26.1,90,8.175461111111112,27.1,15.3
2024-02-26,26.8,87,8.132908333333333,3.2,16.2
2024-02-27,26.9,87,11.0,14.8,10.4
2024-02-28,25.5,91,2.836738888888889,42.4,9.0
2024-02-29,25.9,90,5.949791666666667,10.9,8.3
2024-03-01,26.5,89,8.97723888888889,29.7,11.2
2024-03-02,26.5,91,8.143836111111112,22.4,11.5
2024-03-03,26.4,90,6.377727777777777,5.6,12.2
2024-03-04,27.3,83,10.299844444444446,4.2,18.4
2024-03-05,27.5,82,11.948175,6.3,17.9
2024-03-06,27.5,85,8.895230555555557,1.7,16.1
2024-03-07,26.8,88,6.426030555555555,16.0,15.5
2024-03-08,26.7,88,8.012008333333334,18.4,18.2
2024-03-09,25.5,93,0.0,14.9,14.0
2024-03-10,26.2,90,5.145611111111111,6.6,12.7
2024-03-11,26.2,90,7.1667499999999995,29.1,20.2
2024-03-12,26.8,85,9.575280555555556,8.7,18.6
2024-03-13,26.2,89,8.470975,22.6,19.6
2024-03-14,25.5,91,3.4115305555555557,15.2,18.4
2024-03-15,26.2,88,8.047997222222222,6.1,20.3
2024-03-16,25.6,89,9.496641666666667,8.8,18.4
2024-03-17,26.2,87,11.977266666666667,4.3,18.3
2024-03-18,27.0,82,11.97926388888889,0.2,14.0
2024-03-19,27.9,76,11.981355555555554,0.5,20.4
2024-03-20,27.9,74,11.983527777777777,0.1,16.8
2024-03-21,26.6,84,11.985763888888888,3.3,15.5
2024-03-22,26.1,88,9.373819444444445,6.0,9.2
2024-03-23,27.4,85,11.980058333333334,2.0,9.4
2024-03-24,27.3,85,11.79053611111111,6.4,10.0
2024-03-25,26.5,89,10.758416666666667,16.8,11.4
2024-03-26,27.2,85,9.330833333333333,4.3,11.6
2024-03-27,26.4,89,7.725822222222222,15.4,8.8
2024-03-28,26.8,87,9.317169444444444,5.3,12.0
2024-03-29,27.0,85,10.186375,2.3,9.5
2024-03-30,27.2,88,9.29495,9.2,8.4
2024-03-31,26.9,87,11.763866666666667,6.9,10.2
2024-04-01,27.1,87,11.380522222222222,5.9,10.2
2024-04-02,27.0,89,9.244508333333334,9.5,10.2
2024-04-03,26.8,90,6.46643611111111,11.9,7.5
2024-04-04,26.9,88,11.263591666666667,17.6,9.0
2024-04-05,27.3,89,10.90438888888889,8.4,7.2
2024-04-06,27.3,89,9.021483333333334,11.0,7.7
2024-04-07,28.0,85,11.874827777777776,1.3,8.3
2024-04-08,27.8,83,11.867461111111112,1.2,9.9
2024-04-09,27.6,85,10.503608333333332,4.5,9.8
2024-04-10,27.6,85,10.703222222222221,1.2,9.6
2024-04-11,27.4,87,10.84431388888889,2.6,10.2
2024-04-12,26.1,90,7.192519444444445,26.0,9.5
2024-04-13,27.4,86,10.945030555555556,6.7,11.4
2024-04-14,27.0,87,9.156077777777776,7.0,10.9
2024-04-15,27.3,86,11.08991111111111,6.4,13.1
2024-04-16,27.2,87,11.445258333333333,7.4,12.3
2024-04-17,26.7,89,11.0,5.6,13.1
2024-04-18,26.6,89,11.388024999999999,8.4,9.8
2024-04-19,26.9,88,10.591777777777779,3.9,14.3
2024-04-20,26.9,89,7.6201694444444446,17.8,14.0
2024-04-21,26.6,90,7.0062,10.2,10.6
2024-04-22,27.7,86,10.836705555555556,4.6,11.7
2024-04-23,27.0,90,9.25895,13.9,11.1
2024-04-24,27.3,87,10.378436111111112,4.7,9.7
2024-04-25,26.9,89,7.799230555555555,27.4,8.7
2024-04-26,26.9,89,8.698802777777777,18.1,11.7
2024-04-27,26.6,91,7.600711111111112,19.7,19.0
2024-04-28,27.7,86,11.624555555555556,3.1,8.4
2024-04-29,28.1,84,11.09591111111111,8.0,13.0
2024-04-30,27.5,87,11.0,6.4,10.4
2024-05-01,27.1,88,8.457363888888889,16.4,9.7
2024-05-02,27.2,88,7.672747222222222,16.6,9.0
2024-05-03,27.4,87,11.174094444444444,3.5,8.4
2024-05-04,27.4,85,10.371119444444444,4.3,7.4
2024-05-05,27.6,85,11.380844444444445,1.2,8.7
2024-05-06,27.5,84,11.18198888888889,2.8,8.9
2024-05-07,28.0,80,11.521097222222222,0.4,10.0
2024-05-08,27.8,80,11.52393611111111,0.4,11.2
2024-05-09,27.5,85,11.053958333333334,6.1,10.5
2024-05-10,27.9,85,11.394041666666668,9.0,13.2
2024-05-11,27.3,87,11.193169444444445,11.4,14.8
2024-05-12,27.6,86,10.195061111111112,18.2,12.7
2024-05-13,26.8,89,10.0,30.0,10.8
2024-05-14,26.6,91,5.650630555555556,8.6,11.5
2024-05-15,28.2,83,11.210947222222224,0.7,11.7
2024-05-16,27.5,86,11.201561111111111,6.4,9.9
2024-05-17,27.7,84,11.47616111111111,1.2,8.1
2024-05-18,27.4,84,11.272583333333333,2.3,10.5
2024-05-19,27.7,83,11.068344444444445,4.2,9.4
2024-05-20,27.9,81,11.412175000000001,3.5,10.8
2024-05-21,27.8,82,11.482102777777778,2.7,9.4
2024-05-22,27.0,87,10.95263611111111,14.8,10.4
2024-05-23,26.6,89,10.479711111111111,12.5,11.1
2024-05-24,26.6,88,8.948966666666667,25.0,10.3
2024-05-25,24.8,95,0.0,43.4,8.0
2024-05-26,27.7,83,10.40808611111111,0.3,12.5
2024-05-27,28.0,84,9.760783333333332,1.4,8.9
2024-05-28,27.7,85,11.340061111111112,3.6,8.7
2024-05-29,27.4,86,11.129016666666667,3.3,10.4
2024-05-30,27.7,84,11.47288611111111,0.8,9.0
2024-05-31,28.0,84,10.280238888888888,2.1,7.7
2024-06-01,27.4,88,8.014783333333334,4.3,10.2
2024-06-02,27.2,88,8.775963888888889,9.7,8.9
2024-06-03,26.2,89,10.509091666666668,16.2,9.0
2024-06-04,27.5,86,11.2464,6.8,10.0
2024-06-05,27.6,85,11.311830555555554,1.9,5.8
2024-06-06,27.6,80,11.586777777777778,0.2,11.2
2024-06-07,27.2,81,11.442388888888889,0.6,9.0
2024-06-08,27.5,80,11.507541666666667,1.1,11.4
2024-06-09,26.6,88,11.152519444444444,10.4,8.5
2024-06-10,27.4,85,11.287372222222222,5.4,10.2
2024-06-11,26.1,89,10.37486111111111,15.6,12.7
2024-06-12,25.9,89,9.052416666666668,11.1,11.0
2024-06-13,26.3,88,9.949555555555555,2.9,12.9
2024-06-14,27.0,86,11.003905555555555,7.6,9.8
2024-06-15,26.8,88,10.5126,7.9,10.1
2024-06-16,26.4,88,7.849925,10.3,6.8
2024-06-17,27.0,86,11.46053888888889,3.1,9.7
2024-06-18,26.4,87,8.876977777777778,2.9,10.9
2024-06-19,26.9,83,11.450188888888889,0.7,11.5
2024-06-20,27.2,78,11.644483333333334,0.0,10.2
2024-06-21,26.5,80,11.644430555555555,1.2,9.4
2024-06-22,26.3,83,11.14823888888889,0.8,8.4
2024-06-23,26.7,78,11.5709,0.0,11.6
2024-06-24,26.8,81,11.073708333333332,4.2,13.1
2024-06-25,26.2,89,10.331355555555556,19.3,8.2
2024-06-26,27.2,82,11.646297222222222,0.4,15.2
2024-06-27,27.2,85,11.268691666666667,7.4,11.5
2024-06-28,26.6,87,11.122922222222222,8.9,12.8
2024-06-29,26.0,89,10.977280555555556,5.1,9.2
2024-06-30,26.7,85,11.533355555555556,0.4,10.1
2024-07-01,26.6,86,10.858725000000002,7.1,11.8
2024-07-02,26.2,86,10.447447222222221,9.4,10.3
2024-07-03,27.0,85,11.276055555555557,2.7,7.7
2024-07-04,26.0,89,7.884225,9.2,8.6
2024-07-05,26.1,87,9.787672222222223,11.2,16.4
2024-07-06,24.9,91,6.099511111111112,19.2,18.5
2024-07-07,25.8,87,8.941483333333334,3.0,10.2
2024-07-08,26.3,87,11.028577777777777,15.0,10.3
2024-07-09,25.9,87,10.088675,30.6,12.3
2024-07-10,26.8,83,10.849372222222222,0.3,10.0
2024-07-11,26.4,82,11.622205555555556,0.0,11.3
2024-07-12,26.6,77,11.669808333333332,0.1,10.3
2024-07-13,25.5,77,11.672169444444444,0.0,9.4
2024-07-14,25.6,77,11.674641666666666,0.0,11.6
2024-07-15,25.5,75,11.677219444444443,0.0,10.0
2024-07-16,26.0,76,11.679902777777778,0.0,9.2
2024-07-17,26.2,80,11.682683333333335,2.7,8.9
2024-07-18,26.8,82,11.685558333333335,0.5,8.5
2024-07-19,26.9,78,11.688525,0.2,11.8
2024-07-20,26.8,77,11.691577777777779,1.7,13.2
2024-07-21,26.9,79,11.69471388888889,0.0,15.1
2024-07-22,27.3,75,11.697930555555557,0.0,13.9
2024-07-23,27.0,75,11.701222222222222,0.0,15.0
2024-07-24,26.9,74,9.853425,0.0,12.8
2024-07-25,26.7,76,11.708019444444446,0.5,10.7
2024-07-26,26.9,80,11.711513888888888,0.9,13.0
2024-07-27,27.5,76,11.715072222222222,0.0,13.8
2024-07-28,27.4,74,11.71868611111111,0.1,8.0
2024-07-29,27.4,76,11.722355555555556,0.1,11.7
2024-07-30,27.3,74,11.726072222222223,0.0,12.2
2024-07-31,27.5,74,11.729838888888889,0.2,13.8
2024-08-01,27.0,79,11.520436111111112,8.1,11.4
2024-08-02,26.0,85,11.386319444444444,16.2,8.9
2024-08-03,26.2,85,10.641411111111111,11.0,11.4
2024-08-04,26.8,81,11.457480555555556,4.5,12.3
2024-08-05,25.8,86,10.745133333333333,9.6,7.9
2024-08-06,27.0,76,11.754205555555556,0.0,13.6
2024-08-07,27.2,77,10.733377777777779,0.3,15.2
2024-08-08,27.6,76,11.560905555555555,0.6,12.2
2024-08-09,27.7,77,11.767375000000001,0.1,17.3
2024-08-10,27.5,77,11.771880555555555,0.7,13.3
2024-08-11,26.8,81,11.544833333333333,3.0,9.5
2024-08-12,26.8,78,11.271675,1.1,12.8
2024-08-13,26.6,74,11.785694444444445,0.0,13.0
2024-08-14,27.1,73,11.790383333333333,0.0,15.7
2024-08-15,27.6,73,11.760586111111111,0.0,16.0
2024-08-16,27.8,73,11.014991666666667,0.5,16.0
2024-08-17,28.1,74,11.21748611111111,0.1,14.6
2024-08-18,28.0,75,11.809449999999998,0.4,12.7
2024-08-19,27.8,76,11.814277777777779,0.0,13.3
2024-08-20,27.5,76,11.819111111111113,0.0,14.4
2024-08-21,27.8,75,11.724250000000001,0.0,14.9
2024-08-22,28.2,74,11.521230555555556,0.0,14.6
2024-08-23,28.1,73,11.186475,0.7,12.2
2024-08-24,27.6,72,11.838844444444444,0.5,13.1
2024-08-25,27.4,74,11.843919444444445,0.2,15.2
2024-08-26,28.2,68,11.846661111111112,0.2,16.4
2024-08-27,28.4,70,11.281958333333334,0.1,13.9
2024-08-28,28.8,64,10.757727777777777,0.4,16.5
2024-08-29,28.6,67,10.11621388888889,0.9,16.0
2024-08-30,28.0,69,11.417694444444443,0.6,14.8
2024-08-31,28.1,67,11.834080555555555,0.0,15.5
2024-09-01,28.6,71,11.831355555555556,0.0,17.0
2024-09-02,28.5,75,11.689547222222222,2.5,10.7
2024-09-03,27.6,80,11.754786111111112,4.5,14.4
2024-09-04,27.9,74,11.822955555555556,0.8,13.8
2024-09-05,28.1,74,10.619580555555554,12.0,12.3
2024-09-06,28.5,74,11.817283333333334,0.1,15.9
2024-09-07,29.0,69,11.814461111111111,0.0,21.4
2024-09-08,29.2,68,11.627922222222221,1.0,17.8
2024-09-09,27.7,79,11.096338888888889,10.7,12.6
2024-09-10,26.5,83,10.444552777777778,19.0,11.2
2024-09-11,26.9,80,5.866225,0.3,12.2
2024-09-12,27.1,81,11.373433333333333,6.0,12.3
2024-09-13,26.6,81,10.094855555555556,0.4,10.6
2024-09-14,27.4,71,11.375855555555557,0.0,13.8
2024-09-15,27.3,71,11.763302777777778,0.0,13.0
2024-09-16,27.6,71,11.786944444444444,0.7,12.9
2024-09-17,27.7,68,11.379919444444445,0.0,15.6
2024-09-18,27.2,63,11.188486111111112,0.0,17.4
2024-09-19,27.5,68,11.776952777777778,0.0,17.7
2024-09-20,27.9,69,11.77365,0.0,17.2
2024-09-21,28.1,73,11.77038888888889,0.0,16.2
2024-09-22,28.4,76,11.323119444444446,5.4,11.6
2024-09-23,28.4,78,10.196166666666667,4.0,13.7
2024-09-24,27.1,84,9.808591666666667,7.7,15.5
2024-09-25,27.3,81,11.0,7.9,10.3
2024-09-26,26.9,81,10.220025,16.1,9.5
2024-09-27,27.7,81,11.45913611111111,0.3,13.2
2024-09-28,27.3,85,9.568697222222221,6.8,11.7
2024-09-29,27.6,82,10.881611111111113,6.0,12.7
2024-09-30,27.9,78,11.656333333333334,0.8,11.7
2024-10-01,28.4,75,11.529222222222222,0.4,9.8
2024-10-02,28.2,77,11.144666666666668,2.0,10.9
2024-10-03,27.5,80,10.530822222222222,10.0,9.9
2024-10-04,26.9,84,10.0,18.2,11.4
2024-10-05,26.7,85,11.086069444444444,3.7,11.4
2024-10-06,26.9,84,11.150266666666667,8.8,8.8
2024-10-07,27.5,78,11.603225,0.2,16.0
2024-10-08,28.2,73,11.475766666666667,0.0,14.1
2024-10-09,28.3,76,11.47731388888889,1.8,15.3
2024-10-10,27.9,79,11.026305555555554,17.4,12.1
2024-10-11,28.5,77,11.286233333333334,1.8,14.9
2024-10-12,27.1,85,7.832005555555556,12.6,14.0
2024-10-13,26.7,86,7.376363888888889,16.7,20.9
2024-10-14,27.2,82,10.662997222222222,9.1,11.9
2024-10-15,28.0,77,11.291052777777779,1.3,12.9
2024-10-16,28.2,76,11.48705,0.1,15.2
2024-10-17,27.7,63,11.6183,0.0,15.9
2024-10-18,27.5,67,11.619494444444445,0.2,14.2
2024-10-19,28.1,71,11.555411111111113,0.1,13.9
2024-10-20,28.5,61,11.621680555555557,0.1,20.6
2024-10-21,28.3,66,11.492058333333334,0.1,14.3
2024-10-22,29.0,68,11.558333333333334,0.0,17.6
2024-10-23,29.1,70,11.035300000000001,1.1,14.8
2024-10-24,28.3,75,10.101083333333333,9.1,17.6
2024-10-25,28.3,75,11.363947222222222,0.1,12.5
2024-10-26,29.0,66,11.657088888888888,0.0,16.8
2024-10-27,29.0,68,11.590305555555554,0.0,13.6
2024-10-28,29.2,71,11.259699999999999,5.6,12.1
2024-10-29,29.6,68,11.588358333333332,0.0,11.8
2024-10-30,29.4,69,11.32303888888889,2.2,12.3
2024-10-31,28.9,72,11.366005555555557,3.7,14.9
2024-11-01,28.0,79,9.350094444444444,6.6,16.8
2024-11-02,27.4,82,8.097216666666666,12.7,15.0
2024-11-03,26.2,88,6.592155555555555,21.4,9.2
2024-11-04,26.5,86,6.832694444444445,12.9,8.2
2024-11-05,26.7,85,9.613119444444445,13.0,10.5
2024-11-06,26.1,86,10.914636111111111,18.1,17.6
2024-11-07,26.7,84,10.376394444444443,6.5,12.6
2024-11-08,27.6,81,11.648311111111111,0.7,9.7
2024-11-09,27.6,81,10.606552777777777,7.8,9.9
2024-11-10,27.1,84,7.565872222222222,5.1,12.2
2024-11-11,26.5,87,7.570519444444444,21.8,9.4
2024-11-12,26.3,88,8.348933333333333,25.8,11.8
2024-11-13,27.0,87,11.021680555555557,9.5,11.8
2024-11-14,27.7,82,11.714161111111112,2.4,8.5
2024-11-15,27.6,82,11.0,6.7,11.3
2024-11-16,26.9,87,8.850711111111112,14.0,10.8
2024-11-17,27.0,87,11.217663888888888,12.6,8.6
2024-11-18,26.4,89,6.595927777777778,4.8,11.3
2024-11-19,27.3,84,11.62243611111111,9.3,8.0
2024-11-20,27.1,85,10.673119444444445,13.1,11.3
2024-11-21,26.9,86,10.187750000000001,11.8,8.8
2024-11-22,26.8,86,8.918280555555556,13.0,13.6
2024-11-23,27.5,82,8.667211111111111,3.4,15.7
2024-11-24,27.1,84,7.525672222222222,4.9,13.8
2024-11-25,27.6,82,8.949388888888889,10.0,11.1
2024-11-26,28.0,82,10.811711111111112,4.6,8.6
2024-11-27,26.9,86,7.331377777777777,11.3,9.9
2024-11-28,27.3,80,7.758516666666667,2.2,17.1
2024-11-29,27.4,77,6.8312888888888885,0.0,18.8
2024-11-30,28.7,73,11.079916666666666,2.4,17.2
2024-12-01,28.4,74,10.44998611111111,2.4,18.8
2024-12-02,27.0,82,7.728394444444445,9.8,20.4
2024-12-03,25.5,89,2.779166666666667,22.2,17.9
2024-12-04,25.2,90,1.5433611111111112,11.8,14.6
2024-12-05,26.1,88,6.2524194444444445,22.0,15.9
2024-12-06,25.7,91,0.0,10.8,15.7
2024-12-07,26.6,89,9.377280555555556,20.2,12.2
2024-12-08,26.5,89,5.950686111111112,17.8,8.5
2024-12-09,26.6,89,6.2931888888888885,17.4,10.3
2024-12-10,26.3,88,9.21081388888889,10.4,21.0
2024-12-11,26.8,85,8.745105555555556,7.3,14.8
2024-12-12,27.7,77,10.23196111111111,3.1,20.2
2024-12-13,27.6,79,10.976022222222221,3.4,21.0
2024-12-14,26.7,84,6.566755555555556,7.9,16.0
2024-12-15,25.5,91,1.1489416666666665,29.4,15.1
2024-12-16,25.9,90,4.572869444444445,13.2,12.6
2024-12-17,26.4,86,7.270152777777778,9.5,11.9
2024-12-18,26.8,84,11.085938888888888,8.1,18.1
2024-12-19,26.2,88,8.784186111111111,9.7,16.1
2024-12-20,26.2,87,10.81418611111111,8.0,12.3
2024-12-21,26.5,86,9.211994444444445,11.4,16.0
2024-12-22,26.7,87,10.805413888888888,5.9,14.7
2024-12-23,26.1,90,7.872777777777777,13.5,11.7
2024-12-24,25.5,91,0.0,12.9,5.8
2024-12-25,26.2,88,8.366097222222223,8.8,13.3
2024-12-26,26.7,85,7.943025,4.8,12.3
2024-12-27,27.9,79,8.033463888888889,0.5,11.9
2024-12-28,28.3,70,10.260422222222221,0.0,14.7
2024-12-29,27.2,83,7.617247222222222,4.7,12.5
2024-12-30,26.4,81,8.521411111111112,5.7,18.4
2024-12-31,27.0,81,11.978447222222224,3.3,15.1
2025-01-01,25.5,89,8.280830555555555,22.3,14.8
2025-01-02,26.9,83,11.299455555555555,3.0,11.3
2025-01-03,27.3,82,10.572397222222222,2.6,12.0
2025-01-04,27.4,77,12.0,3.1,18.8
2025-01-05,27.3,77,10.278430555555556,4.6,18.6
2025-01-06,27.3,77,11.277777777777779,3.4,16.2
2025-01-07,26.6,82,9.349316666666667,17.4,17.7
2025-01-08,26.0,87,8.118261111111112,22.8,14.3
2025-01-09,25.2,93,0.0,28.4,10.4
2025-01-10,26.5,86,11.920466666666666,20.1,13.6
2025-01-11,26.4,86,9.116683333333333,8.3,15.5
2025-01-12,26.5,84,8.569925,4.3,15.9
2025-01-13,26.7,85,10.646522222222224,19.4,14.2
2025-01-14,25.5,90,3.266016666666667,24.2,12.3
2025-01-15,26.8,83,9.346075,10.3,13.0
2025-01-16,26.6,85,10.001800000000001,3.9,14.1
2025-01-17,26.5,85,8.096652777777779,13.4,16.4
2025-01-18,25.3,91,1.4478305555555555,38.2,11.1
2025-01-19,26.1,88,9.394322222222222,20.3,14.5
2025-01-20,24.8,93,1.0976972222222223,22.4,10.6
2025-01-21,25.1,91,6.702377777777778,21.4,12.3
2025-01-22,25.6,88,3.5190805555555555,3.7,11.9
2025-01-23,26.0,89,3.8334916666666667,5.1,10.6
2025-01-24,26.0,89,6.005522222222223,20.5,10.4
2025-01-25,26.2,87,11.06363611111111,22.8,15.8
2025-01-26,26.5,85,8.957461111111112,10.0,17.3
2025-01-27,26.6,82,9.895813888888888,8.9,16.5
2025-01-28,24.9,92,1.2038583333333335,42.1,11.7
2025-01-29,25.0,91,3.0311833333333333,22.6,17.1
2025-01-30,26.1,81,10.70138611111111,4.4,22.1
2025-01-31,26.3,84,11.219908333333333,2.1,18.0
2025-02-01,26.2,87,8.993602777777777,8.3,17.3
2025-02-02,26.6,86,8.586216666666667,6.9,14.7
2025-02-03,27.0,86,11.585333333333333,2.0,14.8
2025-02-04,26.1,88,8.808805555555555,13.3,16.9
2025-02-05,26.3,86,10.265644444444444,7.4,17.2
2025-02-06,26.2,85,11.31163888888889,3.8,21.4
2025-02-07,26.1,86,9.993152777777777,17.0,14.5
2025-02-08,25.6,88,10.0,27.0,14.9
2025-02-09,25.8,87,9.450027777777777,15.1,15.1
2025-02-10,25.9,87,9.606380555555555,11.2,14.6
2025-02-11,26.5,87,10.699813888888889,4.7,11.8
2025-02-12,27.8,81,11.034061111111113,0.4,15.1
2025-02-13,27.6,81,11.201355555555555,5.8,12.9
2025-02-14,27.1,82,8.550780555555557,2.6,14.7
2025-02-15,26.4,87,11.542038888888888,8.7,14.8
2025-02-16,26.0,89,9.510491666666665,12.6,12.1
2025-02-17,25.7,89,5.254294444444445,11.2,13.3
2025-02-18,26.2,87,9.448005555555556,9.0,13.4
2025-02-19,24.9,91,3.8667611111111113,11.4,15.5
2025-02-20,26.7,84,11.502547222222221,3.5,10.9
2025-02-21,26.6,85,7.057130555555555,1.6,13.3
2025-02-22,26.0,88,8.255336111111111,7.9,13.4
2025-02-23,25.2,91,3.864272222222222,20.2,11.1
2025-02-24,25.8,88,7.794352777777777,10.6,12.0
2025-02-25,25.8,89,7.869908333333333,20.4,9.3
2025-02-26,25.8,88,5.02105,14.6,8.6
2025-02-27,26.0,89,10.179722222222223,18.2,11.1
2025-02-28,26.3,87,11.957005555555556,8.0,11.1
2025-03-01,26.7,89,10.31345,7.8,11.2
2025-03-02,27.0,86,11.720244444444443,11.1,11.3
2025-03-03,26.5,89,8.230541666666667,24.1,11.0
2025-03-04,25.8,90,4.449602777777778,35.7,10.3
2025-03-05,27.1,87,11.10196111111111,11.3,11.2
2025-03-06,26.8,86,10.09895,15.4,16.4
2025-03-07,26.6,85,9.560563888888888,9.2,19.3
2025-03-08,26.7,86,7.480052777777777,12.5,11.1
2025-03-09,25.7,90,4.198822222222223,7.7,9.2
2025-03-10,26.3,87,8.436911111111112,1.8,8.8
2025-03-11,27.2,85,10.593552777777777,9.2,10.5
2025-03-12,26.7,88,8.967980555555556,13.8,12.2
2025-03-13,27.5,84,11.130194444444443,6.8,11.9
2025-03-14,26.9,85,11.829330555555554,15.1,13.4
2025-03-15,25.7,89,4.879099999999999,28.9,17.3
2025-03-16,26.2,89,8.242511111111112,18.4,13.7
2025-03-17,25.7,89,8.72245,34.8,17.9
2025-03-18,25.7,88,8.1119,19.2,11.0
2025-03-19,26.1,87,8.516141666666666,30.3,12.5
2025-03-20,26.9,84,8.42325,1.3,15.8
2025-03-21,27.2,81,11.986175000000001,4.7,19.7
2025-03-22,26.7,85,9.392463888888889,13.3,14.4
2025-03-23,27.4,84,10.241022222222222,4.3,12.8
2025-03-24,27.2,83,10.786922222222222,6.6,18.6
2025-03-25,27.3,84,9.855177777777778,3.8,15.0
2025-03-26,27.1,86,7.8579638888888885,9.6,13.5
2025-03-27,27.2,85,11.370436111111111,9.9,13.2
2025-03-28,26.3,87,4.587341666666667,21.5,16.3
2025-03-29,27.1,82,11.944822222222223,1.5,17.4
2025-03-30,27.9,79,11.396297222222222,0.2,15.5
2025-03-31,27.5,79,11.929572222222221,7.2,11.4
2025-04-01,26.0,86,8.963327777777778,18.4,12.8
2025-04-02,26.2,87,10.408788888888889,26.4,10.9
2025-04-03,26.0,89,7.504958333333333,18.0,10.1
2025-04-04,26.2,89,10.5861,10.7,8.5
2025-04-05,26.2,88,9.465563888888889,18.4,12.4
2025-04-06,26.1,89,8.485002777777778,13.9,13.6
2025-04-07,27.2,84,11.875763888888889,3.5,7.7
2025-04-08,27.5,82,11.799377777777778,3.3,9.6
2025-04-09,27.5,83,11.8608,10.1,13.4
2025-04-10,27.0,86,7.5278,13.2,11.2
2025-04-11,26.8,86,7.993422222222222,15.1,10.3
2025-04-12,25.8,89,7.528216666666667,22.0,6.5
2025-04-13,25.8,90,7.931419444444445,25.5,10.1
2025-04-14,27.0,84,10.825508333333334,3.5,17.2
2025-04-15,26.0,90,6.110944444444445,31.0,11.0
2025-04-16,26.6,88,10.058338888888889,7.8,8.1
2025-04-17,26.3,89,0.7479333333333333,5.1,7.8
2025-04-18,26.7,88,8.642130555555555,15.2,11.1
2025-04-19,26.9,86,10.343044444444445,6.3,8.7
2025-04-20,26.3,88,8.726166666666668,18.2,9.7
2025-04-21,26.8,82,7.47411388888889,1.2,8.5
2025-04-22,27.7,74,10.657005555555555,0.8,10.9
2025-04-23,26.9,82,11.670111111111112,5.2,18.3
2025-04-24,27.1,81,11.409980555555556,6.0,17.7
2025-04-25,26.8,85,10.517847222222223,3.5,12.0
2025-04-26,26.8,85,11.549944444444446,6.9,11.3
2025-04-27,27.0,83,11.288419444444443,2.4,12.4
2025-04-28,27.4,81,11.623997222222222,1.8,12.7
2025-04-29,27.1,82,11.561280555555555,2.4,7.6
2025-04-30,27.5,78,11.36505,5.3,13.1
2025-05-01,28.3,76,11.301608333333334,0.9,9.0
2025-05-02,28.6,77,11.7056,0.8,9.6
2025-05-03,28.0,78,10.669972222222222,2.0,7.8
2025-05-04,26.8,84,10.131694444444443,8.5,10.6
2025-05-05,27.4,84,11.246272222222222,9.1,7.3
2025-05-06,28.0,82,11.517672222222222,1.7,6.4
2025-05-07,27.6,84,10.642291666666667,4.3,10.3
2025-05-08,27.8,84,11.18626388888889,4.4,9.6
2025-05-09,27.8,82,10.702113888888888,6.9,12.9
2025-05-10,27.9,81,9.105938888888888,4.4,11.5
2025-05-11,27.4,82,9.573602777777777,4.4,14.1
2025-05-12,26.8,85,9.965144444444444,8.0,16.6
2025-05-13,27.1,84,10.060416666666667,18.5,12.6
2025-05-14,26.8,85,10.068000000000001,2.8,11.6
2025-05-15,27.7,82,10.900863888888889,0.2,7.8
2025-05-16,27.2,85,8.859483333333333,9.9,15.4
2025-05-17,27.5,84,8.491738888888888,0.6,8.3
2025-05-18,28.0,81,10.477380555555555,0.2,8.6
2025-05-19,28.1,79,9.778755555555554,0.4,8.7
2025-05-20,28.5,78,11.206222222222223,0.6,12.5
2025-05-21,27.2,85,8.133561111111112,27.7,10.7
2025-05-22,26.1,90,3.0820527777777778,16.3,8.9
2025-05-23,25.4,94,0.5468305555555555,17.8,8.8
2025-05-24,26.3,89,10.759041666666667,18.8,14.6
2025-05-25,26.5,90,5.544888888888888,27.3,9.5
2025-05-26,25.8,91,4.479875,14.3,12.9
2025-05-27,27.7,81,10.419061111111112,0.2,13.2
2025-05-28,27.8,82,11.480916666666667,8.2,10.4
2025-05-29,26.9,87,10.988727777777777,11.4,8.9
2025-05-30,27.2,86,10.094919444444445,0.1,9.7
2025-05-31,27.9,83,11.124180555555556,1.0,9.0
2025-06-01,26.8,81,3.0,0.2,10.0
2025-06-02,27.8,76,9.90755,0.8,11.7
2025-06-03,27.3,83,11.390366666666667,5.5,8.0
2025-06-04,27.4,83,11.316316666666665,1.4,6.6
2025-06-05,27.7,81,11.521216666666666,1.1,6.5
2025-06-06,27.2,83,11.08498611111111,1.9,9.6
2025-06-07,27.3,84,10.731019444444444,2.0,7.3
2025-06-08,28.0,76,11.50743611111111,0.0,6.3
2025-06-09,28.0,77,10.945933333333333,1.0,9.1
2025-06-10,27.0,81,7.497594444444444,1.3,8.0
2025-06-11,27.1,83,11.002286111111111,4.7,10.4
2025-06-12,28.0,81,10.861155555555557,4.0,12.6
2025-06-13,28.5,76,11.413055555555555,0.0,11.6
2025-06-14,28.1,77,9.475319444444445,1.5,15.0
2025-06-15,27.5,82,10.566572222222224,2.3,14.1
2025-06-16,28.0,81,11.468886111111111,5.3,12.1
2025-06-17,26.5,87,9.970563888888888,33.0,10.0
2025-06-18,25.1,91,7.726916666666667,42.3,8.9
2025-06-19,24.5,90,0.0,13.5,12.5
2025-06-20,25.4,85,10.0,44.8,11.0
2025-06-21,25.3,91,9.498425000000001,31.5,9.2
2025-06-22,26.5,86,10.0,14.2,12.7
2025-06-23,25.9,88,9.086936111111111,32.9,11.3
2025-06-24,25.9,86,11.426194444444445,4.2,9.7
2025-06-25,26.4,85,11.490783333333333,0.5,6.1
2025-06-26,27.0,84,11.555363888888888,0.7,8.9
2025-06-27,26.9,87,9.265450000000001,2.2,8.5
2025-06-28,25.6,88,8.580119444444444,2.3,12.4
2025-06-29,24.6,92,0.2358527777777778,7.8,10.6
2025-06-30,25.9,87,9.123347222222224,8.5,15.4
2025-07-01,25.9,87,10.648327777777778,10.7,10.2
2025-07-02,26.2,86,11.03216111111111,19.5,10.1
2025-07-03,25.9,86,10.103536111111111,10.4,9.7
2025-07-04,26.5,84,11.373236111111112,0.7,9.4
2025-07-05,25.8,88,9.131319444444445,14.5,12.1
2025-07-06,25.6,87,8.875797222222221,11.5,9.8
2025-07-07,25.7,86,9.180547222222222,25.7,9.9
2025-07-08,26.2,85,9.941899999999999,5.0,11.7
2025-07-09,25.9,85,11.471472222222223,8.0,9.5
2025-07-10,26.5,81,11.55861111111111,0.1,8.9
2025-07-11,26.1,83,8.728075,0.1,6.4
2025-07-12,26.7,77,11.669405555555556,0.0,12.5
2025-07-13,26.6,81,11.200047222222222,7.9,10.3
2025-07-14,26.4,87,7.2511527777777784,4.4,5.5
2025-07-15,27.0,85,10.078769444444445,1.5,6.6
2025-07-16,27.1,84,11.679525,3.1,10.3
2025-07-17,26.4,85,11.373252777777777,5.3,9.7
2025-07-18,26.3,85,11.576538888888889,1.3,9.8
2025-07-19,26.5,78,11.688033333333333,0.3,8.7
2025-07-20,27.1,77,11.320174999999999,0.3,14.5
2025-07-21,27.5,73,11.31895277777778,0.9,9.5
2025-07-22,27.2,73,11.697227777777776,0.2,13.9
2025-07-23,27.6,70,11.452863888888889,0.6,14.3
2025-07-24,27.7,74,11.703691666666668,0.1,13.6
2025-07-25,28.3,73,11.70701388888889,0.2,13.6
2025-07-26,28.6,73,11.7104,0.1,13.8
2025-07-27,27.9,78,10.527022222222222,11.0,10.3
2025-07-28,26.7,84,11.717475,12.6,8.9
2025-07-29,27.6,80,11.654669444444444,1.2,8.3
2025-07-30,27.1,84,10.793513888888889,3.9,8.3
2025-07-31,27.4,81,11.728780555555556,1.2,14.1
2025-08-01,27.8,75,11.732713888888888,0.0,13.2
2025-08-02,27.6,73,11.736725,0.0,13.8
2025-08-03,27.0,80,11.523188888888889,6.4,12.5
2025-08-04,26.7,81,10.692719444444444,2.0,8.3
2025-08-05,26.7,81,10.503152777777778,2.3,10.0
2025-08-06,27.5,79,11.753436111111112,0.0,7.1
2025-08-07,27.4,80,11.464224999999999,4.9,8.9
2025-08-08,26.6,84,9.050758333333333,8.0,12.4
2025-08-09,26.9,80,11.469972222222223,4.9,9.1
2025-08-10,27.1,79,11.606963888888888,2.7,9.1
2025-08-11,26.2,85,9.876216666666666,9.6,10.2
2025-08-12,25.4,89,7.750405555555555,19.3,13.1
2025-08-13,25.1,87,10.063922222222223,14.1,14.3
2025-08-14,25.0,86,7.349175,1.1,8.7
2025-08-15,26.1,80,11.793827777777777,0.1,8.8
2025-08-16,26.3,79,11.79846388888889,1.0,12.3
2025-08-17,27.3,76,11.803169444444446,0.1,16.2
2025-08-18,26.8,79,10.946475,17.9,15.1
2025-08-19,24.6,92,2.1020833333333333,10.0,5.5
2025-08-20,26.0,85,6.847275,3.4,8.0
2025-08-21,26.2,86,10.756955555555555,4.2,6.9
2025-08-22,26.4,85,10.863258333333334,3.8,8.9
2025-08-23,26.4,83,11.406847222222222,2.7,12.4
2025-08-24,26.6,82,11.217077777777778,1.9,8.4
2025-08-25,26.1,85,11.486625,4.6,8.7
2025-08-26,26.8,79,11.846800000000002,0.0,9.2
2025-08-27,27.8,72,11.165986111111112,0.0,12.8
2025-08-28,27.0,77,11.362336111111112,16.6,10.5
2025-08-29,26.8,81,10.531077777777776,3.1,14.1
2025-08-30,26.9,79,10.282086111111111,11.0,12.6
2025-08-31,26.2,85,10.947444444444445,12.5,10.4
2025-09-01,27.3,80,11.832369444444444,3.2,13.0
2025-09-02,27.8,74,11.689175,0.2,14.3
2025-09-03,28.1,69,11.827308333333333,0.0,22.1
2025-09-04,28.2,73,11.819383333333333,1.4,16.4
2025-09-05,27.4,78,10.626530555555556,6.4,10.0
2025-09-06,27.6,75,11.81928888888889,1.0,8.2
2025-09-07,27.7,72,11.816374999999999,1.7,9.2
2025-09-08,28.1,71,10.85898888888889,7.6,10.1
2025-09-09,26.9,82,9.723275000000001,4.2,10.1
2025-09-10,26.5,85,11.177266666666668,6.2,10.6
2025-09-11,25.5,88,3.8192472222222227,5.3,11.4
2025-09-12,26.2,85,11.219744444444444,5.1,12.6
2025-09-13,27.1,79,11.632130555555555,0.0,7.9
2025-09-14,27.3,79,11.053766666666666,0.2,10.8
2025-09-15,27.7,75,10.989844444444445,0.6,11.1
2025-09-16,27.3,80,11.314058333333334,2.0,11.1
2025-09-17,26.0,86,9.15611111111111,24.9,10.4
2025-09-18,25.5,88,0.0,2.7,8.5
2025-09-19,26.2,86,6.6515305555555555,2.7,9.7
2025-09-20,26.4,86,8.923097222222223,9.5,19.7
2025-09-21,27.3,82,11.642369444444444,5.6,12.1
2025-09-22,26.9,85,11.386730555555557,8.2,9.6
2025-09-23,26.6,85,11.146852777777777,0.1,11.0
2025-09-24,27.4,78,11.517927777777778,0.0,10.6
2025-09-25,27.2,79,11.1981,3.3,10.5
2025-09-26,27.7,75,11.520777777777779,14.8,9.5
2025-09-27,27.6,80,10.0,4.2,9.4
2025-09-28,27.9,78,11.138216666666667,21.6,14.8
2025-09-29,26.2,85,10.0,19.2,12.7
2025-09-30,26.2,85,6.178194444444444,12.9,7.7
2025-10-01,26.1,87,10.274222222222221,10.9,15.1
2025-10-02,25.1,92,1.5319805555555557,33.3,11.2
2025-10-03,27.2,82,10.42936111111111,0.7,10.7
2025-10-04,27.5,82,11.082861111111113,0.5,9.4
2025-10-05,26.8,84,9.323,6.1,10.1
2025-10-06,27.4,79,9.870680555555555,2.8,15.8
2025-10-07,25.4,88,10.253919444444445,23.0,12.5
2025-10-08,27.0,80,11.346530555555557,4.1,14.8
2025-10-09,27.3,77,11.541722222222221,2.7,15.6
2025-10-10,27.2,76,11.155413888888889,1.3,10.2
2025-10-11,28.0,75,11.415311111111112,1.3,11.6
2025-10-12,28.3,75,11.157652777777779,0.4,14.9
2025-10-13,27.7,80,11.288227777777779,4.6,16.6
2025-10-14,28.1,79,11.354094444444444,2.7,17.0
2025-10-15,27.9,81,11.290244444444443,6.2,13.3
2025-10-16,28.0,82,11.031341666666668,2.9,14.9
2025-10-17,27.1,83,10.178372222222222,12.3,13.5
2025-10-18,27.3,83,11.293083333333334,5.8,7.5
2025-10-19,27.9,82,9.837911111111111,0.3,9.4
2025-10-20,28.3,79,11.294805555555556,1.4,11.0
2025-10-21,27.9,79,10.620355555555555,2.4,14.1
2025-10-22,27.3,83,8.342230555555556,10.2,12.9
2025-10-23,26.3,85,7.765038888888888,16.4,18.8
2025-10-24,25.2,89,4.5893194444444445,7.9,22.0
2025-10-25,26.9,78,8.971408333333333,0.2,16.9
2025-10-26,26.2,85,6.713561111111111,10.7,11.9
2025-10-27,26.7,85,9.151291666666667,5.9,8.2
2025-10-28,25.7,89,3.6386499999999997,7.0,11.0
2025-10-29,26.2,86,8.080530555555555,10.0,14.2
2025-10-30,26.7,85,9.104097222222222,1.6,14.2
2025-10-31,27.5,80,9.87126388888889,6.0,9.1
2025-11-01,27.4,81,9.459672222222222,11.0,9.7
2025-11-02,26.9,85,10.0,12.5,9.8
2025-11-03,27.1,83,10.732666666666667,14.2,14.6
2025-11-04,27.2,81,11.184427777777778,3.5,15.2
2025-11-05,26.1,85,2.7043083333333335,1.0,15.3
2025-11-06,26.4,84,8.610669444444444,14.9,16.5
2025-11-07,27.5,80,10.303463888888889,2.0,15.3
2025-11-08,25.7,88,1.368711111111111,10.6,15.9
2025-11-09,27.7,76,7.594636111111111,0.3,16.0
2025-11-10,26.6,84,8.506138888888888,18.3,15.1
2025-11-11,25.5,88,1.9425277777777779,17.7,15.2
2025-11-12,25.7,86,8.209372222222223,13.6,17.4
2025-11-13,25.5,88,4.855380555555556,13.5,16.3
2025-11-14,25.1,90,3.637086111111111,20.9,13.7
2025-11-15,26.7,83,10.28698888888889,15.7,15.7
2025-11-16,26.9,83,11.423005555555555,8.2,16.1
2025-11-17,27.2,81,10.843677777777778,1.5,19.8
2025-11-18,25.6,89,5.630166666666666,20.1,13.6
2025-11-19,26.1,87,10.0,9.9,12.1
2025-11-20,25.5,88,5.098758333333333,26.4,20.9
2025-11-21,26.7,82,11.073969444444444,0.8,19.2
2025-11-22,26.5,84,8.803894444444445,7.3,10.1
2025-11-23,26.5,81,11.125816666666667,0.9,16.8
2025-11-24,27.6,68,10.826008333333332,0.0,20.4
2025-11-25,27.4,71,11.750466666666666,0.0,19.3
2025-11-26,27.0,77,9.927455555555554,0.9,15.9
2025-11-27,27.8,75,11.846350000000001,0.3,10.6
2025-11-28,28.0,73,11.028086111111111,0.4,13.7
2025-11-29,28.2,72,10.203433333333333,1.2,16.8
2025-11-30,27.2,81,11.086424999999998,8.9,11.4
2025-12-01,27.1,81,10.382108333333333,3.3,10.0
2025-12-02,26.8,84,10.192480555555555,15.3,9.7
2025-12-03,26.4,85,7.945094444444445,11.0,10.8
2025-12-04,25.3,92,3.5880666666666667,25.1,11.0
2025-12-05,26.3,84,11.00976388888889,1.3,9.6
2025-12-06,26.1,85,11.0,7.5,10.3
2025-12-07,26.7,84,11.302844444444444,1.7,10.5
2025-12-08,26.1,83,8.41725,4.7,17.1
2025-12-09,26.6,79,8.0,1.7,11.1
2025-12-10,26.6,82,11.881008333333332,2.8,11.3
2025-12-11,26.5,86,10.661183333333334,2.1,12.6
2025-12-12,27.6,77,10.494827777777777,0.9,14.8
2025-12-13,27.6,76,11.972391666666667,0.5,16.8
2025-12-14,26.4,83,6.967475,0.9,22.2
2025-12-15,26.7,80,11.497552777777779,1.9,22.4
2025-12-16,26.9,79,11.996855555555555,1.9,28.4
2025-12-17,26.5,84,9.756741666666667,7.7,20.5
2025-12-18,25.7,87,6.100472222222223,26.0,20.0
2025-12-19,25.4,88,6.243655555555556,23.4,19.1
2025-12-20,26.3,85,11.358505555555556,1.7,16.6
2025-12-21,25.9,89,8.637475,13.4,15.3
2025-12-22,27.1,86,11.838616666666665,7.9,14.6
2025-12-23,27.6,83,12.0,9.8,16.0
2025-12-24,26.7,86,6.930488888888888,14.6,10.6
2025-12-25,27.5,82,11.0,13.1,13.9
2025-12-26,26.3,88,3.917444444444444,32.6,14.0
2025-12-27,27.0,84,10.783069444444445,3.7,19.7
2025-12-28,27.0,83,10.005233333333333,20.9,15.1
2025-12-29,26.7,84,12.0,13.4,15.0
2025-12-30,26.1,87,10.048591666666667,18.1,15.9
2025-12-31,25.3,90,0.9068333333333333,34.4,16.2
