tanggal,suhu_rata,kelembapan,curah_hujan,lama_penyinaran,angin,stasiun
02-01-2010,28.1,76.0,0.0,6.0,3.0,96737
06-01-2010,26.5,83.0,1.0,0.0,2.0,96737
07-01-2010,27.8,80.0,1.0,5.5,2.0,96737
08-01-2010,26.4,85.0,0.0,0.0,1.0,96737
09-01-2010,25.2,91.0,4.0,0.8,1.0,96737
10-01-2010,26.2,87.0,52.0,1.0,0.0,96737
11-01-2010,27.2,82.0,1.0,4.5,2.0,96737
12-01-2010,25.8,90.0,14.0,1.5,2.0,96737
13-01-2010,26.2,84.0,6.0,0.0,2.0,96737
14-01-2010,26.4,81.0,11.0,6.2,3.0,96737
15-01-2010,25.8,83.0,29.0,1.0,2.0,96737
16-01-2010,26.5,83.0,6.0,1.0,2.0,96737
17-01-2010,26.2,90.0,9.0,1.5,2.0,96737
18-01-2010,27.6,79.0,19.0,8.0,2.0,96737
19-01-2010,26.0,87.0,16.0,1.8,1.0,96737
20-01-2010,24.9,93.0,2.0,0.3,1.0,96737
21-01-2010,27.8,79.0,44.0,4.5,2.0,96737
22-01-2010,26.1,91.0,1.0,1.0,0.0,96737
23-01-2010,27.9,80.0,1.0,8.0,2.0,96737
25-01-2010,26.7,90.0,15.0,3.9,1.0,96737
26-01-2010,26.0,90.0,41.0,3.9,1.0,96737
27-01-2010,26.1,90.0,28.0,5.5,1.0,96737
29-01-2010,28.3,80.0,1.0,8.0,2.0,96737
30-01-2010,27.6,86.0,2.0,6.5,2.0,96737
31-01-2010,26.6,88.0,18.0,5.8,1.0,96737
01-02-2010,26.9,83.0,4.0,2.0,0.0,96737
02-02-2010,26.7,84.0,0.0,3.1,1.0,96737
04-02-2010,27.4,85.0,1.0,4.8,0.0,96737
05-02-2010,27.5,84.0,2.0,5.0,0.0,96737
06-02-2010,27.1,84.0,0.0,4.5,1.0,96737
08-02-2010,27.4,83.0,0.0,6.5,1.0,96737
09-02-2010,27.6,86.0,8.0,8.0,1.0,96737
10-02-2010,28.0,80.0,0.0,8.0,1.0,96737
13-02-2010,25.7,90.0,0.0,0.0,0.0,96737
14-02-2010,26.2,89.0,8.0,2.3,1.0,96737
15-02-2010,26.4,85.0,38.0,5.6,0.0,96737
16-02-2010,27.8,88.0,0.0,5.0,1.0,96737
17-02-2010,27.7,84.0,0.0,5.4,1.0,96737
18-02-2010,26.1,90.0,23.0,1.4,1.0,96737
19-02-2010,27.0,88.0,50.0,2.5,1.0,96737
21-02-2010,27.6,82.0,0.0,8.0,2.0,96737
23-02-2010,27.6,80.0,42.0,5.0,2.0,96737
25-02-2010,26.6,90.0,17.0,2.4,1.0,96737
26-02-2010,27.9,91.0,0.0,8.0,1.0,96737
27-02-2010,28.0,83.0,2.0,7.6,1.0,96737
01-03-2010,28.0,82.0,3.0,6.8,2.0,96737
02-03-2010,27.1,85.0,0.0,7.3,1.0,96737
05-03-2010,26.6,90.0,16.0,0.0,0.0,96737
06-03-2010,27.9,84.0,0.0,6.0,1.0,96737
07-03-2010,27.9,84.0,0.0,8.0,1.0,96737
08-03-2010,26.1,93.0,0.0,4.5,1.0,96737
09-03-2010,27.8,84.0,24.0,4.8,2.0,96737
13-03-2010,27.0,83.0,0.0,8.0,1.0,96737
14-03-2010,27.4,84.0,0.0,8.0,1.0,96737
15-03-2010,27.2,86.0,0.0,7.2,1.0,96737
16-03-2010,26.5,90.0,0.0,3.0,1.0,96737
17-03-2010,26.4,85.0,18.0,5.8,1.0,96737
18-03-2010,27.5,83.0,0.0,7.0,2.0,96737
19-03-2010,27.2,88.0,0.0,5.0,1.0,96737
20-03-2010,27.8,82.0,11.0,7.5,1.0,96737
21-03-2010,27.5,84.0,0.0,6.0,2.0,96737
22-03-2010,28.5,76.0,0.0,8.0,3.0,96737
23-03-2010,27.5,84.0,0.0,5.5,1.0,96737
24-03-2010,27.8,87.0,0.0,6.2,1.0,96737
25-03-2010,28.2,85.0,30.0,4.8,0.0,96737
26-03-2010,27.4,88.0,0.0,0.0,0.0,96737
27-03-2010,27.9,81.0,28.0,7.8,1.0,96737
28-03-2010,27.9,84.0,0.0,2.0,1.0,96737
30-03-2010,25.3,92.0,28.0,0.0,0.0,96737
31-03-2010,27.0,86.0,8.0,3.0,0.0,96737
02-04-2010,27.4,80.0,0.0,7.0,1.0,96737
03-04-2010,27.2,83.0,0.0,1.4,2.0,96737
05-04-2010,27.8,78.0,0.0,7.0,1.0,96737
06-04-2010,28.1,76.0,2.0,8.0,1.0,96737
07-04-2010,28.6,78.0,0.0,6.0,1.0,96737
08-04-2010,28.0,82.0,2.0,3.9,2.0,96737
09-04-2010,28.7,78.0,3.0,8.0,2.0,96737
10-04-2010,28.5,78.0,0.0,8.0,1.0,96737
11-04-2010,28.1,82.0,9.0,2.7,2.0,96737
12-04-2010,28.0,80.0,2.0,8.0,2.0,96737
13-04-2010,27.5,83.0,0.0,7.2,0.0,96737
14-04-2010,27.0,90.0,13.0,6.2,0.0,96737
15-04-2010,28.5,81.0,27.0,8.0,2.0,96737
16-04-2010,26.0,87.0,0.0,1.0,2.0,96737
17-04-2010,27.9,80.0,10.0,8.0,2.0,96737
18-04-2010,28.7,75.0,0.0,8.0,2.0,96737
19-04-2010,27.4,81.0,0.0,8.0,2.0,96737
20-04-2010,27.8,81.0,1.0,8.0,2.0,96737
21-04-2010,28.6,78.0,0.0,8.0,2.0,96737
22-04-2010,28.3,82.0,0.0,6.0,2.0,96737
23-04-2010,28.6,78.0,1.2,8.0,3.0,96737
24-04-2010,29.0,78.0,0.0,7.8,2.0,96737
25-04-2010,28.2,79.0,1.8,6.5,0.0,96737
26-04-2010,28.5,78.0,0.0,8.0,1.0,96737
27-04-2010,28.0,77.0,0.0,8.0,1.0,96737
28-04-2010,27.4,75.0,0.0,5.0,1.0,96737
29-04-2010,28.0,81.0,0.0,8.0,1.0,96737
30-04-2010,27.8,84.0,0.0,8.0,2.0,96737
01-05-2010,29.1,78.0,0.0,7.5,2.0,96737
02-05-2010,28.6,82.0,0.0,5.8,1.0,96737
03-05-2010,28.3,81.0,0.0,8.0,1.0,96737
04-05-2010,28.4,84.0,0.3,1.8,2.0,96737
06-05-2010,28.6,77.0,0.0,8.0,2.0,96737
07-05-2010,29.5,80.0,0.0,8.0,1.0,96737
08-05-2010,27.2,87.0,0.0,0.5,1.0,96737
09-05-2010,28.7,81.0,2.0,8.0,1.0,96737
11-05-2010,26.8,89.0,0.0,4.4,0.0,96737
12-05-2010,26.6,92.0,3.0,2.5,0.0,96737
13-05-2010,26.7,92.0,10.0,2.2,0.0,96737
14-05-2010,27.0,86.0,3.0,2.0,2.0,96737
16-05-2010,26.5,92.0,15.0,0.5,0.0,96737
17-05-2010,27.9,87.0,29.0,4.0,1.0,96737
18-05-2010,28.5,83.0,0.0,8.0,1.0,96737
19-05-2010,27.9,86.0,0.0,5.8,0.0,96737
21-05-2010,27.3,83.0,18.0,8.0,1.0,96737
22-05-2010,29.5,75.0,0.0,1.0,0.0,96737
23-05-2010,27.9,85.0,0.0,0.6,0.0,96737
25-05-2010,26.9,90.0,29.0,4.5,0.0,96737
26-05-2010,27.8,84.0,4.0,8.0,0.0,96737
27-05-2010,27.0,87.0,0.0,0.0,0.0,96737
28-05-2010,27.3,87.0,0.0,5.0,1.0,96737
29-05-2010,27.3,85.0,0.0,4.6,0.0,96737
30-05-2010,27.6,83.0,0.0,3.8,0.0,96737
31-05-2010,28.1,85.0,0.0,0.6,0.0,96737
01-06-2010,27.4,85.0,0.0,7.0,1.0,96737
02-06-2010,27.5,87.0,0.0,3.0,0.0,96737
03-06-2010,28.3,87.0,0.0,2.8,0.0,96737
04-06-2010,26.2,91.0,11.0,0.2,0.0,96737
05-06-2010,27.5,84.0,33.0,2.7,1.0,96737
06-06-2010,26.2,93.0,13.0,0.0,0.0,96737
07-06-2010,27.1,86.0,0.0,0.1,0.0,96737
08-06-2010,25.9,88.0,28.0,0.0,1.0,96737
09-06-2010,26.4,86.0,1.0,2.0,0.0,96737
10-06-2010,27.2,85.0,0.0,0.0,0.0,96737
11-06-2010,27.8,86.0,0.0,5.5,1.0,96737
12-06-2010,27.4,84.0,0.0,4.3,1.0,96737
14-06-2010,27.9,84.0,0.0,3.2,1.0,96737
15-06-2010,27.2,86.0,1.0,3.6,1.0,96737
16-06-2010,25.3,94.0,8.0,0.0,1.0,96737
17-06-2010,25.8,91.0,1.0,0.2,0.0,96737
19-06-2010,26.0,88.0,6.0,0.0,1.0,96737
21-06-2010,27.7,83.0,1.0,6.5,1.0,96737
22-06-2010,27.6,83.0,0.0,7.9,1.0,96737
23-06-2010,26.4,81.0,0.0,4.8,0.0,96737
24-06-2010,24.9,87.0,0.0,4.0,1.0,96737
25-06-2010,25.6,91.0,59.0,2.0,0.0,96737
26-06-2010,25.9,87.0,1.0,6.5,0.0,96737
27-06-2010,26.7,83.0,1.0,8.0,0.0,96737
28-06-2010,25.8,88.0,0.0,0.8,0.0,96737
29-06-2010,25.4,93.0,1.0,0.0,0.0,96737
30-06-2010,26.8,86.0,2.0,5.0,1.0,96737
01-07-2010,27.5,83.0,0.0,2.5,1.0,96737
03-07-2010,26.4,85.0,0.0,1.5,0.0,96737
04-07-2010,27.2,82.0,3.0,8.0,1.0,96737
05-07-2010,26.7,84.0,0.0,2.5,1.0,96737
06-07-2010,27.3,85.0,0.0,7.0,0.0,96737
07-07-2010,27.3,86.0,0.0,6.2,1.0,96737
08-07-2010,26.4,87.0,0.0,0.8,1.0,96737
09-07-2010,26.5,84.0,28.0,8.0,1.0,96737
10-07-2010,27.1,84.0,0.0,4.3,0.0,96737
12-07-2010,26.9,85.0,0.0,5.6,0.0,96737
13-07-2010,25.3,88.0,2.0,3.4,1.0,96737
14-07-2010,26.7,84.0,70.0,8.0,1.0,96737
15-07-2010,26.2,87.0,0.0,5.2,0.0,96737
16-07-2010,26.2,92.0,9.0,0.0,0.0,96737
17-07-2010,26.3,87.0,8.0,0.4,1.0,96737
18-07-2010,25.7,86.0,20.0,2.4,0.0,96737
19-07-2010,25.8,90.0,1.0,0.5,1.0,96737
20-07-2010,26.2,84.0,15.0,5.3,0.0,96737
21-07-2010,26.9,88.0,0.0,6.1,0.0,96737
22-07-2010,27.3,83.0,5.0,8.0,0.0,96737
23-07-2010,27.1,77.0,0.0,8.0,1.0,96737
24-07-2010,27.0,79.0,0.0,8.0,1.0,96737
25-07-2010,26.7,81.0,0.0,4.0,0.0,96737
27-07-2010,25.0,91.0,13.0,0.0,1.0,96737
28-07-2010,25.5,90.0,30.0,2.6,1.0,96737
29-07-2010,26.7,84.0,4.0,7.2,2.0,96737
30-07-2010,27.4,82.0,0.0,8.0,1.0,96737
31-07-2010,27.6,81.0,0.0,8.0,1.0,96737
01-08-2010,27.2,78.0,1.0,8.0,1.0,96737
02-08-2010,27.2,84.0,0.0,8.0,1.0,96737
03-08-2010,27.1,80.0,0.0,8.0,1.0,96737
04-08-2010,26.6,85.0,0.0,2.1,0.0,96737
05-08-2010,27.1,84.0,0.0,3.2,1.0,96737
06-08-2010,26.6,86.0,18.0,3.1,0.0,96737
07-08-2010,26.3,87.0,5.0,3.0,0.0,96737
08-08-2010,27.4,84.0,4.0,7.8,1.0,96737
09-08-2010,26.2,84.0,5.0,1.5,1.0,96737
10-08-2010,27.1,83.0,0.0,8.0,2.0,96737
11-08-2010,26.5,88.0,0.0,5.3,2.0,96737
12-08-2010,27.3,83.0,14.0,4.2,1.0,96737
15-08-2010,25.9,90.0,7.0,0.5,0.0,96737
16-08-2010,26.1,87.0,1.0,7.4,1.0,96737
17-08-2010,26.5,84.0,46.0,8.0,1.0,96737
18-08-2010,27.0,84.0,1.0,0.0,2.0,96737
19-08-2010,27.2,78.0,0.0,2.5,2.0,96737
20-08-2010,25.5,91.0,0.0,7.0,1.0,96737
21-08-2010,26.8,85.0,13.0,0.3,0.0,96737
23-08-2010,27.3,81.0,0.0,4.8,1.0,96737
24-08-2010,26.5,86.0,0.0,2.5,0.0,96737
25-08-2010,27.9,81.0,1.0,8.0,1.0,96737
26-08-2010,28.3,77.0,0.0,8.0,1.0,96737
27-08-2010,26.0,86.0,0.0,4.4,0.0,96737
28-08-2010,26.4,81.0,1.0,5.8,0.0,96737
29-08-2010,27.2,81.0,0.0,8.0,0.0,96737
30-08-2010,27.4,83.0,4.0,8.0,1.0,96737
31-08-2010,27.2,85.0,2.0,5.8,1.0,96737
02-09-2010,26.8,86.0,0.0,4.8,0.0,96737
03-09-2010,27.1,86.0,44.0,3.6,0.0,96737
04-09-2010,27.2,84.0,37.0,8.0,0.0,96737
05-09-2010,25.7,94.0,0.0,2.0,0.0,96737
06-09-2010,25.4,92.0,16.0,0.0,0.0,96737
07-09-2010,25.8,89.0,1.0,3.5,0.0,96737
09-09-2010,27.5,76.0,13.0,6.0,1.0,96737
11-09-2010,26.4,85.0,5.0,7.0,1.0,96737
13-09-2010,24.5,90.0,0.0,5.0,1.0,96737
14-09-2010,26.2,88.0,9.0,6.0,1.0,96737
15-09-2010,25.8,89.0,7.0,0.0,1.0,96737
16-09-2010,25.6,82.0,29.0,1.0,2.0,96737
18-09-2010,26.7,84.0,52.0,2.0,1.0,96737
19-09-2010,27.1,88.0,0.0,0.0,1.0,96737
20-09-2010,27.2,84.0,0.0,0.0,1.0,96737
22-09-2010,25.7,91.0,5.0,0.0,2.0,96737
23-09-2010,24.8,96.0,51.0,0.0,0.0,96737
24-09-2010,26.6,86.0,16.0,4.0,1.0,96737
25-09-2010,24.4,98.0,15.0,0.8,0.0,96737
26-09-2010,27.1,81.0,24.0,3.4,0.0,96737
28-09-2010,27.1,82.0,4.0,8.0,0.0,96737
29-09-2010,27.7,80.0,0.0,8.0,1.0,96737
30-09-2010,27.6,81.0,0.0,7.8,0.0,96737
01-10-2010,28.4,79.0,0.2,8.0,1.0,96737
02-10-2010,26.2,88.0,0.0,2.5,0.0,96737
03-10-2010,24.3,95.0,44.1,0.0,0.0,96737
04-10-2010,25.8,90.0,37.3,2.5,1.0,96737
05-10-2010,26.7,90.0,0.0,0.0,0.0,96737
06-10-2010,26.2,91.0,15.6,4.4,1.0,96737
07-10-2010,26.8,88.0,0.9,4.5,2.0,96737
08-10-2010,25.9,88.0,0.1,2.6,0.0,96737
09-10-2010,26.6,88.0,13.1,5.0,0.0,96737
10-10-2010,26.8,76.0,0.4,8.0,1.0,96737
11-10-2010,26.1,72.0,4.7,8.0,0.0,96737
13-10-2010,26.9,80.0,0.0,1.6,0.0,96737
14-10-2010,25.2,90.0,9.3,1.5,1.0,96737
15-10-2010,28.1,75.0,7.2,5.2,2.0,96737
16-10-2010,27.7,76.0,0.0,8.0,2.0,96737
17-10-2010,28.0,76.0,0.0,5.3,2.0,96737
18-10-2010,26.2,82.0,0.0,2.0,2.0,96737
20-10-2010,26.2,90.0,0.0,3.2,3.0,96737
22-10-2010,26.4,85.0,4.0,5.0,1.0,96737
25-10-2010,27.0,82.0,2.0,4.0,2.0,96737
26-10-2010,26.7,86.0,13.0,2.8,2.0,96737
28-10-2010,25.6,88.0,4.0,4.0,0.0,96737
29-10-2010,25.5,91.0,24.0,4.0,0.0,96737
30-10-2010,26.5,85.0,5.0,2.5,2.0,96737
31-10-2010,27.0,79.0,1.0,2.8,1.0,96737
01-11-2010,27.1,79.0,0.0,2.0,2.0,96737
02-11-2010,28.7,69.0,0.0,6.2,2.0,96737
03-11-2010,28.1,76.0,0.0,6.5,2.0,96737
04-11-2010,26.5,83.0,1.0,2.3,3.0,96737
05-11-2010,27.8,76.0,2.0,2.2,2.0,96737
06-11-2010,27.2,81.0,0.0,8.0,2.0,96737
07-11-2010,26.6,80.0,0.0,1.5,3.0,96737
11-11-2010,27.6,82.0,0.0,2.5,2.0,96737
13-11-2010,25.7,90.0,29.0,2.0,2.0,96737
14-11-2010,27.8,78.0,2.0,2.7,0.0,96737
17-11-2010,26.5,85.0,3.0,5.1,0.0,96737
18-11-2010,26.9,85.0,0.0,7.0,1.0,96737
19-11-2010,27.3,78.0,1.0,4.0,1.0,96737
20-11-2010,27.6,84.0,4.0,2.6,0.0,96737
22-11-2010,26.1,78.0,0.0,4.7,0.0,96737
23-11-2010,26.9,88.0,0.0,0.5,0.0,96737
25-11-2010,27.0,83.0,20.0,3.0,1.0,96737
26-11-2010,26.4,85.0,1.0,1.0,1.0,96737
27-11-2010,25.0,94.0,37.0,5.0,0.0,96737
28-11-2010,25.8,88.0,44.0,5.5,0.0,96737
29-11-2010,27.0,83.0,4.0,7.5,0.0,96737
30-11-2010,26.5,84.0,0.0,6.6,2.0,96737
01-12-2010,25.2,92.0,1.0,0.0,1.0,96737
02-12-2010,27.2,82.0,9.0,4.0,1.0,96737
03-12-2010,26.2,88.0,6.0,3.0,1.0,96737
04-12-2010,27.1,82.0,2.0,3.5,2.0,96737
06-12-2010,26.6,86.0,1.0,2.0,3.0,96737
07-12-2010,26.3,82.0,4.0,1.0,3.0,96737
09-12-2010,27.2,78.0,1.0,0.5,2.0,96737
11-12-2010,25.4,88.0,1.0,0.0,2.0,96737
12-12-2010,26.6,83.0,33.0,5.6,3.0,96737
13-12-2010,28.4,73.0,0.0,2.5,1.0,96737
14-12-2010,27.4,85.0,0.0,1.2,1.0,96737
15-12-2010,26.9,81.0,4.0,7.4,3.0,96737
16-12-2010,27.1,80.0,1.0,5.0,4.0,96737
18-12-2010,27.8,74.0,0.0,8.0,2.0,96737
19-12-2010,26.3,88.0,0.0,4.2,3.0,96737
20-12-2010,26.6,82.0,8.0,0.8,0.0,96737
21-12-2010,26.3,84.0,2.0,6.0,3.0,96737
22-12-2010,25.9,85.0,4.0,1.4,2.0,96737
23-12-2010,26.3,84.0,14.0,2.0,1.0,96737
24-12-2010,28.1,69.0,0.0,8.0,2.0,96737
25-12-2010,27.7,74.0,0.0,8.0,2.0,96737
26-12-2010,26.0,86.0,0.0,3.0,3.0,96737
27-12-2010,27.6,74.0,1.0,2.5,2.0,96737
28-12-2010,25.8,84.0,4.0,5.0,0.0,96737
29-12-2010,26.4,83.0,9.0,0.2,3.0,96737
30-12-2010,28.1,70.0,4.0,2.0,3.0,96737
31-12-2010,28.8,70.0,0.0,0.0,3.0,96737
01-01-2011,28.4,70.0,0.0,7.0,2.0,96737
02-01-2011,26.3,83.0,0.0,0.0,2.0,96737
05-01-2011,26.4,89.0,1.0,3.0,2.0,96737
06-01-2011,26.8,83.0,49.0,7.5,1.0,96737
07-01-2011,25.8,88.0,3.0,0.0,0.0,96737
08-01-2011,26.0,82.0,1.0,0.0,1.0,96737
09-01-2011,26.5,87.0,5.0,2.4,2.0,96737
10-01-2011,26.6,80.0,68.0,1.0,2.0,96737
11-01-2011,27.6,77.0,2.0,1.6,2.0,96737
12-01-2011,26.7,83.0,3.0,1.5,1.0,96737
13-01-2011,27.2,81.0,1.0,3.5,2.0,96737
14-01-2011,27.4,77.0,0.0,2.1,2.0,96737
15-01-2011,25.3,88.0,3.0,0.4,3.0,96737
16-01-2011,25.0,89.0,4.0,0.2,2.0,96737
17-01-2011,27.0,82.0,5.0,5.0,2.0,96737
18-01-2011,26.6,81.0,1.0,0.3,2.0,96737
19-01-2011,24.9,87.0,13.0,1.6,0.0,96737
20-01-2011,25.5,88.0,5.0,0.0,1.0,96737
21-01-2011,25.6,90.0,3.0,0.0,0.0,96737
22-01-2011,25.9,89.0,9.0,1.0,1.0,96737
23-01-2011,26.1,89.0,5.0,3.2,1.0,96737
26-01-2011,26.7,82.0,15.0,4.2,3.0,96737
27-01-2011,27.8,80.0,0.0,2.5,2.0,96737
28-01-2011,26.2,88.0,5.0,3.3,1.0,96737
29-01-2011,26.6,84.0,34.0,3.6,0.0,96737
30-01-2011,25.8,86.0,8.0,6.4,2.0,96737
01-02-2011,26.2,84.0,5.0,5.9,1.0,96737
02-02-2011,27.1,76.0,1.0,0.0,2.0,96737
03-02-2011,25.9,84.0,1.0,3.5,1.0,96737
04-02-2011,24.5,96.0,8.0,1.6,1.0,96737
05-02-2011,25.9,86.0,22.0,0.0,2.0,96737
06-02-2011,26.7,83.0,2.0,0.0,1.0,96737
07-02-2011,27.5,80.0,4.0,5.6,2.0,96737
08-02-2011,26.9,86.0,4.0,4.6,1.0,96737
09-02-2011,27.8,76.0,0.0,7.8,1.0,96737
10-02-2011,27.3,80.0,0.0,8.0,1.0,96737
11-02-2011,27.2,84.0,0.0,8.0,1.0,96737
12-02-2011,27.0,85.0,1.0,8.0,1.0,96737
13-02-2011,27.3,84.0,0.0,5.5,1.0,96737
17-02-2011,26.9,84.0,1.0,2.1,2.0,96737
19-02-2011,27.7,81.0,0.0,4.8,1.0,96737
20-02-2011,28.3,71.0,2.0,8.0,2.0,96737
21-02-2011,27.9,79.0,0.0,8.0,1.0,96737
22-02-2011,27.7,82.0,4.0,0.0,1.0,96737
23-02-2011,27.9,77.0,0.0,0.0,0.0,96737
24-02-2011,27.8,70.0,0.0,0.0,0.0,96737
25-02-2011,25.8,79.0,0.0,0.0,0.0,96737
26-02-2011,26.0,90.0,6.0,0.0,0.0,96737
27-02-2011,25.0,95.0,12.0,0.0,0.0,96737
28-02-2011,24.3,93.0,18.0,0.0,0.0,96737
01-03-2011,25.6,85.0,20.0,0.0,1.0,96737
03-03-2011,26.0,84.0,4.0,1.0,1.0,96737
04-03-2011,26.6,87.0,6.0,3.2,2.0,96737
05-03-2011,25.2,87.0,20.0,0.0,1.0,96737
06-03-2011,27.0,82.0,2.0,4.5,2.0,96737
07-03-2011,26.4,83.0,1.0,6.5,3.0,96737
08-03-2011,25.8,90.0,2.0,2.5,2.0,96737
09-03-2011,26.5,88.0,2.0,3.9,2.0,96737
10-03-2011,26.8,84.0,11.0,3.2,1.0,96737
11-03-2011,26.4,86.0,2.0,0.3,2.0,96737
12-03-2011,27.4,80.0,0.0,8.0,1.0,96737
13-03-2011,25.7,92.0,0.0,3.5,0.0,96737
14-03-2011,28.0,76.0,38.0,4.3,1.0,96737
16-03-2011,26.6,84.0,19.0,5.5,2.0,96737
17-03-2011,26.5,82.0,0.0,7.0,1.0,96737
18-03-2011,27.1,84.0,9.0,8.0,1.0,96737
19-03-2011,27.5,83.0,17.0,6.4,1.0,96737
21-03-2011,27.0,81.0,0.0,7.0,3.0,96737
22-03-2011,26.7,84.0,0.0,0.0,2.0,96737
23-03-2011,25.5,86.0,22.0,0.5,3.0,96737
24-03-2011,27.5,80.0,1.0,6.8,3.0,96737
26-03-2011,26.8,83.0,0.0,2.6,2.0,96737
27-03-2011,27.1,82.0,0.0,3.3,3.0,96737
28-03-2011,25.7,86.0,5.0,0.0,3.0,96737
29-03-2011,25.7,83.0,6.0,0.3,3.0,96737
30-03-2011,25.7,82.0,7.3,1.4,3.0,96737
31-03-2011,26.1,83.0,10.1,2.8,4.0,96737
01-04-2011,25.8,89.0,20.0,0.0,3.0,96737
02-04-2011,27.6,76.0,2.0,8.0,4.0,96737
03-04-2011,27.1,84.0,0.0,0.4,3.0,96737
04-04-2011,28.2,77.0,43.0,8.0,4.0,96737
06-04-2011,27.4,82.0,0.0,8.0,3.0,96737
07-04-2011,27.5,80.0,0.0,8.0,2.0,96737
08-04-2011,27.2,81.0,0.0,3.2,2.0,96737
09-04-2011,26.0,86.0,6.0,0.0,1.0,96737
10-04-2011,27.3,80.0,9.0,8.0,1.0,96737
11-04-2011,26.2,89.0,0.0,1.0,2.0,96737
12-04-2011,26.4,88.0,1.0,3.0,0.0,96737
13-04-2011,27.2,85.0,0.0,6.8,1.0,96737
14-04-2011,26.7,83.0,0.0,7.8,1.0,96737
15-04-2011,27.7,78.0,0.0,5.3,0.0,96737
16-04-2011,26.2,79.0,0.0,8.0,2.0,96737
18-04-2011,27.0,78.0,0.0,8.0,1.0,96737
19-04-2011,26.8,84.0,0.0,7.8,0.0,96737
22-04-2011,26.9,83.0,0.0,6.2,1.0,96737
24-04-2011,26.7,90.0,0.0,1.6,0.0,96737
25-04-2011,26.8,84.0,2.0,6.8,1.0,96737
26-04-2011,27.0,87.0,1.0,7.2,0.0,96737
27-04-2011,26.7,88.0,15.0,0.0,0.0,96737
28-04-2011,27.3,84.0,8.0,0.0,1.0,96737
29-04-2011,27.2,86.0,0.0,6.0,1.0,96737
01-05-2011,26.8,85.0,19.0,2.8,1.0,96737
02-05-2011,27.9,83.0,0.0,4.0,1.0,96737
04-05-2011,27.2,81.0,1.3,8.0,2.0,96737
06-05-2011,27.1,86.0,28.0,5.2,0.0,96737
07-05-2011,26.4,90.0,1.0,0.0,0.0,96737
08-05-2011,27.7,84.0,4.0,8.0,2.0,96737
09-05-2011,26.4,80.0,0.0,8.0,1.0,96737
10-05-2011,26.9,82.0,0.0,8.0,1.0,96737
11-05-2011,27.8,81.0,0.0,7.6,0.0,96737
12-05-2011,27.9,83.0,0.0,6.5,0.0,96737
13-05-2011,27.9,84.0,0.0,6.2,0.0,96737
15-05-2011,26.3,87.0,6.0,4.3,0.0,96737
16-05-2011,27.2,82.0,4.0,8.0,0.0,96737
17-05-2011,27.4,82.0,0.0,8.0,0.0,96737
18-05-2011,27.0,85.0,0.0,4.1,1.0,96737
19-05-2011,27.5,83.0,0.0,8.0,1.0,96737
20-05-2011,26.6,88.0,0.0,7.0,1.0,96737
21-05-2011,26.0,89.0,8.0,2.0,0.0,96737
24-05-2011,27.2,86.0,9.0,0.2,0.0,96737
26-05-2011,26.6,89.0,5.0,0.6,0.0,96737
28-05-2011,27.6,84.0,0.0,7.0,0.0,96737
29-05-2011,27.7,80.0,0.0,3.0,2.0,96737
30-05-2011,29.7,83.0,0.0,3.0,1.0,96737
31-05-2011,27.4,83.0,0.0,0.0,0.0,96737
01-06-2011,27.7,83.0,0.0,6.0,1.0,96737
02-06-2011,27.5,86.0,4.0,6.0,1.0,96737
03-06-2011,27.8,83.0,0.0,4.1,1.0,96737
04-06-2011,28.1,81.0,0.0,0.7,2.0,96737
05-06-2011,27.4,84.0,0.0,6.5,2.0,96737
06-06-2011,27.7,82.0,0.0,4.0,0.0,96737
07-06-2011,27.2,85.0,0.0,2.3,0.0,96737
08-06-2011,27.0,81.0,8.0,8.0,1.0,96737
09-06-2011,26.5,80.0,0.0,4.8,1.0,96737
10-06-2011,26.9,80.0,0.0,6.6,1.0,96737
11-06-2011,26.9,81.0,0.0,3.5,0.0,96737
13-06-2011,26.9,81.0,3.0,1.9,0.0,96737
14-06-2011,27.6,76.0,0.0,3.0,1.0,96737
17-06-2011,26.5,81.0,0.0,8.0,1.0,96737
18-06-2011,26.1,79.0,0.0,7.0,1.0,96737
19-06-2011,26.1,78.0,0.0,8.0,1.0,96737
20-06-2011,26.7,77.0,0.0,6.6,1.0,96737
21-06-2011,26.9,78.0,0.0,8.0,2.0,96737
22-06-2011,27.2,80.0,0.0,6.5,0.0,96737
24-06-2011,26.9,80.0,0.0,4.5,0.0,96737
25-06-2011,27.6,78.0,0.0,7.5,1.0,96737
26-06-2011,26.8,78.0,0.0,6.5,1.0,96737
27-06-2011,27.5,76.0,0.0,4.0,0.0,96737
28-06-2011,25.3,94.0,7.0,1.5,1.0,96737
29-06-2011,26.6,84.0,16.0,4.0,0.0,96737
01-07-2011,25.1,90.0,5.0,0.0,0.0,96737
02-07-2011,26.1,85.0,0.0,5.5,0.0,96737
03-07-2011,26.5,85.0,0.0,7.4,1.0,96737
04-07-2011,26.5,78.0,0.0,3.2,1.0,96737
05-07-2011,26.3,83.0,0.0,3.6,1.0,96737
06-07-2011,26.3,82.0,25.0,5.0,1.0,96737
07-07-2011,26.4,83.0,0.0,2.4,0.0,96737
08-07-2011,26.7,80.0,0.0,6.8,1.0,96737
09-07-2011,26.8,80.0,0.0,0.0,0.0,96737
10-07-2011,26.6,81.0,0.0,6.6,1.0,96737
12-07-2011,26.4,82.0,0.0,6.7,1.0,96737
13-07-2011,26.4,86.0,0.0,6.5,1.0,96737
14-07-2011,26.9,82.0,1.0,8.0,1.0,96737
15-07-2011,27.5,78.0,0.0,8.0,1.0,96737
16-07-2011,27.1,80.0,0.0,7.0,1.0,96737
17-07-2011,26.5,82.0,0.0,7.0,1.0,96737
18-07-2011,26.4,78.0,0.0,8.0,1.0,96737
19-07-2011,27.0,81.0,0.0,6.5,1.0,96737
20-07-2011,27.1,82.0,2.0,8.0,1.0,96737
22-07-2011,26.6,84.0,34.0,8.0,1.0,96737
23-07-2011,26.5,83.0,12.0,8.0,1.0,96737
24-07-2011,27.2,76.0,0.0,8.0,0.0,96737
25-07-2011,26.5,82.0,0.0,6.5,1.0,96737
26-07-2011,27.2,79.0,0.0,6.5,1.0,96737
27-07-2011,27.1,76.0,0.0,7.7,1.0,96737
30-07-2011,27.2,79.0,0.0,7.4,1.0,96737
31-07-2011,26.0,76.0,0.0,8.0,1.0,96737
01-08-2011,25.9,77.0,0.0,8.0,2.0,96737
02-08-2011,27.2,76.0,0.0,8.0,2.0,96737
03-08-2011,27.4,76.0,0.0,8.0,1.0,96737
04-08-2011,27.4,75.0,0.0,5.8,0.0,96737
05-08-2011,26.6,80.0,0.0,6.5,0.0,96737
06-08-2011,26.1,78.0,0.0,3.9,1.0,96737
07-08-2011,25.6,78.0,0.0,7.5,1.0,96737
08-08-2011,26.0,81.0,0.0,7.8,1.0,96737
09-08-2011,26.5,80.0,0.0,8.0,1.0,96737
10-08-2011,26.3,81.0,0.0,8.0,2.0,96737
11-08-2011,26.5,82.0,0.0,7.1,1.0,96737
12-08-2011,26.6,82.0,0.0,8.0,2.0,96737
13-08-2011,27.0,81.0,0.0,8.0,1.0,96737
14-08-2011,27.1,80.0,0.0,4.2,0.0,96737
15-08-2011,26.9,80.0,0.0,8.0,1.0,96737
17-08-2011,26.5,74.0,0.0,6.6,1.0,96737
18-08-2011,27.3,76.0,0.0,8.0,1.0,96737
19-08-2011,27.3,78.0,0.0,4.6,1.0,96737
20-08-2011,26.7,78.0,0.0,8.0,1.0,96737
21-08-2011,26.3,80.0,0.0,8.0,1.0,96737
22-08-2011,26.0,78.0,0.0,7.0,1.0,96737
23-08-2011,26.5,79.0,0.0,6.8,1.0,96737
24-08-2011,26.5,78.0,0.0,7.0,1.0,96737
25-08-2011,27.2,71.0,0.0,6.5,1.0,96737
26-08-2011,25.7,74.0,0.0,5.4,1.0,96737
27-08-2011,25.8,74.0,0.0,8.0,1.0,96737
28-08-2011,26.0,74.0,0.0,8.0,2.0,96737
29-08-2011,27.3,76.0,0.0,8.0,2.0,96737
30-08-2011,27.7,72.0,0.0,8.0,1.0,96737
31-08-2011,27.3,72.0,0.0,6.2,1.0,96737
01-09-2011,27.1,76.0,1.1,5.5,1.0,96737
02-09-2011,26.8,78.0,0.0,6.5,1.0,96737
03-09-2011,27.0,73.0,0.0,8.0,0.0,96737
04-09-2011,26.9,73.0,0.0,8.0,1.0,96737
05-09-2011,26.6,75.0,0.0,8.0,1.0,96737
06-09-2011,27.0,75.0,0.0,7.6,2.0,96737
07-09-2011,27.2,74.0,0.0,8.0,1.0,96737
08-09-2011,27.3,74.0,0.0,8.0,1.0,96737
09-09-2011,27.0,73.0,0.0,8.0,1.0,96737
10-09-2011,26.7,72.0,0.0,7.5,1.0,96737
11-09-2011,27.1,71.0,0.0,8.0,1.0,96737
12-09-2011,27.3,76.0,0.0,7.5,1.0,96737
13-09-2011,27.6,74.0,0.0,8.0,1.0,96737
14-09-2011,28.0,77.0,0.0,8.0,2.0,96737
15-09-2011,26.6,80.0,0.0,8.0,2.0,96737
16-09-2011,27.3,80.0,1.0,6.5,1.0,96737
17-09-2011,27.3,80.0,29.0,4.5,0.0,96737
18-09-2011,27.2,81.0,0.0,7.2,1.0,96737
19-09-2011,27.4,80.0,0.0,5.5,0.0,96737
20-09-2011,27.9,79.0,1.0,7.2,2.0,96737
21-09-2011,28.1,75.0,0.0,8.0,1.0,96737
22-09-2011,28.2,75.0,0.0,7.0,0.0,96737
24-09-2011,26.8,77.0,0.0,6.0,1.0,96737
25-09-2011,27.6,75.0,0.0,8.0,1.0,96737
26-09-2011,27.8,73.0,0.0,8.0,0.0,96737
27-09-2011,27.9,68.0,0.0,6.0,1.0,96737
28-09-2011,26.6,74.0,0.0,7.0,1.0,96737
29-09-2011,26.3,76.0,0.0,6.5,1.0,96737
30-09-2011,27.2,76.0,0.0,7.0,1.0,96737
01-10-2011,28.4,67.0,0.0,7.5,1.0,96737
02-10-2011,29.2,66.0,0.0,5.0,0.0,96737
03-10-2011,28.0,66.0,0.0,0.8,0.0,96737
04-10-2011,27.5,73.0,0.0,3.0,1.0,96737
05-10-2011,27.5,72.0,0.0,3.0,1.0,96737
06-10-2011,26.7,71.0,0.0,3.4,1.0,96737
07-10-2011,27.2,80.0,0.0,4.5,1.0,96737
08-10-2011,24.5,88.0,13.0,0.0,0.0,96737
09-10-2011,27.1,75.0,10.0,8.0,1.0,96737
10-10-2011,27.3,75.0,0.0,4.8,1.0,96737
11-10-2011,27.4,76.0,0.0,8.0,2.0,96737
12-10-2011,27.5,77.0,0.0,5.0,0.0,96737
13-10-2011,27.7,76.0,5.0,8.0,1.0,96737
14-10-2011,27.8,77.0,0.0,8.0,1.0,96737
15-10-2011,27.1,78.0,0.0,8.0,0.0,96737
16-10-2011,27.6,80.0,0.0,8.0,2.0,96737
17-10-2011,28.4,77.0,0.0,5.0,1.0,96737
18-10-2011,28.7,75.0,0.0,6.2,2.0,96737
19-10-2011,28.3,74.0,0.0,8.0,1.0,96737
20-10-2011,27.0,80.0,0.0,0.0,0.0,96737
21-10-2011,27.6,80.0,5.0,8.0,1.0,96737
23-10-2011,26.0,88.0,0.0,2.8,0.0,96737
24-10-2011,27.9,81.0,5.0,7.0,1.0,96737
25-10-2011,27.6,82.0,2.0,5.0,1.0,96737
26-10-2011,26.6,85.0,1.0,2.2,2.0,96737
27-10-2011,27.2,84.0,9.0,3.0,0.0,96737
28-10-2011,25.6,92.0,0.0,0.0,0.0,96737
29-10-2011,27.3,80.0,3.0,8.0,1.0,96737
30-10-2011,27.1,90.0,0.0,4.6,1.0,96737
31-10-2011,26.0,86.0,18.0,4.8,0.0,96737
01-11-2011,27.3,84.0,0.0,4.8,0.0,96737
02-11-2011,27.0,83.0,0.0,3.2,0.0,96737
03-11-2011,27.4,80.0,0.0,1.0,0.0,96737
04-11-2011,27.1,66.0,7.0,3.2,2.0,96737
06-11-2011,27.3,69.0,0.0,5.0,1.0,96737
07-11-2011,27.9,68.0,0.0,0.0,2.0,96737
08-11-2011,27.4,69.0,0.0,8.0,1.0,96737
11-11-2011,26.2,78.0,0.0,2.2,0.0,96737
12-11-2011,28.6,73.0,0.0,8.0,1.0,96737
13-11-2011,26.8,84.0,0.0,5.0,1.0,96737
14-11-2011,27.0,73.0,0.0,5.2,1.0,96737
15-11-2011,26.5,82.0,0.0,8.0,0.0,96737
16-11-2011,28.0,80.0,1.0,2.0,0.0,96737
17-11-2011,26.8,83.0,2.0,3.0,1.0,96737
18-11-2011,27.4,80.0,2.0,6.0,1.0,96737
19-11-2011,27.4,79.0,2.0,5.3,0.0,96737
20-11-2011,26.1,87.0,0.0,6.8,0.0,96737
23-11-2011,26.8,87.0,2.0,0.0,0.0,96737
24-11-2011,27.5,81.0,4.0,1.3,1.0,96737
25-11-2011,25.5,94.0,0.0,5.8,0.0,96737
26-11-2011,27.8,83.0,53.0,5.1,1.0,96737
27-11-2011,27.6,81.0,0.0,8.0,1.0,96737
28-11-2011,27.6,85.0,0.0,8.0,0.0,96737
29-11-2011,27.6,84.0,6.0,2.0,0.0,96737
01-12-2011,27.4,84.0,2.0,6.0,1.0,96737
02-12-2011,26.7,84.0,2.0,0.5,2.0,96737
03-12-2011,27.9,85.0,28.0,1.4,0.0,96737
04-12-2011,27.9,80.0,0.0,8.0,1.0,96737
05-12-2011,27.7,78.0,2.0,8.0,2.0,96737
06-12-2011,27.6,83.0,0.0,0.0,0.0,96737
07-12-2011,27.4,83.0,0.0,5.8,1.0,96737
08-12-2011,27.8,80.0,0.0,3.0,0.0,96737
09-12-2011,28.3,78.0,0.0,7.2,0.0,96737
10-12-2011,25.8,88.0,0.0,3.1,1.0,96737
11-12-2011,27.9,80.0,8.0,7.0,1.0,96737
13-12-2011,27.9,75.0,0.0,5.5,1.0,96737
14-12-2011,27.2,81.0,0.0,2.6,2.0,96737
16-12-2011,27.3,80.0,1.0,1.0,3.0,96737
17-12-2011,28.1,79.0,0.0,1.5,2.0,96737
18-12-2011,26.1,88.0,3.0,1.1,2.0,96737
20-12-2011,26.5,90.0,7.0,0.0,1.0,96737
21-12-2011,28.2,77.0,1.0,3.0,2.0,96737
22-12-2011,28.2,76.0,0.0,8.0,2.0,96737
23-12-2011,29.5,73.0,0.0,8.0,2.0,96737
24-12-2011,28.2,81.0,0.0,0.8,1.0,96737
25-12-2011,26.9,83.0,0.0,3.0,2.0,96737
26-12-2011,27.6,81.0,2.0,0.5,1.0,96737
27-12-2011,28.0,81.0,0.0,2.8,1.0,96737
28-12-2011,28.2,78.0,2.0,4.5,1.0,96737
29-12-2011,26.2,83.0,2.0,1.0,0.0,96737
30-12-2011,27.6,80.0,3.0,7.7,2.0,96737
31-12-2011,25.4,88.0,49.0,0.0,3.0,96737
01-01-2012,26.0,87.0,4.0,0.0,1.0,96737
03-01-2012,26.8,88.0,2.0,1.0,0.0,96737
04-01-2012,27.4,80.0,2.0,8.0,0.0,96737
05-01-2012,26.8,85.0,0.0,5.0,1.0,96737
06-01-2012,27.7,78.0,1.0,4.0,1.0,96737
08-01-2012,26.6,86.0,54.0,0.6,0.0,96737
09-01-2012,27.2,85.0,36.0,3.0,2.0,96737
10-01-2012,26.7,84.0,41.0,4.5,4.0,96737
11-01-2012,26.3,89.0,8.0,2.0,1.0,96737
12-01-2012,26.8,80.0,16.0,3.2,3.0,96737
13-01-2012,26.1,85.0,6.0,0.0,2.0,96737
14-01-2012,26.0,84.0,14.0,1.0,3.0,96737
15-01-2012,26.5,81.0,1.0,2.2,2.0,96737
16-01-2012,27.6,81.0,6.0,8.0,2.0,96737
17-01-2012,26.6,83.0,0.0,7.8,1.0,96737
18-01-2012,27.2,83.0,18.0,7.5,1.0,96737
19-01-2012,27.2,79.0,1.0,6.1,2.0,96737
20-01-2012,27.9,76.0,3.0,7.5,2.0,96737
21-01-2012,27.8,78.0,0.0,1.8,1.0,96737
22-01-2012,27.5,78.0,0.0,7.5,3.0,96737
23-01-2012,27.6,76.0,0.0,1.8,5.0,96737
25-01-2012,27.1,80.0,10.0,8.0,2.0,96737
26-01-2012,27.9,77.0,6.0,0.6,2.0,96737
27-01-2012,28.4,68.0,5.0,8.0,4.0,96737
28-01-2012,28.2,72.0,5.0,6.5,3.0,96737
29-01-2012,24.8,96.0,7.0,0.0,2.0,96737
30-01-2012,26.5,86.0,36.0,5.0,2.0,96737
31-01-2012,26.9,83.0,16.0,0.5,3.0,96737
02-02-2012,26.8,85.0,3.0,4.4,1.0,96737
03-02-2012,25.3,87.0,3.0,2.0,0.0,96737
04-02-2012,27.0,82.0,2.0,2.6,0.0,96737
06-02-2012,26.7,82.0,12.0,2.1,1.0,96737
07-02-2012,26.9,83.0,13.0,8.0,1.0,96737
08-02-2012,26.8,82.0,4.0,8.0,2.0,96737
09-02-2012,25.9,85.0,13.0,3.5,2.0,96737
10-02-2012,26.9,86.0,2.0,4.2,1.0,96737
11-02-2012,26.5,85.0,33.0,7.0,2.0,96737
12-02-2012,27.3,84.0,14.0,7.0,2.0,96737
13-02-2012,27.4,82.0,4.0,8.0,1.0,96737
14-02-2012,26.3,90.0,0.0,2.0,1.0,96737
16-02-2012,27.3,83.0,4.0,1.2,1.0,96737
17-02-2012,25.2,90.0,0.0,5.0,1.0,96737
18-02-2012,27.7,80.0,2.0,8.0,1.0,96737
19-02-2012,27.0,91.0,0.0,2.0,0.0,96737
20-02-2012,27.0,81.0,21.0,5.0,1.0,96737
21-02-2012,26.9,84.0,1.0,8.0,1.0,96737
22-02-2012,27.6,84.0,0.0,4.8,0.0,96737
23-02-2012,27.4,84.0,0.0,4.0,0.0,96737
24-02-2012,27.7,82.0,0.0,6.8,1.0,96737
25-02-2012,27.9,82.0,0.0,6.1,2.0,96737
26-02-2012,26.4,89.0,2.0,2.0,0.0,96737
27-02-2012,26.7,88.0,58.0,2.2,1.0,96737
28-02-2012,27.1,85.0,0.0,4.5,0.0,96737
29-02-2012,27.3,83.0,0.0,6.0,1.0,96737
01-03-2012,26.1,90.0,25.0,0.0,0.0,96737
02-03-2012,27.2,82.0,6.0,3.4,2.0,96737
04-03-2012,26.5,88.0,3.0,1.7,1.0,96737
05-03-2012,27.5,79.0,9.0,7.2,2.0,96737
06-03-2012,26.8,84.0,2.0,7.5,1.0,96737
07-03-2012,27.9,78.0,0.0,3.3,2.0,96737
08-03-2012,25.8,87.0,9.0,0.0,2.0,96737
10-03-2012,27.2,83.0,1.0,2.5,3.0,96737
11-03-2012,28.5,70.0,0.0,4.8,2.0,96737
12-03-2012,27.7,80.0,0.0,2.0,2.0,96737
14-03-2012,27.4,78.0,21.0,4.8,2.0,96737
15-03-2012,28.1,77.0,0.0,5.5,1.0,96737
16-03-2012,28.0,82.0,0.0,1.8,4.0,96737
17-03-2012,28.6,70.0,0.0,0.0,2.0,96737
19-03-2012,26.7,84.0,8.0,0.1,3.0,96737
20-03-2012,26.7,82.0,2.0,1.5,3.0,96737
21-03-2012,27.7,79.0,4.0,8.0,4.0,96737
23-03-2012,27.4,78.0,0.0,8.0,3.0,96737
24-03-2012,27.5,81.0,0.0,8.0,3.0,96737
25-03-2012,27.9,77.0,0.0,8.0,2.0,96737
26-03-2012,27.8,79.0,0.0,4.0,1.0,96737
27-03-2012,28.0,82.0,0.0,8.0,2.0,96737
28-03-2012,27.7,77.0,0.0,8.0,2.0,96737
29-03-2012,27.4,81.0,0.0,7.5,3.0,96737
30-03-2012,26.6,84.0,1.0,1.5,2.0,96737
31-03-2012,26.1,84.0,0.0,7.5,2.0,96737
02-04-2012,26.3,88.0,1.0,5.8,1.0,96737
03-04-2012,26.1,88.0,36.0,7.0,1.0,96737
04-04-2012,26.6,86.0,54.0,3.0,1.0,96737
05-04-2012,25.4,91.0,3.0,0.0,0.0,96737
06-04-2012,26.7,85.0,7.0,1.9,0.0,96737
07-04-2012,26.1,87.0,11.0,4.8,0.0,96737
10-04-2012,26.8,85.0,0.0,3.6,0.0,96737
12-04-2012,26.5,87.0,14.0,5.5,1.0,96737
13-04-2012,27.2,84.0,0.0,4.9,1.0,96737
14-04-2012,27.8,84.0,0.0,8.0,1.0,96737
15-04-2012,27.6,84.0,0.0,6.0,1.0,96737
16-04-2012,27.7,84.0,0.0,8.0,2.0,96737
17-04-2012,26.0,92.0,25.0,5.6,1.0,96737
18-04-2012,27.6,84.0,12.0,7.5,0.0,96737
20-04-2012,27.1,88.0,0.0,3.0,0.0,96737
21-04-2012,25.9,93.0,16.0,3.0,0.0,96737
22-04-2012,26.7,87.0,4.0,2.0,1.0,96737
23-04-2012,27.4,85.0,0.0,8.0,1.0,96737
24-04-2012,27.5,86.0,0.0,7.8,0.0,96737
25-04-2012,27.6,83.0,0.0,8.0,0.0,96737
26-04-2012,28.0,74.0,0.0,8.0,1.0,96737
27-04-2012,28.2,76.0,0.0,8.0,1.0,96737
28-04-2012,28.0,79.0,0.0,1.0,0.0,96737
29-04-2012,27.0,84.0,0.0,3.5,1.0,96737
30-04-2012,26.5,84.0,1.0,0.0,0.0,96737
01-05-2012,27.0,82.0,2.0,2.0,0.0,96737
02-05-2012,27.8,83.0,0.0,5.2,0.0,96737
03-05-2012,28.0,83.0,2.0,8.0,1.0,96737
05-05-2012,27.5,90.0,0.0,5.0,1.0,96737
06-05-2012,26.9,87.0,12.0,2.3,0.0,96737
07-05-2012,25.0,95.0,3.0,0.0,0.0,96737
08-05-2012,25.1,89.0,51.0,3.0,0.0,96737
10-05-2012,28.0,81.0,0.0,4.5,0.0,96737
12-05-2012,26.8,80.0,0.0,8.0,1.0,96737
13-05-2012,26.7,78.0,0.0,7.5,1.0,96737
16-05-2012,26.6,87.0,0.0,2.5,0.0,96737
17-05-2012,26.8,80.0,0.0,8.0,1.0,96737
18-05-2012,27.2,82.0,0.0,4.5,0.0,96737
19-05-2012,28.5,77.0,0.0,8.0,2.0,96737
20-05-2012,26.6,84.0,0.0,5.2,2.0,96737
22-05-2012,28.0,81.0,5.0,8.0,0.0,96737
23-05-2012,27.7,80.0,8.0,7.2,0.0,96737
24-05-2012,26.6,84.0,0.0,7.0,0.0,96737
25-05-2012,27.1,79.0,0.0,8.0,1.0,96737
26-05-2012,27.4,74.0,0.0,8.0,1.0,96737
27-05-2012,28.1,74.0,0.0,8.0,2.0,96737
28-05-2012,27.0,82.0,0.0,3.5,1.0,96737
29-05-2012,28.3,80.0,0.0,6.5,1.0,96737
30-05-2012,28.3,78.0,0.0,1.2,1.0,96737
31-05-2012,24.4,91.0,15.0,0.0,0.0,96737
01-06-2012,25.8,86.0,14.0,2.6,1.0,96737
02-06-2012,26.8,81.0,1.0,6.5,0.0,96737
04-06-2012,27.3,82.0,0.0,2.3,0.0,96737
05-06-2012,26.5,89.0,5.0,0.0,0.0,96737
06-06-2012,27.3,84.0,2.0,1.4,1.0,96737
07-06-2012,26.4,85.0,12.0,6.5,0.0,96737
08-06-2012,28.3,79.0,0.0,6.5,1.0,96737
09-06-2012,27.5,84.0,0.0,0.0,0.0,96737
10-06-2012,27.3,84.0,0.0,0.0,0.0,96737
11-06-2012,27.3,84.0,0.0,0.0,0.0,96737
13-06-2012,27.4,82.0,0.0,4.5,1.0,96737
14-06-2012,27.5,79.0,0.0,5.6,0.0,96737
15-06-2012,26.9,80.0,0.0,3.0,0.0,96737
16-06-2012,27.1,78.0,0.0,2.4,0.0,96737
17-06-2012,28.0,76.0,0.0,5.0,1.0,96737
18-06-2012,27.7,74.0,0.0,8.0,2.0,96737
19-06-2012,27.6,77.0,0.0,5.3,2.0,96737
20-06-2012,27.6,78.0,0.0,5.6,2.0,96737
21-06-2012,27.3,83.0,0.0,4.2,1.0,96737
22-06-2012,27.9,81.0,2.0,0.0,2.0,96737
23-06-2012,27.6,80.0,0.0,4.3,2.0,96737
24-06-2012,27.0,81.0,0.0,4.2,1.0,96737
25-06-2012,27.3,78.0,0.0,3.0,2.0,96737
26-06-2012,27.5,78.0,0.0,6.0,2.0,96737
27-06-2012,27.5,74.0,0.0,6.0,1.0,96737
28-06-2012,26.9,77.0,0.0,6.0,0.0,96737
29-06-2012,26.5,78.0,0.0,1.5,1.0,96737
30-06-2012,26.6,76.0,0.0,8.0,1.0,96737
01-07-2012,26.0,74.0,0.0,8.0,1.0,96737
02-07-2012,26.0,74.0,0.0,8.0,1.0,96737
03-07-2012,26.7,76.0,0.0,7.8,1.0,96737
04-07-2012,26.4,81.0,0.0,4.0,1.0,96737
05-07-2012,26.0,84.0,15.0,4.2,1.0,96737
06-07-2012,26.9,78.0,0.0,0.0,0.0,96737
07-07-2012,26.3,78.0,0.0,8.0,1.0,96737
08-07-2012,26.5,80.0,0.0,5.3,1.0,96737
09-07-2012,26.7,81.0,0.0,7.3,0.0,96737
10-07-2012,26.7,82.0,0.0,4.2,0.0,96737
11-07-2012,27.2,81.0,0.0,2.2,0.0,96737
12-07-2012,26.6,74.0,0.0,8.0,1.0,96737
13-07-2012,26.9,76.0,0.0,8.0,1.0,96737
14-07-2012,27.3,78.0,0.0,8.0,1.0,96737
15-07-2012,26.9,78.0,0.0,8.0,1.0,96737
16-07-2012,27.1,79.0,0.0,8.0,1.0,96737
17-07-2012,27.2,78.0,0.0,6.5,1.0,96737
18-07-2012,25.9,81.0,0.0,2.5,0.0,96737
19-07-2012,26.0,79.0,0.0,7.3,1.0,96737
20-07-2012,27.4,80.0,1.0,6.8,1.0,96737
21-07-2012,27.1,80.0,0.0,8.0,1.0,96737
22-07-2012,27.2,77.0,0.0,8.0,1.0,96737
23-07-2012,25.8,78.0,0.0,8.0,0.0,96737
24-07-2012,26.3,77.0,0.0,5.1,1.0,96737
25-07-2012,25.8,76.0,0.0,8.0,1.0,96737
26-07-2012,27.2,74.0,0.0,8.0,1.0,96737
27-07-2012,26.2,76.0,0.0,6.5,0.0,96737
28-07-2012,26.7,76.0,0.0,8.0,1.0,96737
29-07-2012,27.2,74.0,0.0,5.1,1.0,96737
30-07-2012,26.9,73.0,0.0,5.2,1.0,96737
31-07-2012,26.3,76.0,0.0,8.0,1.0,96737
01-08-2012,26.0,77.0,0.0,6.0,1.0,96737
02-08-2012,26.6,75.0,0.0,7.5,0.0,96737
03-08-2012,26.1,75.0,0.0,8.0,1.0,96737
04-08-2012,26.7,74.0,0.0,8.0,1.0,96737
05-08-2012,27.1,74.0,0.0,8.0,1.0,96737
06-08-2012,27.0,76.0,0.0,8.0,1.0,96737
07-08-2012,28.2,73.0,0.0,8.0,1.0,96737
08-08-2012,27.3,75.0,0.0,8.0,1.0,96737
09-08-2012,27.3,70.0,0.0,8.0,2.0,96737
10-08-2012,26.4,73.0,0.0,8.0,2.0,96737
11-08-2012,26.0,76.0,0.0,8.0,1.0,96737
12-08-2012,25.6,76.0,0.0,8.0,1.0,96737
13-08-2012,26.8,78.0,0.0,8.0,1.0,96737
14-08-2012,27.5,74.0,0.0,3.4,1.0,96737
16-08-2012,26.3,76.0,0.0,7.5,2.0,96737
17-08-2012,26.3,74.0,0.0,8.0,2.0,96737
18-08-2012,26.1,77.0,0.0,8.0,1.0,96737
19-08-2012,27.3,76.0,0.0,8.0,2.0,96737
20-08-2012,26.5,79.0,0.0,8.0,2.0,96737
21-08-2012,25.9,80.0,0.0,7.1,1.0,96737
22-08-2012,26.9,75.0,0.0,8.0,1.0,96737
23-08-2012,27.6,72.0,0.0,8.0,2.0,96737
24-08-2012,26.7,78.0,0.0,7.0,1.0,96737
25-08-2012,26.6,77.0,0.0,7.4,1.0,96737
26-08-2012,27.2,72.0,0.0,8.0,2.0,96737
27-08-2012,26.1,75.0,0.0,0.0,1.0,96737
30-08-2012,26.6,78.0,0.0,8.0,2.0,96737
31-08-2012,26.8,78.0,0.0,6.0,2.0,96737
01-09-2012,25.7,75.0,0.0,8.0,1.0,96737
02-09-2012,25.2,74.0,0.0,8.0,1.0,96737
03-09-2012,25.9,74.0,0.0,7.2,1.0,96737
04-09-2012,26.2,72.0,0.0,5.6,1.0,96737
05-09-2012,27.0,73.0,0.0,5.8,1.0,96737
06-09-2012,25.5,76.0,0.0,7.4,1.0,96737
07-09-2012,23.3,76.0,0.0,8.0,2.0,96737
08-09-2012,26.2,79.0,0.0,8.0,2.0,96737
09-09-2012,28.0,75.0,0.0,8.0,1.0,96737
10-09-2012,27.6,78.0,0.0,4.7,1.0,96737
11-09-2012,27.9,77.0,7.0,5.4,2.0,96737
12-09-2012,27.3,74.0,0.0,8.0,1.0,96737
13-09-2012,27.6,70.0,0.0,6.9,1.0,96737
14-09-2012,27.4,72.0,0.0,4.8,1.0,96737
15-09-2012,27.8,74.0,0.0,6.8,1.0,96737
16-09-2012,27.9,74.0,0.0,6.6,2.0,96737
17-09-2012,27.4,77.0,0.0,0.6,1.0,96737
18-09-2012,28.2,74.0,0.0,0.0,1.0,96737
19-09-2012,27.6,74.0,0.0,0.0,1.0,96737
21-09-2012,27.2,74.0,0.0,3.4,1.0,96737
22-09-2012,26.9,71.0,0.0,8.0,1.0,96737
23-09-2012,27.8,72.0,0.0,5.9,1.0,96737
24-09-2012,26.3,70.0,0.0,5.3,2.0,96737
25-09-2012,26.9,68.0,0.0,6.2,1.0,96737
26-09-2012,27.0,73.0,0.0,5.6,1.0,96737
27-09-2012,26.9,71.0,0.0,8.0,2.0,96737
28-09-2012,27.0,68.0,0.0,5.8,2.0,96737
29-09-2012,27.4,72.0,0.0,6.2,1.0,96737
01-10-2012,27.8,76.0,0.0,8.0,2.0,96737
02-10-2012,28.3,75.0,0.0,2.0,1.0,96737
03-10-2012,29.3,71.0,0.0,3.1,1.0,96737
04-10-2012,27.0,80.0,0.0,4.5,2.0,96737
05-10-2012,26.6,83.0,5.0,3.5,1.0,96737
06-10-2012,27.2,72.0,0.0,3.2,2.0,96737
07-10-2012,27.0,78.0,3.0,5.5,1.0,96737
08-10-2012,27.7,73.0,0.0,3.4,1.0,96737
09-10-2012,28.4,73.0,0.0,7.8,2.0,96737
10-10-2012,29.3,72.0,0.0,8.0,2.0,96737
11-10-2012,29.0,73.0,0.0,8.0,1.0,96737
12-10-2012,28.4,71.0,0.0,6.5,1.0,96737
13-10-2012,28.6,68.0,0.0,3.8,2.0,96737
14-10-2012,28.5,72.0,0.0,7.6,1.0,96737
15-10-2012,27.9,78.0,2.0,4.1,1.0,96737
16-10-2012,28.9,72.0,0.0,7.0,1.0,96737
17-10-2012,27.4,83.0,12.4,2.0,2.0,96737
18-10-2012,27.4,78.0,0.0,3.5,2.0,96737
19-10-2012,24.9,92.0,4.0,0.5,1.0,96737
20-10-2012,26.2,85.0,22.0,0.0,0.0,96737
21-10-2012,27.6,79.0,2.0,7.0,2.0,96737
23-10-2012,29.2,70.0,0.0,8.0,1.0,96737
24-10-2012,28.4,73.0,0.0,7.0,1.0,96737
25-10-2012,28.4,72.0,0.0,8.0,1.0,96737
26-10-2012,28.6,73.0,0.0,8.0,2.0,96737
27-10-2012,25.4,93.0,0.0,0.0,0.0,96737
28-10-2012,27.9,80.0,46.0,4.7,1.0,96737
29-10-2012,28.0,81.0,0.0,8.0,1.0,96737
30-10-2012,26.6,86.0,0.0,2.0,0.0,96737
31-10-2012,27.5,80.0,30.0,7.0,1.0,96737
01-11-2012,27.6,81.0,0.0,8.0,1.0,96737
02-11-2012,28.0,77.0,0.0,5.9,1.0,96737
05-11-2012,27.0,82.0,1.0,1.2,0.0,96737
06-11-2012,27.2,79.0,0.0,2.5,0.0,96737
08-11-2012,28.0,80.0,3.0,4.0,0.0,96737
09-11-2012,27.3,81.0,0.0,7.6,1.0,96737
10-11-2012,28.2,79.0,0.0,4.8,1.0,96737
11-11-2012,26.8,83.0,0.0,5.5,1.0,96737
12-11-2012,27.4,80.0,1.0,0.0,0.0,96737
13-11-2012,26.9,84.0,1.0,0.2,0.0,96737
14-11-2012,26.8,85.0,1.0,2.8,1.0,96737
15-11-2012,27.8,79.0,4.0,8.0,1.0,96737
16-11-2012,28.0,78.0,0.0,5.0,1.0,96737
17-11-2012,28.1,78.0,0.0,6.2,2.0,96737
18-11-2012,25.6,92.0,1.0,0.0,0.0,96737
19-11-2012,26.9,82.0,10.0,1.5,1.0,96737
20-11-2012,27.4,79.0,1.0,2.0,0.0,96737
22-11-2012,27.2,81.0,0.0,1.2,1.0,96737
23-11-2012,26.7,84.0,0.0,4.5,1.0,96737
25-11-2012,26.7,88.0,1.0,1.1,1.0,96737
26-11-2012,26.9,86.0,2.0,1.5,1.0,96737
27-11-2012,27.6,82.0,2.8,8.0,2.0,96737
28-11-2012,27.4,82.0,0.0,6.0,1.0,96737
29-11-2012,27.4,84.0,0.0,5.9,0.0,96737
30-11-2012,27.4,88.0,22.0,4.0,1.0,96737
01-12-2012,27.4,82.0,3.3,5.5,1.0,96737
02-12-2012,28.3,90.0,0.0,6.5,1.0,96737
03-12-2012,27.1,80.0,6.9,0.0,2.0,96737
04-12-2012,26.7,82.0,1.0,0.0,2.0,96737
05-12-2012,27.4,77.0,7.2,6.6,1.0,96737
07-12-2012,27.1,84.0,0.0,0.0,1.0,96737
08-12-2012,26.5,87.0,0.6,2.5,1.0,96737
09-12-2012,27.3,83.0,25.8,5.0,1.0,96737
10-12-2012,27.3,86.0,0.0,6.0,1.0,96737
11-12-2012,27.0,85.0,2.9,0.5,1.0,96737
12-12-2012,27.0,81.0,3.0,1.2,0.0,96737
13-12-2012,27.4,82.0,0.3,3.5,0.0,96737
14-12-2012,26.9,85.0,0.7,1.5,0.0,96737
16-12-2012,26.1,88.0,0.0,3.5,1.0,96737
17-12-2012,26.3,86.0,4.3,1.8,1.0,96737
18-12-2012,27.2,83.0,4.0,2.8,2.0,96737
19-12-2012,27.8,79.0,0.0,5.4,1.0,96737
20-12-2012,28.0,75.0,0.0,4.5,0.0,96737
21-12-2012,26.3,87.0,8.0,2.0,1.0,96737
22-12-2012,26.9,86.0,10.0,3.8,2.0,96737
23-12-2012,26.6,87.0,3.0,1.0,1.0,96737
25-12-2012,27.8,80.0,0.0,2.5,2.0,96737
26-12-2012,27.8,79.0,2.0,6.0,2.0,96737
27-12-2012,29.2,81.0,0.0,7.4,2.0,96737
29-12-2012,27.5,81.0,1.0,4.0,1.0,96737
30-12-2012,27.8,82.0,11.0,8.0,3.0,96737
01-01-2013,27.6,81.0,1.0,4.1,2.0,96737
02-01-2013,27.2,83.0,5.0,2.0,1.0,96737
03-01-2013,28.0,79.0,0.0,8.0,3.0,96737
05-01-2013,27.1,81.0,5.0,2.5,2.0,96737
06-01-2013,25.2,92.0,20.0,0.0,3.0,96737
07-01-2013,27.4,83.0,14.0,0.0,2.0,96737
08-01-2013,25.5,90.0,5.0,0.2,2.0,96737
09-01-2013,25.3,89.0,41.0,0.0,5.0,96737
10-01-2013,25.8,82.0,23.0,4.0,5.0,96737
11-01-2013,27.0,78.0,17.0,0.0,4.0,96737
12-01-2013,27.1,83.0,1.0,2.8,2.0,96737
13-01-2013,26.0,88.0,55.0,0.0,1.0,96737
14-01-2013,26.9,86.0,14.0,0.0,2.0,96737
15-01-2013,25.6,91.0,64.0,0.1,1.0,96737
16-01-2013,26.2,90.0,35.0,0.0,1.0,96737
17-01-2013,26.8,88.0,20.0,0.0,0.0,96737
20-01-2013,27.2,84.0,5.0,0.5,1.0,96737
21-01-2013,28.1,82.0,1.0,5.0,1.0,96737
23-01-2013,26.0,87.0,12.0,6.0,2.0,96737
24-01-2013,26.9,87.0,40.0,1.8,1.0,96737
25-01-2013,25.9,89.0,7.0,0.0,0.0,96737
26-01-2013,25.8,91.0,36.0,1.2,0.0,96737
27-01-2013,27.0,82.0,1.0,4.8,2.0,96737
29-01-2013,26.1,88.0,0.0,2.6,0.0,96737
30-01-2013,26.7,84.0,2.0,7.5,1.0,96737
31-01-2013,27.6,82.0,0.0,4.2,0.0,96737
01-02-2013,26.8,84.0,0.0,5.5,1.0,96737
02-02-2013,25.5,89.0,34.8,0.5,1.0,96737
03-02-2013,26.4,87.0,2.5,4.2,0.0,96737
04-02-2013,26.1,86.0,19.0,8.0,1.0,96737
05-02-2013,26.6,88.0,17.5,3.2,1.0,96737
06-02-2013,27.2,84.0,1.0,4.0,2.0,96737
07-02-2013,27.3,83.0,4.8,6.5,1.0,96737
08-02-2013,27.8,82.0,0.0,8.0,1.0,96737
09-02-2013,27.4,82.0,0.0,5.0,0.0,96737
10-02-2013,26.3,88.0,2.0,3.2,0.0,96737
11-02-2013,26.7,84.0,0.3,5.1,1.0,96737
12-02-2013,27.2,82.0,0.0,5.1,1.0,96737
13-02-2013,27.0,82.0,0.0,8.0,1.0,96737
14-02-2013,26.0,88.0,0.0,0.0,0.0,96737
15-02-2013,26.0,85.0,1.0,4.1,1.0,96737
16-02-2013,27.0,84.0,8.1,1.3,1.0,96737
17-02-2013,26.2,86.0,32.6,1.0,1.0,96737
18-02-2013,26.9,79.0,19.7,0.0,2.0,96737
19-02-2013,26.0,86.0,31.3,2.5,1.0,96737
20-02-2013,27.7,81.0,0.8,3.5,0.0,96737
21-02-2013,27.9,77.0,7.0,6.1,1.0,96737
22-02-2013,27.5,80.0,7.5,6.8,3.0,96737
23-02-2013,27.7,84.0,6.1,3.0,1.0,96737
24-02-2013,28.1,77.0,16.0,5.6,2.0,96737
25-02-2013,28.0,81.0,0.0,8.0,1.0,96737
26-02-2013,28.0,82.0,0.0,6.0,2.0,96737
27-02-2013,28.7,75.0,0.0,5.1,4.0,96737
28-02-2013,29.3,72.0,0.0,2.5,3.0,96737
01-03-2013,29.3,69.0,0.0,6.6,3.0,96737
02-03-2013,28.0,80.0,0.0,5.6,2.0,96737
03-03-2013,28.0,84.0,0.0,4.8,1.0,96737
04-03-2013,26.0,92.0,75.0,2.0,2.0,96737
05-03-2013,26.5,86.0,101.0,0.0,1.0,96737
07-03-2013,27.2,79.0,0.0,7.7,1.0,96737
08-03-2013,27.4,82.0,0.0,4.3,2.0,96737
09-03-2013,27.5,81.0,1.0,3.5,2.0,96737
10-03-2013,26.6,82.0,3.0,2.4,2.0,96737
11-03-2013,28.2,78.0,0.0,4.5,1.0,96737
12-03-2013,27.2,82.0,0.0,3.6,1.0,96737
13-03-2013,28.1,75.0,0.0,6.4,1.0,96737
14-03-2013,27.6,80.0,0.0,4.2,1.0,96737
15-03-2013,25.4,89.0,0.0,4.5,0.0,96737
16-03-2013,25.3,92.0,22.0,3.5,0.0,96737
17-03-2013,28.0,76.0,18.0,8.0,2.0,96737
18-03-2013,27.7,76.0,0.0,8.0,2.0,96737
19-03-2013,27.0,86.0,1.0,3.9,1.0,96737
20-03-2013,27.6,82.0,4.0,8.0,1.0,96737
21-03-2013,27.4,82.0,0.0,7.5,1.0,96737
22-03-2013,26.9,88.0,0.0,1.7,1.0,96737
23-03-2013,28.0,80.0,1.0,8.0,2.0,96737
24-03-2013,28.0,79.0,0.0,8.0,2.0,96737
26-03-2013,27.7,81.0,0.0,8.0,0.0,96737
27-03-2013,26.9,85.0,0.0,4.1,0.0,96737
29-03-2013,28.4,73.0,2.0,7.3,2.0,96737
31-03-2013,28.8,80.0,1.0,8.0,1.0,96737
01-04-2013,28.2,80.0,0.0,7.0,1.0,96737
03-04-2013,26.8,91.0,0.0,4.0,1.0,96737
04-04-2013,27.2,86.0,14.2,3.8,2.0,96737
05-04-2013,27.2,86.0,6.8,1.3,2.0,96737
06-04-2013,25.7,93.0,0.0,0.0,0.0,96737
07-04-2013,26.0,90.0,35.6,0.0,0.0,96737
08-04-2013,27.1,88.0,0.3,5.1,1.0,96737
09-04-2013,27.2,86.0,9.6,3.4,0.0,96737
10-04-2013,26.9,86.0,1.1,2.0,0.0,96737
11-04-2013,27.3,84.0,8.8,2.6,1.0,96737
13-04-2013,27.0,84.0,4.0,5.5,3.0,96737
16-04-2013,28.6,81.0,0.0,8.0,2.0,96737
17-04-2013,27.7,85.0,0.0,4.1,2.0,96737
18-04-2013,27.6,82.0,0.0,2.0,2.0,96737
19-04-2013,27.0,82.0,0.3,6.5,1.0,96737
21-04-2013,27.7,87.0,0.0,4.2,1.0,96737
22-04-2013,25.7,93.0,12.8,0.0,0.0,96737
23-04-2013,27.2,84.0,1.8,8.0,1.0,96737
24-04-2013,27.2,88.0,0.0,4.6,1.0,96737
26-04-2013,27.4,86.0,8.9,4.0,0.0,96737
27-04-2013,27.3,86.0,0.0,3.2,1.0,96737
29-04-2013,28.2,80.0,0.0,7.4,1.0,96737
30-04-2013,28.6,79.0,0.0,8.0,1.0,96737
01-05-2013,26.9,85.0,0.0,4.0,1.0,96737
02-05-2013,27.1,82.0,85.0,8.0,1.0,96737
03-05-2013,28.5,78.0,0.0,8.0,1.0,96737
04-05-2013,28.9,78.0,0.0,8.0,2.0,96737
05-05-2013,28.0,82.0,0.0,7.2,0.0,96737
06-05-2013,28.2,81.0,0.0,8.0,1.0,96737
07-05-2013,28.0,83.0,0.0,8.0,1.0,96737
08-05-2013,27.8,83.0,1.0,2.8,1.0,96737
10-05-2013,27.7,84.0,31.0,7.6,0.0,96737
11-05-2013,27.6,84.0,1.0,7.6,0.0,96737
12-05-2013,26.5,90.0,44.0,1.7,0.0,96737
14-05-2013,26.7,85.0,2.0,4.0,1.0,96737
15-05-2013,26.2,90.0,2.0,0.2,2.0,96737
16-05-2013,27.8,82.0,2.0,8.0,2.0,96737
17-05-2013,27.9,80.0,0.0,7.2,1.0,96737
18-05-2013,27.7,81.0,0.0,3.5,0.0,96737
19-05-2013,25.9,92.0,0.0,5.0,1.0,96737
20-05-2013,27.8,86.0,11.0,3.8,0.0,96737
21-05-2013,27.1,87.0,36.0,0.0,0.0,96737
22-05-2013,27.4,87.0,2.0,3.6,1.0,96737
24-05-2013,27.8,76.0,0.0,8.0,1.0,96737
25-05-2013,27.6,89.0,0.0,5.8,0.0,96737
26-05-2013,26.9,84.0,7.0,0.0,1.0,96737
27-05-2013,26.3,88.0,3.0,0.8,0.0,96737
28-05-2013,26.8,86.0,10.0,5.6,0.0,96737
29-05-2013,27.5,85.0,2.0,8.0,1.0,96737
30-05-2013,27.1,84.0,19.0,8.5,1.0,96737
31-05-2013,26.5,87.0,3.0,0.0,1.0,96737
01-06-2013,27.4,80.0,9.0,8.0,1.0,96737
02-06-2013,27.4,82.0,0.0,8.0,1.0,96737
04-06-2013,28.0,76.0,3.0,7.8,2.0,96737
05-06-2013,26.9,82.0,0.0,5.4,2.0,96737
06-06-2013,27.6,80.0,0.0,0.0,1.0,96737
07-06-2013,27.2,78.0,0.0,5.6,0.0,96737
08-06-2013,28.0,78.0,0.0,6.8,1.0,96737
10-06-2013,27.8,80.0,0.0,6.1,1.0,96737
11-06-2013,25.6,88.0,0.0,0.0,3.0,96737
12-06-2013,26.7,84.0,14.0,0.0,1.0,96737
14-06-2013,26.8,83.0,11.0,0.0,0.0,96737
15-06-2013,27.9,85.0,3.0,3.0,0.0,96737
16-06-2013,27.9,83.0,0.0,3.2,0.0,96737
17-06-2013,25.2,94.0,2.0,0.0,0.0,96737
18-06-2013,27.9,83.0,11.0,5.0,1.0,96737
19-06-2013,27.0,83.0,0.0,1.8,1.0,96737
20-06-2013,27.7,80.0,0.0,4.1,0.0,96737
21-06-2013,27.0,84.0,0.0,0.0,1.0,96737
22-06-2013,27.1,84.0,0.0,4.4,1.0,96737
23-06-2013,27.7,82.0,0.0,3.8,1.0,96737
24-06-2013,27.4,81.0,0.0,3.0,0.0,96737
25-06-2013,27.5,82.0,0.0,6.5,0.0,96737
26-06-2013,26.8,84.0,0.0,1.6,1.0,96737
27-06-2013,25.8,86.0,5.0,2.5,2.0,96737
28-06-2013,26.3,86.0,1.0,1.4,0.0,96737
30-06-2013,26.8,86.0,1.0,4.2,0.0,96737
01-07-2013,27.0,84.0,4.0,4.6,1.0,96737
02-07-2013,26.3,87.0,0.2,3.2,0.0,96737
03-07-2013,25.3,92.0,10.7,0.0,0.0,96737
05-07-2013,24.2,93.0,33.0,0.0,0.0,96737
06-07-2013,26.2,86.0,25.0,7.0,1.0,96737
07-07-2013,26.2,84.0,0.0,6.5,0.0,96737
08-07-2013,26.2,82.0,0.0,8.0,0.0,96737
09-07-2013,25.7,89.0,5.0,5.8,1.0,96737
10-07-2013,26.3,87.0,36.0,0.8,0.0,96737
11-07-2013,26.1,84.0,0.0,8.0,0.0,96737
12-07-2013,26.7,83.0,1.0,7.4,1.0,96737
14-07-2013,25.4,86.0,64.0,0.0,1.0,96737
16-07-2013,26.0,85.0,36.0,2.8,0.0,96737
17-07-2013,25.9,86.0,2.0,4.0,1.0,96737
18-07-2013,26.5,89.0,0.0,2.2,1.0,96737
19-07-2013,27.0,82.0,4.0,5.8,0.0,96737
20-07-2013,26.7,87.0,2.0,0.6,0.0,96737
21-07-2013,26.1,88.0,1.0,2.2,0.0,96737
22-07-2013,25.4,89.0,1.0,1.7,1.0,96737
23-07-2013,26.5,87.0,0.0,6.2,2.0,96737
24-07-2013,26.5,88.0,4.0,2.0,0.0,96737
26-07-2013,26.4,87.0,11.0,4.1,1.0,96737
27-07-2013,27.4,82.0,1.0,8.0,1.0,96737
28-07-2013,27.4,84.0,0.0,5.2,1.0,96737
30-07-2013,26.0,88.0,2.0,4.8,0.0,96737
31-07-2013,26.2,86.0,0.7,1.2,0.0,96737
01-08-2013,26.3,82.0,0.0,7.6,1.0,96737
02-08-2013,26.9,80.0,1.0,6.0,1.0,96737
03-08-2013,26.4,82.0,0.0,7.8,0.0,96737
04-08-2013,26.9,82.0,1.1,6.8,1.0,96737
05-08-2013,27.0,82.0,0.7,3.2,1.0,96737
06-08-2013,27.1,83.0,0.0,5.0,1.0,96737
07-08-2013,27.0,90.0,0.0,2.0,1.0,96737
08-08-2013,27.9,78.0,33.0,8.0,2.0,96737
09-08-2013,26.2,85.0,0.0,8.0,1.0,96737
10-08-2013,26.8,82.0,0.0,6.5,1.0,96737
11-08-2013,26.0,83.0,6.0,8.0,1.0,96737
12-08-2013,27.4,78.0,0.0,8.0,1.0,96737
13-08-2013,26.7,76.0,0.0,8.0,1.0,96737
14-08-2013,25.9,74.0,0.0,8.0,1.0,96737
15-08-2013,26.0,82.0,0.0,5.8,2.0,96737
16-08-2013,26.8,82.0,0.0,8.0,2.0,96737
17-08-2013,27.8,80.0,0.0,8.0,2.0,96737
18-08-2013,26.4,86.0,0.0,5.6,0.0,96737
19-08-2013,26.5,80.0,46.0,7.6,0.0,96737
20-08-2013,27.0,78.0,34.0,4.6,0.0,96737
21-08-2013,27.1,78.0,0.0,8.0,1.0,96737
22-08-2013,26.9,81.0,0.0,8.0,1.0,96737
23-08-2013,27.0,80.0,0.0,8.0,1.0,96737
24-08-2013,26.6,77.0,0.0,8.0,1.0,96737
25-08-2013,26.0,78.0,0.0,8.0,0.0,96737
26-08-2013,26.3,78.0,0.0,8.0,1.0,96737
27-08-2013,26.6,78.0,0.0,8.0,1.0,96737
28-08-2013,26.9,79.0,0.0,8.0,0.0,96737
29-08-2013,27.5,79.0,0.0,8.0,1.0,96737
30-08-2013,26.9,81.0,0.0,8.0,1.0,96737
31-08-2013,27.5,80.0,0.0,8.0,2.0,96737
01-09-2013,27.7,80.0,0.0,8.0,2.0,96737
02-09-2013,27.8,78.0,0.0,7.4,1.0,96737
04-09-2013,26.7,84.0,9.0,2.1,0.0,96737
05-09-2013,26.9,84.0,6.0,6.2,1.0,96737
06-09-2013,27.0,81.0,1.0,1.4,1.0,96737
08-09-2013,26.9,80.0,0.0,7.4,1.0,96737
10-09-2013,26.9,82.0,0.0,5.3,0.0,96737
11-09-2013,26.7,79.0,1.0,7.6,1.0,96737
12-09-2013,27.8,77.0,0.0,8.0,2.0,96737
13-09-2013,27.6,77.0,0.0,8.0,1.0,96737
14-09-2013,27.3,82.0,0.0,3.4,1.0,96737
16-09-2013,27.4,80.0,1.0,1.6,1.0,96737
17-09-2013,26.8,83.0,1.0,2.5,1.0,96737
19-09-2013,27.0,80.0,9.0,4.4,1.0,96737
20-09-2013,27.1,82.0,0.0,5.0,0.0,96737
21-09-2013,27.5,78.0,0.0,6.6,1.0,96737
22-09-2013,28.3,76.0,0.0,4.8,0.0,96737
23-09-2013,27.8,77.0,0.0,8.0,1.0,96737
24-09-2013,25.4,76.0,0.0,7.6,1.0,96737
25-09-2013,27.5,77.0,0.0,8.0,1.0,96737
26-09-2013,27.9,77.0,0.0,7.4,1.0,96737
27-09-2013,27.9,77.0,0.0,7.2,1.0,96737
28-09-2013,27.4,76.0,0.0,7.4,1.0,96737
29-09-2013,25.8,83.0,0.0,3.0,0.0,96737
30-09-2013,27.3,76.0,7.0,2.4,1.0,96737
27-11-2013,27.7,76.0,6.0,0.6,1.0,96737
11-12-2013,26.6,87.0,0.0,5.8,2.0,96737
21-12-2013,26.8,80.0,5.0,0.0,2.0,96737
22-12-2013,24.6,90.0,30.5,2.1,2.0,96737
23-12-2013,26.6,81.0,130.0,0.0,1.0,96737
24-12-2013,25.2,86.0,5.4,3.2,1.0,96737
26-12-2013,28.0,79.0,0.0,4.5,1.0,96737
27-12-2013,27.1,81.0,0.0,8.7,0.0,96737
28-12-2013,27.0,81.0,0.0,5.5,2.0,96737
31-12-2013,25.5,89.0,60.5,0.0,1.0,96737
01-01-2014,25.8,91.0,31.3,0.0,1.0,96737
02-01-2014,26.4,86.0,0.0,0.0,0.0,96737
03-01-2014,27.4,82.0,0.0,4.7,1.0,96737
04-01-2014,27.3,83.0,0.0,6.0,2.0,96737
05-01-2014,26.0,84.0,17.0,0.6,2.0,96737
06-01-2014,26.7,84.0,13.0,0.5,2.0,96737
07-01-2014,27.0,82.0,10.5,5.4,1.0,96737
08-01-2014,24.4,95.0,39.5,6.5,1.0,96737
09-01-2014,27.3,79.0,5.5,0.0,2.0,96737
10-01-2014,27.7,78.0,0.0,6.6,1.0,96737
12-01-2014,27.2,82.0,26.7,2.0,1.0,96737
13-01-2014,25.4,90.0,20.0,0.5,0.0,96737
14-01-2014,27.0,82.0,22.1,0.0,1.0,96737
15-01-2014,26.1,85.0,41.8,5.3,1.0,96737
16-01-2014,26.1,85.0,13.7,1.5,1.0,96737
17-01-2014,25.7,90.0,19.4,0.0,1.0,96737
18-01-2014,26.0,84.0,4.5,0.0,2.0,96737
19-01-2014,26.5,81.0,7.3,0.0,1.0,96737
20-01-2014,26.3,81.0,1.2,1.0,1.0,96737
21-01-2014,23.9,95.0,44.0,1.4,1.0,96737
22-01-2014,25.8,85.0,26.8,0.0,2.0,96737
24-01-2014,25.7,87.0,2.1,0.1,1.0,96737
25-01-2014,25.4,88.0,15.8,0.0,1.0,96737
27-01-2014,26.1,85.0,0.0,6.2,1.0,96737
28-01-2014,26.3,87.0,12.5,0.6,1.0,96737
29-01-2014,26.0,87.0,1.0,0.3,1.0,96737
30-01-2014,26.5,84.0,0.4,0.3,1.0,96737
01-02-2014,27.2,79.0,0.0,2.0,2.0,96737
02-02-2014,26.3,83.0,9.0,7.0,2.0,96737
03-02-2014,25.4,90.0,7.0,2.6,0.0,96737
04-02-2014,26.3,86.0,9.6,0.2,1.0,96737
06-02-2014,26.3,89.0,10.3,0.2,1.0,96737
07-02-2014,26.6,86.0,1.2,2.2,1.0,96737
09-02-2014,25.6,89.0,37.5,0.0,1.0,96737
10-02-2014,26.8,88.0,3.5,3.1,1.0,96737
11-02-2014,26.5,88.0,8.0,6.8,0.0,96737
12-02-2014,27.0,88.0,0.0,6.9,2.0,96737
14-02-2014,26.3,88.0,6.3,7.7,1.0,96737
15-02-2014,25.1,93.0,29.0,6.1,1.0,96737
16-02-2014,26.7,86.0,1.1,1.8,1.0,96737
17-02-2014,26.3,90.0,0.0,4.6,2.0,96737
18-02-2014,26.7,90.0,5.3,5.7,1.0,96737
22-02-2014,25.8,90.0,18.5,7.0,1.0,96737
23-02-2014,25.8,86.0,3.0,0.0,1.0,96737
24-02-2014,26.4,85.0,3.0,7.5,2.0,96737
25-02-2014,26.2,88.0,10.5,2.4,2.0,96737
26-02-2014,26.3,87.0,27.2,3.2,1.0,96737
27-02-2014,26.5,86.0,11.1,0.8,1.0,96737
01-03-2014,25.9,90.0,0.3,1.5,1.0,96737
02-03-2014,27.2,85.0,2.1,5.0,1.0,96737
03-03-2014,26.9,84.0,0.0,5.0,1.0,96737
06-03-2014,26.9,84.0,6.0,3.3,1.0,96737
07-03-2014,27.1,86.0,1.6,4.8,0.0,96737
09-03-2014,27.0,86.0,0.0,0.0,1.0,96737
11-03-2014,26.1,88.0,8.6,0.0,1.0,96737
12-03-2014,26.6,90.0,48.1,0.5,0.0,96737
13-03-2014,26.3,90.0,1.5,2.0,1.0,96737
15-03-2014,26.7,86.0,6.1,2.7,1.0,96737
17-03-2014,26.9,88.0,0.0,7.1,1.0,96737
19-03-2014,27.5,83.0,0.0,6.1,1.0,96737
21-03-2014,27.3,84.0,0.3,4.0,1.0,96737
22-03-2014,27.5,81.0,0.2,3.8,1.0,96737
23-03-2014,27.0,85.0,4.1,5.2,1.0,96737
24-03-2014,27.1,86.0,0.1,4.6,1.0,96737
26-03-2014,26.6,87.0,14.6,0.0,1.0,96737
27-03-2014,27.2,83.0,0.0,2.3,1.0,96737
28-03-2014,27.5,83.0,0.0,7.0,1.0,96737
02-04-2014,28.0,82.0,0.0,9.0,1.0,96737
03-04-2014,28.4,77.0,0.0,8.5,1.0,96737
07-04-2014,27.5,82.0,5.3,6.2,2.0,96737
08-04-2014,27.7,84.0,11.3,2.1,2.0,96737
12-04-2014,26.5,88.0,2.7,3.8,1.0,96737
14-04-2014,28.0,81.0,1.8,4.2,1.0,96737
17-04-2014,28.6,77.0,0.0,6.4,1.0,96737
22-04-2014,28.3,76.0,0.0,4.1,1.0,96737
23-04-2014,28.4,76.0,0.0,9.1,2.0,96737
25-04-2014,29.6,72.0,0.0,10.3,3.0,96737
28-04-2014,28.0,83.0,12.8,3.0,1.0,96737
30-04-2014,28.0,83.0,2.0,4.7,2.0,96737
01-05-2014,27.8,81.0,0.4,9.4,1.0,96737
02-05-2014,28.5,81.0,0.0,8.6,1.0,96737
03-05-2014,28.3,80.0,0.1,8.8,2.0,96737
08-05-2014,28.4,80.0,0.0,8.1,1.0,96737
12-05-2014,28.0,82.0,4.1,4.0,2.0,96737
13-05-2014,28.9,81.0,11.4,4.3,1.0,96737
14-05-2014,27.6,83.0,4.5,6.7,1.0,96737
17-05-2014,26.8,87.0,4.8,6.0,1.0,96737
18-05-2014,27.6,84.0,1.0,3.8,1.0,96737
19-05-2014,27.7,81.0,1.0,7.3,1.0,96737
20-05-2014,28.1,80.0,0.7,5.0,2.0,96737
22-05-2014,27.3,83.0,0.0,8.5,1.0,96737
23-05-2014,27.7,81.0,4.1,9.0,1.0,96737
26-05-2014,26.3,92.0,9.0,4.8,1.0,96737
27-05-2014,29.1,81.0,48.6,2.9,1.0,96737
28-05-2014,27.8,86.0,20.9,6.6,1.0,96737
31-05-2014,27.0,89.0,0.3,6.2,1.0,96737
06-06-2014,27.7,84.0,3.9,0.0,1.0,96737
11-06-2014,28.3,82.0,1.5,4.6,0.0,96737
15-06-2014,25.8,93.0,0.4,0.0,0.0,96737
16-06-2014,27.4,84.0,6.5,0.0,1.0,96737
21-06-2014,26.5,88.0,0.0,9.5,1.0,96737
26-06-2014,25.7,88.0,22.0,2.8,0.0,96737
30-06-2014,27.3,83.0,1.0,3.5,0.0,96737
05-07-2014,26.4,91.0,45.3,8.1,1.0,96737
06-07-2014,27.1,87.0,4.0,1.2,1.0,96737
07-07-2014,27.1,83.0,0.0,3.2,1.0,96737
08-07-2014,27.1,82.0,15.8,5.8,0.0,96737
10-07-2014,27.3,85.0,30.3,1.1,1.0,96737
12-07-2014,27.1,87.0,0.0,1.4,1.0,96737
13-07-2014,24.7,93.0,8.0,3.6,0.0,96737
14-07-2014,27.8,71.0,61.0,0.0,2.0,96737
16-07-2014,26.8,86.0,8.0,7.0,0.0,96737
17-07-2014,27.2,81.0,32.0,5.9,1.0,96737
20-07-2014,27.1,86.0,9.8,5.1,1.0,96737
22-07-2014,27.5,78.0,13.1,2.3,1.0,96737
27-07-2014,26.9,87.0,0.1,5.4,1.0,96737
28-07-2014,27.4,82.0,3.8,5.0,1.0,96737
01-08-2014,26.9,81.0,0.0,6.5,1.0,96737
10-08-2014,26.8,82.0,0.0,8.5,1.0,96737
13-08-2014,27.4,78.0,9.2,8.7,2.0,96737
15-08-2014,26.4,82.0,0.4,7.0,1.0,96737
20-08-2014,27.0,77.0,0.0,9.5,1.0,96737
25-08-2014,26.8,81.0,0.0,7.8,1.0,96737
30-08-2014,27.4,77.0,0.0,4.7,1.0,96737
31-08-2014,27.3,82.0,0.0,9.5,2.0,96737
04-09-2014,28.2,78.0,0.0,8.2,1.0,96737
05-09-2014,26.6,77.0,5.4,6.8,1.0,96737
10-09-2014,27.4,76.0,0.0,8.8,1.0,96737
15-09-2014,26.5,74.0,0.0,7.5,1.0,96737
19-09-2014,28.3,77.0,0.0,10.0,2.0,96737
20-09-2014,27.2,80.0,0.0,9.6,1.0,96737
21-09-2014,27.4,80.0,16.4,6.2,1.0,96737
24-09-2014,27.9,72.0,0.0,9.7,1.0,96737
25-09-2014,27.3,73.0,0.0,10.2,1.0,96737
29-09-2014,27.7,76.0,0.0,5.3,1.0,96737
30-09-2014,27.6,74.0,0.0,7.2,1.0,96737
01-10-2014,28.0,76.0,0.0,9.5,1.0,96737
03-10-2014,27.8,79.0,0.0,8.2,1.0,96737
05-10-2014,27.6,75.0,0.0,5.6,1.0,96737
06-10-2014,27.6,73.0,0.0,6.7,1.0,96737
08-10-2014,28.6,73.0,0.0,6.9,1.0,96737
09-10-2014,28.7,68.0,0.0,2.1,1.0,96737
10-10-2014,28.4,67.0,0.0,8.6,1.0,96737
11-10-2014,28.4,63.0,0.0,10.4,1.0,96737
14-10-2014,28.5,76.0,0.0,9.5,2.0,96737
15-10-2014,28.8,75.0,0.0,9.2,1.0,96737
16-10-2014,28.8,76.0,0.0,8.8,1.0,96737
18-10-2014,28.3,73.0,0.0,4.9,1.0,96737
19-10-2014,28.4,73.0,0.0,4.6,1.0,96737
20-10-2014,28.3,72.0,0.0,5.9,1.0,96737
21-10-2014,28.9,75.0,0.0,8.7,2.0,96737
23-10-2014,28.2,74.0,0.0,8.3,1.0,96737
24-10-2014,28.4,75.0,0.0,4.9,1.0,96737
25-10-2014,28.8,72.0,0.0,2.4,1.0,96737
26-10-2014,29.1,74.0,0.0,6.3,1.0,96737
28-10-2014,28.3,80.0,0.0,8.5,1.0,96737
29-10-2014,26.9,81.0,0.0,6.2,1.0,96737
30-10-2014,27.2,82.0,0.6,5.4,1.0,96737
02-11-2014,28.7,80.0,0.0,7.3,1.0,96737
03-11-2014,28.9,76.0,7.0,5.9,1.0,96737
07-11-2014,27.3,80.0,0.0,4.0,1.0,96737
09-11-2014,27.6,80.0,0.0,5.0,1.0,96737
12-11-2014,27.4,82.0,36.7,0.8,1.0,96737
13-11-2014,27.3,79.0,0.0,0.8,1.0,96737
17-11-2014,27.4,85.0,1.0,5.4,1.0,96737
26-11-2014,28.5,77.0,2.6,3.5,0.0,96737
27-11-2014,27.1,83.0,0.0,6.2,0.0,96737
29-11-2014,25.7,91.0,36.0,4.8,1.0,96737
01-12-2014,28.6,71.0,0.4,0.0,2.0,96737
07-12-2014,27.7,81.0,1.0,1.3,2.0,96737
08-12-2014,28.4,75.0,1.0,3.7,1.0,96737
09-12-2014,26.2,89.0,23.6,3.9,1.0,96737
11-12-2014,28.0,82.0,0.0,7.5,1.0,96737
13-12-2014,26.4,89.0,0.5,5.1,1.0,96737
14-12-2014,27.2,81.0,17.8,0.0,2.0,96737
15-12-2014,28.1,82.0,0.2,5.1,1.0,96737
16-12-2014,27.5,81.0,1.3,8.5,2.0,96737
17-12-2014,28.6,77.0,0.0,8.1,2.0,96737
18-12-2014,28.3,79.0,0.0,7.8,1.0,96737
19-12-2014,26.1,92.0,0.0,1.6,0.0,96737
20-12-2014,26.8,87.0,1.7,1.4,1.0,96737
21-12-2014,26.7,86.0,0.0,4.0,0.0,96737
22-12-2014,26.5,89.0,7.3,3.1,1.0,96737
23-12-2014,28.4,83.0,29.5,2.7,1.0,96737
24-12-2014,28.3,82.0,0.0,3.2,1.0,96737
25-12-2014,29.2,80.0,0.7,7.6,1.0,96737
27-12-2014,25.7,90.0,12.6,2.5,0.0,96737
28-12-2014,26.8,86.0,15.9,0.0,1.0,96737
29-12-2014,27.4,81.0,1.8,0.1,1.0,96737
30-12-2014,28.0,75.0,0.9,6.4,2.0,96737
31-12-2014,24.2,95.0,3.0,3.0,1.0,96737
01-01-2015,25.1,91.0,60.8,0.0,1.0,96737
02-01-2015,25.2,92.0,37.4,0.0,1.0,96737
04-01-2015,25.0,91.0,42.4,1.1,2.0,96737
05-01-2015,26.5,82.0,25.8,0.8,2.0,96737
06-01-2015,27.6,79.0,0.2,3.5,1.0,96737
07-01-2015,27.8,78.0,0.0,3.0,2.0,96737
09-01-2015,28.2,77.0,2.4,1.3,3.0,96737
10-01-2015,27.5,80.0,1.5,5.0,2.0,96737
12-01-2015,25.4,93.0,2.8,10.5,0.0,96737
13-01-2015,26.2,90.0,48.3,0.0,1.0,96737
14-01-2015,26.7,83.0,22.9,1.4,1.0,96737
15-01-2015,27.0,81.0,32.0,1.0,1.0,96737
16-01-2015,27.3,83.0,17.0,6.7,1.0,96737
17-01-2015,27.6,83.0,0.5,7.5,2.0,96737
19-01-2015,25.5,91.0,0.0,2.7,0.0,96737
20-01-2015,24.1,95.0,8.0,0.0,0.0,96737
21-01-2015,25.7,88.0,22.2,2.5,1.0,96737
22-01-2015,26.0,90.0,10.7,2.5,1.0,96737
23-01-2015,26.1,87.0,2.3,0.0,1.0,96737
24-01-2015,26.4,85.0,4.7,0.3,1.0,96737
26-01-2015,26.6,86.0,0.8,4.1,1.0,96737
27-01-2015,27.8,81.0,0.0,4.8,1.0,96737
29-01-2015,27.1,83.0,2.0,2.4,2.0,96737
30-01-2015,26.7,86.0,1.5,6.4,1.0,96737
31-01-2015,27.1,83.0,0.6,2.5,1.0,96737
01-02-2015,25.1,92.0,14.6,4.6,1.0,96737
02-02-2015,26.6,85.0,18.2,0.0,1.0,96737
04-02-2015,26.9,83.0,0.0,0.0,1.0,96737
06-02-2015,27.4,84.0,37.1,5.4,1.0,96737
07-02-2015,26.3,87.0,2.7,4.6,1.0,96737
08-02-2015,26.4,88.0,24.0,6.5,1.0,96737
09-02-2015,25.8,92.0,26.0,1.7,0.0,96737
10-02-2015,25.6,89.0,31.2,0.2,1.0,96737
11-02-2015,25.8,90.0,0.5,3.0,0.0,96737
12-02-2015,26.6,83.0,10.0,0.1,1.0,96737
13-02-2015,26.0,88.0,16.2,4.8,0.0,96737
14-02-2015,27.1,85.0,3.0,2.8,1.0,96737
15-02-2015,26.9,88.0,0.0,7.1,1.0,96737
17-02-2015,26.3,87.0,8.5,9.0,1.0,96737
18-02-2015,26.4,88.0,0.6,1.0,2.0,96737
19-02-2015,25.8,90.0,15.5,4.0,0.0,96737
21-02-2015,27.9,80.0,0.0,0.5,1.0,96737
22-02-2015,26.9,71.0,0.0,5.8,1.0,96737
25-02-2015,27.2,83.0,0.0,7.8,1.0,96737
26-02-2015,28.1,80.0,0.0,8.0,0.0,96737
27-02-2015,26.6,87.0,16.8,4.5,0.0,96737
28-02-2015,26.7,87.0,16.5,2.8,1.0,96737
02-03-2015,25.4,92.0,19.5,1.4,0.0,96737
03-03-2015,26.9,82.0,28.4,2.4,1.0,96737
04-03-2015,26.7,79.0,0.5,6.0,1.0,96737
06-03-2015,26.9,78.0,1.0,7.0,1.0,96737
07-03-2015,26.6,84.0,5.9,4.1,1.0,96737
08-03-2015,26.2,85.0,4.3,2.5,0.0,96737
09-03-2015,27.3,81.0,0.3,0.5,1.0,96737
10-03-2015,26.7,83.0,34.3,0.4,1.0,96737
11-03-2015,25.6,89.0,12.8,8.0,1.0,96737
12-03-2015,26.9,84.0,15.5,3.1,1.0,96737
13-03-2015,27.5,85.0,5.5,3.5,1.0,96737
14-03-2015,26.7,86.0,0.1,5.0,1.0,96737
16-03-2015,27.4,82.0,2.3,1.5,1.0,96737
17-03-2015,27.9,78.0,0.0,6.1,1.0,96737
18-03-2015,27.7,78.0,0.0,10.4,1.0,96737
21-03-2015,26.6,89.0,0.5,7.0,1.0,96737
22-03-2015,26.5,87.0,6.7,2.7,1.0,96737
23-03-2015,27.1,82.0,35.2,6.5,0.0,96737
24-03-2015,26.7,89.0,0.0,4.0,0.0,96737
27-03-2015,27.6,81.0,5.1,3.2,1.0,96737
28-03-2015,28.1,82.0,0.2,8.2,1.0,96737
31-03-2015,28.8,77.0,0.0,9.5,1.0,96737
01-04-2015,28.8,81.0,0.0,9.5,1.0,96737
02-04-2015,27.7,82.0,0.0,4.5,1.0,96737
03-04-2015,27.0,80.0,3.0,1.3,0.0,96737
05-04-2015,27.9,81.0,5.0,4.0,1.0,96737
06-04-2015,27.9,81.0,0.0,8.3,1.0,96737
07-04-2015,27.3,85.0,0.0,9.5,1.0,96737
08-04-2015,27.4,85.0,0.2,2.2,1.0,96737
12-04-2015,27.5,81.0,0.1,7.0,1.0,96737
15-04-2015,26.9,85.0,7.8,2.0,1.0,96737
16-04-2015,27.8,81.0,0.0,5.2,1.0,96737
17-04-2015,26.6,90.0,0.0,5.8,0.0,96737
18-04-2015,27.7,86.0,32.0,0.0,1.0,96737
21-04-2015,27.8,82.0,27.0,6.6,1.0,96737
22-04-2015,27.5,83.0,0.2,7.6,2.0,96737
23-04-2015,28.0,81.0,0.0,4.2,2.0,96737
25-04-2015,25.9,89.0,4.9,0.0,1.0,96737
26-04-2015,27.2,84.0,18.1,1.5,1.0,96737
28-04-2015,27.5,84.0,29.9,1.7,1.0,96737
30-04-2015,27.7,82.0,2.0,0.0,2.0,96737
01-05-2015,26.5,87.0,0.0,8.7,1.0,96737
02-05-2015,27.7,82.0,0.0,4.0,1.0,96737
03-05-2015,25.7,91.0,0.0,0.8,1.0,96737
04-05-2015,27.0,83.0,26.0,1.1,1.0,96737
06-05-2015,28.2,79.0,0.0,7.7,1.0,96737
07-05-2015,28.1,79.0,0.0,10.0,1.0,96737
08-05-2015,27.7,82.0,0.0,8.5,1.0,96737
09-05-2015,27.5,79.0,0.5,1.1,1.0,96737
11-05-2015,28.1,80.0,0.0,7.8,1.0,96737
12-05-2015,28.2,78.0,0.0,7.5,1.0,96737
13-05-2015,28.3,80.0,0.0,9.8,1.0,96737
14-05-2015,27.0,88.0,0.0,6.9,1.0,96737
15-05-2015,26.8,91.0,4.0,8.5,1.0,96737
16-05-2015,27.4,84.0,8.4,0.0,1.0,96737
17-05-2015,27.1,88.0,0.2,9.2,1.0,96737
21-05-2015,27.8,78.0,0.0,9.0,1.0,96737
22-05-2015,27.5,78.0,0.0,9.0,1.0,96737
26-05-2015,27.5,80.0,0.0,9.0,1.0,96737
27-05-2015,28.5,79.0,0.0,7.8,1.0,96737
28-05-2015,28.7,76.0,0.0,8.2,1.0,96737
30-05-2015,28.6,78.0,0.0,9.0,1.0,96737
31-05-2015,28.0,80.0,0.0,8.5,1.0,96737
01-06-2015,26.8,87.0,0.0,9.2,1.0,96737
02-06-2015,27.5,83.0,17.2,2.5,1.0,96737
03-06-2015,27.9,84.0,36.1,8.6,1.0,96737
04-06-2015,28.2,80.0,0.0,7.5,2.0,96737
05-06-2015,28.0,81.0,0.0,8.9,1.0,96737
06-06-2015,28.2,79.0,0.0,2.7,1.0,96737
07-06-2015,28.0,85.0,0.0,8.2,0.0,96737
08-06-2015,27.7,85.0,6.8,1.4,0.0,96737
09-06-2015,25.9,91.0,13.0,1.5,1.0,96737
10-06-2015,26.8,82.0,10.1,0.5,1.0,96737
11-06-2015,27.4,84.0,0.0,4.6,1.0,96737
12-06-2015,27.7,83.0,0.2,7.0,0.0,96737
14-06-2015,27.4,80.0,0.0,8.2,0.0,96737
15-06-2015,26.9,81.0,0.0,5.2,1.0,96737
16-06-2015,26.4,80.0,0.0,0.3,0.0,96737
17-06-2015,27.1,77.0,0.0,2.0,1.0,96737
20-06-2015,27.7,78.0,0.0,4.5,1.0,96737
21-06-2015,27.7,77.0,0.0,5.0,1.0,96737
25-06-2015,26.3,76.0,0.0,5.2,1.0,96737
26-06-2015,27.1,76.0,0.0,4.5,1.0,96737
27-06-2015,27.6,80.0,0.0,5.0,1.0,96737
30-06-2015,26.1,80.0,0.0,7.6,1.0,96737
01-07-2015,26.5,76.0,0.0,5.0,1.0,96737
02-07-2015,25.0,72.0,0.0,7.5,1.0,96737
04-07-2015,26.0,74.0,0.0,9.1,1.0,96737
05-07-2015,26.0,77.0,0.0,9.5,1.0,96737
06-07-2015,26.8,76.0,0.0,9.7,1.0,96737
07-07-2015,27.7,74.0,0.0,8.4,1.0,96737
09-07-2015,26.6,76.0,0.0,5.3,1.0,96737
10-07-2015,26.3,78.0,0.0,8.0,1.0,96737
12-07-2015,27.1,84.0,4.2,0.1,0.0,96737
13-07-2015,27.9,77.0,0.0,3.0,2.0,96737
18-07-2015,27.5,78.0,0.0,10.0,2.0,96737
19-07-2015,27.3,81.0,0.0,9.7,2.0,96737
20-07-2015,27.3,79.0,0.0,9.8,1.0,96737
21-07-2015,27.2,81.0,0.0,10.0,1.0,96737
22-07-2015,27.0,82.0,0.0,9.5,1.0,96737
24-07-2015,27.6,78.0,0.0,8.9,2.0,96737
25-07-2015,26.6,80.0,0.0,10.3,1.0,96737
26-07-2015,27.5,79.0,0.0,10.0,1.0,96737
27-07-2015,27.2,80.0,0.5,6.3,1.0,96737
29-07-2015,27.5,78.0,0.0,9.4,2.0,96737
30-07-2015,27.3,79.0,0.0,10.3,1.0,96737
31-07-2015,26.9,80.0,0.0,7.0,1.0,96737
01-08-2015,27.0,81.0,0.5,7.9,1.0,96737
03-08-2015,26.4,74.0,0.5,6.5,1.0,96737
04-08-2015,25.3,76.0,0.0,10.3,1.0,96737
05-08-2015,26.2,76.0,0.0,9.8,1.0,96737
06-08-2015,26.9,77.0,0.0,9.6,1.0,96737
07-08-2015,26.5,77.0,1.2,6.9,1.0,96737
08-08-2015,26.3,79.0,0.0,8.8,1.0,96737
09-08-2015,26.9,79.0,0.0,5.2,2.0,96737
10-08-2015,27.7,78.0,0.0,7.5,2.0,96737
11-08-2015,28.0,78.0,2.0,6.4,2.0,96737
13-08-2015,27.3,81.0,0.0,3.1,2.0,96737
15-08-2015,27.2,81.0,0.0,7.4,1.0,96737
16-08-2015,27.5,76.0,0.0,3.8,1.0,96737
18-08-2015,26.9,80.0,0.0,8.2,2.0,96737
19-08-2015,27.2,80.0,0.0,9.6,1.0,96737
20-08-2015,28.1,74.0,0.0,5.8,1.0,96737
21-08-2015,25.9,77.0,0.0,0.4,1.0,96737
23-08-2015,27.3,76.0,0.0,4.4,2.0,96737
25-08-2015,27.1,78.0,0.0,9.0,1.0,96737
26-08-2015,26.8,80.0,0.0,9.0,1.0,96737
27-08-2015,27.5,78.0,0.0,6.9,1.0,96737
28-08-2015,27.4,77.0,0.0,9.6,1.0,96737
29-08-2015,27.0,79.0,0.0,10.0,1.0,96737
30-08-2015,28.2,76.0,7.5,6.2,1.0,96737
31-08-2015,27.7,74.0,0.0,9.1,1.0,96737
01-09-2015,27.7,72.0,0.0,9.2,1.0,96737
02-09-2015,27.0,72.0,0.0,9.1,1.0,96737
03-09-2015,26.5,73.0,0.0,10.5,1.0,96737
04-09-2015,27.4,73.0,0.0,10.0,1.0,96737
05-09-2015,26.8,78.0,0.0,9.9,1.0,96737
06-09-2015,27.4,71.0,0.2,6.0,1.0,96737
07-09-2015,26.9,72.0,0.0,8.4,1.0,96737
08-09-2015,27.4,72.0,0.0,9.5,2.0,96737
09-09-2015,27.9,71.0,0.0,0.2,1.0,96737
10-09-2015,27.0,76.0,0.0,6.5,1.0,96737
12-09-2015,27.8,73.0,0.0,8.3,1.0,96737
13-09-2015,27.1,74.0,0.0,8.1,1.0,96737
14-09-2015,26.5,79.0,0.0,9.5,1.0,96737
15-09-2015,26.5,76.0,0.0,5.8,1.0,96737
17-09-2015,27.4,75.0,0.0,6.7,1.0,96737
18-09-2015,28.0,76.0,0.0,1.7,2.0,96737
19-09-2015,27.1,76.0,0.0,8.8,1.0,96737
20-09-2015,27.7,73.0,0.0,7.3,1.0,96737
22-09-2015,28.0,72.0,0.0,7.2,1.0,96737
23-09-2015,28.1,68.0,0.0,9.0,1.0,96737
24-09-2015,28.3,59.0,0.0,10.0,1.0,96737
25-09-2015,27.0,70.0,0.0,10.4,1.0,96737
27-09-2015,27.8,72.0,0.0,7.7,1.0,96737
28-09-2015,27.2,76.0,0.0,8.7,1.0,96737
29-09-2015,27.5,74.0,0.0,0.0,2.0,96737
30-09-2015,28.5,72.0,0.0,7.5,2.0,96737
02-10-2015,27.3,74.0,0.0,5.0,1.0,96737
05-10-2015,27.9,73.0,0.0,9.0,1.0,96737
07-10-2015,27.7,76.0,0.0,7.8,1.0,96737
08-10-2015,27.1,81.0,28.5,4.3,1.0,96737
09-10-2015,28.1,77.0,0.0,5.5,1.0,96737
11-10-2015,27.9,75.0,0.0,6.3,1.0,96737
12-10-2015,27.9,78.0,0.0,8.9,1.0,96737
14-10-2015,27.9,77.0,0.0,8.8,1.0,96737
15-10-2015,28.1,75.0,0.0,8.5,1.0,96737
16-10-2015,28.6,72.0,0.0,7.6,1.0,96737
18-10-2015,26.6,74.0,0.0,10.1,1.0,96737
20-10-2015,28.4,69.0,0.0,5.3,1.0,96737
21-10-2015,28.6,73.0,0.0,9.0,1.0,96737
22-10-2015,28.7,70.0,0.0,7.5,1.0,96737
23-10-2015,27.5,75.0,0.0,5.8,1.0,96737
24-10-2015,27.8,77.0,0.0,7.0,1.0,96737
25-10-2015,28.5,77.0,0.0,8.5,1.0,96737
26-10-2015,28.0,76.0,0.0,7.7,1.0,96737
27-10-2015,28.5,77.0,0.0,8.9,1.0,96737
28-10-2015,27.4,82.0,0.0,10.0,1.0,96737
29-10-2015,28.5,77.0,0.0,10.0,1.0,96737
30-10-2015,28.7,75.0,0.0,9.8,1.0,96737
31-10-2015,28.2,78.0,0.0,8.2,1.0,96737
01-11-2015,28.5,81.0,0.3,8.3,1.0,96737
02-11-2015,28.1,79.0,0.1,2.5,1.0,96737
03-11-2015,28.8,76.0,0.0,8.2,1.0,96737
04-11-2015,28.5,74.0,0.0,3.5,1.0,96737
05-11-2015,28.4,76.0,0.0,7.3,1.0,96737
06-11-2015,29.3,72.0,0.0,4.2,1.0,96737
07-11-2015,27.3,81.0,0.0,5.6,1.0,96737
08-11-2015,27.5,82.0,6.6,5.2,1.0,96737
10-11-2015,29.1,77.0,0.0,7.8,1.0,96737
11-11-2015,29.2,74.0,0.0,5.5,1.0,96737
12-11-2015,29.2,77.0,0.2,7.8,1.0,96737
15-11-2015,30.6,71.0,0.0,9.4,1.0,96737
16-11-2015,28.8,75.0,0.0,8.8,1.0,96737
18-11-2015,29.0,74.0,0.0,7.6,1.0,96737
19-11-2015,27.2,84.0,1.5,7.0,1.0,96737
21-11-2015,27.2,82.0,0.0,2.0,1.0,96737
23-11-2015,27.1,83.0,0.0,6.8,1.0,96737
24-11-2015,27.8,84.0,26.5,3.5,1.0,96737
25-11-2015,27.9,80.0,2.1,4.8,1.0,96737
26-11-2015,28.2,78.0,0.0,6.1,1.0,96737
27-11-2015,28.3,77.0,0.0,3.6,1.0,96737
28-11-2015,28.7,77.0,2.6,4.8,1.0,96737
29-11-2015,26.2,88.0,0.0,7.0,0.0,96737
30-11-2015,27.2,85.0,15.2,0.0,1.0,96737
01-12-2015,28.5,81.0,6.1,6.2,1.0,96737
02-12-2015,28.3,80.0,0.4,6.8,1.0,96737
04-12-2015,28.1,82.0,0.0,3.0,1.0,96737
05-12-2015,27.4,80.0,3.1,5.3,1.0,96737
08-12-2015,26.4,91.0,0.0,5.8,0.0,96737
09-12-2015,28.5,81.0,25.8,0.3,1.0,96737
10-12-2015,29.4,75.0,0.0,7.6,1.0,96737
11-12-2015,28.9,79.0,1.3,6.1,1.0,96737
12-12-2015,27.0,87.0,0.0,5.5,0.0,96737
13-12-2015,27.1,86.0,0.0,2.8,2.0,96737
14-12-2015,27.2,81.0,0.2,1.5,1.0,96737
15-12-2015,25.2,91.0,4.3,0.0,1.0,96737
16-12-2015,24.3,95.0,22.6,0.6,1.0,96737
17-12-2015,24.9,89.0,40.9,0.0,1.0,96737
18-12-2015,26.0,86.0,21.4,0.0,1.0,96737
19-12-2015,26.8,87.0,10.5,0.5,1.0,96737
21-12-2015,26.1,84.0,5.7,5.2,1.0,96737
22-12-2015,27.4,81.0,6.2,0.6,1.0,96737
23-12-2015,28.2,76.0,0.0,3.5,2.0,96737
24-12-2015,28.1,69.0,0.0,9.5,1.0,96737
25-12-2015,28.0,79.0,0.0,2.7,1.0,96737
26-12-2015,28.7,77.0,0.0,9.0,1.0,96737
27-12-2015,27.8,81.0,0.0,4.1,1.0,96737
28-12-2015,28.5,79.0,0.0,6.2,1.0,96737
29-12-2015,29.6,76.0,0.0,5.5,1.0,96737
30-12-2015,28.8,79.0,0.0,8.3,2.0,96737
31-12-2015,29.3,74.0,0.0,5.0,1.0,96737
01-01-2016,27.7,87.0,0.5,9.0,1.0,96737
02-01-2016,27.6,85.0,2.3,5.6,1.0,96737
04-01-2016,28.6,82.0,0.0,2.7,1.0,96737
05-01-2016,28.2,81.0,0.0,2.5,1.0,96737
06-01-2016,28.4,82.0,0.0,7.2,1.0,96737
07-01-2016,28.5,78.0,0.0,7.5,1.0,96737
08-01-2016,28.9,81.0,0.0,7.0,1.0,96737
12-01-2016,28.3,82.0,0.0,8.5,1.0,96737
13-01-2016,27.8,84.0,0.0,3.0,1.0,96737
14-01-2016,28.5,80.0,2.0,1.3,1.0,96737
15-01-2016,28.2,83.0,0.4,4.6,1.0,96737
16-01-2016,28.3,83.0,2.5,4.5,0.0,96737
17-01-2016,28.6,81.0,0.0,4.6,0.0,96737
18-01-2016,28.1,82.0,0.2,6.0,1.0,96737
20-01-2016,27.1,86.0,11.4,6.4,1.0,96737
22-01-2016,28.9,80.0,0.0,2.0,1.0,96737
23-01-2016,26.9,89.0,26.5,5.5,1.0,96737
24-01-2016,27.0,87.0,0.4,0.0,1.0,96737
25-01-2016,26.7,89.0,33.8,5.6,1.0,96737
26-01-2016,27.7,84.0,25.0,0.0,1.0,96737
28-01-2016,27.9,81.0,0.5,4.5,1.0,96737
30-01-2016,28.0,86.0,13.6,6.8,1.0,96737
31-01-2016,27.3,87.0,7.0,1.2,1.0,96737
01-02-2016,27.7,85.0,7.0,1.5,1.0,96737
02-02-2016,27.1,88.0,7.9,1.6,2.0,96737
04-02-2016,28.3,81.0,0.2,2.0,1.0,96737
05-02-2016,27.6,84.0,1.8,0.8,1.0,96737
06-02-2016,28.6,78.0,3.0,2.5,1.0,96737
07-02-2016,28.0,84.0,0.0,6.4,1.0,96737
08-02-2016,27.2,86.0,0.6,2.5,2.0,96737
09-02-2016,27.1,86.0,73.1,2.4,1.0,96737
10-02-2016,26.6,89.0,1.3,5.8,0.0,96737
11-02-2016,26.8,85.0,7.2,0.0,0.0,96737
12-02-2016,26.0,92.0,9.7,0.4,1.0,96737
13-02-2016,27.5,86.0,3.5,0.0,1.0,96737
14-02-2016,27.5,89.0,0.4,2.5,1.0,96737
17-02-2016,27.6,86.0,4.4,1.2,1.0,96737
18-02-2016,27.4,87.0,2.7,2.5,1.0,96737
20-02-2016,27.7,87.0,4.7,7.4,1.0,96737
21-02-2016,27.4,86.0,6.1,4.1,1.0,96737
22-02-2016,27.7,84.0,0.0,1.0,1.0,96737
23-02-2016,27.6,85.0,0.0,0.9,0.0,96737
24-02-2016,28.1,86.0,2.4,6.2,1.0,96737
25-02-2016,27.7,86.0,21.6,3.8,2.0,96737
27-02-2016,27.8,84.0,0.3,2.2,1.0,96737
28-02-2016,27.2,89.0,12.6,8.5,0.0,96737
29-02-2016,27.0,88.0,7.6,0.0,1.0,96737
03-03-2016,27.8,88.0,4.5,2.1,1.0,96737
04-03-2016,28.1,83.0,0.0,7.5,1.0,96737
05-03-2016,27.9,88.0,2.7,7.0,0.0,96737
06-03-2016,28.6,84.0,0.0,4.2,1.0,96737
08-03-2016,27.8,85.0,26.2,8.6,1.0,96737
09-03-2016,27.8,87.0,9.8,6.0,1.0,96737
11-03-2016,27.7,86.0,24.0,9.8,1.0,96737
13-03-2016,28.8,83.0,22.6,3.3,1.0,96737
14-03-2016,27.8,86.0,0.0,7.8,1.0,96737
15-03-2016,26.6,90.0,0.0,4.6,1.0,96737
16-03-2016,28.0,86.0,1.3,3.5,1.0,96737
17-03-2016,28.4,84.0,0.9,6.8,1.0,96737
18-03-2016,27.0,88.0,1.8,5.8,0.0,96737
19-03-2016,28.7,82.0,2.5,0.0,0.0,96737
23-03-2016,27.2,86.0,28.5,1.2,1.0,96737
24-03-2016,28.6,77.0,0.0,1.6,1.0,96737
25-03-2016,28.6,83.0,0.0,7.5,1.0,96737
26-03-2016,27.9,85.0,2.1,1.2,1.0,96737
27-03-2016,27.1,90.0,3.8,5.8,1.0,96737
28-03-2016,27.9,85.0,6.8,6.0,1.0,96737
30-03-2016,27.5,87.0,44.6,4.5,1.0,96737
31-03-2016,27.1,86.0,1.8,2.2,1.0,96737
02-04-2016,27.7,85.0,16.1,6.1,1.0,96737
03-04-2016,28.6,81.0,0.0,9.7,1.0,96737
06-04-2016,29.0,81.0,0.0,4.4,1.0,96737
09-04-2016,28.7,81.0,0.0,5.8,1.0,96737
10-04-2016,29.0,81.0,0.0,4.7,1.0,96737
11-04-2016,28.3,85.0,2.6,7.5,0.0,96737
12-04-2016,27.4,88.0,9.6,5.6,0.0,96737
13-04-2016,29.1,80.0,0.0,2.0,1.0,96737
14-04-2016,28.9,79.0,0.0,8.0,1.0,96737
16-04-2016,28.1,86.0,5.2,2.0,1.0,96737
18-04-2016,28.7,83.0,7.3,3.5,1.0,96737
20-04-2016,28.3,84.0,27.7,9.0,1.0,96737
21-04-2016,27.7,86.0,5.8,6.0,1.0,96737
24-04-2016,28.4,83.0,1.0,1.7,1.0,96737
25-04-2016,27.4,87.0,0.3,8.5,1.0,96737
26-04-2016,27.2,90.0,1.0,4.5,0.0,96737
29-04-2016,27.6,87.0,0.1,6.5,0.0,96737
30-04-2016,25.4,96.0,3.8,0.5,0.0,96737
01-05-2016,27.1,90.0,54.2,0.6,1.0,96737
04-05-2016,28.7,83.0,0.0,5.6,1.0,96737
05-05-2016,26.8,92.0,0.0,8.8,0.0,96737
06-05-2016,27.9,85.0,4.3,0.3,1.0,96737
09-05-2016,28.6,79.0,5.0,6.0,1.0,96737
10-05-2016,28.6,82.0,0.0,5.3,1.0,96737
12-05-2016,29.2,80.0,0.4,4.6,1.0,96737
14-05-2016,28.5,83.0,1.6,4.0,1.0,96737
15-05-2016,29.7,79.0,0.0,0.9,1.0,96737
16-05-2016,28.1,84.0,0.0,9.0,0.0,96737
18-05-2016,28.5,83.0,1.5,4.0,1.0,96737
19-05-2016,29.9,78.0,0.0,8.5,1.0,96737
20-05-2016,28.0,90.0,0.0,8.5,0.0,96737
22-05-2016,27.5,87.0,5.1,5.3,0.0,96737
23-05-2016,28.5,85.0,5.8,4.0,1.0,96737
24-05-2016,27.9,88.0,2.5,5.6,1.0,96737
25-05-2016,28.3,85.0,21.8,5.4,1.0,96737
26-05-2016,27.7,87.0,0.0,8.0,1.0,96737
27-05-2016,27.0,92.0,8.8,1.2,0.0,96737
29-05-2016,26.4,91.0,0.0,6.8,0.0,96737
30-05-2016,26.8,86.0,0.8,0.0,1.0,96737
31-05-2016,27.0,85.0,2.8,1.0,0.0,96737
01-06-2016,28.5,84.0,0.8,1.0,1.0,96737
04-06-2016,28.3,82.0,0.0,3.5,1.0,96737
05-06-2016,27.9,85.0,0.0,8.5,0.0,96737
06-06-2016,25.6,92.0,0.4,6.6,0.0,96737
07-06-2016,26.9,84.0,6.2,5.0,1.0,96737
08-06-2016,27.7,79.0,0.0,7.9,1.0,96737
09-06-2016,26.8,89.0,0.0,8.2,0.0,96737
10-06-2016,27.5,89.0,16.5,0.5,1.0,96737
13-06-2016,27.4,85.0,0.0,7.6,0.0,96737
14-06-2016,27.3,84.0,1.8,0.6,0.0,96737
15-06-2016,26.0,90.0,0.0,1.5,0.0,96737
16-06-2016,27.1,85.0,26.6,2.2,1.0,96737
22-06-2016,26.7,85.0,0.0,9.0,1.0,96737
23-06-2016,27.9,82.0,0.0,7.9,1.0,96737
24-06-2016,27.1,82.0,0.0,9.8,0.0,96737
25-06-2016,26.4,78.0,0.8,6.8,1.0,96737
27-06-2016,27.7,77.0,2.3,8.0,1.0,96737
28-06-2016,27.7,80.0,0.0,2.3,1.0,96737
29-06-2016,27.6,83.0,0.0,2.7,0.0,96737
30-06-2016,27.6,82.0,1.2,2.0,1.0,96737
01-07-2016,26.9,86.0,28.4,4.0,0.0,96737
02-07-2016,27.3,84.0,0.0,0.3,0.0,96737
03-07-2016,28.0,82.0,0.0,7.1,1.0,96737
04-07-2016,28.2,81.0,0.0,6.9,1.0,96737
05-07-2016,27.9,83.0,0.0,9.5,1.0,96737
07-07-2016,27.7,85.0,0.0,7.6,1.0,96737
09-07-2016,28.3,82.0,0.0,9.0,1.0,96737
11-07-2016,27.3,82.0,21.0,3.5,1.0,96737
13-07-2016,26.5,88.0,2.4,5.8,0.0,96737
16-07-2016,27.6,83.0,0.0,8.6,1.0,96737
17-07-2016,25.8,93.0,0.0,4.3,0.0,96737
18-07-2016,26.2,88.0,37.5,1.8,1.0,96737
19-07-2016,26.4,90.0,6.0,6.0,1.0,96737
20-07-2016,25.9,86.0,1.5,1.4,1.0,96737
21-07-2016,27.1,83.0,1.0,0.5,1.0,96737
22-07-2016,25.7,90.0,0.0,6.2,0.0,96737
24-07-2016,27.6,83.0,0.0,7.0,1.0,96737
26-07-2016,27.1,79.0,0.0,2.1,1.0,96737
27-07-2016,27.4,80.0,3.2,9.4,1.0,96737
28-07-2016,27.3,80.0,0.0,9.8,1.0,96737
30-07-2016,27.8,84.0,3.0,8.5,1.0,96737
31-07-2016,28.5,79.0,0.0,4.2,1.0,96737
01-08-2016,27.6,82.0,8.9,0.0,0.0,96737
03-08-2016,26.8,78.0,3.6,5.5,1.0,96737
04-08-2016,26.7,76.0,0.0,9.0,1.0,96737
05-08-2016,25.9,77.0,0.0,8.2,0.0,96737
09-08-2016,27.5,84.0,0.7,1.5,1.0,96737
12-08-2016,28.1,79.0,0.0,4.5,1.0,96737
14-08-2016,25.7,92.0,11.5,2.5,1.0,96737
15-08-2016,27.2,83.0,6.7,3.7,1.0,96737
17-08-2016,27.7,81.0,1.0,0.0,1.0,96737
24-08-2016,27.1,84.0,0.0,4.7,1.0,96737
25-08-2016,26.1,85.0,0.3,8.6,1.0,96737
26-08-2016,27.5,79.0,3.3,2.3,1.0,96737
29-08-2016,26.1,92.0,0.0,7.0,1.0,96737
30-08-2016,26.9,86.0,18.7,3.7,1.0,96737
31-08-2016,27.5,83.0,30.2,1.8,1.0,96737
02-09-2016,26.8,87.0,0.3,8.5,0.0,96737
03-09-2016,27.1,84.0,23.3,0.0,1.0,96737
04-09-2016,27.4,84.0,12.4,8.7,1.0,96737
05-09-2016,26.6,88.0,0.7,9.2,0.0,96737
06-09-2016,28.1,81.0,1.1,3.0,1.0,96737
08-09-2016,28.1,79.0,2.0,7.0,1.0,96737
10-09-2016,28.1,81.0,0.0,9.5,1.0,96737
12-09-2016,28.0,77.0,14.0,6.4,1.0,96737
14-09-2016,27.7,81.0,0.0,6.8,1.0,96737
16-09-2016,27.6,80.0,8.8,5.5,1.0,96737
18-09-2016,27.4,83.0,1.9,0.5,0.0,96737
20-09-2016,26.9,82.0,40.0,5.0,2.0,96737
23-09-2016,28.6,79.0,0.0,3.4,1.0,96737
24-09-2016,27.9,83.0,1.5,4.6,1.0,96737
26-09-2016,26.7,85.0,19.4,8.4,1.0,96737
28-09-2016,26.7,85.0,10.1,5.6,1.0,96737
29-09-2016,27.4,85.0,10.4,3.0,1.0,96737
30-09-2016,25.5,91.0,9.8,6.5,0.0,96737
03-10-2016,27.5,81.0,31.2,0.7,1.0,96737
05-10-2016,26.8,82.0,1.8,3.0,1.0,96737
06-10-2016,27.1,82.0,0.7,3.8,0.0,96737
08-10-2016,26.5,84.0,10.4,6.2,1.0,96737
09-10-2016,27.1,80.0,0.6,1.6,1.0,96737
10-10-2016,25.9,90.0,0.2,6.4,0.0,96737
11-10-2016,26.2,90.0,0.9,0.5,0.0,96737
12-10-2016,26.5,90.0,2.8,2.5,0.0,96737
14-10-2016,26.6,86.0,12.2,3.4,1.0,96737
18-10-2016,28.5,81.0,0.0,7.1,1.0,96737
19-10-2016,28.6,82.0,1.0,5.2,1.0,96737
20-10-2016,29.1,77.0,3.0,8.1,0.0,96737
21-10-2016,27.5,83.0,3.4,6.5,0.0,96737
23-10-2016,24.5,96.0,45.8,1.1,0.0,96737
24-10-2016,25.8,90.0,11.8,0.0,0.0,96737
25-10-2016,27.2,84.0,4.2,2.0,1.0,96737
26-10-2016,27.8,84.0,10.2,8.7,1.0,96737
27-10-2016,26.5,88.0,9.6,5.8,0.0,96737
28-10-2016,27.1,87.0,2.0,5.5,1.0,96737
29-10-2016,28.3,80.0,1.0,2.2,1.0,96737
31-10-2016,28.0,81.0,2.0,4.0,1.0,96737
02-11-2016,28.2,81.0,0.0,9.4,1.0,96737
03-11-2016,28.1,83.0,0.0,5.7,1.0,96737
07-11-2016,28.1,80.0,0.0,8.1,1.0,96737
08-11-2016,27.9,85.0,0.0,4.4,1.0,96737
11-11-2016,26.5,90.0,24.4,0.7,0.0,96737
12-11-2016,27.6,84.0,9.0,3.1,0.0,96737
13-11-2016,28.0,81.0,7.6,1.2,0.0,96737
14-11-2016,27.4,83.0,1.3,4.8,1.0,96737
15-11-2016,27.6,80.0,3.4,2.2,1.0,96737
18-11-2016,26.1,90.0,0.0,8.1,0.0,96737
21-11-2016,26.8,87.0,0.3,6.6,0.0,96737
22-11-2016,27.4,83.0,0.3,0.0,1.0,96737
23-11-2016,27.7,82.0,2.6,0.3,0.0,96737
24-11-2016,26.8,83.0,0.5,3.4,1.0,96737
25-11-2016,27.4,85.0,5.0,2.3,1.0,96737
26-11-2016,28.3,83.0,1.6,1.0,1.0,96737
28-11-2016,27.1,86.0,23.0,3.0,1.0,96737
29-11-2016,26.8,84.0,9.2,5.5,0.0,96737
01-12-2016,25.9,86.0,9.2,0.0,2.0,96737
03-12-2016,26.5,85.0,40.7,0.2,2.0,96737
04-12-2016,24.6,94.0,8.8,4.5,1.0,96737
05-12-2016,25.3,90.0,44.1,0.0,2.0,96737
06-12-2016,26.8,87.0,6.2,0.0,1.0,96737
07-12-2016,28.1,80.0,6.0,0.0,1.0,96737
08-12-2016,27.7,81.0,0.0,0.0,1.0,96737
11-12-2016,27.5,80.0,0.0,2.5,1.0,96737
12-12-2016,25.8,88.0,6.4,4.5,1.0,96737
13-12-2016,27.8,82.0,1.2,0.0,1.0,96737
14-12-2016,26.3,91.0,3.0,4.2,1.0,96737
15-12-2016,27.5,82.0,2.7,2.5,2.0,96737
16-12-2016,28.2,78.0,2.4,3.4,1.0,96737
17-12-2016,27.8,83.0,0.0,4.5,1.0,96737
19-12-2016,28.2,77.0,1.2,3.1,2.0,96737
20-12-2016,28.4,76.0,0.3,2.0,2.0,96737
23-12-2016,27.8,81.0,2.6,0.5,3.0,96737
25-12-2016,27.1,81.0,5.2,2.0,1.0,96737
26-12-2016,27.8,81.0,0.0,0.0,2.0,96737
27-12-2016,26.0,86.0,15.2,7.2,2.0,96737
29-12-2016,28.1,82.0,0.6,6.2,1.0,96737
31-12-2016,28.1,76.0,1.6,0.0,1.0,96737
01-01-2017,28.1,81.0,0.0,5.8,1.0,96737
04-01-2017,25.7,92.0,18.0,10.5,0.0,96737
05-01-2017,27.0,87.0,7.6,0.0,1.0,96737
06-01-2017,27.4,85.0,51.1,2.0,1.0,96737
07-01-2017,28.0,79.0,13.2,9.1,1.0,96737
08-01-2017,27.4,85.0,0.0,0.6,1.0,96737
09-01-2017,27.2,88.0,20.2,7.8,1.0,96737
10-01-2017,27.1,87.0,22.2,1.7,1.0,96737
11-01-2017,27.1,89.0,45.1,6.3,1.0,96737
12-01-2017,26.7,86.0,18.2,3.6,2.0,96737
14-01-2017,24.7,92.0,14.2,3.6,1.0,96737
15-01-2017,26.5,87.0,17.1,0.0,2.0,96737
16-01-2017,26.7,86.0,5.6,1.2,2.0,96737
17-01-2017,26.6,83.0,1.7,2.2,1.0,96737
18-01-2017,27.8,76.0,5.7,1.5,2.0,96737
23-01-2017,27.7,82.0,4.3,0.6,2.0,96737
25-01-2017,28.1,77.0,0.7,8.1,1.0,96737
26-01-2017,27.6,83.0,8.5,7.2,1.0,96737
27-01-2017,27.3,85.0,2.6,4.0,1.0,96737
28-01-2017,26.6,89.0,22.2,0.0,1.0,96737
29-01-2017,25.4,90.0,24.8,0.0,1.0,96737
30-01-2017,26.7,86.0,17.8,0.0,1.0,96737
31-01-2017,25.9,88.0,0.2,2.1,1.0,96737
01-02-2017,24.6,96.0,11.7,0.0,1.0,96737
02-02-2017,26.7,87.0,8.3,0.0,0.0,96737
04-02-2017,27.3,80.0,13.5,0.6,2.0,96737
05-02-2017,27.7,80.0,0.9,3.0,2.0,96737
06-02-2017,27.1,84.0,2.1,9.0,3.0,96737
07-02-2017,28.3,77.0,0.1,9.0,2.0,96737
08-02-2017,28.2,74.0,6.0,4.1,3.0,96737
09-02-2017,27.4,75.0,0.0,2.2,2.0,96737
10-02-2017,26.6,85.0,6.4,0.3,1.0,96737
11-02-2017,26.8,87.0,9.8,0.0,1.0,96737
13-02-2017,27.7,82.0,14.8,0.6,1.0,96737
14-02-2017,26.3,88.0,53.5,8.0,1.0,96737
15-02-2017,26.6,85.0,24.4,0.4,1.0,96737
16-02-2017,27.3,83.0,6.0,3.5,1.0,96737
17-02-2017,27.8,83.0,0.5,2.4,1.0,96737
20-02-2017,26.6,90.0,54.8,0.0,1.0,96737
21-02-2017,25.2,93.0,50.2,0.0,0.0,96737
22-02-2017,27.0,86.0,3.0,0.0,1.0,96737
24-02-2017,27.3,87.0,21.6,8.1,1.0,96737
25-02-2017,27.9,83.0,0.0,3.8,0.0,96737
28-02-2017,26.6,91.0,39.1,5.5,1.0,96737
01-03-2017,26.8,80.0,3.0,2.8,1.0,96737
02-03-2017,27.4,83.0,0.0,4.0,1.0,96737
03-03-2017,27.3,85.0,1.2,7.5,1.0,96737
04-03-2017,27.0,86.0,0.8,3.5,1.0,96737
06-03-2017,27.5,84.0,0.0,10.5,1.0,96737
07-03-2017,26.4,86.0,0.0,2.2,1.0,96737
08-03-2017,27.4,84.0,12.3,0.8,1.0,96737
09-03-2017,28.2,82.0,0.0,8.4,1.0,96737
10-03-2017,27.6,83.0,0.0,8.8,1.0,96737
12-03-2017,27.8,79.0,0.0,7.2,1.0,96737
14-03-2017,28.7,75.0,0.0,8.5,1.0,96737
16-03-2017,28.1,74.0,0.0,8.5,1.0,96737
17-03-2017,27.2,85.0,0.0,6.5,1.0,96737
18-03-2017,26.2,89.0,12.0,3.0,0.0,96737
19-03-2017,26.9,83.0,3.1,0.0,1.0,96737
21-03-2017,26.2,89.0,0.2,1.5,1.0,96737
22-03-2017,26.6,87.0,17.8,2.7,1.0,96737
23-03-2017,26.0,91.0,38.0,1.5,0.0,96737
26-03-2017,27.5,87.0,0.0,2.4,1.0,96737
27-03-2017,26.8,86.0,15.0,2.4,1.0,96737
31-03-2017,26.3,88.0,9.5,4.8,1.0,96737
05-04-2017,26.5,86.0,5.5,4.4,2.0,96737
06-04-2017,26.2,89.0,7.8,3.7,2.0,96737
07-04-2017,27.2,84.0,1.7,4.0,1.0,96737
08-04-2017,26.0,88.0,11.8,3.5,2.0,96737
09-04-2017,28.3,80.0,0.4,2.2,1.0,96737
11-04-2017,28.5,80.0,0.0,8.6,1.0,96737
15-04-2017,28.1,85.0,14.1,4.5,1.0,96737
16-04-2017,27.2,86.0,0.0,5.5,0.0,96737
18-04-2017,27.8,82.0,0.0,8.0,1.0,96737
20-04-2017,28.1,83.0,10.5,5.8,1.0,96737
22-04-2017,26.7,90.0,4.8,3.5,0.0,96737
23-04-2017,27.0,86.0,6.2,2.8,0.0,96737
26-04-2017,26.8,87.0,24.6,9.6,1.0,96737
28-04-2017,27.1,81.0,2.4,5.8,1.0,96737
30-04-2017,27.4,81.0,0.0,5.3,0.0,96737
01-05-2017,28.4,83.0,3.2,5.6,0.0,96737
02-05-2017,27.9,83.0,12.5,6.0,1.0,96737
03-05-2017,27.0,88.0,0.0,7.2,0.0,96737
04-05-2017,26.8,88.0,17.0,1.3,1.0,96737
05-05-2017,26.4,89.0,46.0,7.3,1.0,96737
06-05-2017,26.9,87.0,30.0,7.5,1.0,96737
07-05-2017,27.0,85.0,1.2,7.0,0.0,96737
08-05-2017,27.6,83.0,0.2,5.0,1.0,96737
09-05-2017,27.7,85.0,6.6,5.9,0.0,96737
10-05-2017,25.9,94.0,5.7,5.0,0.0,96737
11-05-2017,26.7,83.0,0.3,0.0,0.0,96737
13-05-2017,28.3,80.0,0.0,9.5,1.0,96737
20-05-2017,28.6,80.0,0.0,9.4,1.0,96737
21-05-2017,28.6,82.0,0.0,5.3,1.0,96737
23-05-2017,28.5,78.0,0.0,8.0,1.0,96737
25-05-2017,28.2,82.0,0.0,5.2,1.0,96737
26-05-2017,28.1,74.0,0.0,4.8,1.0,96737
28-05-2017,27.1,88.0,0.0,6.8,1.0,96737
29-05-2017,26.4,88.0,16.6,0.0,0.0,96737
30-05-2017,27.5,85.0,3.5,0.0,1.0,96737
01-06-2017,27.2,81.0,0.6,3.0,1.0,96737
02-06-2017,26.8,84.0,0.0,0.3,0.0,96737
05-06-2017,27.2,85.0,0.0,9.2,0.0,96737
06-06-2017,27.8,83.0,2.0,4.0,0.0,96737
07-06-2017,28.7,80.0,0.0,8.5,1.0,96737
09-06-2017,28.8,80.0,0.0,9.5,1.0,96737
10-06-2017,28.3,81.0,0.0,7.5,1.0,96737
12-06-2017,28.0,81.0,0.2,1.8,0.0,96737
14-06-2017,26.3,88.0,40.0,3.6,0.0,96737
15-06-2017,28.1,83.0,0.0,3.5,1.0,96737
16-06-2017,27.7,84.0,5.4,6.0,1.0,96737
18-06-2017,27.5,85.0,0.0,10.5,0.0,96737
23-06-2017,26.1,88.0,12.0,0.5,0.0,96737
26-06-2017,25.7,90.0,4.8,8.0,1.0,96737
27-06-2017,26.8,84.0,27.8,2.9,1.0,96737
29-06-2017,27.8,81.0,0.0,9.6,1.0,96737
30-06-2017,26.7,88.0,8.0,9.0,0.0,96737
01-07-2017,26.6,84.0,0.8,2.3,1.0,96737
05-07-2017,26.8,88.0,41.2,4.5,1.0,96737
06-07-2017,27.1,86.0,10.9,3.0,0.0,96737
07-07-2017,27.8,80.0,0.0,3.2,0.0,96737
11-07-2017,26.9,81.0,0.0,6.5,1.0,96737
12-07-2017,27.8,82.0,0.2,6.2,0.0,96737
14-07-2017,27.5,81.0,0.0,1.5,0.0,96737
18-07-2017,26.5,81.0,0.0,3.2,1.0,96737
21-07-2017,27.2,85.0,3.6,5.5,1.0,96737
22-07-2017,27.3,84.0,0.0,2.1,1.0,96737
23-07-2017,26.6,89.0,0.9,5.0,0.0,96737
24-07-2017,27.4,86.0,9.0,0.7,0.0,96737
27-07-2017,27.3,76.0,0.0,8.8,1.0,96737
28-07-2017,27.9,79.0,0.3,7.6,1.0,96737
29-07-2017,26.6,92.0,2.0,4.5,0.0,96737
30-07-2017,27.0,85.0,38.0,3.2,1.0,96737
31-07-2017,27.8,84.0,0.0,6.4,1.0,96737
01-08-2017,27.5,77.0,0.0,6.4,1.0,96737
02-08-2017,27.2,77.0,0.0,8.9,1.0,96737
03-08-2017,27.5,78.0,0.0,8.5,0.0,96737
06-08-2017,27.1,80.0,0.0,6.0,1.0,96737
07-08-2017,27.3,79.0,0.0,7.7,1.0,96737
08-08-2017,27.8,79.0,0.0,8.7,1.0,96737
11-08-2017,27.8,80.0,0.0,8.5,1.0,96737
12-08-2017,27.7,79.0,0.0,7.8,0.0,96737
13-08-2017,27.3,86.0,15.1,0.6,0.0,96737
16-08-2017,27.3,80.0,3.0,5.4,1.0,96737
17-08-2017,27.0,78.0,0.0,2.0,1.0,96737
18-08-2017,27.7,77.0,0.0,8.7,1.0,96737
21-08-2017,28.2,76.0,0.0,7.8,1.0,96737
22-08-2017,27.8,74.0,0.0,7.0,1.0,96737
26-08-2017,28.2,70.0,0.0,6.1,2.0,96737
27-08-2017,27.6,69.0,0.0,5.6,1.0,96737
28-08-2017,27.6,74.0,0.0,10.5,1.0,96737
29-08-2017,26.7,80.0,0.0,4.0,1.0,96737
01-09-2017,28.0,79.0,0.0,5.2,0.0,96737
05-09-2017,27.8,78.0,0.0,9.7,1.0,96737
07-09-2017,27.4,79.0,11.8,1.0,1.0,96737
10-09-2017,29.0,73.0,0.0,8.8,1.0,96737
12-09-2017,27.6,78.0,0.0,6.3,1.0,96737
15-09-2017,28.1,76.0,0.0,8.2,1.0,96737
16-09-2017,28.0,77.0,0.0,9.0,1.0,96737
17-09-2017,28.5,75.0,0.0,6.0,1.0,96737
21-09-2017,26.7,77.0,0.0,2.8,1.0,96737
22-09-2017,27.7,70.0,0.0,9.3,1.0,96737
27-09-2017,25.1,94.0,15.4,0.0,0.0,96737
28-09-2017,27.5,84.0,19.2,0.0,1.0,96737
30-09-2017,28.1,81.0,1.1,9.0,1.0,96737
03-10-2017,26.7,86.0,5.7,2.0,1.0,96737
04-10-2017,27.8,81.0,11.6,4.0,1.0,96737
05-10-2017,28.8,78.0,0.0,8.5,1.0,96737
06-10-2017,28.8,80.0,0.0,8.9,1.0,96737
07-10-2017,28.6,78.0,0.0,9.0,1.0,96737
08-10-2017,28.3,79.0,6.1,7.8,1.0,96737
10-10-2017,25.9,90.0,2.3,2.1,1.0,96737
11-10-2017,28.1,80.0,37.4,0.8,1.0,96737
12-10-2017,26.5,87.0,0.0,8.0,1.0,96737
13-10-2017,27.1,83.0,15.5,2.7,1.0,96737
14-10-2017,29.1,72.0,3.7,6.5,1.0,96737
15-10-2017,29.0,74.0,0.0,7.0,1.0,96737
16-10-2017,28.3,76.0,0.0,6.6,1.0,96737
17-10-2017,29.2,73.0,0.0,6.8,1.0,96737
18-10-2017,28.2,84.0,0.0,7.8,1.0,96737
19-10-2017,27.6,83.0,7.6,0.0,1.0,96737
20-10-2017,28.2,82.0,2.0,3.2,1.0,96737
22-10-2017,28.1,85.0,0.0,6.5,1.0,96737
23-10-2017,28.4,85.0,10.7,6.0,1.0,96737
24-10-2017,28.9,74.0,6.2,4.1,1.0,96737
25-10-2017,28.3,77.0,0.0,11.0,1.0,96737
27-10-2017,28.0,77.0,0.0,10.5,1.0,96737
28-10-2017,28.4,80.0,1.5,4.0,1.0,96737
29-10-2017,27.0,87.0,1.0,3.0,1.0,96737
30-10-2017,28.1,78.0,1.0,2.0,1.0,96737
01-11-2017,28.6,74.0,0.0,1.5,1.0,96737
03-11-2017,28.9,76.0,0.0,4.8,1.0,96737
04-11-2017,27.4,84.0,0.6,6.0,1.0,96737
05-11-2017,27.9,82.0,4.2,4.8,1.0,96737
07-11-2017,27.5,84.0,3.2,5.6,1.0,96737
08-11-2017,28.3,83.0,0.5,0.0,1.0,96737
10-11-2017,27.0,87.0,5.2,2.4,0.0,96737
11-11-2017,28.7,81.0,0.2,3.2,1.0,96737
13-11-2017,29.0,75.0,0.3,7.3,0.0,96737
14-11-2017,28.4,80.0,3.8,2.5,1.0,96737
15-11-2017,27.5,83.0,8.5,6.2,0.0,96737
16-11-2017,26.1,92.0,0.0,1.4,0.0,96737
17-11-2017,27.2,88.0,39.8,2.3,1.0,96737
19-11-2017,27.7,83.0,18.2,4.0,0.0,96737
21-11-2017,27.3,81.0,0.0,7.8,1.0,96737
25-11-2017,27.5,81.0,0.0,10.1,2.0,96737
26-11-2017,26.6,88.0,20.9,2.5,2.0,96737
27-11-2017,25.9,89.0,27.8,0.9,2.0,96737
29-11-2017,28.6,79.0,2.0,0.0,2.0,96737
30-11-2017,25.7,86.0,1.1,2.5,3.0,96737
01-12-2017,27.5,75.0,78.5,0.3,2.0,96737
04-12-2017,26.5,88.0,19.9,5.0,2.0,96737
05-12-2017,27.8,75.0,1.0,4.0,1.0,96737
06-12-2017,29.9,69.0,0.0,0.0,1.0,96737
08-12-2017,28.5,79.0,0.0,9.8,1.0,96737
09-12-2017,28.6,80.0,2.9,3.0,2.0,96737
10-12-2017,27.9,80.0,4.0,6.5,2.0,96737
12-12-2017,27.3,83.0,1.8,0.3,2.0,96737
13-12-2017,26.5,86.0,1.3,0.5,2.0,96737
14-12-2017,26.3,85.0,0.4,1.5,1.0,96737
15-12-2017,27.8,78.0,1.2,0.1,2.0,96737
17-12-2017,25.9,90.0,2.0,1.0,1.0,96737
18-12-2017,27.6,83.0,15.7,0.7,1.0,96737
19-12-2017,28.0,78.0,42.5,5.5,1.0,96737
20-12-2017,26.6,87.0,7.4,4.2,1.0,96737
21-12-2017,26.0,89.0,3.5,0.0,1.0,96737
22-12-2017,26.3,87.0,26.4,0.0,1.0,96737
23-12-2017,26.6,82.0,1.8,2.5,1.0,96737
25-12-2017,28.4,73.0,0.0,5.2,2.0,96737
28-12-2017,28.5,75.0,0.0,2.4,1.0,96737
29-12-2017,27.2,83.0,0.0,4.5,1.0,96737
30-12-2017,27.2,86.0,6.3,1.9,0.0,96737
31-12-2017,28.1,80.0,23.5,0.7,1.0,96737
01-01-2018,28.1,80.0,0.0,5.2,2.0,96737
04-01-2018,27.2,83.0,7.6,4.3,1.0,96737
06-01-2018,26.7,83.0,12.6,0.5,2.0,96737
07-01-2018,26.9,84.0,1.3,0.0,1.0,96737
14-01-2018,27.1,84.0,8.3,2.4,1.0,96737
15-01-2018,25.8,87.0,12.6,7.0,2.0,96737
16-01-2018,25.7,83.0,9.5,2.2,1.0,96737
17-01-2018,27.0,83.0,0.2,1.0,1.0,96737
19-01-2018,25.1,90.0,40.4,0.0,2.0,96737
20-01-2018,25.2,88.0,9.7,0.0,2.0,96737
21-01-2018,28.0,77.0,3.0,0.0,3.0,96737
23-01-2018,28.0,80.0,1.7,0.7,1.0,96737
25-01-2018,26.7,82.0,0.9,7.4,2.0,96737
26-01-2018,27.2,81.0,6.0,0.2,2.0,96737
27-01-2018,28.3,75.0,9.0,0.5,3.0,96737
28-01-2018,27.1,78.0,1.0,2.7,2.0,96737
29-01-2018,26.2,85.0,6.6,0.2,2.0,96737
30-01-2018,26.5,85.0,7.5,1.5,2.0,96737
31-01-2018,28.0,79.0,0.8,5.6,2.0,96737
02-02-2018,28.3,81.0,12.0,5.5,2.0,96737
03-02-2018,28.6,77.0,0.0,8.8,1.0,96737
04-02-2018,27.7,85.0,4.9,4.5,2.0,96737
05-02-2018,26.7,84.0,11.4,7.4,1.0,96737
06-02-2018,26.2,89.0,8.6,2.8,1.0,96737
07-02-2018,26.6,83.0,25.4,2.0,1.0,96737
08-02-2018,27.6,81.0,0.4,3.7,1.0,96737
09-02-2018,27.0,84.0,1.2,3.0,2.0,96737
10-02-2018,27.6,82.0,7.6,7.5,1.0,96737
11-02-2018,27.8,82.0,4.0,7.4,1.0,96737
14-02-2018,27.8,83.0,2.4,7.1,1.0,96737
15-02-2018,25.3,93.0,18.0,3.5,0.0,96737
16-02-2018,27.8,78.0,9.0,0.0,2.0,96737
17-02-2018,27.8,80.0,0.0,10.0,1.0,96737
18-02-2018,26.7,87.0,22.4,3.0,1.0,96737
19-02-2018,27.2,87.0,1.9,6.7,1.0,96737
22-02-2018,27.2,85.0,0.0,7.5,1.0,96737
23-02-2018,27.7,83.0,0.0,2.7,1.0,96737
24-02-2018,27.1,84.0,0.2,8.8,1.0,96737
25-02-2018,27.6,84.0,14.6,5.0,1.0,96737
26-02-2018,25.9,90.0,15.8,7.5,1.0,96737
27-02-2018,27.2,86.0,18.4,2.0,1.0,96737
01-03-2018,26.5,87.0,0.2,2.0,1.0,96737
03-03-2018,27.3,86.0,0.0,7.1,0.0,96737
04-03-2018,28.0,83.0,5.0,4.5,2.0,96737
06-03-2018,26.7,86.0,3.0,1.1,1.0,96737
08-03-2018,27.5,84.0,0.0,5.5,1.0,96737
09-03-2018,28.1,81.0,0.0,2.5,1.0,96737
10-03-2018,28.3,80.0,0.0,7.5,1.0,96737
11-03-2018,27.4,82.0,2.6,10.1,1.0,96737
12-03-2018,25.2,93.0,4.2,3.5,1.0,96737
13-03-2018,26.9,86.0,65.6,1.4,1.0,96737
14-03-2018,28.2,83.0,0.5,3.6,1.0,96737
15-03-2018,29.1,77.0,0.0,9.0,1.0,96737
17-03-2018,26.7,88.0,0.4,6.5,0.0,96737
18-03-2018,27.0,84.0,6.3,0.0,1.0,96737
20-03-2018,27.4,87.0,0.0,9.5,1.0,96737
21-03-2018,24.6,90.0,23.1,5.4,1.0,96737
22-03-2018,27.2,85.0,17.1,0.0,1.0,96737
23-03-2018,28.1,81.0,0.0,4.5,1.0,96737
25-03-2018,26.9,84.0,17.2,0.0,1.0,96737
26-03-2018,25.9,85.0,0.5,4.2,2.0,96737
27-03-2018,25.5,88.0,5.1,1.0,1.0,96737
28-03-2018,28.0,78.0,2.6,3.2,1.0,96737
29-03-2018,28.5,76.0,0.0,10.1,1.0,96737
30-03-2018,27.5,80.0,0.0,10.5,2.0,96737
01-04-2018,29.2,77.0,0.0,10.0,2.0,96737
02-04-2018,28.5,80.0,7.4,10.4,1.0,96737
03-04-2018,27.0,88.0,4.8,10.0,1.0,96737
05-04-2018,28.0,84.0,0.0,7.0,1.0,96737
06-04-2018,28.3,86.0,0.4,9.5,1.0,96737
07-04-2018,28.2,81.0,0.0,6.5,2.0,96737
08-04-2018,27.4,83.0,1.4,7.2,2.0,96737
09-04-2018,27.4,85.0,9.2,7.0,1.0,96737
10-04-2018,28.2,81.0,0.0,8.0,1.0,96737
11-04-2018,28.3,83.0,0.0,7.0,1.0,96737
12-04-2018,28.2,84.0,0.0,8.6,1.0,96737
13-04-2018,28.7,82.0,0.0,5.7,1.0,96737
14-04-2018,28.7,82.0,0.3,10.3,1.0,96737
15-04-2018,27.4,86.0,6.8,8.0,0.0,96737
17-04-2018,27.8,87.0,1.0,8.4,1.0,96737
18-04-2018,28.1,82.0,10.2,5.8,1.0,96737
19-04-2018,28.7,81.0,0.0,5.5,1.0,96737
20-04-2018,28.2,84.0,0.0,8.0,1.0,96737
21-04-2018,27.7,85.0,0.0,8.5,1.0,96737
22-04-2018,28.0,85.0,5.8,7.0,1.0,96737
23-04-2018,26.5,89.0,5.5,4.7,0.0,96737
24-04-2018,26.3,91.0,10.6,0.0,1.0,96737
25-04-2018,25.1,93.0,13.7,1.2,0.0,96737
26-04-2018,26.4,86.0,57.4,0.0,1.0,96737
27-04-2018,27.0,89.0,0.0,6.0,2.0,96737
28-04-2018,27.8,84.0,9.2,7.7,0.0,96737
01-05-2018,28.3,78.0,0.0,9.5,1.0,96737
02-05-2018,28.4,78.0,0.0,8.7,1.0,96737
03-05-2018,27.2,82.0,0.0,10.0,1.0,96737
04-05-2018,27.9,82.0,1.9,7.5,1.0,96737
07-05-2018,29.2,78.0,0.0,7.2,1.0,96737
08-05-2018,28.9,73.0,0.0,10.1,1.0,96737
09-05-2018,28.7,77.0,0.0,9.8,1.0,96737
10-05-2018,28.7,81.0,5.8,8.2,1.0,96737
11-05-2018,28.2,79.0,0.0,7.5,1.0,96737
12-05-2018,28.3,79.0,0.0,10.1,1.0,96737
13-05-2018,28.5,80.0,0.0,10.0,1.0,96737
14-05-2018,28.7,79.0,0.0,8.5,1.0,96737
15-05-2018,27.6,82.0,0.0,5.4,1.0,96737
16-05-2018,27.4,85.0,0.0,6.0,1.0,96737
17-05-2018,27.4,88.0,10.4,0.1,1.0,96737
18-05-2018,27.7,86.0,0.0,0.2,1.0,96737
19-05-2018,26.9,88.0,3.0,7.5,1.0,96737
20-05-2018,27.6,85.0,9.8,1.6,1.0,96737
21-05-2018,27.3,88.0,17.0,7.0,1.0,96737
22-05-2018,28.2,87.0,5.2,2.1,1.0,96737
24-05-2018,27.4,85.0,16.3,0.0,1.0,96737
26-05-2018,28.3,85.0,0.2,1.0,1.0,96737
27-05-2018,28.4,82.0,0.0,6.0,1.0,96737
29-05-2018,28.5,81.0,0.0,6.5,1.0,96737
30-05-2018,28.3,80.0,0.0,5.8,1.0,96737
31-05-2018,27.9,81.0,0.0,5.5,0.0,96737
01-06-2018,27.4,77.0,37.7,7.3,1.0,96737
02-06-2018,27.2,80.0,0.0,10.0,1.0,96737
03-06-2018,27.7,84.0,0.0,8.0,1.0,96737
05-06-2018,28.0,86.0,0.0,7.5,1.0,96737
07-06-2018,27.5,87.0,0.0,6.1,0.0,96737
08-06-2018,27.4,87.0,0.0,2.0,0.0,96737
09-06-2018,28.0,85.0,0.4,2.1,1.0,96737
10-06-2018,28.2,82.0,0.0,6.7,1.0,96737
11-06-2018,28.6,80.0,0.0,6.0,1.0,96737
12-06-2018,28.1,78.0,0.0,5.0,1.0,96737
13-06-2018,27.8,82.0,0.0,4.0,1.0,96737
14-06-2018,28.6,81.0,10.4,4.3,1.0,96737
15-06-2018,26.6,89.0,0.0,8.5,0.0,96737
16-06-2018,27.8,83.0,24.0,5.5,1.0,96737
17-06-2018,28.2,81.0,1.0,8.5,1.0,96737
19-06-2018,27.5,79.0,0.0,9.0,1.0,96737
20-06-2018,28.0,81.0,0.0,10.0,1.0,96737
22-06-2018,27.6,83.0,0.0,6.0,1.0,96737
23-06-2018,28.0,83.0,0.0,3.8,1.0,96737
24-06-2018,26.4,90.0,59.5,6.0,1.0,96737
25-06-2018,25.0,91.0,3.1,3.1,0.0,96737
26-06-2018,24.9,90.0,7.0,0.0,1.0,96737
27-06-2018,26.6,84.0,53.5,2.4,1.0,96737
28-06-2018,26.7,85.0,0.0,6.0,1.0,96737
29-06-2018,27.1,82.0,0.0,2.9,1.0,96737
02-07-2018,26.7,83.0,0.0,6.0,1.0,96737
03-07-2018,27.2,81.0,0.0,7.2,1.0,96737
04-07-2018,26.8,82.0,0.0,7.5,0.0,96737
05-07-2018,25.9,88.0,0.0,5.2,0.0,96737
06-07-2018,25.8,75.0,3.0,1.4,1.0,96737
07-07-2018,25.8,74.0,0.0,7.0,1.0,96737
08-07-2018,26.9,78.0,0.0,9.5,1.0,96737
09-07-2018,27.7,80.0,0.0,8.9,1.0,96737
10-07-2018,27.8,78.0,0.0,7.5,0.0,96737
12-07-2018,27.3,79.0,0.0,6.8,1.0,96737
13-07-2018,26.6,77.0,0.0,4.5,1.0,96737
14-07-2018,25.8,81.0,0.0,4.8,1.0,96737
15-07-2018,26.5,76.0,0.0,4.2,1.0,96737
16-07-2018,26.8,74.0,0.0,9.0,1.0,96737
17-07-2018,26.2,79.0,0.0,9.2,0.0,96737
20-07-2018,28.0,79.0,0.0,9.1,1.0,96737
21-07-2018,28.0,80.0,0.0,8.0,1.0,96737
23-07-2018,27.4,82.0,0.0,6.0,1.0,96737
24-07-2018,27.5,81.0,0.0,0.0,1.0,96737
25-07-2018,27.5,78.0,0.0,7.0,1.0,96737
26-07-2018,27.3,82.0,0.0,5.8,1.0,96737
28-07-2018,26.3,78.0,0.0,6.9,1.0,96737
29-07-2018,25.7,79.0,0.0,9.5,0.0,96737
31-07-2018,26.4,77.0,0.0,8.2,1.0,96737
01-08-2018,26.6,81.0,0.0,8.5,1.0,96737
03-08-2018,26.4,76.0,0.0,9.2,1.0,96737
04-08-2018,25.8,81.0,0.0,5.3,1.0,96737
06-08-2018,25.5,71.0,0.0,6.9,1.0,96737
07-08-2018,26.4,72.0,0.0,9.0,1.0,96737
08-08-2018,26.9,75.0,0.0,4.8,1.0,96737
09-08-2018,27.5,79.0,0.0,2.5,1.0,96737
11-08-2018,27.4,79.0,0.0,6.2,1.0,96737
12-08-2018,27.5,79.0,0.0,6.2,1.0,96737
13-08-2018,27.7,81.0,0.0,7.8,1.0,96737
16-08-2018,27.4,76.0,0.0,4.5,1.0,96737
19-08-2018,26.1,76.0,0.0,6.8,1.0,96737
21-08-2018,27.6,77.0,0.0,9.2,1.0,96737
23-08-2018,27.7,80.0,0.0,7.0,1.0,96737
26-08-2018,28.3,78.0,0.0,9.1,1.0,96737
28-08-2018,28.3,77.0,0.0,9.5,1.0,96737
29-08-2018,27.7,77.0,0.0,6.0,1.0,96737
31-08-2018,28.0,76.0,0.0,8.9,2.0,96737
01-09-2018,27.1,80.0,13.5,10.3,1.0,96737
02-09-2018,25.5,89.0,0.7,5.5,0.0,96737
03-09-2018,28.1,76.0,9.5,3.9,1.0,96737
05-09-2018,27.5,75.0,0.0,8.2,1.0,96737
06-09-2018,27.4,80.0,0.0,6.8,1.0,96737
07-09-2018,27.5,80.0,0.0,4.0,1.0,96737
11-09-2018,28.4,74.0,0.0,9.0,1.0,96737
12-09-2018,28.1,73.0,0.0,8.0,1.0,96737
13-09-2018,27.0,76.0,0.0,8.7,1.0,96737
15-09-2018,26.7,74.0,0.0,7.3,1.0,96737
16-09-2018,27.7,71.0,0.0,8.0,1.0,96737
17-09-2018,27.5,68.0,0.0,8.4,2.0,96737
18-09-2018,28.3,70.0,0.0,9.5,1.0,96737
20-09-2018,28.1,78.0,0.0,0.0,1.0,96737
21-09-2018,26.7,84.0,5.5,4.0,0.0,96737
22-09-2018,27.8,75.0,0.7,0.0,1.0,96737
23-09-2018,27.1,82.0,0.0,9.4,1.0,96737
25-09-2018,28.0,74.0,0.0,9.3,1.0,96737
26-09-2018,28.2,72.0,0.0,9.2,1.0,96737
27-09-2018,28.1,78.0,0.0,9.6,1.0,96737
28-09-2018,28.4,75.0,0.0,6.7,1.0,96737
30-09-2018,28.0,74.0,0.0,8.2,1.0,96737
01-10-2018,28.5,74.0,0.0,6.8,1.0,96737
02-10-2018,28.2,78.0,0.0,7.8,1.0,96737
03-10-2018,28.6,77.0,0.0,8.9,1.0,96737
04-10-2018,28.3,78.0,0.3,6.8,1.0,96737
06-10-2018,29.1,77.0,0.0,3.6,1.0,96737
07-10-2018,28.4,73.0,0.0,8.8,1.0,96737
08-10-2018,29.1,70.0,0.0,8.8,1.0,96737
10-10-2018,28.7,71.0,0.0,8.4,1.0,96737
11-10-2018,29.0,73.0,0.0,8.4,1.0,96737
12-10-2018,28.5,76.0,0.0,8.3,1.0,96737
13-10-2018,29.5,70.0,0.0,4.1,1.0,96737
17-10-2018,29.3,71.0,0.0,8.6,1.0,96737
18-10-2018,28.6,71.0,0.0,6.6,1.0,96737
20-10-2018,28.7,76.0,37.0,1.7,1.0,96737
21-10-2018,28.7,77.0,0.0,5.0,1.0,96737
22-10-2018,29.2,75.0,0.0,9.0,2.0,96737
23-10-2018,28.1,80.0,1.8,8.9,1.0,96737
25-10-2018,29.3,75.0,0.0,5.3,1.0,96737
26-10-2018,29.4,73.0,0.0,9.2,1.0,96737
27-10-2018,26.6,86.0,0.0,8.2,1.0,96737
28-10-2018,28.4,78.0,8.8,1.1,1.0,96737
29-10-2018,28.6,80.0,13.8,3.6,1.0,96737
30-10-2018,26.0,92.0,0.0,7.7,1.0,96737
31-10-2018,28.4,82.0,25.9,2.6,1.0,96737
01-11-2018,28.1,78.0,0.0,4.5,1.0,96737
02-11-2018,28.2,79.0,0.2,7.0,1.0,96737
04-11-2018,28.1,83.0,13.0,3.7,1.0,96737
05-11-2018,28.6,82.0,0.0,4.5,0.0,96737
06-11-2018,27.3,83.0,1.3,2.3,1.0,96737
07-11-2018,27.3,86.0,1.5,7.1,0.0,96737
08-11-2018,27.2,84.0,0.2,3.0,0.0,96737
09-11-2018,27.3,88.0,0.7,0.0,0.0,96737
10-11-2018,27.3,87.0,15.4,0.6,1.0,96737
11-11-2018,26.0,90.0,32.0,3.7,1.0,96737
15-11-2018,28.3,75.0,1.6,1.5,1.0,96737
17-11-2018,29.7,72.0,0.0,8.6,1.0,96737
18-11-2018,27.9,80.0,0.8,5.7,0.0,96737
19-11-2018,29.0,75.0,0.8,1.0,1.0,96737
20-11-2018,28.1,81.0,0.0,4.0,1.0,96737
21-11-2018,26.7,85.0,3.8,7.3,0.0,96737
23-11-2018,28.6,80.0,0.0,6.4,1.0,96737
24-11-2018,27.2,83.0,39.2,5.6,0.0,96737
26-11-2018,26.3,85.0,0.0,0.4,0.0,96737
27-11-2018,27.9,80.0,2.0,1.2,1.0,96737
28-11-2018,28.2,81.0,0.0,7.6,1.0,96737
30-11-2018,26.8,91.0,4.0,6.3,0.0,96737
01-12-2018,26.6,89.0,6.0,3.0,0.0,96737
02-12-2018,28.4,77.0,18.3,1.6,1.0,96737
03-12-2018,26.8,89.0,0.0,3.7,1.0,96737
04-12-2018,26.5,87.0,5.1,0.4,0.0,96737
07-12-2018,28.1,80.0,2.6,4.7,1.0,96737
08-12-2018,28.1,82.0,0.0,6.3,0.0,96737
09-12-2018,28.2,80.0,1.4,4.3,1.0,96737
10-12-2018,27.0,88.0,0.0,3.0,0.0,96737
11-12-2018,26.6,86.0,0.2,3.0,0.0,96737
13-12-2018,28.2,80.0,2.4,1.7,1.0,96737
15-12-2018,25.7,91.0,15.3,8.0,0.0,96737
16-12-2018,26.7,82.0,22.5,0.0,1.0,96737
19-12-2018,28.4,76.0,0.0,10.1,0.0,96737
21-12-2018,27.6,75.0,0.0,9.8,1.0,96737
24-12-2018,26.5,82.0,18.2,0.0,2.0,96737
25-12-2018,25.7,88.0,8.1,5.6,2.0,96737
26-12-2018,24.6,93.0,29.8,2.2,1.0,96737
27-12-2018,26.4,86.0,18.5,1.1,3.0,96737
28-12-2018,27.5,78.0,1.1,2.1,4.0,96737
01-01-2019,25.0,92.0,55.1,0.5,1.0,96737
02-01-2019,27.4,82.0,14.2,0.2,2.0,96737
03-01-2019,26.5,83.0,45.4,7.8,2.0,96737
04-01-2019,28.3,73.0,0.4,7.0,1.0,96737
06-01-2019,29.0,76.0,0.0,11.0,1.0,96737
07-01-2019,28.5,79.0,0.0,10.8,1.0,96737
09-01-2019,28.5,82.0,0.2,5.5,1.0,96737
10-01-2019,27.5,84.0,2.8,4.9,1.0,96737
13-01-2019,27.1,91.0,29.8,6.5,0.0,96737
14-01-2019,26.7,89.0,30.1,0.0,0.0,96737
15-01-2019,28.1,79.0,0.6,0.0,3.0,96737
16-01-2019,27.1,87.0,3.2,4.8,1.0,96737
17-01-2019,27.8,79.0,0.4,0.5,2.0,96737
18-01-2019,28.4,79.0,0.2,1.1,2.0,96737
19-01-2019,27.6,81.0,0.0,4.2,1.0,96737
20-01-2019,28.0,82.0,13.1,2.0,1.0,96737
22-01-2019,26.3,89.0,64.9,0.9,1.0,96737
23-01-2019,28.0,82.0,0.4,1.0,1.0,96737
24-01-2019,28.1,85.0,5.4,4.8,1.0,96737
25-01-2019,26.0,92.0,34.8,7.3,0.0,96737
26-01-2019,28.1,84.0,17.0,0.9,1.0,96737
27-01-2019,27.9,81.0,1.5,5.2,1.0,96737
29-01-2019,28.1,84.0,0.0,3.4,1.0,96737
30-01-2019,27.7,86.0,12.2,4.1,2.0,96737
31-01-2019,28.3,78.0,0.0,4.9,1.0,96737
02-02-2019,27.7,80.0,4.4,6.1,1.0,96737
03-02-2019,27.7,82.0,0.0,7.5,1.0,96737
05-02-2019,28.2,80.0,1.2,2.8,2.0,96737
06-02-2019,28.4,80.0,1.5,6.3,1.0,96737
07-02-2019,27.7,82.0,13.1,7.0,1.0,96737
08-02-2019,26.4,88.0,1.8,7.5,1.0,96737
09-02-2019,27.6,82.0,18.5,5.8,0.0,96737
10-02-2019,28.1,80.0,0.0,5.4,1.0,96737
11-02-2019,28.3,76.0,0.7,5.2,1.0,96737
14-02-2019,27.5,88.0,9.0,3.6,0.0,96737
15-02-2019,27.1,88.0,7.1,4.3,1.0,96737
16-02-2019,27.3,86.0,55.6,1.7,1.0,96737
17-02-2019,26.4,88.0,47.3,6.5,1.0,96737
18-02-2019,28.0,82.0,2.0,1.0,1.0,96737
20-02-2019,28.3,83.0,0.0,8.4,1.0,96737
21-02-2019,27.9,83.0,0.0,2.9,1.0,96737
22-02-2019,27.6,84.0,1.8,6.1,1.0,96737
23-02-2019,27.2,84.0,1.2,7.8,1.0,96737
24-02-2019,27.6,84.0,7.4,6.0,1.0,96737
25-02-2019,28.1,83.0,4.6,5.6,1.0,96737
26-02-2019,28.3,81.0,1.0,8.8,1.0,96737
28-02-2019,27.5,86.0,1.7,5.0,0.0,96737
01-03-2019,27.6,88.0,8.8,3.2,1.0,96737
02-03-2019,27.9,82.0,1.1,1.9,1.0,96737
03-03-2019,26.2,90.0,4.1,2.2,1.0,96737
04-03-2019,27.1,83.0,0.3,0.4,1.0,96737
05-03-2019,27.4,85.0,3.7,8.5,1.0,96737
06-03-2019,24.7,94.0,41.0,3.8,0.0,96737
07-03-2019,26.3,85.0,14.8,0.0,1.0,96737
08-03-2019,27.8,84.0,0.0,0.9,1.0,96737
09-03-2019,26.9,86.0,1.6,7.8,0.0,96737
11-03-2019,26.4,88.0,1.4,5.0,0.0,96737
12-03-2019,26.8,84.0,16.0,1.1,1.0,96737
13-03-2019,27.5,82.0,13.6,1.2,2.0,96737
14-03-2019,26.5,84.0,32.5,2.9,0.0,96737
15-03-2019,27.5,81.0,0.0,4.5,1.0,96737
16-03-2019,27.1,79.0,0.1,7.3,1.0,96737
17-03-2019,26.8,81.0,0.0,1.1,0.0,96737
18-03-2019,26.7,81.0,18.2,3.9,1.0,96737
19-03-2019,25.6,86.0,2.0,5.3,2.0,96737
20-03-2019,28.0,80.0,26.4,1.5,1.0,96737
21-03-2019,28.1,80.0,0.0,9.6,1.0,96737
22-03-2019,27.6,84.0,1.0,3.9,1.0,96737
23-03-2019,28.0,82.0,5.2,3.8,2.0,96737
24-03-2019,28.1,80.0,11.4,5.5,2.0,96737
26-03-2019,27.8,82.0,0.0,6.5,1.0,96737
27-03-2019,27.7,84.0,3.8,8.0,0.0,96737
28-03-2019,27.8,80.0,1.7,3.4,1.0,96737
30-03-2019,27.5,81.0,1.2,6.5,1.0,96737
31-03-2019,27.8,81.0,0.0,7.2,1.0,96737
02-04-2019,28.8,76.0,0.3,7.7,1.0,96737
03-04-2019,27.7,78.0,0.0,8.3,1.0,96737
04-04-2019,28.1,82.0,2.7,8.5,1.0,96737
05-04-2019,28.1,82.0,1.3,7.6,1.0,96737
06-04-2019,28.1,84.0,0.0,6.8,1.0,96737
07-04-2019,27.0,87.0,11.5,5.6,1.0,96737
08-04-2019,28.9,80.0,2.8,5.3,1.0,96737
09-04-2019,28.3,78.0,0.0,8.2,1.0,96737
10-04-2019,28.0,82.0,0.0,8.2,1.0,96737
12-04-2019,28.7,79.0,0.4,6.8,2.0,96737
13-04-2019,29.1,78.0,0.0,9.8,1.0,96737
14-04-2019,28.7,79.0,0.0,0.0,1.0,96737
15-04-2019,27.6,84.0,9.4,5.6,1.0,96737
16-04-2019,26.7,87.0,1.8,5.7,0.0,96737
17-04-2019,28.1,84.0,15.5,4.3,1.0,96737
18-04-2019,26.6,92.0,0.0,8.5,0.0,96737
19-04-2019,27.6,86.0,26.2,3.9,1.0,96737
20-04-2019,26.8,86.0,20.9,10.3,0.0,96737
21-04-2019,27.3,83.0,3.2,0.7,1.0,96737
22-04-2019,28.5,78.0,1.3,3.0,1.0,96737
23-04-2019,28.3,82.0,0.0,1.8,1.0,96737
25-04-2019,28.4,82.0,3.2,0.3,1.0,96737
26-04-2019,27.8,85.0,12.1,7.4,1.0,96737
27-04-2019,26.8,88.0,9.1,4.1,1.0,96737
28-04-2019,27.1,88.0,2.0,1.4,0.0,96737
29-04-2019,26.5,92.0,13.0,3.7,0.0,96737
30-04-2019,28.0,87.0,14.0,4.6,2.0,96737
03-05-2019,28.4,78.0,0.0,9.5,1.0,96737
04-05-2019,28.3,83.0,0.0,8.1,1.0,96737
05-05-2019,28.0,82.0,4.8,7.3,0.0,96737
07-05-2019,27.7,84.0,15.2,1.9,0.0,96737
08-05-2019,28.0,82.0,0.0,7.8,1.0,96737
09-05-2019,27.5,83.0,0.2,6.8,1.0,96737
10-05-2019,28.1,78.0,5.5,5.1,1.0,96737
11-05-2019,28.3,82.0,0.2,5.7,1.0,96737
12-05-2019,28.4,81.0,0.0,5.2,1.0,96737
14-05-2019,28.6,80.0,6.6,6.3,1.0,96737
15-05-2019,27.9,83.0,0.0,8.0,1.0,96737
16-05-2019,27.8,86.0,11.3,3.1,1.0,96737
17-05-2019,27.8,78.0,0.5,3.2,1.0,96737
18-05-2019,27.9,78.0,0.0,8.0,1.0,96737
19-05-2019,29.4,72.0,0.0,6.7,1.0,96737
20-05-2019,28.7,80.0,0.1,6.2,1.0,96737
21-05-2019,28.3,80.0,5.2,5.3,1.0,96737
22-05-2019,28.6,78.0,0.0,4.9,1.0,96737
23-05-2019,29.0,77.0,0.0,9.0,1.0,96737
24-05-2019,28.1,76.0,0.0,3.4,2.0,96737
25-05-2019,27.8,79.0,0.0,10.0,1.0,96737
26-05-2019,28.0,78.0,0.0,6.6,1.0,96737
27-05-2019,28.8,74.0,0.0,5.4,1.0,96737
28-05-2019,28.9,77.0,0.0,10.3,1.0,96737
29-05-2019,28.0,84.0,0.0,8.1,0.0,96737
30-05-2019,28.5,79.0,44.2,5.1,1.0,96737
31-05-2019,28.2,80.0,0.0,5.8,1.0,96737
02-06-2019,27.9,78.0,0.0,5.0,1.0,96737
03-06-2019,26.9,81.0,0.0,2.3,0.0,96737
04-06-2019,27.1,77.0,0.0,0.0,1.0,96737
05-06-2019,28.5,78.0,0.0,8.6,1.0,96737
06-06-2019,28.5,80.0,0.0,10.0,1.0,96737
07-06-2019,27.7,85.0,0.0,7.6,0.0,96737
08-06-2019,27.4,81.0,3.6,2.8,1.0,96737
09-06-2019,27.9,80.0,0.0,1.4,1.0,96737
10-06-2019,28.4,74.0,0.0,7.0,1.0,96737
11-06-2019,28.1,78.0,0.0,9.8,1.0,96737
12-06-2019,28.3,80.0,0.0,8.0,0.0,96737
13-06-2019,28.5,81.0,0.0,6.8,1.0,96737
14-06-2019,28.2,85.0,0.0,4.2,0.0,96737
15-06-2019,28.8,80.0,2.3,1.6,1.0,96737
16-06-2019,28.4,82.0,0.5,7.3,0.0,96737
17-06-2019,27.8,80.0,3.4,1.2,1.0,96737
18-06-2019,27.6,76.0,0.0,2.8,1.0,96737
19-06-2019,26.9,75.0,0.0,9.0,1.0,96737
20-06-2019,27.8,71.0,0.0,7.8,1.0,96737
21-06-2019,27.5,78.0,0.0,7.3,1.0,96737
22-06-2019,27.1,77.0,0.0,9.8,1.0,96737
23-06-2019,26.7,74.0,0.0,2.0,1.0,96737
24-06-2019,25.9,77.0,0.0,5.3,1.0,96737
25-06-2019,26.5,78.0,0.0,3.8,1.0,96737
26-06-2019,27.0,79.0,0.0,8.0,1.0,96737
27-06-2019,27.4,76.0,0.0,8.3,0.0,96737
28-06-2019,27.1,80.0,0.0,5.3,1.0,96737
29-06-2019,27.0,77.0,0.0,3.5,1.0,96737
30-06-2019,27.8,74.0,0.2,6.2,1.0,96737
01-07-2019,27.4,74.0,0.0,8.1,1.0,96737
02-07-2019,26.6,76.0,0.0,7.8,1.0,96737
03-07-2019,26.9,75.0,0.0,3.6,1.0,96737
04-07-2019,27.6,80.0,0.0,7.6,1.0,96737
06-07-2019,28.0,78.0,6.0,6.2,1.0,96737
07-07-2019,28.2,76.0,0.0,9.3,1.0,96737
08-07-2019,27.8,79.0,0.0,6.1,1.0,96737
09-07-2019,27.4,82.0,5.2,7.3,1.0,96737
10-07-2019,26.6,78.0,3.2,5.2,2.0,96737
11-07-2019,27.3,74.0,0.0,7.5,1.0,96737
12-07-2019,27.2,71.0,0.0,7.2,1.0,96737
13-07-2019,26.8,74.0,0.0,9.2,1.0,96737
14-07-2019,26.8,79.0,0.0,6.7,1.0,96737
15-07-2019,26.1,72.0,0.0,6.3,1.0,96737
16-07-2019,26.4,72.0,0.0,7.2,1.0,96737
17-07-2019,26.4,70.0,0.0,9.1,1.0,96737
18-07-2019,26.0,72.0,0.0,9.8,1.0,96737
19-07-2019,27.2,74.0,0.0,7.3,1.0,96737
20-07-2019,28.4,76.0,0.0,5.1,1.0,96737
21-07-2019,28.3,75.0,0.0,1.0,1.0,96737
22-07-2019,27.9,78.0,0.0,7.0,1.0,96737
23-07-2019,27.0,72.0,0.0,8.8,1.0,96737
24-07-2019,27.3,68.0,0.0,9.7,1.0,96737
25-07-2019,26.5,74.0,0.0,9.1,1.0,96737
26-07-2019,27.3,75.0,0.0,9.8,1.0,96737
27-07-2019,27.0,76.0,0.0,10.4,1.0,96737
28-07-2019,27.9,75.0,0.0,10.1,1.0,96737
29-07-2019,27.1,76.0,0.0,7.2,1.0,96737
30-07-2019,27.6,75.0,0.0,3.7,1.0,96737
01-08-2019,28.0,69.0,0.0,9.6,1.0,96737
02-08-2019,27.1,73.0,0.0,6.4,1.0,96737
03-08-2019,27.1,74.0,0.0,6.9,1.0,96737
05-08-2019,25.9,76.0,0.0,8.6,1.0,96737
06-08-2019,25.8,68.0,0.0,6.4,1.0,96737
07-08-2019,25.8,71.0,0.0,9.6,1.0,96737
08-08-2019,26.1,74.0,0.0,7.0,1.0,96737
09-08-2019,27.2,73.0,0.0,6.4,1.0,96737
10-08-2019,26.4,76.0,0.0,4.5,1.0,96737
11-08-2019,27.8,74.0,0.0,9.5,1.0,96737
12-08-2019,26.9,76.0,0.0,8.0,1.0,96737
13-08-2019,27.3,77.0,0.0,7.4,1.0,96737
14-08-2019,27.2,76.0,0.0,7.4,1.0,96737
15-08-2019,26.9,79.0,0.0,8.1,1.0,96737
16-08-2019,27.6,77.0,0.0,4.8,1.0,96737
17-08-2019,28.3,72.0,0.0,5.6,1.0,96737
18-08-2019,27.2,74.0,0.0,4.6,1.0,96737
19-08-2019,26.7,74.0,0.0,10.6,1.0,96737
20-08-2019,26.4,76.0,0.0,10.2,1.0,96737
21-08-2019,27.3,71.0,0.0,9.0,2.0,96737
23-08-2019,27.5,74.0,0.0,7.7,1.0,96737
26-08-2019,26.9,72.0,0.0,9.3,1.0,96737
27-08-2019,27.3,78.0,0.0,8.8,1.0,96737
29-08-2019,27.3,79.0,1.0,0.4,1.0,96737
30-08-2019,27.6,72.0,0.0,6.4,1.0,96737
31-08-2019,26.5,72.0,0.0,8.5,1.0,96737
01-09-2019,26.9,74.0,0.0,9.8,1.0,96737
02-09-2019,27.2,75.0,0.0,9.5,1.0,96737
03-09-2019,28.2,74.0,0.0,9.0,1.0,96737
04-09-2019,27.6,75.0,0.0,6.7,1.0,96737
05-09-2019,28.3,73.0,0.0,8.2,1.0,96737
06-09-2019,27.0,77.0,0.0,3.5,1.0,96737
07-09-2019,26.8,79.0,0.0,7.0,1.0,96737
08-09-2019,26.9,74.0,0.0,5.0,1.0,96737
09-09-2019,26.8,76.0,0.0,5.5,1.0,96737
10-09-2019,28.8,68.0,0.0,7.9,1.0,96737
11-09-2019,26.7,68.0,0.0,9.4,1.0,96737
12-09-2019,27.1,68.0,0.0,10.3,1.0,96737
13-09-2019,26.8,72.0,0.0,7.7,1.0,96737
14-09-2019,25.9,71.0,0.0,9.8,1.0,96737
15-09-2019,26.1,70.0,0.0,6.8,1.0,96737
16-09-2019,27.7,73.0,0.0,7.9,1.0,96737
17-09-2019,27.9,73.0,0.0,7.7,1.0,96737
18-09-2019,28.3,74.0,0.0,7.2,1.0,96737
19-09-2019,27.8,78.0,0.0,8.7,1.0,96737
20-09-2019,28.0,74.0,0.0,5.8,1.0,96737
21-09-2019,27.8,68.0,0.0,7.3,1.0,96737
22-09-2019,27.5,71.0,0.0,7.1,1.0,96737
23-09-2019,28.2,71.0,0.0,8.8,2.0,96737
24-09-2019,28.8,73.0,0.0,8.8,1.0,96737
25-09-2019,28.2,73.0,0.0,8.2,1.0,96737
26-09-2019,28.7,73.0,0.0,8.0,1.0,96737
27-09-2019,28.6,70.0,0.0,10.0,1.0,96737
28-09-2019,28.7,70.0,0.0,7.8,1.0,96737
29-09-2019,28.0,74.0,0.0,7.5,1.0,96737
30-09-2019,27.5,76.0,0.0,9.0,1.0,96737
01-10-2019,27.7,72.0,0.0,5.0,1.0,96737
02-10-2019,27.8,74.0,0.0,8.3,1.0,96737
03-10-2019,28.5,70.0,0.0,8.5,1.0,96737
04-10-2019,28.8,69.0,0.0,8.3,1.0,96737
05-10-2019,29.3,62.0,0.0,9.1,1.0,96737
06-10-2019,29.0,62.0,0.0,10.0,1.0,96737
07-10-2019,28.2,65.0,0.0,9.6,1.0,96737
08-10-2019,28.8,70.0,0.0,9.3,1.0,96737
09-10-2019,29.3,71.0,0.0,8.6,1.0,96737
10-10-2019,27.5,78.0,0.0,9.5,1.0,96737
11-10-2019,28.6,76.0,11.2,2.6,1.0,96737
12-10-2019,28.3,74.0,0.0,5.3,0.0,96737
13-10-2019,27.9,75.0,0.0,4.6,1.0,96737
14-10-2019,28.3,74.0,0.0,5.3,1.0,96737
15-10-2019,28.8,74.0,0.0,7.1,1.0,96737
16-10-2019,29.0,71.0,0.0,8.2,1.0,96737
17-10-2019,29.3,72.0,0.0,7.2,1.0,96737
18-10-2019,28.5,77.0,0.0,6.3,1.0,96737
19-10-2019,28.8,73.0,0.0,3.4,1.0,96737
20-10-2019,29.0,70.0,0.0,8.2,1.0,96737
21-10-2019,28.9,67.0,0.0,8.2,1.0,96737
22-10-2019,30.4,60.0,0.0,10.4,1.0,96737
23-10-2019,29.4,66.0,0.0,10.4,1.0,96737
24-10-2019,29.1,67.0,0.0,10.0,1.0,96737
25-10-2019,29.2,72.0,0.0,9.3,1.0,96737
26-10-2019,29.0,71.0,0.0,8.5,1.0,96737
28-10-2019,28.2,76.0,0.0,2.8,1.0,96737
30-10-2019,28.3,73.0,0.0,3.5,1.0,96737
31-10-2019,29.0,67.0,0.0,8.5,1.0,96737
02-11-2019,28.3,68.0,0.0,7.9,1.0,96737
04-11-2019,27.8,78.0,0.0,4.6,1.0,96737
05-11-2019,28.6,75.0,17.6,7.2,1.0,96737
06-11-2019,29.0,69.0,4.6,8.3,1.0,96737
07-11-2019,30.4,56.0,0.0,10.2,1.0,96737
08-11-2019,28.5,64.0,0.0,11.0,1.0,96737
09-11-2019,28.8,60.0,0.0,10.2,1.0,96737
10-11-2019,28.9,63.0,0.0,10.5,1.0,96737
11-11-2019,30.6,64.0,0.0,10.2,1.0,96737
12-11-2019,29.9,71.0,0.0,9.5,1.0,96737
13-11-2019,28.4,77.0,0.0,5.1,1.0,96737
14-11-2019,25.2,94.0,22.6,1.5,0.0,96737
15-11-2019,29.3,75.0,22.4,0.0,1.0,96737
16-11-2019,29.1,68.0,0.0,10.4,1.0,96737
17-11-2019,29.2,72.0,0.0,10.0,1.0,96737
18-11-2019,30.0,70.0,0.0,10.5,1.0,96737
19-11-2019,29.8,70.0,0.0,7.6,1.0,96737
20-11-2019,29.5,73.0,0.0,11.3,1.0,96737
22-11-2019,27.1,85.0,1.5,3.6,0.0,96737
23-11-2019,28.3,76.0,4.6,1.3,1.0,96737
24-11-2019,28.6,74.0,0.0,0.8,1.0,96737
25-11-2019,28.3,80.0,0.0,3.7,1.0,96737
27-11-2019,29.1,76.0,0.0,7.2,1.0,96737
28-11-2019,29.9,74.0,0.0,5.5,1.0,96737
29-11-2019,29.6,76.0,1.5,8.1,1.0,96737
01-12-2019,29.6,77.0,25.5,2.4,1.0,96737
02-12-2019,29.4,76.0,0.0,8.6,1.0,96737
03-12-2019,29.2,74.0,0.0,3.8,1.0,96737
04-12-2019,29.0,78.0,10.0,5.9,1.0,96737
05-12-2019,28.9,76.0,3.6,7.8,1.0,96737
07-12-2019,27.0,83.0,21.1,0.5,1.0,96737
08-12-2019,27.7,83.0,6.1,0.7,1.0,96737
09-12-2019,29.3,72.0,0.0,4.5,0.0,96737
10-12-2019,27.3,81.0,0.0,4.2,1.0,96737
11-12-2019,27.1,80.0,0.0,3.6,1.0,96737
12-12-2019,25.7,86.0,1.8,9.0,0.0,96737
13-12-2019,29.1,73.0,2.1,2.6,1.0,96737
14-12-2019,28.5,76.0,0.0,7.0,1.0,96737
15-12-2019,28.2,80.0,0.0,2.8,1.0,96737
16-12-2019,27.8,80.0,0.0,3.1,1.0,96737
17-12-2019,26.7,88.0,0.2,3.0,1.0,96737
18-12-2019,27.6,82.0,5.9,1.0,1.0,96737
19-12-2019,27.8,82.0,3.7,6.5,1.0,96737
20-12-2019,28.5,78.0,0.6,2.3,1.0,96737
21-12-2019,29.0,79.0,0.0,9.0,1.0,96737
22-12-2019,27.9,84.0,8.4,2.4,0.0,96737
23-12-2019,28.4,81.0,26.4,2.8,1.0,96737
25-12-2019,28.1,82.0,0.0,6.5,1.0,96737
26-12-2019,27.5,84.0,0.6,0.0,1.0,96737
27-12-2019,25.9,91.0,0.0,1.0,0.0,96737
28-12-2019,26.4,89.0,26.6,3.0,1.0,96737
29-12-2019,26.1,92.0,31.6,2.0,0.0,96737
30-12-2019,28.1,84.0,4.6,0.0,1.0,96737
31-12-2019,28.3,80.0,0.2,4.0,2.0,96737
02-01-2020,28.0,82.0,17.6,0.0,2.0,96737
03-01-2020,28.2,80.0,2.2,5.0,1.0,96737
04-01-2020,27.9,82.0,14.1,2.2,1.0,96737
05-01-2020,26.9,88.0,4.4,0.7,1.0,96737
06-01-2020,27.8,82.0,23.8,0.0,1.0,96737
07-01-2020,26.7,88.0,4.6,5.5,1.0,96737
08-01-2020,27.0,88.0,3.3,1.3,0.0,96737
09-01-2020,27.6,85.0,25.1,1.0,1.0,96737
10-01-2020,25.2,92.0,55.5,0.1,0.0,96737
11-01-2020,26.8,85.0,8.8,0.0,1.0,96737
12-01-2020,28.4,76.0,1.8,2.4,1.0,96737
13-01-2020,27.6,80.0,0.5,9.9,1.0,96737
14-01-2020,28.7,78.0,10.3,2.8,1.0,96737
15-01-2020,27.6,84.0,6.5,9.6,1.0,96737
16-01-2020,27.1,88.0,4.5,5.2,1.0,96737
17-01-2020,28.4,80.0,9.8,0.2,1.0,96737
18-01-2020,28.1,80.0,0.0,10.1,1.0,96737
19-01-2020,28.2,81.0,0.0,6.8,1.0,96737
20-01-2020,28.5,82.0,0.0,8.5,1.0,96737
22-01-2020,27.3,85.0,12.5,8.2,1.0,96737
23-01-2020,28.9,79.0,1.2,5.1,1.0,96737
24-01-2020,27.0,89.0,10.0,9.1,1.0,96737
25-01-2020,27.2,87.0,26.8,0.0,1.0,96737
26-01-2020,27.3,84.0,6.7,1.5,1.0,96737
27-01-2020,27.5,84.0,36.0,6.0,1.0,96737
28-01-2020,28.2,84.0,4.6,5.8,0.0,96737
29-01-2020,27.4,88.0,10.4,4.8,1.0,96737
30-01-2020,26.3,86.0,66.6,7.3,1.0,96737
31-01-2020,27.0,86.0,0.5,3.1,2.0,96737
01-02-2020,27.2,85.0,22.0,1.5,1.0,96737
02-02-2020,26.9,87.0,24.8,3.9,1.0,96737
03-02-2020,27.2,88.0,48.4,0.6,1.0,96737
05-02-2020,27.7,82.0,0.4,4.0,1.0,96737
06-02-2020,26.8,90.0,7.5,4.4,0.0,96737
07-02-2020,26.2,90.0,2.1,0.0,1.0,96737
08-02-2020,27.9,82.0,9.2,1.3,1.0,96737
09-02-2020,25.9,90.0,12.4,4.8,1.0,96737
10-02-2020,28.6,73.0,0.2,1.7,1.0,96737
13-02-2020,27.4,87.0,0.0,5.8,1.0,96737
14-02-2020,27.5,86.0,10.0,0.1,0.0,96737
15-02-2020,27.7,86.0,1.4,2.4,1.0,96737
16-02-2020,25.6,93.0,17.8,5.0,1.0,96737
17-02-2020,27.9,83.0,4.2,0.5,1.0,96737
18-02-2020,27.0,86.0,23.4,1.9,1.0,96737
19-02-2020,27.9,83.0,0.4,5.4,2.0,96737
20-02-2020,27.5,83.0,27.4,5.9,1.0,96737
21-02-2020,28.0,80.0,26.4,4.5,1.0,96737
22-02-2020,28.4,81.0,0.5,9.0,1.0,96737
23-02-2020,28.0,82.0,6.8,9.0,2.0,96737
24-02-2020,28.8,78.0,0.8,8.1,2.0,96737
25-02-2020,26.7,89.0,16.8,7.3,1.0,96737
27-02-2020,28.3,86.0,33.8,5.4,1.0,96737
28-02-2020,28.1,85.0,1.6,3.4,1.0,96737
01-03-2020,27.2,92.0,30.5,0.0,1.0,96737
02-03-2020,28.0,84.0,3.4,2.2,1.0,96737
03-03-2020,28.2,84.0,0.0,9.3,1.0,96737
04-03-2020,26.1,92.0,0.0,5.7,2.0,96737
05-03-2020,27.1,82.0,15.6,1.3,0.0,96737
06-03-2020,28.9,73.0,0.4,0.3,1.0,96737
07-03-2020,26.3,84.0,27.5,10.0,1.0,96737
08-03-2020,27.1,85.0,0.5,2.1,1.0,96737
10-03-2020,28.9,76.0,0.5,1.8,1.0,96737
11-03-2020,28.6,85.0,4.0,9.2,1.0,96737
12-03-2020,26.3,92.0,29.8,8.8,1.0,96737
13-03-2020,27.2,82.0,25.4,0.5,1.0,96737
15-03-2020,28.8,81.0,0.6,8.0,1.0,96737
16-03-2020,27.8,86.0,2.4,7.1,1.0,96737
17-03-2020,28.0,80.0,0.4,5.8,1.0,96737
18-03-2020,26.3,90.0,14.7,10.0,0.0,96737
19-03-2020,27.5,84.0,0.0,0.0,1.0,96737
20-03-2020,26.6,90.0,1.0,5.6,1.0,96737
21-03-2020,27.5,82.0,18.1,2.8,1.0,96737
22-03-2020,26.1,87.0,54.4,4.6,0.0,96737
23-03-2020,26.9,85.0,13.8,1.1,0.0,96737
24-03-2020,27.7,85.0,2.0,3.4,1.0,96737
25-03-2020,27.9,84.0,0.0,7.4,1.0,96737
28-03-2020,28.1,83.0,42.2,1.2,1.0,96737
31-03-2020,27.9,83.0,0.5,2.4,1.0,96737
01-04-2020,28.5,80.0,0.8,5.1,1.0,96737
02-04-2020,27.5,83.0,0.0,7.9,1.0,96737
03-04-2020,27.7,84.0,3.4,1.9,1.0,96737
04-04-2020,27.2,90.0,0.0,1.8,0.0,96737
05-04-2020,26.2,93.0,7.4,4.5,0.0,96737
06-04-2020,26.9,87.0,47.2,0.6,1.0,96737
08-04-2020,27.8,84.0,0.0,6.7,1.0,96737
09-04-2020,26.6,93.0,39.5,5.6,1.0,96737
10-04-2020,27.6,86.0,7.7,2.5,1.0,96737
11-04-2020,29.4,76.0,1.8,3.8,1.0,96737
13-04-2020,27.5,84.0,0.0,7.4,1.0,96737
14-04-2020,27.8,85.0,7.6,5.6,1.0,96737
15-04-2020,28.6,79.0,0.0,4.2,1.0,96737
16-04-2020,28.6,82.0,0.2,3.1,1.0,96737
18-04-2020,27.1,86.0,3.0,9.5,1.0,96737
19-04-2020,27.4,86.0,0.7,5.6,1.0,96737
20-04-2020,29.1,81.0,0.0,8.5,1.0,96737
21-04-2020,27.2,91.0,0.0,9.2,0.0,96737
22-04-2020,28.1,82.0,48.2,2.6,1.0,96737
24-04-2020,26.4,94.0,0.0,6.8,0.0,96737
25-04-2020,27.8,81.0,18.6,0.2,1.0,96737
26-04-2020,28.1,83.0,0.0,7.5,1.0,96737
27-04-2020,26.5,90.0,2.1,6.1,1.0,96737
28-04-2020,27.7,84.0,13.8,1.3,0.0,96737
30-04-2020,27.3,84.0,0.0,0.7,0.0,96737
01-05-2020,27.9,84.0,0.0,0.1,1.0,96737
02-05-2020,26.7,85.0,21.8,3.8,0.0,96737
04-05-2020,26.6,94.0,8.0,3.8,0.0,96737
05-05-2020,27.8,86.0,15.2,0.3,1.0,96737
07-05-2020,28.5,79.0,5.5,2.1,1.0,96737
08-05-2020,28.3,83.0,0.0,8.7,1.0,96737
11-05-2020,28.4,83.0,17.5,4.8,0.0,96737
12-05-2020,28.3,82.0,3.9,3.5,1.0,96737
13-05-2020,28.0,87.0,26.0,7.8,1.0,96737
14-05-2020,28.9,79.0,0.2,3.5,1.0,96737
15-05-2020,28.7,79.0,0.0,8.0,1.0,96737
16-05-2020,28.8,78.0,0.0,8.6,1.0,96737
18-05-2020,26.5,90.0,4.6,5.5,1.0,96737
19-05-2020,28.0,83.0,53.2,0.5,1.0,96737
20-05-2020,27.9,86.0,0.0,5.3,2.0,96737
21-05-2020,27.9,83.0,24.4,6.3,0.0,96737
22-05-2020,28.4,82.0,0.0,1.5,1.0,96737
23-05-2020,28.0,80.0,3.7,8.8,0.0,96737
24-05-2020,29.1,77.0,0.0,5.5,1.0,96737
25-05-2020,29.6,77.0,0.0,10.1,1.0,96737
26-05-2020,28.3,80.0,0.0,10.0,1.0,96737
28-05-2020,28.4,81.0,0.0,1.3,0.0,96737
29-05-2020,28.9,79.0,0.0,2.8,1.0,96737
30-05-2020,28.9,80.0,0.0,8.1,1.0,96737
31-05-2020,27.4,86.0,0.0,8.1,0.0,96737
01-06-2020,27.3,84.0,0.0,5.0,1.0,96737
02-06-2020,28.3,81.0,4.0,4.7,1.0,96737
03-06-2020,27.9,84.0,3.6,6.2,1.0,96737
05-06-2020,27.3,83.0,0.0,9.0,1.0,96737
06-06-2020,28.0,80.0,0.0,2.2,0.0,96737
07-06-2020,28.3,79.0,0.0,3.3,1.0,96737
08-06-2020,28.5,79.0,0.0,3.7,1.0,96737
09-06-2020,27.4,84.0,6.8,5.6,0.0,96737
10-06-2020,28.7,79.0,0.0,6.0,1.0,96737
11-06-2020,27.4,85.0,0.0,9.5,1.0,96737
12-06-2020,27.5,83.0,12.7,3.3,1.0,96737
13-06-2020,27.8,80.0,0.0,5.3,1.0,96737
14-06-2020,28.6,78.0,0.0,5.3,1.0,96737
15-06-2020,28.0,84.0,0.0,7.3,1.0,96737
16-06-2020,28.7,80.0,9.4,0.0,1.0,96737
18-06-2020,26.9,87.0,0.0,5.2,0.0,96737
19-06-2020,26.9,87.0,17.1,3.6,1.0,96737
20-06-2020,27.6,82.0,4.3,5.0,0.0,96737
21-06-2020,27.7,82.0,0.0,5.2,1.0,96737
22-06-2020,26.8,87.0,4.6,5.2,0.0,96737
23-06-2020,27.0,86.0,17.4,0.0,0.0,96737
24-06-2020,27.6,82.0,0.0,7.1,0.0,96737
25-06-2020,27.6,80.0,0.0,3.8,1.0,96737
26-06-2020,28.1,80.0,0.0,5.5,1.0,96737
27-06-2020,27.3,82.0,0.0,5.7,1.0,96737
28-06-2020,28.4,77.0,0.0,7.2,1.0,96737
29-06-2020,27.9,79.0,0.0,7.4,1.0,96737
30-06-2020,27.9,79.0,0.0,3.9,1.0,96737
01-07-2020,28.1,79.0,0.0,5.6,1.0,96737
02-07-2020,26.3,84.0,0.0,3.4,1.0,96737
03-07-2020,27.6,78.0,0.0,0.0,1.0,96737
05-07-2020,27.8,75.0,0.0,2.6,2.0,96737
06-07-2020,28.0,75.0,0.0,9.5,1.0,96737
07-07-2020,27.7,79.0,1.5,4.5,1.0,96737
08-07-2020,27.1,83.0,0.0,6.1,1.0,96737
09-07-2020,27.1,80.0,5.6,3.5,1.0,96737
10-07-2020,27.3,81.0,0.0,4.0,1.0,96737
12-07-2020,28.2,79.0,0.2,7.7,1.0,96737
14-07-2020,27.4,84.0,0.0,3.9,1.0,96737
15-07-2020,26.8,82.0,5.8,4.0,1.0,96737
19-07-2020,28.2,78.0,0.0,6.1,1.0,96737
20-07-2020,27.7,80.0,0.0,8.1,1.0,96737
21-07-2020,27.7,80.0,2.3,7.8,1.0,96737
22-07-2020,27.8,83.0,15.5,7.8,1.0,96737
23-07-2020,28.2,80.0,0.0,8.8,1.0,96737
24-07-2020,28.2,78.0,0.0,7.3,1.0,96737
25-07-2020,28.1,76.0,0.0,7.8,1.0,96737
26-07-2020,27.0,75.0,0.0,5.1,1.0,96737
27-07-2020,27.0,74.0,0.0,8.8,0.0,96737
28-07-2020,26.7,76.0,0.0,7.8,1.0,96737
29-07-2020,27.0,76.0,0.0,9.2,1.0,96737
30-07-2020,27.1,77.0,0.0,8.6,1.0,96737
31-07-2020,26.6,72.0,0.0,3.0,1.0,96737
01-08-2020,26.1,72.0,0.0,6.3,1.0,96737
02-08-2020,26.2,74.0,0.0,9.5,1.0,96737
03-08-2020,26.8,77.0,0.0,7.8,1.0,96737
05-08-2020,27.9,76.0,0.0,4.5,1.0,96737
06-08-2020,27.9,80.0,0.0,8.1,1.0,96737
07-08-2020,27.7,79.0,0.0,6.2,1.0,96737
08-08-2020,27.9,79.0,0.0,6.5,1.0,96737
09-08-2020,27.4,76.0,0.0,6.1,1.0,96737
11-08-2020,28.0,79.0,0.0,2.2,1.0,96737
14-08-2020,26.5,84.0,24.3,1.5,1.0,96737
15-08-2020,27.5,80.0,0.0,4.2,1.0,96737
16-08-2020,28.0,80.0,0.0,9.5,1.0,96737
17-08-2020,27.5,82.0,1.0,8.8,1.0,96737
18-08-2020,27.8,75.0,0.0,8.2,1.0,96737
19-08-2020,27.7,77.0,0.0,6.1,1.0,96737
21-08-2020,27.7,75.0,3.5,4.9,2.0,96737
22-08-2020,27.6,73.0,0.0,10.2,1.0,96737
24-08-2020,27.6,78.0,0.0,9.4,1.0,96737
25-08-2020,28.0,71.0,0.0,8.3,1.0,96737
26-08-2020,27.6,72.0,0.0,10.2,1.0,96737
27-08-2020,27.6,74.0,0.0,10.1,1.0,96737
28-08-2020,26.7,74.0,0.0,10.1,1.0,96737
29-08-2020,28.3,70.0,0.0,8.7,1.0,96737
30-08-2020,28.1,75.0,0.0,8.7,1.0,96737
31-08-2020,28.6,72.0,0.0,8.3,1.0,96737
01-09-2020,28.1,70.0,0.0,8.5,1.0,96737
03-09-2020,27.9,80.0,0.3,3.7,1.0,96737
04-09-2020,28.3,79.0,0.0,4.2,1.0,96737
06-09-2020,27.4,77.0,0.0,9.3,1.0,96737
08-09-2020,28.0,74.0,0.0,8.1,2.0,96737
09-09-2020,29.4,68.0,0.0,9.6,1.0,96737
10-09-2020,27.3,80.0,0.0,7.3,1.0,96737
11-09-2020,27.6,78.0,8.8,2.8,1.0,96737
13-09-2020,28.2,70.0,0.0,8.7,1.0,96737
14-09-2020,27.2,79.0,0.0,4.5,2.0,96737
28-09-2020,26.9,79.0,0.3,2.0,1.0,96737
30-09-2020,28.4,75.0,0.0,5.2,1.0,96737
01-10-2020,29.2,75.0,0.0,10.5,1.0,96737
02-10-2020,26.8,84.0,0.0,9.2,1.0,96737
03-10-2020,25.5,88.0,7.8,4.0,1.0,96737
04-10-2020,27.1,78.0,3.5,0.6,2.0,96737
05-10-2020,28.6,69.0,0.0,8.1,1.0,96737
06-10-2020,28.4,75.0,0.0,7.0,1.0,96737
07-10-2020,27.8,78.0,0.0,6.0,1.0,96737
08-10-2020,27.4,81.0,0.0,6.1,1.0,96737
09-10-2020,27.4,80.0,0.2,3.2,1.0,96737
10-10-2020,27.7,78.0,0.0,0.1,1.0,96737
11-10-2020,27.3,85.0,0.4,0.6,1.0,96737
12-10-2020,27.9,74.0,0.8,2.2,1.0,96737
13-10-2020,28.6,72.0,0.0,5.0,1.0,96737
14-10-2020,28.7,75.0,0.0,5.3,1.0,96737
15-10-2020,28.6,73.0,0.0,5.7,1.0,96737
16-10-2020,28.2,77.0,0.0,4.2,1.0,96737
17-10-2020,28.5,76.0,1.6,4.0,1.0,96737
19-10-2020,28.0,75.0,0.0,8.0,1.0,96737
20-10-2020,28.3,78.0,0.0,5.6,1.0,96737
22-10-2020,27.1,82.0,7.3,2.8,2.0,96737
23-10-2020,28.8,71.0,0.6,0.6,2.0,96737
24-10-2020,28.0,77.0,0.0,7.8,1.0,96737
25-10-2020,27.8,81.0,5.4,5.0,1.0,96737
26-10-2020,25.8,90.0,0.0,4.2,1.0,96737
27-10-2020,27.8,79.0,15.8,3.6,1.0,96737
28-10-2020,27.7,80.0,0.0,0.6,1.0,96737
29-10-2020,28.8,76.0,2.3,7.1,1.0,96737
30-10-2020,27.1,86.0,0.4,7.5,1.0,96737
31-10-2020,25.8,90.0,16.0,1.6,0.0,96737
01-11-2020,26.3,88.0,1.2,1.0,2.0,96737
02-11-2020,26.6,84.0,11.5,3.6,1.0,96737
04-11-2020,27.2,82.0,0.0,6.2,0.0,96737
05-11-2020,26.0,83.0,20.6,4.4,0.0,96737
06-11-2020,26.3,87.0,6.1,0.0,1.0,96737
07-11-2020,27.3,80.0,0.1,2.7,1.0,96737
08-11-2020,28.9,75.0,0.0,4.8,1.0,96737
09-11-2020,28.4,76.0,0.0,7.0,1.0,96737
10-11-2020,27.6,82.0,0.0,7.7,0.0,96737
11-11-2020,28.5,76.0,0.4,3.5,1.0,96737
12-11-2020,28.0,84.0,0.4,8.5,1.0,96737
13-11-2020,29.8,74.0,0.7,3.7,1.0,96737
14-11-2020,29.2,80.0,15.2,10.6,1.0,96737
16-11-2020,28.7,80.0,0.1,5.0,1.0,96737
17-11-2020,27.8,84.0,2.1,3.3,1.0,96737
18-11-2020,28.2,80.0,0.0,4.6,1.0,96737
19-11-2020,29.0,75.0,0.0,4.9,1.0,96737
20-11-2020,27.0,89.0,0.0,9.6,1.0,96737
21-11-2020,28.4,79.0,19.2,2.8,1.0,96737
22-11-2020,27.5,83.0,0.0,10.2,1.0,96737
23-11-2020,26.8,86.0,1.2,2.5,1.0,96737
24-11-2020,27.4,79.0,39.0,0.0,1.0,96737
25-11-2020,29.4,71.0,0.0,0.8,1.0,96737
26-11-2020,28.9,72.0,0.0,5.1,1.0,96737
27-11-2020,28.3,75.0,0.0,9.2,1.0,96737
28-11-2020,27.9,74.0,0.0,2.4,2.0,96737
30-11-2020,26.3,85.0,13.3,1.3,1.0,96737
01-12-2020,27.3,80.0,9.6,0.0,2.0,96737
02-12-2020,29.5,69.0,0.0,7.0,2.0,96737
03-12-2020,25.6,88.0,94.0,10.5,1.0,96737
05-12-2020,27.2,78.0,0.3,7.3,2.0,96737
06-12-2020,27.5,79.0,15.7,3.9,3.0,96737
07-12-2020,25.8,88.0,25.6,0.0,3.0,96737
08-12-2020,27.8,82.0,5.7,0.0,2.0,96737
09-12-2020,28.9,72.0,23.1,5.6,3.0,96737
10-12-2020,27.9,78.0,2.7,7.3,1.0,96737
11-12-2020,27.2,82.0,0.6,5.7,1.0,96737
12-12-2020,26.9,79.0,1.7,3.8,2.0,96737
13-12-2020,27.4,78.0,0.3,3.0,2.0,96737
16-12-2020,26.9,82.0,10.0,6.3,2.0,96737
17-12-2020,26.9,83.0,1.2,0.0,2.0,96737
18-12-2020,25.6,89.0,13.4,3.5,1.0,96737
19-12-2020,26.5,86.0,3.6,0.4,1.0,96737
20-12-2020,25.5,89.0,8.3,1.8,2.0,96737
21-12-2020,26.3,87.0,15.3,3.0,1.0,96737
22-12-2020,26.3,85.0,6.3,1.3,0.0,96737
23-12-2020,27.1,79.0,2.0,0.5,1.0,96737
25-12-2020,28.4,75.0,2.6,1.0,1.0,96737
26-12-2020,26.5,81.0,7.7,5.0,1.0,96737
28-12-2020,27.7,79.0,2.4,6.2,2.0,96737
29-12-2020,27.0,80.0,0.4,4.6,1.0,96737
30-12-2020,26.7,82.0,3.4,0.7,2.0,96737
31-12-2020,27.2,80.0,1.5,2.8,1.0,96737
01-01-2010,28.8,75.0,0.0,3.4,4.0,96741
02-01-2010,28.3,71.0,19.1,5.9,3.0,96741
03-01-2010,29.1,74.0,0.0,3.0,4.0,96741
04-01-2010,30.1,69.0,0.0,8.0,7.0,96741
05-01-2010,29.1,70.0,0.1,2.0,6.0,96741
06-01-2010,29.4,71.0,0.0,5.2,4.0,96741
07-01-2010,28.5,72.0,1.0,5.6,3.0,96741
08-01-2010,27.1,86.0,4.9,0.1,2.0,96741
09-01-2010,27.2,84.0,54.4,0.0,2.0,96741
11-01-2010,28.0,84.0,9.2,2.1,4.0,96741
12-01-2010,27.3,84.0,0.9,0.0,4.0,96741
13-01-2010,27.0,83.0,25.5,0.0,5.0,96741
14-01-2010,25.9,80.0,69.6,3.5,3.0,96741
15-01-2010,25.3,86.0,41.5,1.0,3.0,96741
16-01-2010,26.0,89.0,32.8,0.0,5.0,96741
17-01-2010,25.8,91.0,60.9,0.0,4.0,96741
18-01-2010,27.6,84.0,75.2,4.0,3.0,96741
19-01-2010,26.2,90.0,1.4,1.2,3.0,96741
20-01-2010,26.3,88.0,11.3,0.0,2.0,96741
21-01-2010,28.3,78.0,82.4,3.2,3.0,96741
22-01-2010,27.0,83.0,0.0,6.7,4.0,96741
23-01-2010,28.1,83.0,0.0,3.5,2.0,96741
24-01-2010,28.4,79.0,0.0,7.7,2.0,96741
25-01-2010,28.2,80.0,23.7,2.7,3.0,96741
26-01-2010,27.2,88.0,11.1,1.2,2.0,96741
27-01-2010,27.8,81.0,7.8,8.0,2.0,96741
28-01-2010,28.5,82.0,0.0,7.6,4.0,96741
29-01-2010,28.7,80.0,4.6,7.0,3.0,96741
30-01-2010,28.8,81.0,28.0,7.2,3.0,96741
31-01-2010,26.6,86.0,6.5,1.0,2.0,96741
01-02-2010,27.2,84.0,0.0,5.1,2.0,96741
02-02-2010,27.2,83.0,16.5,1.5,3.0,96741
03-02-2010,28.4,78.0,0.0,5.8,2.0,96741
04-02-2010,27.6,82.0,7.1,8.0,3.0,96741
05-02-2010,28.7,79.0,2.6,5.8,2.0,96741
06-02-2010,27.4,80.0,48.0,4.2,1.0,96741
07-02-2010,28.1,78.0,0.0,8.0,2.0,96741
08-02-2010,28.3,80.0,0.0,7.0,2.0,96741
09-02-2010,29.3,75.0,28.7,8.0,3.0,96741
10-02-2010,29.1,76.0,3.1,8.0,3.0,96741
11-02-2010,28.6,79.0,5.5,8.0,1.0,96741
12-02-2010,28.9,79.0,70.4,6.0,3.0,96741
13-02-2010,25.6,96.0,2.8,0.0,0.0,96741
14-02-2010,26.8,86.0,0.0,1.0,2.0,96741
15-02-2010,28.0,78.0,0.0,7.7,3.0,96741
16-02-2010,28.9,77.0,5.3,8.0,3.0,96741
17-02-2010,28.6,78.0,88.3,7.8,2.0,96741
18-02-2010,28.0,84.0,3.7,4.5,4.0,96741
19-02-2010,26.5,87.0,46.0,0.3,2.0,96741
20-02-2010,26.9,86.0,19.2,3.0,2.0,96741
21-02-2010,28.0,83.0,0.0,8.0,3.0,96741
22-02-2010,28.2,80.0,1.7,5.0,3.0,96741
23-02-2010,28.9,77.0,2.0,4.0,2.0,96741
24-02-2010,27.8,84.0,2.0,3.5,2.0,96741
25-02-2010,27.4,84.0,0.0,0.7,2.0,96741
26-02-2010,28.7,78.0,0.0,8.0,1.0,96741
27-02-2010,29.9,74.0,0.0,8.0,2.0,96741
28-02-2010,29.7,74.0,0.0,4.5,2.0,96741
01-03-2010,28.0,82.0,52.9,4.6,1.0,96741
02-03-2010,28.9,79.0,0.0,8.0,2.0,96741
03-03-2010,29.1,74.0,0.0,7.8,2.0,96741
04-03-2010,29.4,74.0,0.0,7.8,3.0,96741
05-03-2010,27.5,86.0,10.5,0.0,1.0,96741
06-03-2010,28.4,81.0,0.0,7.5,2.0,96741
07-03-2010,29.5,75.0,0.0,8.0,1.0,96741
08-03-2010,29.2,74.0,0.0,5.8,3.0,96741
09-03-2010,29.2,76.0,3.6,4.5,2.0,96741
10-03-2010,28.1,79.0,5.9,0.0,3.0,96741
11-03-2010,27.7,80.0,30.7,4.1,3.0,96741
12-03-2010,28.0,80.0,0.0,6.2,2.0,96741
13-03-2010,29.1,75.0,0.0,8.0,2.0,96741
14-03-2010,29.3,74.0,0.0,8.0,2.0,96741
15-03-2010,29.2,72.0,0.0,7.4,2.0,96741
16-03-2010,28.9,77.0,2.6,4.6,2.0,96741
17-03-2010,27.4,82.0,0.6,3.4,3.0,96741
18-03-2010,28.8,76.0,0.0,7.8,2.0,96741
19-03-2010,28.7,78.0,0.0,4.0,2.0,96741
21-03-2010,29.3,77.0,0.0,3.4,3.0,96741
22-03-2010,30.0,77.0,0.0,8.0,3.0,96741
23-03-2010,29.2,75.0,0.0,6.2,3.0,96741
24-03-2010,29.5,74.0,0.0,7.8,3.0,96741
25-03-2010,29.9,72.0,22.6,8.0,2.0,96741
26-03-2010,28.1,83.0,0.0,0.8,2.0,96741
28-03-2010,28.7,83.0,21.6,1.6,2.0,96741
29-03-2010,27.6,82.0,14.0,5.2,3.0,96741
30-03-2010,26.0,90.0,5.5,1.0,2.0,96741
31-03-2010,28.6,75.0,5.5,6.8,2.0,96741
01-04-2010,29.5,74.0,0.0,8.0,2.0,96741
02-04-2010,28.4,76.0,13.7,7.6,2.0,96741
03-04-2010,28.8,75.0,0.0,3.6,3.0,96741
04-04-2010,29.4,75.0,0.0,3.3,3.0,96741
05-04-2010,28.2,76.0,3.5,7.0,2.0,96741
06-04-2010,29.0,73.0,0.0,8.0,2.0,96741
07-04-2010,29.8,74.0,0.2,5.5,3.0,96741
08-04-2010,29.1,79.0,1.0,1.4,2.0,96741
09-04-2010,29.9,76.0,0.0,0.0,3.0,96741
10-04-2010,29.4,75.0,0.0,8.0,3.0,96741
11-04-2010,29.5,71.0,0.0,1.5,2.0,96741
12-04-2010,29.3,75.0,0.0,8.0,2.0,96741
13-04-2010,29.9,73.0,0.0,7.4,2.0,96741
14-04-2010,29.9,74.0,0.0,1.0,2.0,96741
15-04-2010,30.4,75.0,0.0,1.8,4.0,96741
16-04-2010,28.5,70.0,2.7,0.0,5.0,96741
17-04-2010,29.3,76.0,0.0,3.0,3.0,96741
18-04-2010,29.7,68.0,0.0,0.7,3.0,96741
19-04-2010,30.0,72.0,0.0,5.5,4.0,96741
20-04-2010,29.8,70.0,0.0,3.9,4.0,96741
21-04-2010,30.2,70.0,0.0,6.5,3.0,96741
22-04-2010,30.2,72.0,0.0,2.8,3.0,96741
23-04-2010,30.1,75.0,0.0,4.7,4.0,96741
24-04-2010,30.2,72.0,0.0,1.5,2.0,96741
25-04-2010,29.9,70.0,0.0,4.5,2.0,96741
26-04-2010,29.9,72.0,0.0,8.0,3.0,96741
27-04-2010,29.7,73.0,0.0,5.2,3.0,96741
28-04-2010,29.7,71.0,0.0,7.7,3.0,96741
29-04-2010,30.3,71.0,0.0,6.2,2.0,96741
30-04-2010,30.2,73.0,0.0,7.7,3.0,96741
01-05-2010,30.7,72.0,0.0,7.2,3.0,96741
02-05-2010,29.8,77.0,1.5,5.2,2.0,96741
03-05-2010,30.6,70.0,0.0,7.9,3.0,96741
04-05-2010,29.0,78.0,1.5,4.8,4.0,96741
05-05-2010,28.7,78.0,0.0,1.0,3.0,96741
06-05-2010,29.7,73.0,0.0,6.6,3.0,96741
07-05-2010,30.2,74.0,0.0,7.7,3.0,96741
08-05-2010,28.8,81.0,0.0,1.0,3.0,96741
09-05-2010,29.8,73.0,1.3,7.7,2.0,96741
10-05-2010,27.9,78.0,20.0,2.0,2.0,96741
11-05-2010,28.4,80.0,0.0,7.2,1.0,96741
12-05-2010,29.0,74.0,0.0,4.2,3.0,96741
13-05-2010,27.9,84.0,3.8,3.5,2.0,96741
14-05-2010,27.8,80.0,0.0,5.3,2.0,96741
15-05-2010,29.1,75.0,0.0,7.5,2.0,96741
16-05-2010,27.1,90.0,11.0,1.7,2.0,96741
17-05-2010,28.6,78.0,0.0,5.8,2.0,96741
18-05-2010,29.9,73.0,1.2,7.2,2.0,96741
19-05-2010,30.8,72.0,4.2,7.0,2.0,96741
20-05-2010,28.2,82.0,0.0,2.9,2.0,96741
21-05-2010,29.4,72.0,0.0,7.7,2.0,96741
22-05-2010,29.8,71.0,85.2,6.8,2.0,96741
23-05-2010,29.2,79.0,3.4,6.5,1.0,96741
24-05-2010,29.4,76.0,0.0,3.5,2.0,96741
25-05-2010,29.3,77.0,0.0,7.8,2.0,96741
26-05-2010,29.4,74.0,0.0,7.9,2.0,96741
27-05-2010,28.8,74.0,0.0,0.6,2.0,96741
28-05-2010,29.3,74.0,0.0,5.5,3.0,96741
29-05-2010,30.0,72.0,0.0,6.5,2.0,96741
30-05-2010,29.9,72.0,0.0,6.9,2.0,96741
31-05-2010,29.9,73.0,1.0,6.0,2.0,96741
01-06-2010,29.3,78.0,43.0,7.1,2.0,96741
02-06-2010,28.9,80.0,0.0,6.0,1.0,96741
03-06-2010,30.0,76.0,0.0,7.7,2.0,96741
04-06-2010,29.2,77.0,50.0,0.7,2.0,96741
05-06-2010,28.0,80.0,0.4,6.2,2.0,96741
06-06-2010,28.2,83.0,0.2,2.0,2.0,96741
07-06-2010,28.8,78.0,0.0,3.0,2.0,96741
08-06-2010,27.6,81.0,2.6,0.0,2.0,96741
09-06-2010,28.0,74.0,0.0,5.0,2.0,96741
10-06-2010,28.8,77.0,0.0,0.5,3.0,96741
11-06-2010,29.3,76.0,0.0,6.4,3.0,96741
12-06-2010,28.8,76.0,0.0,2.7,2.0,96741
13-06-2010,29.3,75.0,0.0,7.7,3.0,96741
14-06-2010,29.6,74.0,0.0,2.7,3.0,96741
15-06-2010,28.9,74.0,0.0,6.3,2.0,96741
16-06-2010,26.2,85.0,10.2,0.0,0.0,96741
17-06-2010,27.5,81.0,0.0,0.2,2.0,96741
18-06-2010,28.2,78.0,4.3,2.9,2.0,96741
19-06-2010,27.2,84.0,0.8,4.2,3.0,96741
20-06-2010,28.4,78.0,0.0,4.0,4.0,96741
21-06-2010,29.1,75.0,0.0,7.5,3.0,96741
22-06-2010,28.9,71.0,0.0,7.0,3.0,96741
23-06-2010,28.1,71.0,9.2,4.2,2.0,96741
24-06-2010,27.5,84.0,44.0,2.7,2.0,96741
25-06-2010,27.1,82.0,1.0,4.1,2.0,96741
26-06-2010,28.3,80.0,0.0,4.0,2.0,96741
27-06-2010,28.3,76.0,0.0,7.6,2.0,96741
28-06-2010,28.2,80.0,0.0,0.4,2.0,96741
29-06-2010,27.3,85.0,7.0,3.2,3.0,96741
30-06-2010,28.3,78.0,0.0,5.0,3.0,96741
01-07-2010,28.6,75.0,0.0,5.3,3.0,96741
02-07-2010,29.1,72.0,0.0,6.7,3.0,96741
03-07-2010,27.7,80.0,2.5,0.0,2.0,96741
04-07-2010,28.6,74.0,0.0,7.4,2.0,96741
05-07-2010,28.5,74.0,0.0,4.0,2.0,96741
06-07-2010,29.1,77.0,0.0,6.0,2.0,96741
07-07-2010,28.8,80.0,10.1,4.0,2.0,96741
08-07-2010,28.0,81.0,0.0,7.0,3.0,96741
09-07-2010,28.8,71.0,0.0,7.7,2.0,96741
10-07-2010,28.4,76.0,0.3,4.5,3.0,96741
11-07-2010,28.7,77.0,0.0,4.9,2.0,96741
12-07-2010,29.2,75.0,1.1,7.5,3.0,96741
13-07-2010,28.2,78.0,4.0,3.7,3.0,96741
14-07-2010,28.1,78.0,0.0,3.5,2.0,96741
15-07-2010,28.5,73.0,2.0,3.6,3.0,96741
16-07-2010,27.0,83.0,5.5,0.0,2.0,96741
17-07-2010,27.9,81.0,3.8,0.0,2.0,96741
18-07-2010,27.3,84.0,2.4,0.0,1.0,96741
19-07-2010,27.4,82.0,7.5,0.0,2.0,96741
20-07-2010,27.9,77.0,9.2,8.0,2.0,96741
21-07-2010,28.8,78.0,0.0,7.2,3.0,96741
22-07-2010,28.6,73.0,0.0,7.0,2.0,96741
23-07-2010,29.0,71.0,0.0,7.0,2.0,96741
24-07-2010,28.3,68.0,0.0,7.6,2.0,96741
25-07-2010,28.9,68.0,2.5,1.8,3.0,96741
26-07-2010,28.7,76.0,3.0,6.6,3.0,96741
27-07-2010,25.8,91.0,28.5,0.0,2.0,96741
28-07-2010,27.3,80.0,1.2,1.7,2.0,96741
29-07-2010,28.3,78.0,2.5,5.5,3.0,96741
30-07-2010,29.2,73.0,0.0,8.0,3.0,96741
31-07-2010,29.0,74.0,0.0,7.9,3.0,96741
01-08-2010,28.5,72.0,0.0,7.8,2.0,96741
02-08-2010,28.9,72.0,0.0,7.3,2.0,96741
03-08-2010,29.0,69.0,0.0,7.9,2.0,96741
04-08-2010,29.2,73.0,1.2,4.0,2.0,96741
05-08-2010,28.8,76.0,0.0,5.4,2.0,96741
06-08-2010,29.0,73.0,18.0,2.8,3.0,96741
07-08-2010,27.3,77.0,0.0,6.3,2.0,96741
08-08-2010,28.4,72.0,0.0,7.0,2.0,96741
09-08-2010,28.3,75.0,0.0,5.4,2.0,96741
10-08-2010,29.1,73.0,0.0,7.4,3.0,96741
11-08-2010,29.2,72.0,0.0,7.9,4.0,96741
12-08-2010,29.2,72.0,0.0,0.5,3.0,96741
13-08-2010,28.9,76.0,1.7,5.4,4.0,96741
14-08-2010,29.0,72.0,1.5,7.2,3.0,96741
15-08-2010,28.7,78.0,0.0,2.2,2.0,96741
16-08-2010,28.9,75.0,13.0,7.0,2.0,96741
17-08-2010,28.0,78.0,0.0,8.0,2.0,96741
18-08-2010,28.5,74.0,10.3,5.3,2.0,96741
19-08-2010,28.9,70.0,0.0,6.2,2.0,96741
20-08-2010,28.8,72.0,0.0,8.0,2.0,96741
21-08-2010,29.0,73.0,18.6,1.4,2.0,96741
22-08-2010,27.6,76.0,0.0,4.5,2.0,96741
23-08-2010,29.1,71.0,0.0,4.3,3.0,96741
24-08-2010,28.0,76.0,2.9,1.7,2.0,96741
25-08-2010,28.6,76.0,0.0,6.5,2.0,96741
26-08-2010,29.5,72.0,0.0,8.0,3.0,96741
28-08-2010,28.2,72.0,0.0,5.6,2.0,96741
29-08-2010,29.4,69.0,0.0,8.0,3.0,96741
30-08-2010,29.7,68.0,0.0,8.0,3.0,96741
31-08-2010,29.5,70.0,0.0,8.0,3.0,96741
01-09-2010,29.6,72.0,0.0,8.0,3.0,96741
02-09-2010,29.4,73.0,1.2,8.0,2.0,96741
03-09-2010,29.1,71.0,0.0,6.5,2.0,96741
04-09-2010,29.1,73.0,0.0,8.0,2.0,96741
05-09-2010,28.1,78.0,1.3,0.4,2.0,96741
06-09-2010,26.1,88.0,56.1,0.0,2.0,96741
07-09-2010,27.0,84.0,0.8,4.3,2.0,96741
08-09-2010,26.4,84.0,3.6,1.2,2.0,96741
09-09-2010,26.5,85.0,39.3,5.0,2.0,96741
10-09-2010,27.3,80.0,0.0,6.5,2.0,96741
11-09-2010,27.5,79.0,1.2,7.7,2.0,96741
12-09-2010,28.6,74.0,4.6,6.1,2.0,96741
13-09-2010,27.3,81.0,0.5,7.2,2.0,96741
14-09-2010,28.3,76.0,0.0,8.0,3.0,96741
15-09-2010,27.2,81.0,2.1,2.2,2.0,96741
17-09-2010,27.4,80.0,0.0,2.1,1.0,96741
18-09-2010,28.2,75.0,0.0,5.6,2.0,96741
19-09-2010,28.7,81.0,1.0,6.3,2.0,96741
20-09-2010,29.1,77.0,0.0,6.8,2.0,96741
21-09-2010,27.9,82.0,55.2,3.5,2.0,96741
22-09-2010,26.6,89.0,1.8,2.7,1.0,96741
23-09-2010,27.3,81.0,5.3,6.6,2.0,96741
24-09-2010,27.5,82.0,0.0,3.0,2.0,96741
25-09-2010,28.1,78.0,3.9,2.2,4.0,96741
26-09-2010,27.4,81.0,0.0,5.0,2.0,96741
27-09-2010,27.7,79.0,17.0,4.0,2.0,96741
28-09-2010,27.9,79.0,0.0,8.0,2.0,96741
29-09-2010,28.9,73.0,0.0,8.0,2.0,96741
30-09-2010,29.0,76.0,0.0,7.9,2.0,96741
01-10-2010,29.5,70.0,0.0,8.0,2.0,96741
03-10-2010,26.4,86.0,52.0,0.0,2.0,96741
04-10-2010,27.2,83.0,1.0,2.2,2.0,96741
05-10-2010,27.4,87.0,1.5,0.0,1.0,96741
06-10-2010,27.2,88.0,37.2,3.6,2.0,96741
07-10-2010,28.1,80.0,0.0,4.1,2.0,96741
08-10-2010,27.7,80.0,8.0,4.1,2.0,96741
09-10-2010,27.0,81.0,4.0,4.8,2.0,96741
10-10-2010,28.4,70.0,0.0,8.0,2.0,96741
11-10-2010,28.5,62.0,0.0,8.0,2.0,96741
12-10-2010,29.2,66.0,0.0,8.0,3.0,96741
13-10-2010,28.0,80.0,6.6,2.0,2.0,96741
14-10-2010,27.6,82.0,9.3,6.6,2.0,96741
15-10-2010,28.8,73.0,0.0,7.1,2.0,96741
16-10-2010,28.9,70.0,0.0,4.5,3.0,96741
18-10-2010,28.7,74.0,0.0,4.4,3.0,96741
19-10-2010,28.8,72.0,0.0,6.6,2.0,96741
20-10-2010,28.8,75.0,0.0,1.5,3.0,96741
21-10-2010,27.2,78.0,27.8,6.2,2.0,96741
22-10-2010,27.1,81.0,10.8,8.0,2.0,96741
23-10-2010,28.0,80.0,3.5,5.5,1.0,96741
24-10-2010,27.7,80.0,0.0,1.4,2.0,96741
25-10-2010,27.4,81.0,50.6,4.9,2.0,96741
26-10-2010,27.1,82.0,6.1,3.0,2.0,96741
27-10-2010,28.2,75.0,0.0,3.6,2.0,96741
28-10-2010,27.9,78.0,0.0,0.5,2.0,96741
29-10-2010,28.4,76.0,1.4,1.1,1.0,96741
30-10-2010,27.9,80.0,0.0,3.0,2.0,96741
31-10-2010,28.9,68.0,0.0,2.9,3.0,96741
01-11-2010,30.4,62.0,0.0,2.7,3.0,96741
02-11-2010,30.2,64.0,0.0,6.6,3.0,96741
04-11-2010,28.1,78.0,3.9,0.0,3.0,96741
05-11-2010,29.0,71.0,0.0,0.3,2.0,96741
06-11-2010,28.4,72.0,41.0,3.8,3.0,96741
07-11-2010,27.9,76.0,0.0,0.4,4.0,96741
08-11-2010,28.6,70.0,0.0,0.9,4.0,96741
09-11-2010,28.4,76.0,11.7,2.7,2.0,96741
10-11-2010,28.5,78.0,0.0,2.4,3.0,96741
11-11-2010,28.9,77.0,1.0,2.3,3.0,96741
12-11-2010,28.0,78.0,15.3,4.8,3.0,96741
13-11-2010,27.1,82.0,2.5,1.1,2.0,96741
14-11-2010,27.9,84.0,0.0,1.8,2.0,96741
15-11-2010,28.6,78.0,0.0,4.7,2.0,96741
16-11-2010,27.5,82.0,9.0,0.5,2.0,96741
17-11-2010,28.2,81.0,0.0,2.4,2.0,96741
18-11-2010,29.3,74.0,0.0,7.5,2.0,96741
19-11-2010,29.5,72.0,0.0,4.4,2.0,96741
20-11-2010,29.3,73.0,0.0,4.6,2.0,96741
21-11-2010,28.8,72.0,0.0,5.0,2.0,96741
23-11-2010,27.9,82.0,12.4,0.2,2.0,96741
24-11-2010,29.2,74.0,8.0,4.4,2.0,96741
25-11-2010,27.8,80.0,2.0,0.0,2.0,96741
26-11-2010,27.9,80.0,1.1,2.3,2.0,96741
28-11-2010,28.1,78.0,0.0,6.0,2.0,96741
29-11-2010,29.0,75.0,29.8,8.0,3.0,96741
30-11-2010,28.5,75.0,0.0,2.4,4.0,96741
01-12-2010,27.9,80.0,0.0,4.3,4.0,96741
02-12-2010,28.0,77.0,69.3,0.0,2.0,96741
03-12-2010,26.8,85.0,3.2,6.0,3.0,96741
04-12-2010,28.2,77.0,0.2,2.4,3.0,96741
05-12-2010,27.5,83.0,8.9,0.7,4.0,96741
06-12-2010,27.9,79.0,6.7,1.8,4.0,96741
07-12-2010,27.4,79.0,0.0,0.9,5.0,96741
08-12-2010,28.1,72.0,3.1,2.7,4.0,96741
09-12-2010,28.5,68.0,1.6,0.0,4.0,96741
10-12-2010,27.8,74.0,0.7,0.1,5.0,96741
11-12-2010,26.3,84.0,2.7,0.0,3.0,96741
12-12-2010,27.7,76.0,1.4,2.2,3.0,96741
13-12-2010,28.8,76.0,0.0,2.9,2.0,96741
14-12-2010,27.7,84.0,22.5,0.0,2.0,96741
15-12-2010,27.5,83.0,5.0,6.2,3.0,96741
16-12-2010,27.7,74.0,0.0,5.7,5.0,96741
17-12-2010,27.3,80.0,10.0,1.7,3.0,96741
18-12-2010,27.6,75.0,2.5,7.1,4.0,96741
19-12-2010,28.1,75.0,1.0,4.2,4.0,96741
20-12-2010,27.8,77.0,0.0,0.7,4.0,96741
21-12-2010,28.0,73.0,2.7,1.7,4.0,96741
22-12-2010,27.8,75.0,0.0,0.0,3.0,96741
23-12-2010,27.2,80.0,1.2,0.2,3.0,96741
24-12-2010,28.2,77.0,0.0,8.0,2.0,96741
25-12-2010,28.6,75.0,0.0,4.0,3.0,96741
26-12-2010,27.4,78.0,1.2,2.4,4.0,96741
27-12-2010,27.9,76.0,3.4,1.4,3.0,96741
28-12-2010,26.1,85.0,7.7,5.3,3.0,96741
29-12-2010,27.8,74.0,0.0,1.1,3.0,96741
30-12-2010,28.9,73.0,0.0,5.8,4.0,96741
31-12-2010,28.6,73.0,0.0,2.6,4.0,96741
01-01-2011,28.3,77.0,1.0,0.0,4.0,96741
02-01-2011,27.4,82.0,3.3,1.0,3.0,96741
03-01-2011,26.7,83.0,8.0,0.9,4.0,96741
04-01-2011,28.1,75.0,0.0,4.5,2.0,96741
05-01-2011,28.0,80.0,13.4,1.4,2.0,96741
06-01-2011,27.7,80.0,18.0,6.3,2.0,96741
07-01-2011,26.8,80.0,0.0,0.1,2.0,96741
08-01-2011,26.6,82.0,31.1,0.0,2.0,96741
09-01-2011,26.7,87.0,15.3,0.4,4.0,96741
10-01-2011,27.1,78.0,10.8,2.4,4.0,96741
11-01-2011,28.2,77.0,4.9,3.1,5.0,96741
12-01-2011,27.9,76.0,13.5,1.7,3.0,96741
13-01-2011,28.1,76.0,0.0,2.3,4.0,96741
14-01-2011,27.9,78.0,0.0,0.0,3.0,96741
15-01-2011,26.9,80.0,10.0,1.1,5.0,96741
16-01-2011,25.8,82.0,6.2,0.0,3.0,96741
17-01-2011,27.7,80.0,20.3,0.0,3.0,96741
18-01-2011,27.3,81.0,30.9,0.0,2.0,96741
19-01-2011,26.0,84.0,4.6,0.0,2.0,96741
20-01-2011,26.8,77.0,12.1,0.0,2.0,96741
21-01-2011,25.3,92.0,31.1,0.0,1.0,96741
22-01-2011,27.0,84.0,6.4,0.0,2.0,96741
24-01-2011,27.2,83.0,4.0,0.0,3.0,96741
25-01-2011,27.4,79.0,0.0,0.7,3.0,96741
26-01-2011,27.7,77.0,3.5,5.0,2.0,96741
27-01-2011,28.3,77.0,1.3,8.0,3.0,96741
28-01-2011,27.6,80.0,6.3,7.0,3.0,96741
29-01-2011,27.0,82.0,2.4,2.6,3.0,96741
30-01-2011,27.1,79.0,0.0,4.1,4.0,96741
31-01-2011,28.8,73.0,0.0,2.7,4.0,96741
01-02-2011,27.8,78.0,1.0,0.6,3.0,96741
02-02-2011,27.6,80.0,3.0,2.2,3.0,96741
03-02-2011,27.1,83.0,15.7,0.4,4.0,96741
04-02-2011,26.2,86.0,18.6,1.0,3.0,96741
05-02-2011,26.5,83.0,21.3,2.0,3.0,96741
06-02-2011,26.8,85.0,8.4,1.3,3.0,96741
07-02-2011,26.7,85.0,0.0,4.6,3.0,96741
08-02-2011,27.5,80.0,0.6,1.6,3.0,96741
09-02-2011,28.8,75.0,0.0,8.0,3.0,96741
10-02-2011,28.0,68.0,0.0,8.0,2.0,96741
11-02-2011,28.9,76.0,0.0,7.7,2.0,96741
12-02-2011,28.2,76.0,0.0,7.0,2.0,96741
13-02-2011,28.4,77.0,1.6,3.8,3.0,96741
14-02-2011,26.7,87.0,58.1,0.0,2.0,96741
15-02-2011,26.4,86.0,0.0,0.2,2.0,96741
16-02-2011,28.3,80.0,2.9,7.9,3.0,96741
17-02-2011,27.6,80.0,0.0,6.0,3.0,96741
18-02-2011,28.5,76.0,3.0,7.5,3.0,96741
19-02-2011,27.2,82.0,0.8,4.9,3.0,96741
20-02-2011,28.9,76.0,0.6,8.0,3.0,96741
21-02-2011,28.8,78.0,0.0,7.4,3.0,96741
22-02-2011,29.0,75.0,0.0,4.0,3.0,96741
23-02-2011,28.4,74.0,0.0,4.8,3.0,96741
24-02-2011,28.7,71.0,1.2,5.3,3.0,96741
25-02-2011,27.7,81.0,2.5,2.8,3.0,96741
26-02-2011,26.9,83.0,7.0,0.2,3.0,96741
27-02-2011,26.3,85.0,26.7,0.9,2.0,96741
28-02-2011,25.3,89.0,10.5,0.0,4.0,96741
01-03-2011,26.6,78.0,0.3,0.7,4.0,96741
02-03-2011,27.8,78.0,0.0,5.9,4.0,96741
03-03-2011,27.7,78.0,7.6,3.3,3.0,96741
04-03-2011,26.9,83.0,1.5,1.1,3.0,96741
05-03-2011,26.7,82.0,7.1,0.0,3.0,96741
06-03-2011,26.9,84.0,30.6,4.4,4.0,96741
07-03-2011,28.3,73.0,0.0,7.1,4.0,96741
08-03-2011,27.8,76.0,0.2,7.9,4.0,96741
09-03-2011,27.9,78.0,0.0,1.8,3.0,96741
10-03-2011,28.0,80.0,0.0,4.1,3.0,96741
11-03-2011,28.5,74.0,0.0,3.2,3.0,96741
12-03-2011,28.8,74.0,0.0,7.9,3.0,96741
13-03-2011,28.4,79.0,12.1,3.3,2.0,96741
14-03-2011,29.2,69.0,0.1,5.1,3.0,96741
15-03-2011,27.4,78.0,16.4,0.4,2.0,96741
16-03-2011,27.4,80.0,4.6,7.2,2.0,96741
17-03-2011,27.8,80.0,0.0,8.0,2.0,96741
18-03-2011,28.6,78.0,2.5,8.0,3.0,96741
20-03-2011,28.9,78.0,3.8,3.6,3.0,96741
21-03-2011,29.4,71.0,0.0,5.0,4.0,96741
22-03-2011,28.1,76.0,0.0,0.0,4.0,96741
23-03-2011,27.9,73.0,0.0,0.4,5.0,96741
24-03-2011,27.8,76.0,17.0,5.5,4.0,96741
25-03-2011,27.7,78.0,0.0,1.3,4.0,96741
26-03-2011,28.1,75.0,0.0,0.1,4.0,96741
27-03-2011,28.2,74.0,0.0,0.3,4.0,96741
28-03-2011,27.7,72.0,0.0,1.1,5.0,96741
29-03-2011,27.9,75.0,0.0,1.6,4.0,96741
30-03-2011,27.4,76.0,1.0,0.0,5.0,96741
01-04-2011,26.8,79.0,0.4,0.0,4.0,96741
02-04-2011,29.1,70.0,0.0,8.0,5.0,96741
03-04-2011,28.9,71.0,0.3,1.9,5.0,96741
04-04-2011,29.1,70.0,7.0,7.1,4.0,96741
05-04-2011,29.0,70.0,0.0,8.0,4.0,96741
06-04-2011,29.2,69.0,0.0,8.0,4.0,96741
07-04-2011,29.0,75.0,0.0,6.3,3.0,96741
08-04-2011,28.2,76.0,0.0,3.0,3.0,96741
09-04-2011,28.4,74.0,0.0,0.0,4.0,96741
10-04-2011,28.5,77.0,0.0,8.0,3.0,96741
11-04-2011,27.5,82.0,1.0,1.6,2.0,96741
12-04-2011,28.0,78.0,0.0,1.4,2.0,96741
13-04-2011,28.5,79.0,0.0,7.4,2.0,96741
14-04-2011,28.3,77.0,0.0,5.3,2.0,96741
15-04-2011,28.7,74.0,2.5,5.8,2.0,96741
16-04-2011,28.3,75.0,0.0,6.6,2.0,96741
17-04-2011,28.7,75.0,6.5,8.0,2.0,96741
18-04-2011,28.5,78.0,2.8,5.9,2.0,96741
19-04-2011,28.8,76.0,0.0,8.0,2.0,96741
20-04-2011,28.7,76.0,0.6,5.3,2.0,96741
21-04-2011,28.5,74.0,0.1,8.0,2.0,96741
22-04-2011,28.8,74.0,4.5,7.5,2.0,96741
24-04-2011,27.5,79.0,5.0,0.0,2.0,96741
25-04-2011,27.4,80.0,3.7,5.2,3.0,96741
26-04-2011,28.6,78.0,0.0,8.0,2.0,96741
27-04-2011,28.6,76.0,0.0,2.4,2.0,96741
28-04-2011,29.3,73.0,0.0,8.0,3.0,96741
30-04-2011,28.3,78.0,0.0,3.7,2.0,96741
01-05-2011,28.6,75.0,0.0,5.4,3.0,96741
02-05-2011,28.7,74.0,0.0,2.2,2.0,96741
03-05-2011,28.8,73.0,0.0,1.5,2.0,96741
04-05-2011,29.9,66.0,0.0,8.0,3.0,96741
05-05-2011,27.3,82.0,49.8,0.0,2.0,96741
06-05-2011,29.0,77.0,20.2,7.3,2.0,96741
07-05-2011,28.4,78.0,2.7,3.9,2.0,96741
08-05-2011,28.6,72.0,0.0,5.3,3.0,96741
09-05-2011,28.8,70.0,0.0,8.0,2.0,96741
10-05-2011,29.3,77.0,0.0,7.8,2.0,96741
11-05-2011,29.3,76.0,0.0,7.2,2.0,96741
12-05-2011,30.0,76.0,0.0,8.0,3.0,96741
13-05-2011,29.2,78.0,0.1,7.5,2.0,96741
14-05-2011,28.6,77.0,0.0,3.5,2.0,96741
15-05-2011,28.8,76.0,0.0,7.0,2.0,96741
17-05-2011,29.0,74.0,0.0,8.0,2.0,96741
18-05-2011,29.0,75.0,0.0,4.9,2.0,96741
19-05-2011,29.6,72.0,0.0,7.9,3.0,96741
21-05-2011,28.5,75.0,0.0,1.7,2.0,96741
22-05-2011,28.7,78.0,17.0,7.5,2.0,96741
24-05-2011,29.4,72.0,62.0,5.6,3.0,96741
25-05-2011,27.7,83.0,4.5,4.7,2.0,96741
26-05-2011,28.0,82.0,0.0,1.8,1.0,96741
27-05-2011,28.4,79.0,0.0,4.8,2.0,96741
28-05-2011,28.8,74.0,0.0,4.0,3.0,96741
29-05-2011,29.4,71.0,0.0,7.1,3.0,96741
30-05-2011,29.1,76.0,0.8,7.0,2.0,96741
31-05-2011,29.0,74.0,0.0,7.7,2.0,96741
01-06-2011,29.8,74.0,0.0,7.5,3.0,96741
03-06-2011,29.4,76.0,0.0,7.2,4.0,96741
04-06-2011,29.2,76.0,0.0,6.8,2.0,96741
05-06-2011,27.8,83.0,58.0,0.0,2.0,96741
06-06-2011,27.8,83.0,0.0,7.7,2.0,96741
07-06-2011,29.0,77.0,9.3,4.7,2.0,96741
08-06-2011,28.4,80.0,0.0,7.4,2.0,96741
09-06-2011,28.7,75.0,0.0,6.6,3.0,96741
10-06-2011,29.1,71.0,0.0,6.8,3.0,96741
11-06-2011,28.8,74.0,0.0,6.4,3.0,96741
12-06-2011,28.9,71.0,0.0,4.7,3.0,96741
13-06-2011,28.9,72.0,0.0,7.0,3.0,96741
14-06-2011,28.8,70.0,0.0,7.0,3.0,96741
15-06-2011,29.0,74.0,0.0,1.5,3.0,96741
16-06-2011,29.2,63.0,0.0,5.5,3.0,96741
17-06-2011,28.9,67.0,0.0,7.5,3.0,96741
18-06-2011,27.5,64.0,0.0,7.5,2.0,96741
19-06-2011,27.7,67.0,0.0,7.3,2.0,96741
20-06-2011,28.6,67.0,0.0,7.3,3.0,96741
21-06-2011,29.2,64.0,0.0,8.0,3.0,96741
22-06-2011,28.9,68.0,0.0,6.3,3.0,96741
23-06-2011,28.6,72.0,0.0,7.6,2.0,96741
24-06-2011,28.7,73.0,0.0,7.0,3.0,96741
25-06-2011,28.1,72.0,0.0,7.6,3.0,96741
26-06-2011,28.4,70.0,0.0,6.6,3.0,96741
27-06-2011,29.5,67.0,10.4,2.6,3.0,96741
29-06-2011,27.7,79.0,0.0,6.0,2.0,96741
30-06-2011,26.9,80.0,0.0,0.0,1.0,96741
01-07-2011,26.0,86.0,0.0,0.0,2.0,96741
02-07-2011,28.0,74.0,0.0,7.5,3.0,96741
03-07-2011,28.1,76.0,0.0,7.3,3.0,96741
04-07-2011,28.0,78.0,0.0,5.8,2.0,96741
05-07-2011,28.2,78.0,0.2,6.4,3.0,96741
06-07-2011,28.2,67.0,0.0,7.0,3.0,96741
07-07-2011,28.4,67.0,0.0,7.4,3.0,96741
08-07-2011,28.3,70.0,0.0,6.7,4.0,96741
09-07-2011,28.4,70.0,0.0,6.1,3.0,96741
10-07-2011,28.4,73.0,51.3,6.1,3.0,96741
11-07-2011,27.4,81.0,0.0,5.4,2.0,96741
12-07-2011,28.1,77.0,0.0,6.4,2.0,96741
13-07-2011,28.7,76.0,0.0,8.0,3.0,96741
14-07-2011,28.1,78.0,0.0,7.6,2.0,96741
15-07-2011,28.5,76.0,0.0,7.3,2.0,96741
16-07-2011,28.2,75.0,0.0,3.8,2.0,96741
17-07-2011,28.2,74.0,0.0,7.7,3.0,96741
18-07-2011,28.2,72.0,0.0,7.7,3.0,96741
19-07-2011,29.0,73.0,0.0,0.0,3.0,96741
20-07-2011,29.0,74.0,0.0,5.6,3.0,96741
21-07-2011,28.6,75.0,0.0,7.1,4.0,96741
22-07-2011,28.7,75.0,0.0,7.6,4.0,96741
23-07-2011,28.0,78.0,0.0,7.4,3.0,96741
25-07-2011,28.5,75.0,1.6,5.7,3.0,96741
26-07-2011,28.2,72.0,0.0,7.6,3.0,96741
27-07-2011,28.4,68.0,0.0,7.4,3.0,96741
28-07-2011,28.4,72.0,0.0,7.5,2.0,96741
29-07-2011,28.3,70.0,0.0,7.5,3.0,96741
30-07-2011,28.3,70.0,0.0,5.0,3.0,96741
31-07-2011,28.0,64.0,0.0,7.5,4.0,96741
01-08-2011,28.2,63.0,0.0,7.6,3.0,96741
02-08-2011,28.9,69.0,0.0,0.0,3.0,96741
03-08-2011,28.7,70.0,10.0,3.6,2.0,96741
04-08-2011,28.1,72.0,3.5,3.0,2.0,96741
05-08-2011,28.2,72.0,0.0,3.1,2.0,96741
06-08-2011,28.1,71.0,0.0,6.0,3.0,96741
07-08-2011,27.6,69.0,0.0,7.6,3.0,96741
08-08-2011,28.1,74.0,0.0,7.5,3.0,96741
09-08-2011,28.2,72.0,0.0,7.9,3.0,96741
10-08-2011,28.6,72.0,0.0,8.0,3.0,96741
11-08-2011,28.5,74.0,0.0,8.0,3.0,96741
12-08-2011,28.1,74.0,0.0,8.0,3.0,96741
13-08-2011,28.3,75.0,0.0,6.8,3.0,96741
14-08-2011,28.5,74.0,0.0,4.0,3.0,96741
15-08-2011,28.5,70.0,0.0,5.0,3.0,96741
16-08-2011,28.8,68.0,0.0,2.7,3.0,96741
17-08-2011,28.0,68.0,0.0,2.0,2.0,96741
18-08-2011,28.8,71.0,0.0,3.4,3.0,96741
19-08-2011,28.8,71.0,0.0,6.8,4.0,96741
20-08-2011,28.9,65.0,0.0,6.2,3.0,96741
21-08-2011,28.4,72.0,0.0,5.3,3.0,96741
22-08-2011,28.2,71.0,0.0,7.0,3.0,96741
23-08-2011,27.7,73.0,0.0,5.4,3.0,96741
24-08-2011,28.6,68.0,0.0,8.0,3.0,96741
25-08-2011,27.9,64.0,0.0,8.0,2.0,96741
26-08-2011,27.4,61.0,0.0,8.0,3.0,96741
27-08-2011,27.7,62.0,0.0,8.0,3.0,96741
28-08-2011,28.2,65.0,0.0,8.0,3.0,96741
29-08-2011,28.2,73.0,0.0,8.0,3.0,96741
30-08-2011,28.1,75.0,0.0,7.9,2.0,96741
31-08-2011,27.8,77.0,0.0,0.0,3.0,96741
01-09-2011,28.7,70.0,0.0,8.0,3.0,96741
02-09-2011,28.6,69.0,0.0,7.6,3.0,96741
03-09-2011,28.4,68.0,0.0,8.0,2.0,96741
04-09-2011,28.4,70.0,0.0,8.0,2.0,96741
05-09-2011,28.7,67.0,0.0,8.0,3.0,96741
06-09-2011,29.0,64.0,0.0,8.0,3.0,96741
07-09-2011,28.7,68.0,0.0,8.0,3.0,96741
08-09-2011,29.0,79.0,0.0,7.9,2.0,96741
09-09-2011,28.5,66.0,0.0,8.0,3.0,96741
10-09-2011,28.5,64.0,0.0,8.0,3.0,96741
11-09-2011,28.9,63.0,0.0,8.0,3.0,96741
12-09-2011,29.2,68.0,0.0,8.0,3.0,96741
13-09-2011,28.8,72.0,0.0,8.0,3.0,96741
14-09-2011,29.4,72.0,0.0,8.0,4.0,96741
16-09-2011,28.6,72.0,2.8,7.9,2.0,96741
17-09-2011,28.1,76.0,0.0,7.5,2.0,96741
18-09-2011,28.4,73.0,0.0,7.2,2.0,96741
19-09-2011,28.8,68.0,0.0,8.0,2.0,96741
20-09-2011,29.2,68.0,0.0,8.0,3.0,96741
21-09-2011,28.9,69.0,0.0,8.0,2.0,96741
22-09-2011,28.5,68.0,0.0,3.2,2.0,96741
23-09-2011,29.3,71.0,0.0,8.0,3.0,96741
24-09-2011,28.8,69.0,0.0,8.0,3.0,96741
25-09-2011,28.6,68.0,0.0,8.0,2.0,96741
26-09-2011,29.1,68.0,0.0,8.0,3.0,96741
27-09-2011,29.2,65.0,0.0,5.1,3.0,96741
28-09-2011,28.5,64.0,0.0,7.4,2.0,96741
29-09-2011,28.2,68.0,0.0,8.0,3.0,96741
30-09-2011,28.9,70.0,0.0,8.0,3.0,96741
01-10-2011,28.8,66.0,0.0,7.4,2.0,96741
02-10-2011,29.3,66.0,1.5,4.6,3.0,96741
03-10-2011,28.8,69.0,4.3,3.4,2.0,96741
04-10-2011,28.2,70.0,0.0,3.9,2.0,96741
05-10-2011,29.2,69.0,10.0,7.1,2.0,96741
06-10-2011,27.9,69.0,0.0,3.5,3.0,96741
07-10-2011,29.4,70.0,1.5,8.0,3.0,96741
08-10-2011,27.4,76.0,0.0,0.2,2.0,96741
09-10-2011,28.4,76.0,0.0,4.6,2.0,96741
10-10-2011,29.2,70.0,0.0,2.1,2.0,96741
11-10-2011,30.4,70.0,0.0,6.5,2.0,96741
12-10-2011,29.1,72.0,0.0,5.2,3.0,96741
13-10-2011,29.1,68.0,0.0,8.0,2.0,96741
14-10-2011,29.7,62.0,0.0,8.0,3.0,96741
15-10-2011,29.5,65.0,0.0,8.0,2.0,96741
16-10-2011,30.2,66.0,0.0,8.0,4.0,96741
17-10-2011,30.1,73.0,0.0,8.0,3.0,96741
18-10-2011,30.2,70.0,0.0,8.0,3.0,96741
19-10-2011,30.5,66.0,0.0,8.0,3.0,96741
20-10-2011,29.6,69.0,0.0,0.3,2.0,96741
21-10-2011,29.6,72.0,0.0,8.0,2.0,96741
22-10-2011,29.3,74.0,0.0,4.9,2.0,96741
23-10-2011,28.8,74.0,1.4,4.5,2.0,96741
24-10-2011,29.7,74.0,0.0,8.0,3.0,96741
25-10-2011,29.2,79.0,3.0,7.1,2.0,96741
26-10-2011,29.4,74.0,0.5,4.2,2.0,96741
27-10-2011,29.8,72.0,0.0,7.9,3.0,96741
28-10-2011,29.4,74.0,1.2,3.3,2.0,96741
29-10-2011,29.4,73.0,0.0,5.9,3.0,96741
31-10-2011,29.2,75.0,34.3,7.5,2.0,96741
01-11-2011,28.2,79.0,0.0,5.5,2.0,96741
02-11-2011,28.5,79.0,6.8,5.9,2.0,96741
03-11-2011,28.7,78.0,4.4,4.9,3.0,96741
04-11-2011,27.8,64.0,0.0,0.0,3.0,96741
05-11-2011,28.5,64.0,0.0,1.9,3.0,96741
06-11-2011,29.1,65.0,0.0,0.9,3.0,96741
07-11-2011,29.1,64.0,0.0,4.9,3.0,96741
08-11-2011,28.8,72.0,0.0,1.9,2.0,96741
09-11-2011,28.4,74.0,0.0,0.5,2.0,96741
11-11-2011,29.7,70.0,0.0,8.0,3.0,96741
12-11-2011,29.3,74.0,0.0,8.0,2.0,96741
13-11-2011,28.7,74.0,0.0,6.2,2.0,96741
14-11-2011,29.0,70.0,0.0,8.0,2.0,96741
15-11-2011,28.9,70.0,0.0,2.3,2.0,96741
16-11-2011,28.8,74.0,0.0,0.9,3.0,96741
17-11-2011,28.9,78.0,8.0,8.0,3.0,96741
18-11-2011,29.6,74.0,0.0,8.0,2.0,96741
19-11-2011,29.6,70.0,0.0,6.5,2.0,96741
20-11-2011,28.1,77.0,0.3,0.0,2.0,96741
21-11-2011,29.3,74.0,0.0,7.2,2.0,96741
22-11-2011,28.6,78.0,0.0,5.9,2.0,96741
23-11-2011,28.9,79.0,78.5,1.0,2.0,96741
24-11-2011,28.7,77.0,1.2,8.0,2.0,96741
25-11-2011,28.1,80.0,5.7,0.3,2.0,96741
26-11-2011,29.3,78.0,0.0,8.0,2.0,96741
27-11-2011,30.0,74.0,0.0,8.0,2.0,96741
28-11-2011,30.2,71.0,0.0,1.6,2.0,96741
29-11-2011,28.8,78.0,9.1,0.0,2.0,96741
30-11-2011,28.9,79.0,0.0,5.7,3.0,96741
01-12-2011,29.6,76.0,66.4,2.1,2.0,96741
02-12-2011,26.9,89.0,10.5,0.8,3.0,96741
03-12-2011,28.1,74.0,0.0,0.2,2.0,96741
04-12-2011,29.1,72.0,0.0,7.9,3.0,96741
05-12-2011,30.6,64.0,0.0,8.0,3.0,96741
06-12-2011,28.4,76.0,0.0,0.0,2.0,96741
07-12-2011,28.8,76.0,0.0,6.9,2.0,96741
08-12-2011,29.4,72.0,0.0,0.3,2.0,96741
09-12-2011,29.2,74.0,0.0,0.7,2.0,96741
10-12-2011,28.2,80.0,12.0,0.0,2.0,96741
11-12-2011,27.6,84.0,0.0,2.2,3.0,96741
12-12-2011,28.0,75.0,0.0,3.8,2.0,96741
13-12-2011,28.0,79.0,0.0,2.4,2.0,96741
14-12-2011,28.5,77.0,0.0,3.3,3.0,96741
15-12-2011,28.7,76.0,0.0,1.4,3.0,96741
16-12-2011,28.4,78.0,0.0,0.2,4.0,96741
17-12-2011,28.5,76.0,3.5,0.7,4.0,96741
18-12-2011,28.0,76.0,0.0,0.6,5.0,96741
21-12-2011,29.3,71.0,2.0,0.0,3.0,96741
22-12-2011,29.5,73.0,1.2,7.2,3.0,96741
23-12-2011,29.4,76.0,1.2,4.5,3.0,96741
24-12-2011,29.4,80.0,0.0,1.1,2.0,96741
25-12-2011,28.6,78.0,0.0,0.7,2.0,96741
26-12-2011,28.6,79.0,6.7,0.1,3.0,96741
27-12-2011,28.6,83.0,15.0,4.6,3.0,96741
28-12-2011,28.4,82.0,0.0,2.7,3.0,96741
29-12-2011,27.3,77.0,3.6,1.1,3.0,96741
30-12-2011,29.1,74.0,8.2,4.3,4.0,96741
31-12-2011,26.8,82.0,1.9,0.2,4.0,96741
01-01-2012,27.3,82.0,4.0,0.4,3.0,96741
02-01-2012,26.6,83.0,10.0,0.0,2.0,96741
03-01-2012,27.0,82.0,2.0,1.3,2.0,96741
05-01-2012,27.7,82.0,14.5,0.0,3.0,96741
06-01-2012,27.9,80.0,21.0,0.0,3.0,96741
07-01-2012,26.9,85.0,2.9,0.0,3.0,96741
08-01-2012,26.6,85.0,10.5,0.0,3.0,96741
09-01-2012,27.6,81.0,26.9,2.7,4.0,96741
10-01-2012,27.2,84.0,6.2,1.5,4.0,96741
11-01-2012,25.8,86.0,18.0,1.5,3.0,96741
12-01-2012,27.6,78.0,3.8,5.7,3.0,96741
13-01-2012,27.0,83.0,12.1,1.0,3.0,96741
14-01-2012,26.3,84.0,8.0,0.1,4.0,96741
15-01-2012,27.4,80.0,2.2,1.8,3.0,96741
16-01-2012,28.4,76.0,0.0,7.5,3.0,96741
17-01-2012,28.9,76.0,0.0,8.0,3.0,96741
18-01-2012,28.8,74.0,6.5,5.5,2.0,96741
19-01-2012,29.3,71.0,0.0,8.0,3.0,96741
20-01-2012,29.6,68.0,0.0,6.5,3.0,96741
21-01-2012,28.9,74.0,0.0,0.8,3.0,96741
22-01-2012,28.8,73.0,0.0,3.1,4.0,96741
23-01-2012,28.6,71.0,0.0,4.6,5.0,96741
24-01-2012,28.4,72.0,1.8,8.0,4.0,96741
25-01-2012,28.6,75.0,2.8,2.0,5.0,96741
26-01-2012,29.5,75.0,3.4,5.4,5.0,96741
27-01-2012,29.0,75.0,0.0,7.4,5.0,96741
28-01-2012,28.3,72.0,0.5,3.2,4.0,96741
29-01-2012,26.0,85.0,14.0,0.0,4.0,96741
30-01-2012,26.7,86.0,48.9,1.9,4.0,96741
01-02-2012,27.7,82.0,1.5,3.2,2.0,96741
02-02-2012,28.0,78.0,1.3,3.8,2.0,96741
03-02-2012,26.5,82.0,20.2,4.2,3.0,96741
04-02-2012,27.5,81.0,0.0,0.8,3.0,96741
05-02-2012,28.4,80.0,0.0,8.0,3.0,96741
06-02-2012,28.3,77.0,0.0,2.0,3.0,96741
07-02-2012,28.6,75.0,0.0,8.0,3.0,96741
08-02-2012,28.8,76.0,0.0,6.5,4.0,96741
09-02-2012,28.6,74.0,0.0,6.3,4.0,96741
10-02-2012,28.1,78.0,0.3,6.8,2.0,96741
11-02-2012,28.6,78.0,0.0,1.9,3.0,96741
12-02-2012,28.5,76.0,0.4,8.0,3.0,96741
13-02-2012,28.8,73.0,0.0,8.0,2.0,96741
14-02-2012,28.8,79.0,8.1,4.3,2.0,96741
15-02-2012,28.8,75.0,0.2,8.0,2.0,96741
16-02-2012,28.6,78.0,14.5,1.3,2.0,96741
17-02-2012,27.9,80.0,0.0,4.3,2.0,96741
18-02-2012,28.8,72.0,16.0,6.6,3.0,96741
19-02-2012,26.1,85.0,16.7,0.0,2.0,96741
20-02-2012,28.1,78.0,2.6,2.5,2.0,96741
21-02-2012,28.3,75.0,18.8,8.0,2.0,96741
22-02-2012,28.3,80.0,0.0,6.7,3.0,96741
23-02-2012,29.0,77.0,0.0,8.0,2.0,96741
24-02-2012,29.4,76.0,0.0,8.0,2.0,96741
25-02-2012,29.6,76.0,0.0,8.0,2.0,96741
26-02-2012,28.0,80.0,3.4,6.7,2.0,96741
27-02-2012,27.6,81.0,0.0,0.6,2.0,96741
28-02-2012,29.4,75.0,60.9,1.5,2.0,96741
29-02-2012,27.4,86.0,30.5,0.7,2.0,96741
01-03-2012,25.9,88.0,3.5,0.0,2.0,96741
02-03-2012,27.7,84.0,0.0,2.3,3.0,96741
03-03-2012,28.4,69.0,0.0,2.3,3.0,96741
04-03-2012,27.6,79.0,30.1,0.0,2.0,96741
05-03-2012,28.1,76.0,15.0,6.7,3.0,96741
06-03-2012,27.9,80.0,0.0,4.9,2.0,96741
07-03-2012,28.8,77.0,8.6,4.2,4.0,96741
09-03-2012,29.1,72.0,60.3,4.4,1.0,96741
10-03-2012,27.1,86.0,3.4,0.4,2.0,96741
11-03-2012,28.4,72.0,0.0,0.7,4.0,96741
12-03-2012,28.0,80.0,20.5,1.7,3.0,96741
13-03-2012,27.7,84.0,6.0,2.5,4.0,96741
14-03-2012,27.4,81.0,0.0,5.6,4.0,96741
15-03-2012,29.1,74.0,15.7,5.7,3.0,96741
16-03-2012,28.3,79.0,0.0,0.5,3.0,96741
17-03-2012,28.8,70.0,0.0,0.0,4.0,96741
18-03-2012,28.7,75.0,5.8,1.6,3.0,96741
20-03-2012,28.0,70.0,0.0,3.3,5.0,96741
21-03-2012,29.5,71.0,0.0,8.0,4.0,96741
22-03-2012,29.6,68.0,0.0,8.0,5.0,96741
23-03-2012,29.6,67.0,0.0,8.0,4.0,96741
24-03-2012,29.8,68.0,0.0,8.0,4.0,96741
25-03-2012,29.0,73.0,0.0,8.0,3.0,96741
26-03-2012,29.5,73.0,5.3,8.0,2.0,96741
27-03-2012,28.7,79.0,1.9,6.9,2.0,96741
28-03-2012,29.2,72.0,0.0,8.0,2.0,96741
29-03-2012,28.0,79.0,4.4,8.0,3.0,96741
30-03-2012,28.0,79.0,0.0,7.3,3.0,96741
31-03-2012,28.7,75.0,0.0,8.0,2.0,96741
01-04-2012,27.6,80.0,8.0,6.0,2.0,96741
02-04-2012,28.0,81.0,4.1,5.7,2.0,96741
03-04-2012,27.4,81.0,50.1,8.0,3.0,96741
04-04-2012,28.1,75.0,0.0,6.3,2.0,96741
05-04-2012,27.6,82.0,0.0,2.5,2.0,96741
06-04-2012,28.0,78.0,25.0,4.9,2.0,96741
07-04-2012,27.4,84.0,0.0,5.3,2.0,96741
08-04-2012,27.7,81.0,0.0,0.4,2.0,96741
09-04-2012,28.4,76.0,0.0,5.1,2.0,96741
10-04-2012,28.7,70.0,0.0,2.2,2.0,96741
11-04-2012,29.0,75.0,0.0,4.0,3.0,96741
12-04-2012,29.1,73.0,0.0,8.0,2.0,96741
13-04-2012,29.6,72.0,0.0,8.0,3.0,96741
14-04-2012,29.6,72.0,0.0,8.0,3.0,96741
15-04-2012,29.0,78.0,0.0,6.4,3.0,96741
16-04-2012,29.7,73.0,0.0,8.0,3.0,96741
17-04-2012,28.2,80.0,7.9,5.1,2.0,96741
18-04-2012,29.2,77.0,0.0,8.0,2.0,96741
19-04-2012,29.2,76.0,0.0,8.0,2.0,96741
21-04-2012,29.0,78.0,0.0,8.0,2.0,96741
22-04-2012,28.8,76.0,0.0,1.3,2.0,96741
23-04-2012,29.3,72.0,0.0,7.9,2.0,96741
25-04-2012,29.3,77.0,0.0,8.0,2.0,96741
26-04-2012,29.8,69.0,0.0,6.7,2.0,96741
27-04-2012,29.6,75.0,0.0,5.9,2.0,96741
28-04-2012,29.4,72.0,0.0,0.6,2.0,96741
29-04-2012,27.7,84.0,3.4,0.4,1.0,96741
30-04-2012,27.5,80.0,11.7,0.4,2.0,96741
01-05-2012,29.1,75.0,0.0,7.1,2.0,96741
02-05-2012,29.3,78.0,0.0,8.0,2.0,96741
03-05-2012,29.0,78.0,0.0,7.1,2.0,96741
04-05-2012,29.3,69.0,0.0,8.0,2.0,96741
05-05-2012,29.3,75.0,0.3,8.0,2.0,96741
06-05-2012,29.3,74.0,0.0,4.5,2.0,96741
07-05-2012,26.4,86.0,53.2,0.9,0.0,96741
08-05-2012,27.6,81.0,0.0,4.0,1.0,96741
09-05-2012,28.8,77.0,0.0,7.6,2.0,96741
10-05-2012,29.3,76.0,0.0,5.9,2.0,96741
11-05-2012,29.4,72.0,0.0,6.6,2.0,96741
12-05-2012,29.3,70.0,0.0,7.1,2.0,96741
13-05-2012,29.3,74.0,0.2,7.0,2.0,96741
14-05-2012,29.4,71.0,0.0,6.7,2.0,96741
15-05-2012,28.6,78.0,0.0,3.5,3.0,96741
16-05-2012,27.7,81.0,15.1,5.5,2.0,96741
17-05-2012,29.2,76.0,0.0,8.0,2.0,96741
18-05-2012,28.4,79.0,43.6,4.5,2.0,96741
19-05-2012,28.9,76.0,3.1,6.7,3.0,96741
20-05-2012,29.6,74.0,0.0,7.1,2.0,96741
21-05-2012,29.4,71.0,0.0,8.0,2.0,96741
22-05-2012,29.2,69.0,0.0,7.1,2.0,96741
23-05-2012,29.2,67.0,0.0,8.0,3.0,96741
24-05-2012,29.7,68.0,0.0,6.6,3.0,96741
25-05-2012,29.3,70.0,0.0,8.0,3.0,96741
26-05-2012,28.7,68.0,0.0,6.6,4.0,96741
27-05-2012,29.2,66.0,0.0,7.3,4.0,96741
28-05-2012,28.9,74.0,6.2,2.2,3.0,96741
29-05-2012,29.3,75.0,0.0,7.6,2.0,96741
30-05-2012,29.3,71.0,0.0,5.5,3.0,96741
31-05-2012,27.2,77.0,0.0,0.0,2.0,96741
01-06-2012,28.5,72.0,0.0,1.0,2.0,96741
02-06-2012,29.2,74.0,0.0,5.3,1.0,96741
03-06-2012,28.9,72.0,0.0,6.5,3.0,96741
04-06-2012,29.0,75.0,8.0,0.3,3.0,96741
05-06-2012,27.1,84.0,0.0,0.0,2.0,96741
06-06-2012,28.9,76.0,21.9,5.0,3.0,96741
07-06-2012,27.6,79.0,0.0,7.5,2.0,96741
08-06-2012,30.0,72.0,14.6,7.5,3.0,96741
09-06-2012,27.2,82.0,0.0,0.2,1.0,96741
10-06-2012,28.7,80.0,0.0,1.3,2.0,96741
11-06-2012,28.7,74.0,0.0,0.7,2.0,96741
12-06-2012,29.0,72.0,0.0,6.1,2.0,96741
13-06-2012,29.0,75.0,0.0,6.0,3.0,96741
14-06-2012,29.0,77.0,0.0,7.4,2.0,96741
15-06-2012,29.2,72.0,0.0,7.1,2.0,96741
16-06-2012,29.0,68.0,0.0,7.6,3.0,96741
17-06-2012,29.0,69.0,0.0,7.6,3.0,96741
18-06-2012,29.5,64.0,0.0,7.7,4.0,96741
19-06-2012,28.8,68.0,0.0,7.6,4.0,96741
20-06-2012,29.2,70.0,0.0,7.6,3.0,96741
21-06-2012,29.0,73.0,0.0,6.8,3.0,96741
22-06-2012,29.6,75.0,0.0,7.0,3.0,96741
23-06-2012,29.3,70.0,0.0,7.5,3.0,96741
24-06-2012,29.2,73.0,0.0,0.0,3.0,96741
25-06-2012,28.9,72.0,0.0,7.8,4.0,96741
26-06-2012,28.8,69.0,0.0,7.5,3.0,96741
27-06-2012,28.5,69.0,0.0,5.3,2.0,96741
28-06-2012,28.4,67.0,0.0,6.4,2.0,96741
29-06-2012,28.4,69.0,0.0,6.9,2.0,96741
30-06-2012,28.7,66.0,0.0,7.7,2.0,96741
01-07-2012,28.1,62.0,0.0,7.0,2.0,96741
02-07-2012,28.7,62.0,0.0,7.5,2.0,96741
03-07-2012,28.9,68.0,0.0,2.3,2.0,96741
04-07-2012,28.2,73.0,0.0,1.2,2.0,96741
05-07-2012,28.2,74.0,0.0,6.6,3.0,96741
06-07-2012,27.9,69.0,0.0,0.0,1.0,96741
07-07-2012,27.7,73.0,0.0,7.4,2.0,96741
08-07-2012,28.5,70.0,0.0,7.4,2.0,96741
09-07-2012,28.4,74.0,0.0,3.2,1.0,96741
10-07-2012,28.5,73.0,0.0,5.6,2.0,96741
11-07-2012,28.7,75.0,0.0,1.7,2.0,96741
12-07-2012,28.7,70.0,25.0,4.8,1.0,96741
13-07-2012,27.9,75.0,0.0,6.6,2.0,96741
14-07-2012,28.1,71.0,0.0,0.0,2.0,96741
15-07-2012,28.4,75.0,0.0,5.5,2.0,96741
16-07-2012,28.4,72.0,0.0,7.5,2.0,96741
17-07-2012,28.6,70.0,0.0,7.3,2.0,96741
18-07-2012,28.4,70.0,0.0,4.9,2.0,96741
19-07-2012,27.9,74.0,0.0,7.5,3.0,96741
20-07-2012,27.9,76.0,0.0,1.5,2.0,96741
21-07-2012,28.4,76.0,0.0,7.6,2.0,96741
22-07-2012,27.9,77.0,0.0,7.6,2.0,96741
23-07-2012,27.9,70.0,0.0,6.8,2.0,96741
24-07-2012,28.1,70.0,0.0,7.8,2.0,96741
25-07-2012,28.1,66.0,0.0,7.4,1.0,96741
26-07-2012,28.3,68.0,0.0,5.7,2.0,96741
27-07-2012,27.8,72.0,0.0,5.3,2.0,96741
28-07-2012,28.0,69.0,0.0,6.7,2.0,96741
29-07-2012,27.8,64.0,0.0,7.1,2.0,96741
30-07-2012,28.6,66.0,0.0,6.0,2.0,96741
31-07-2012,28.0,70.0,0.0,3.9,1.0,96741
01-08-2012,27.7,70.0,0.0,5.4,1.0,96741
02-08-2012,28.0,64.0,0.0,1.0,2.0,96741
03-08-2012,27.8,64.0,0.0,7.7,2.0,96741
04-08-2012,28.1,66.0,0.0,7.7,3.0,96741
05-08-2012,28.3,68.0,0.0,7.2,2.0,96741
06-08-2012,28.7,74.0,0.0,6.2,2.0,96741
07-08-2012,28.9,73.0,0.0,7.6,2.0,96741
08-08-2012,29.0,68.0,0.0,7.8,3.0,96741
09-08-2012,28.2,65.0,0.0,7.5,3.0,96741
10-08-2012,28.4,66.0,0.0,8.0,2.0,96741
11-08-2012,28.4,74.0,0.0,7.9,2.0,96741
12-08-2012,28.8,71.0,0.0,7.8,2.0,96741
13-08-2012,28.6,72.0,0.0,6.7,2.0,96741
14-08-2012,28.8,68.0,0.0,5.3,3.0,96741
15-08-2012,27.9,64.0,0.0,8.0,3.0,96741
16-08-2012,28.2,68.0,0.0,8.0,3.0,96741
17-08-2012,27.8,67.0,0.0,7.9,2.0,96741
18-08-2012,27.6,72.0,0.0,8.0,3.0,96741
19-08-2012,28.1,72.0,0.0,8.0,3.0,96741
20-08-2012,28.0,74.0,0.0,7.8,2.0,96741
21-08-2012,27.7,74.0,0.0,7.6,2.0,96741
22-08-2012,28.1,71.0,0.0,6.2,3.0,96741
23-08-2012,28.5,70.0,0.0,4.0,2.0,96741
24-08-2012,28.0,74.0,0.0,3.8,2.0,96741
25-08-2012,27.9,65.0,0.0,3.5,3.0,96741
26-08-2012,28.4,69.0,0.0,3.4,2.0,96741
27-08-2012,28.3,68.0,0.0,0.0,2.0,96741
28-08-2012,29.4,69.0,0.0,0.7,2.0,96741
29-08-2012,29.2,69.0,0.0,2.7,2.0,96741
30-08-2012,28.9,72.0,0.0,2.7,3.0,96741
31-08-2012,28.3,72.0,0.0,2.1,3.0,96741
01-09-2012,28.6,63.0,0.0,0.0,2.0,96741
02-09-2012,27.2,66.0,0.0,0.1,2.0,96741
03-09-2012,28.9,61.0,0.0,0.1,3.0,96741
04-09-2012,28.7,62.0,0.0,0.1,2.0,96741
05-09-2012,28.7,64.0,0.0,0.1,2.0,96741
06-09-2012,28.6,67.0,0.0,0.1,2.0,96741
07-09-2012,28.5,72.0,0.0,0.1,3.0,96741
08-09-2012,28.9,72.0,0.0,0.1,3.0,96741
09-09-2012,29.0,72.0,0.0,0.1,2.0,96741
10-09-2012,28.2,76.0,0.9,0.1,3.0,96741
11-09-2012,28.9,72.0,0.0,0.1,2.0,96741
12-09-2012,28.6,54.0,0.0,0.1,2.0,96741
13-09-2012,28.9,65.0,0.0,0.1,2.0,96741
14-09-2012,28.4,68.0,0.0,0.1,2.0,96741
15-09-2012,28.9,68.0,0.0,0.1,2.0,96741
16-09-2012,29.3,68.0,0.0,0.1,2.0,96741
17-09-2012,28.7,70.0,0.0,0.0,2.0,96741
18-09-2012,28.7,74.0,0.0,0.1,2.0,96741
19-09-2012,29.3,70.0,0.0,0.1,3.0,96741
20-09-2012,29.3,69.0,0.0,0.0,4.0,96741
22-09-2012,28.5,68.0,0.0,0.1,2.0,96741
23-09-2012,29.5,68.0,0.0,0.0,2.0,96741
24-09-2012,29.2,74.0,24.6,0.0,2.0,96741
25-09-2012,28.4,77.0,0.0,0.0,2.0,96741
26-09-2012,28.9,75.0,0.0,0.0,2.0,96741
27-09-2012,28.5,74.0,0.0,0.1,2.0,96741
28-09-2012,28.8,67.0,0.0,0.1,2.0,96741
29-09-2012,29.1,67.0,0.0,0.1,3.0,96741
30-09-2012,29.3,74.0,0.0,0.1,2.0,96741
01-10-2012,29.1,67.0,0.0,4.8,0.0,96741
02-10-2012,29.7,64.0,0.0,2.0,0.0,96741
03-10-2012,29.8,60.0,0.0,3.0,0.0,96741
04-10-2012,29.9,62.0,0.0,1.0,0.0,96741
05-10-2012,29.4,63.0,0.0,7.5,0.0,96741
06-10-2012,29.8,64.0,0.0,2.7,0.0,96741
07-10-2012,29.6,64.0,0.1,0.0,0.0,96741
08-10-2012,29.3,69.0,0.0,1.0,0.0,96741
09-10-2012,30.0,64.0,0.0,8.0,0.0,96741
10-10-2012,30.2,60.0,0.0,7.5,0.0,96741
11-10-2012,29.8,59.0,0.0,4.0,0.0,96741
12-10-2012,29.9,64.0,0.0,7.0,0.0,96741
13-10-2012,29.7,66.0,0.0,1.9,0.0,96741
14-10-2012,30.0,65.0,0.0,4.0,0.0,96741
15-10-2012,30.3,62.0,0.0,4.5,0.0,96741
16-10-2012,31.8,55.0,0.0,3.8,0.0,96741
17-10-2012,30.7,56.0,0.0,8.0,0.0,96741
18-10-2012,29.6,67.0,0.0,0.0,0.0,96741
19-10-2012,29.8,64.0,0.0,8.0,0.0,96741
20-10-2012,29.5,65.0,0.0,6.7,0.0,96741
21-10-2012,30.7,62.0,0.0,2.7,0.0,96741
22-10-2012,29.7,64.0,0.0,6.0,0.0,96741
23-10-2012,29.3,66.0,0.0,2.2,0.0,96741
24-10-2012,28.9,65.0,0.0,0.0,0.0,96741
25-10-2012,29.1,67.0,0.0,4.5,0.0,96741
26-10-2012,29.8,68.0,0.0,7.5,0.0,96741
27-10-2012,30.4,66.0,0.0,2.5,0.0,96741
28-10-2012,30.6,61.0,0.0,1.5,0.0,96741
29-10-2012,30.4,64.0,0.0,4.5,0.0,96741
30-10-2012,30.2,64.0,0.0,4.7,0.0,96741
31-10-2012,29.6,66.0,0.0,0.0,0.0,96741
01-11-2012,30.0,67.0,0.0,7.3,2.0,96741
02-11-2012,29.7,73.0,8.2,2.0,2.0,96741
03-11-2012,27.6,85.0,0.3,0.0,0.0,96741
04-11-2012,28.5,80.0,0.0,4.5,2.0,96741
05-11-2012,28.2,79.0,3.0,0.1,1.0,96741
06-11-2012,29.3,71.0,0.0,2.9,2.0,96741
07-11-2012,29.5,72.0,36.0,2.1,2.0,96741
08-11-2012,29.1,76.0,0.2,5.4,2.0,96741
09-11-2012,29.4,77.0,0.0,6.4,2.0,96741
10-11-2012,29.9,70.0,0.0,6.6,2.0,96741
11-11-2012,29.5,71.0,0.0,3.4,1.0,96741
12-11-2012,29.1,72.0,6.3,0.2,2.0,96741
13-11-2012,28.0,79.0,0.0,1.4,1.0,96741
14-11-2012,29.2,76.0,0.0,2.1,1.0,96741
15-11-2012,29.6,71.0,0.0,6.2,2.0,96741
16-11-2012,29.8,75.0,0.0,7.4,2.0,96741
17-11-2012,30.0,71.0,20.8,4.2,2.0,96741
18-11-2012,26.9,86.0,4.0,0.0,2.0,96741
19-11-2012,26.9,83.0,75.1,0.1,1.0,96741
20-11-2012,28.6,75.0,0.0,4.7,2.0,96741
21-11-2012,28.3,78.0,4.9,3.4,2.0,96741
22-11-2012,28.1,80.0,28.0,2.8,2.0,96741
23-11-2012,28.5,78.0,26.0,5.8,2.0,96741
24-11-2012,27.7,80.0,1.0,4.5,2.0,96741
25-11-2012,27.5,82.0,0.6,0.4,2.0,96741
26-11-2012,27.7,82.0,20.0,0.0,2.0,96741
27-11-2012,29.3,76.0,0.0,7.9,2.0,96741
28-11-2012,29.5,76.0,0.0,7.3,2.0,96741
29-11-2012,28.7,75.0,0.0,6.4,2.0,96741
30-11-2012,28.8,77.0,17.8,5.9,2.0,96741
01-12-2012,29.4,76.0,0.0,0.1,2.0,96741
02-12-2012,28.7,82.0,5.0,0.0,2.0,96741
04-12-2012,29.2,71.0,3.4,0.0,3.0,96741
05-12-2012,27.7,76.0,30.7,0.0,2.0,96741
06-12-2012,27.6,80.0,2.9,0.0,2.0,96741
07-12-2012,28.0,79.0,4.5,0.0,2.0,96741
08-12-2012,28.6,76.0,0.0,0.0,2.0,96741
09-12-2012,29.6,71.0,0.0,0.1,2.0,96741
10-12-2012,29.0,74.0,0.0,0.0,2.0,96741
11-12-2012,28.2,78.0,0.0,0.0,1.0,96741
13-12-2012,28.4,75.0,2.7,0.0,2.0,96741
14-12-2012,27.6,84.0,21.5,0.0,1.0,96741
15-12-2012,28.9,76.0,0.1,0.1,2.0,96741
16-12-2012,28.8,79.0,0.0,0.1,3.0,96741
18-12-2012,27.6,80.0,33.4,0.0,3.0,96741
19-12-2012,29.6,74.0,0.0,0.1,2.0,96741
20-12-2012,28.8,76.0,0.0,0.1,2.0,96741
21-12-2012,27.7,79.0,36.9,0.0,2.0,96741
22-12-2012,27.5,82.0,33.0,0.0,3.0,96741
23-12-2012,27.9,83.0,0.0,0.0,2.0,96741
24-12-2012,27.9,79.0,0.0,0.0,4.0,96741
25-12-2012,27.4,85.0,59.4,0.0,4.0,96741
26-12-2012,28.2,78.0,0.0,0.0,3.0,96741
27-12-2012,29.5,75.0,0.0,0.1,3.0,96741
28-12-2012,28.1,80.0,6.4,0.0,3.0,96741
29-12-2012,27.9,80.0,1.6,0.0,3.0,96741
30-12-2012,28.2,79.0,3.7,0.0,4.0,96741
31-12-2012,28.2,78.0,34.4,0.0,2.0,96741
01-01-2013,27.1,84.0,12.3,0.3,4.0,96741
02-01-2013,27.5,82.0,0.0,0.1,4.0,96741
03-01-2013,28.8,80.0,6.4,0.4,4.0,96741
04-01-2013,27.2,81.0,9.0,0.0,5.0,96741
05-01-2013,27.6,77.0,0.6,0.2,5.0,96741
06-01-2013,26.3,83.0,0.0,0.1,6.0,96741
07-01-2013,27.9,79.0,17.9,0.2,5.0,96741
08-01-2013,26.7,85.0,9.4,0.1,7.0,96741
09-01-2013,25.3,89.0,26.8,0.0,7.0,96741
10-01-2013,26.7,80.0,10.1,0.4,8.0,96741
11-01-2013,28.1,72.0,0.0,0.3,8.0,96741
12-01-2013,27.1,81.0,83.5,0.2,6.0,96741
13-01-2013,26.5,88.0,7.8,0.2,4.0,96741
14-01-2013,27.1,85.0,82.0,0.0,4.0,96741
15-01-2013,26.3,93.0,19.1,0.1,5.0,96741
16-01-2013,26.2,90.0,94.7,0.0,4.0,96741
17-01-2013,25.5,96.0,117.8,0.0,4.0,96741
18-01-2013,27.5,85.0,0.0,0.0,4.0,96741
19-01-2013,27.6,85.0,10.6,0.4,4.0,96741
20-01-2013,27.5,83.0,7.5,0.4,5.0,96741
21-01-2013,28.5,78.0,0.0,0.3,4.0,96741
22-01-2013,27.0,84.0,33.5,0.1,4.0,96741
23-01-2013,26.9,85.0,41.8,0.5,3.0,96741
24-01-2013,27.6,83.0,1.1,0.0,4.0,96741
25-01-2013,26.5,89.0,23.9,0.0,4.0,96741
26-01-2013,27.2,84.0,0.0,0.4,3.0,96741
27-01-2013,28.3,77.0,0.0,0.4,3.0,96741
28-01-2013,27.7,80.0,0.0,0.2,4.0,96741
29-01-2013,28.1,81.0,9.0,0.3,3.0,96741
30-01-2013,27.2,84.0,1.6,0.3,4.0,96741
31-01-2013,28.3,79.0,0.0,0.5,4.0,96741
01-02-2013,28.7,77.0,39.0,6.2,2.0,96741
02-02-2013,26.9,88.0,12.0,1.1,1.0,96741
04-02-2013,29.4,75.0,8.6,5.9,2.0,96741
05-02-2013,28.1,78.0,0.0,7.9,3.0,96741
06-02-2013,27.9,79.0,53.7,1.7,3.0,96741
07-02-2013,28.3,78.0,0.0,4.6,2.0,96741
08-02-2013,28.6,75.0,0.0,7.9,2.0,96741
09-02-2013,28.6,78.0,0.3,6.8,3.0,96741
10-02-2013,28.8,74.0,0.0,6.5,2.0,96741
11-02-2013,28.2,78.0,0.0,0.1,1.0,96741
12-02-2013,28.9,78.0,1.5,5.1,2.0,96741
13-02-2013,28.1,77.0,0.0,8.0,2.0,96741
14-02-2013,27.0,83.0,3.5,0.0,2.0,96741
15-02-2013,28.4,76.0,0.0,7.5,4.0,96741
16-02-2013,28.7,80.0,31.0,2.2,4.0,96741
17-02-2013,26.2,88.0,0.3,0.7,3.0,96741
18-02-2013,27.3,80.0,16.2,0.2,4.0,96741
19-02-2013,26.6,82.0,0.0,1.2,3.0,96741
20-02-2013,29.0,78.0,29.6,3.7,3.0,96741
21-02-2013,28.0,78.0,6.1,4.8,3.0,96741
22-02-2013,28.5,75.0,1.8,3.5,5.0,96741
23-02-2013,28.6,80.0,8.4,2.0,3.0,96741
24-02-2013,28.5,76.0,0.0,1.0,3.0,96741
25-02-2013,28.8,76.0,0.0,6.7,2.0,96741
26-02-2013,29.3,78.0,0.0,3.1,3.0,96741
27-02-2013,29.3,77.0,0.0,1.5,5.0,96741
01-03-2013,29.6,73.0,0.0,0.3,3.0,96741
02-03-2013,29.1,77.0,0.0,0.2,2.0,96741
03-03-2013,29.2,78.0,21.5,0.1,2.0,96741
04-03-2013,27.6,82.0,46.3,0.1,3.0,96741
05-03-2013,27.2,81.0,0.0,0.1,1.0,96741
06-03-2013,28.8,78.0,1.8,0.5,2.0,96741
07-03-2013,28.6,77.0,0.0,0.7,2.0,96741
08-03-2013,29.1,78.0,0.8,0.6,3.0,96741
09-03-2013,29.3,78.0,0.0,0.6,4.0,96741
10-03-2013,28.1,75.0,0.6,0.1,2.0,96741
11-03-2013,29.4,72.0,0.0,0.6,3.0,96741
12-03-2013,29.1,73.0,0.0,0.2,2.0,96741
13-03-2013,29.9,72.0,0.0,0.6,3.0,96741
14-03-2013,28.9,75.0,0.0,0.4,2.0,96741
15-03-2013,29.0,76.0,52.7,0.6,2.0,96741
16-03-2013,28.4,82.0,1.2,0.6,2.0,96741
17-03-2013,29.0,78.0,0.0,0.6,2.0,96741
18-03-2013,29.5,74.0,2.1,0.7,2.0,96741
19-03-2013,29.2,76.0,0.0,0.5,2.0,96741
20-03-2013,28.4,79.0,1.9,0.3,2.0,96741
21-03-2013,29.4,74.0,0.0,0.6,3.0,96741
22-03-2013,29.2,76.0,0.9,0.2,2.0,96741
23-03-2013,28.7,77.0,36.8,0.6,2.0,96741
24-03-2013,28.9,77.0,0.0,0.6,2.0,96741
26-03-2013,29.7,73.0,0.0,0.6,2.0,96741
27-03-2013,29.4,74.0,0.0,0.3,2.0,96741
28-03-2013,29.4,73.0,0.0,0.6,2.0,96741
29-03-2013,30.1,72.0,0.0,0.5,2.0,96741
30-03-2013,29.3,76.0,4.0,0.1,2.0,96741
31-03-2013,28.3,78.0,2.6,0.3,2.0,96741
01-04-2013,29.5,72.0,0.0,6.0,2.0,96741
02-04-2013,29.7,78.0,4.0,4.0,1.0,96741
05-04-2013,30.0,72.0,0.0,7.1,3.0,96741
06-04-2013,28.6,78.0,0.9,0.0,2.0,96741
07-04-2013,28.1,80.0,0.2,0.0,2.0,96741
08-04-2013,28.6,76.0,0.0,1.8,2.0,96741
09-04-2013,29.1,76.0,0.0,4.3,2.0,96741
10-04-2013,29.4,75.0,0.4,3.3,2.0,96741
11-04-2013,29.1,78.0,0.0,2.9,2.0,96741
12-04-2013,29.2,71.0,5.6,3.9,4.0,96741
13-04-2013,29.0,75.0,0.0,3.9,5.0,96741
14-04-2013,29.5,75.0,12.0,6.1,3.0,96741
15-04-2013,30.1,72.0,16.3,7.4,3.0,96741
16-04-2013,28.2,82.0,16.5,6.2,1.0,96741
17-04-2013,29.4,77.0,1.4,8.0,3.0,96741
18-04-2013,26.7,82.0,26.5,0.0,2.0,96741
19-04-2013,28.1,78.0,0.0,4.2,2.0,96741
20-04-2013,28.8,77.0,0.0,7.9,2.0,96741
22-04-2013,26.6,87.0,34.0,0.0,0.0,96741
23-04-2013,27.8,81.0,0.0,2.0,2.0,96741
24-04-2013,27.8,86.0,10.7,5.0,2.0,96741
25-04-2013,29.1,79.0,3.3,5.4,2.0,96741
26-04-2013,28.0,83.0,0.0,6.0,2.0,96741
27-04-2013,29.5,78.0,0.0,7.0,2.0,96741
28-04-2013,29.3,76.0,0.0,4.1,3.0,96741
29-04-2013,29.7,69.0,0.0,8.0,3.0,96741
01-05-2013,30.0,74.0,47.0,5.8,3.0,96741
02-05-2013,29.2,75.0,0.0,8.0,3.0,96741
03-05-2013,29.9,70.0,0.0,7.4,3.0,96741
05-05-2013,30.0,75.0,0.0,6.6,3.0,96741
06-05-2013,29.4,78.0,4.4,7.5,2.0,96741
07-05-2013,29.4,80.0,3.0,5.9,2.0,96741
09-05-2013,28.6,76.0,21.2,2.3,1.0,96741
10-05-2013,28.7,76.0,0.0,4.3,2.0,96741
11-05-2013,29.1,75.0,6.6,5.4,2.0,96741
12-05-2013,27.8,85.0,1.0,2.8,2.0,96741
13-05-2013,27.7,85.0,0.5,0.0,2.0,96741
14-05-2013,28.5,79.0,0.0,5.7,2.0,96741
15-05-2013,29.4,71.0,0.0,2.6,3.0,96741
16-05-2013,29.5,73.0,5.0,4.8,2.0,96741
17-05-2013,29.3,76.0,8.0,5.7,2.0,96741
18-05-2013,28.6,79.0,0.0,1.0,2.0,96741
19-05-2013,28.9,78.0,23.0,3.0,2.0,96741
20-05-2013,28.5,81.0,0.0,6.7,1.0,96741
21-05-2013,29.4,78.0,0.0,4.6,2.0,96741
22-05-2013,29.4,76.0,3.3,5.7,2.0,96741
25-05-2013,27.2,87.0,106.0,0.0,1.0,96741
26-05-2013,28.1,82.0,0.2,6.9,1.0,96741
27-05-2013,27.7,82.0,2.6,0.0,1.0,96741
28-05-2013,27.7,82.0,0.0,3.2,0.0,96741
29-05-2013,29.0,76.0,43.9,7.5,1.0,96741
30-05-2013,28.0,80.0,0.3,7.1,2.0,96741
31-05-2013,28.0,81.0,0.0,2.2,3.0,96741
01-06-2013,28.6,77.0,0.0,0.4,3.0,96741
02-06-2013,28.8,74.0,0.0,0.4,2.0,96741
03-06-2013,28.2,71.0,3.4,0.0,3.0,96741
04-06-2013,29.4,78.0,0.0,0.6,3.0,96741
05-06-2013,29.1,77.0,1.5,0.4,3.0,96741
06-06-2013,29.0,73.0,0.0,0.0,3.0,96741
07-06-2013,28.8,74.0,0.0,0.2,0.0,96741
08-06-2013,28.7,77.0,5.0,0.4,1.0,96741
09-06-2013,29.2,76.0,0.0,0.5,2.0,96741
10-06-2013,29.0,75.0,0.0,0.5,1.0,96741
12-06-2013,28.3,74.0,0.0,0.0,1.0,96741
13-06-2013,27.2,82.0,46.4,0.0,2.0,96741
14-06-2013,28.4,78.0,0.0,0.2,3.0,96741
15-06-2013,29.6,74.0,0.5,0.5,2.0,96741
16-06-2013,28.9,80.0,22.0,0.3,2.0,96741
17-06-2013,26.4,90.0,28.3,0.0,0.0,96741
18-06-2013,28.2,82.0,0.0,0.6,2.0,96741
19-06-2013,29.1,76.0,0.0,0.3,2.0,96741
20-06-2013,29.3,76.0,0.0,0.6,0.0,96741
21-06-2013,29.6,73.0,0.0,0.5,2.0,96741
22-06-2013,29.3,77.0,0.0,0.6,2.0,96741
23-06-2013,29.2,78.0,0.0,0.3,2.0,96741
24-06-2013,29.4,75.0,0.0,0.5,2.0,96741
25-06-2013,29.3,74.0,0.0,0.6,1.0,96741
26-06-2013,29.6,76.0,0.8,0.4,2.0,96741
27-06-2013,28.6,74.0,0.0,0.5,3.0,96741
28-06-2013,28.2,73.0,0.0,0.6,1.0,96741
29-06-2013,29.2,74.0,0.0,0.6,3.0,96741
30-06-2013,29.6,72.0,4.3,0.6,3.0,96741
01-07-2013,28.5,77.0,0.0,0.4,3.0,96741
02-07-2013,28.4,77.0,9.5,0.2,3.0,96741
03-07-2013,26.4,86.0,1.0,0.0,4.0,96741
04-07-2013,25.4,90.0,21.9,0.0,4.0,96741
05-07-2013,25.0,92.0,7.8,0.0,5.0,96741
06-07-2013,27.0,81.0,0.0,0.2,3.0,96741
07-07-2013,27.9,73.0,0.0,0.4,3.0,96741
08-07-2013,28.0,74.0,0.0,0.6,3.0,96741
09-07-2013,28.0,79.0,37.7,0.2,3.0,96741
10-07-2013,27.1,79.0,0.0,0.2,2.0,96741
11-07-2013,27.6,79.0,3.4,0.5,2.0,96741
12-07-2013,27.7,80.0,15.2,0.5,4.0,96741
13-07-2013,26.4,88.0,15.0,0.0,3.0,96741
14-07-2013,27.3,74.0,0.2,0.1,3.0,96741
15-07-2013,28.0,82.0,0.0,0.1,3.0,96741
16-07-2013,28.6,76.0,0.0,0.4,4.0,96741
17-07-2013,28.5,78.0,18.1,0.2,4.0,96741
18-07-2013,27.5,81.0,17.7,0.0,2.0,96741
19-07-2013,28.2,73.0,0.0,0.6,3.0,96741
20-07-2013,28.3,74.0,1.6,0.0,2.0,96741
21-07-2013,28.2,78.0,4.9,0.5,2.0,96741
22-07-2013,25.8,87.0,25.7,0.0,4.0,96741
24-07-2013,27.8,80.0,0.0,0.2,5.0,96741
25-07-2013,28.5,74.0,8.6,0.3,6.0,96741
26-07-2013,28.1,76.0,0.0,0.6,5.0,96741
27-07-2013,28.7,77.0,0.0,0.5,3.0,96741
28-07-2013,28.1,78.0,0.0,0.5,2.0,96741
29-07-2013,28.8,76.0,0.0,0.2,2.0,96741
30-07-2013,28.3,72.0,0.0,0.4,2.0,96741
31-07-2013,28.3,71.0,0.0,0.5,2.0,96741
01-08-2013,28.4,68.0,0.9,0.0,2.0,96741
02-08-2013,28.4,73.0,0.0,0.0,2.0,96741
03-08-2013,28.9,72.0,0.0,0.0,3.0,96741
04-08-2013,28.9,71.0,0.0,0.1,2.0,96741
05-08-2013,28.5,72.0,0.0,0.0,1.0,96741
06-08-2013,29.1,73.0,71.8,0.0,2.0,96741
07-08-2013,27.8,80.0,12.8,0.0,2.0,96741
08-08-2013,26.7,82.0,25.5,0.1,2.0,96741
09-08-2013,27.4,76.0,0.0,0.0,2.0,96741
10-08-2013,28.3,73.0,0.0,0.0,1.0,96741
11-08-2013,28.3,76.0,0.0,0.1,2.0,96741
12-08-2013,28.4,73.0,0.0,0.0,2.0,96741
13-08-2013,27.4,65.0,0.0,0.1,3.0,96741
14-08-2013,27.7,67.0,0.0,0.0,2.0,96741
15-08-2013,28.1,73.0,5.6,0.0,3.0,96741
16-08-2013,28.7,74.0,0.0,0.0,3.0,96741
17-08-2013,29.1,74.0,0.0,0.0,2.0,96741
18-08-2013,28.4,75.0,0.0,0.1,2.0,96741
19-08-2013,28.4,70.0,0.0,0.1,2.0,96741
20-08-2013,28.4,64.0,0.0,0.0,2.0,96741
21-08-2013,29.0,68.0,0.0,0.1,2.0,96741
22-08-2013,29.2,68.0,0.0,0.0,2.0,96741
24-08-2013,29.1,62.0,0.0,0.1,2.0,96741
30-08-2013,29.2,76.0,0.0,8.5,3.0,96741
01-09-2013,29.6,74.0,0.0,8.8,2.0,96741
07-09-2013,28.8,74.0,0.0,7.2,2.0,96741
09-09-2013,28.7,75.0,0.0,8.0,2.0,96741
19-09-2013,29.9,73.0,0.0,7.9,2.0,96741
20-09-2013,29.7,72.0,0.0,8.2,3.0,96741
22-09-2013,28.7,74.0,5.0,5.6,2.0,96741
23-09-2013,29.2,70.0,0.0,5.6,2.0,96741
29-09-2013,29.5,72.0,0.0,4.2,2.0,96741
02-10-2013,29.6,73.0,0.0,4.5,2.0,96741
04-10-2013,29.3,67.0,0.0,7.7,2.0,96741
09-10-2013,29.5,68.0,0.0,8.2,2.0,96741
11-10-2013,30.2,67.0,0.0,10.0,1.0,96741
12-10-2013,29.9,69.0,0.0,8.1,2.0,96741
14-10-2013,29.8,68.0,0.0,1.9,2.0,96741
15-10-2013,30.0,66.0,0.0,6.0,2.0,96741
17-10-2013,31.1,68.0,0.0,7.0,4.0,96741
23-10-2013,29.9,69.0,0.2,6.8,1.0,96741
24-10-2013,29.9,71.0,0.0,7.0,1.0,96741
26-10-2013,29.8,72.0,0.0,6.9,2.0,96741
27-10-2013,29.9,72.0,0.0,7.2,2.0,96741
30-10-2013,28.5,79.0,41.8,4.4,1.0,96741
01-11-2013,28.1,78.0,0.0,4.1,2.0,96741
02-11-2013,29.0,71.0,0.2,5.6,2.0,96741
03-11-2013,29.5,71.0,0.0,7.3,2.0,96741
05-11-2013,29.6,73.0,0.0,1.5,1.0,96741
07-11-2013,29.7,72.0,0.0,4.6,2.0,96741
08-11-2013,28.8,76.0,0.0,4.3,2.0,96741
11-11-2013,29.0,72.0,4.4,6.2,1.0,96741
13-11-2013,28.1,78.0,0.0,2.0,1.0,96741
14-11-2013,27.5,81.0,8.1,1.8,1.0,96741
18-11-2013,28.6,76.0,6.6,1.7,4.0,96741
22-11-2013,30.0,60.0,0.0,7.0,2.0,96741
24-11-2013,29.0,72.0,0.0,9.7,2.0,96741
25-11-2013,29.8,70.0,0.0,6.2,2.0,96741
27-11-2013,28.7,76.0,27.2,0.0,1.0,96741
28-11-2013,29.2,74.0,0.0,7.5,2.0,96741
01-12-2013,28.4,82.0,6.4,8.8,1.0,96741
03-12-2013,28.5,80.0,1.5,3.5,2.0,96741
07-12-2013,29.6,75.0,2.2,8.7,2.0,96741
10-12-2013,28.7,76.0,22.6,5.1,2.0,96741
11-12-2013,28.9,78.0,0.0,8.4,2.0,96741
16-12-2013,28.1,82.0,4.2,2.3,2.0,96741
20-12-2013,27.9,72.0,3.6,1.2,3.0,96741
22-12-2013,25.4,88.0,0.5,4.8,4.0,96741
23-12-2013,27.8,77.0,3.9,0.0,3.0,96741
26-12-2013,28.7,78.0,2.2,5.8,2.0,96741
27-12-2013,28.6,79.0,1.2,7.1,2.0,96741
29-12-2013,27.9,77.0,0.0,9.0,3.0,96741
30-12-2013,26.0,89.0,2.5,4.0,4.0,96741
31-12-2013,25.5,88.0,76.0,0.0,2.0,96741
01-01-2014,26.3,88.0,21.7,0.0,2.0,96741
02-01-2014,28.1,82.0,0.5,0.0,2.0,96741
06-01-2014,26.3,83.0,0.0,3.1,4.0,96741
07-01-2014,28.3,79.0,28.4,4.5,2.0,96741
08-01-2014,25.4,91.0,9.2,8.1,1.0,96741
09-01-2014,29.0,68.0,72.0,0.0,4.0,96741
11-01-2014,28.6,79.0,7.2,5.4,2.0,96741
12-01-2014,26.0,91.0,90.7,7.1,2.0,96741
13-01-2014,26.3,89.0,49.5,0.8,2.0,96741
14-01-2014,28.1,79.0,6.0,1.1,3.0,96741
15-01-2014,25.7,87.0,44.4,7.8,3.0,96741
16-01-2014,27.3,82.0,6.0,1.1,3.0,96741
17-01-2014,26.7,86.0,154.1,0.0,3.0,96741
18-01-2014,27.6,80.0,62.9,0.0,4.0,96741
19-01-2014,27.1,81.0,57.0,0.0,2.0,96741
20-01-2014,26.6,85.0,10.9,0.0,3.0,96741
21-01-2014,25.5,88.0,64.0,1.0,4.0,96741
23-01-2014,26.4,81.0,37.6,4.1,3.0,96741
24-01-2014,27.2,81.0,15.0,0.0,3.0,96741
25-01-2014,27.8,78.0,7.0,2.5,2.0,96741
26-01-2014,26.8,85.0,57.8,8.1,2.0,96741
27-01-2014,26.1,89.0,50.8,7.6,2.0,96741
28-01-2014,27.2,84.0,28.3,0.0,2.0,96741
29-01-2014,27.4,79.0,7.1,0.1,3.0,96741
30-01-2014,27.9,76.0,1.1,2.0,3.0,96741
31-01-2014,27.5,79.0,0.8,3.9,2.0,96741
01-02-2014,27.7,82.0,284.0,1.4,3.0,96741
02-02-2014,26.6,82.0,34.0,0.0,2.0,96741
03-02-2014,25.9,88.0,22.6,0.0,2.0,96741
04-02-2014,26.9,83.0,68.1,0.5,2.0,96741
05-02-2014,27.0,88.0,3.1,3.3,2.0,96741
06-02-2014,26.9,87.0,33.1,0.0,1.0,96741
07-02-2014,27.0,88.0,20.4,2.5,2.0,96741
08-02-2014,26.4,88.0,8.3,0.5,2.0,96741
09-02-2014,27.3,87.0,30.1,0.0,2.0,96741
10-02-2014,26.4,91.0,22.5,3.9,1.0,96741
11-02-2014,27.9,83.0,9.0,2.3,1.0,96741
12-02-2014,28.9,79.0,0.0,3.9,2.0,96741
13-02-2014,28.9,77.0,0.0,7.2,2.0,96741
14-02-2014,27.4,79.0,1.5,7.8,2.0,96741
15-02-2014,24.8,88.0,52.5,6.7,2.0,96741
16-02-2014,27.1,86.0,6.3,0.0,1.0,96741
17-02-2014,28.0,81.0,0.0,1.9,1.0,96741
18-02-2014,26.0,90.0,60.7,5.1,1.0,96741
19-02-2014,27.9,84.0,1.0,1.3,1.0,96741
20-02-2014,28.6,81.0,0.0,3.2,2.0,96741
22-02-2014,24.9,92.0,10.0,2.4,2.0,96741
23-02-2014,27.4,81.0,76.8,0.0,2.0,96741
24-02-2014,27.3,82.0,7.8,6.2,2.0,96741
25-02-2014,25.8,85.0,58.9,4.3,1.0,96741
26-02-2014,25.0,94.0,36.0,4.6,0.0,96741
27-02-2014,25.5,91.0,60.7,0.0,0.0,96741
28-02-2014,26.7,86.0,14.9,0.7,1.0,96741
01-03-2014,28.5,80.0,6.5,4.0,1.0,96741
02-03-2014,27.4,83.0,0.6,7.4,1.0,96741
03-03-2014,28.7,77.0,0.0,9.0,1.0,96741
04-03-2014,28.9,79.0,0.0,7.3,1.0,96741
07-03-2014,27.7,81.0,19.0,5.3,1.0,96741
08-03-2014,28.2,83.0,0.0,4.0,2.0,96741
09-03-2014,27.3,85.0,2.6,1.2,2.0,96741
11-03-2014,26.7,88.0,8.7,0.0,1.0,96741
12-03-2014,26.5,88.0,165.3,0.0,1.0,96741
13-03-2014,27.7,87.0,1.4,0.2,2.0,96741
14-03-2014,27.1,85.0,17.2,3.3,1.0,96741
17-03-2014,28.3,80.0,0.0,4.5,1.0,96741
18-03-2014,28.5,81.0,1.5,2.7,1.0,96741
20-03-2014,29.2,81.0,0.0,7.7,2.0,96741
21-03-2014,28.3,78.0,0.8,5.3,2.0,96741
23-03-2014,26.8,86.0,8.5,5.9,0.0,96741
25-03-2014,28.3,84.0,4.6,5.1,2.0,96741
26-03-2014,26.8,87.0,31.0,0.0,1.0,96741
29-03-2014,28.7,78.0,0.6,8.1,2.0,96741
02-04-2014,30.1,77.0,0.0,8.2,1.0,96741
03-04-2014,29.6,75.0,0.0,8.4,2.0,96741
07-04-2014,28.8,78.0,0.0,7.7,2.0,96741
08-04-2014,29.6,74.0,1.5,6.4,4.0,96741
10-04-2014,28.2,75.0,7.0,5.3,2.0,96741
18-04-2014,28.4,79.0,11.0,7.8,1.0,96741
19-04-2014,28.8,79.0,0.0,7.3,1.0,96741
21-04-2014,28.8,75.0,10.9,5.7,5.0,96741
23-04-2014,28.8,82.0,10.0,8.3,1.0,96741
26-04-2014,29.3,77.0,0.0,7.2,2.0,96741
29-04-2014,29.5,77.0,4.5,8.1,1.0,96741
30-04-2014,29.6,76.0,0.0,8.0,1.0,96741
02-05-2014,30.0,73.0,0.0,4.3,1.0,96741
07-05-2014,29.9,79.0,7.1,7.0,2.0,96741
08-05-2014,29.4,78.0,0.0,8.7,1.0,96741
09-05-2014,29.8,73.0,1.0,6.5,1.0,96741
10-05-2014,27.7,83.0,0.0,5.3,0.0,96741
11-05-2014,26.7,88.0,8.7,0.0,1.0,96741
12-05-2014,27.2,86.0,165.3,0.0,2.0,96741
13-05-2014,29.5,78.0,1.0,6.0,1.0,96741
14-05-2014,29.4,75.0,1.7,7.7,1.0,96741
15-05-2014,29.4,77.0,0.0,7.6,2.0,96741
16-05-2014,29.3,73.0,0.5,4.7,2.0,96741
17-05-2014,28.5,78.0,15.5,6.2,2.0,96741
20-05-2014,29.2,76.0,0.0,6.9,2.0,96741
21-05-2014,29.5,72.0,0.0,4.3,2.0,96741
22-05-2014,29.4,79.0,0.6,7.6,2.0,96741
25-05-2014,29.5,75.0,0.0,1.6,2.0,96741
27-05-2014,29.8,77.0,0.0,6.4,1.0,96741
28-05-2014,29.2,77.0,3.8,5.5,2.0,96741
30-05-2014,29.4,76.0,0.0,8.7,2.0,96741
31-05-2014,29.1,77.0,16.4,7.3,0.0,96741
01-06-2014,30.0,70.0,0.0,6.7,2.0,96741
04-06-2014,29.6,76.0,0.0,8.2,2.0,96741
05-06-2014,28.9,77.0,0.0,7.2,1.0,96741
06-06-2014,29.2,76.0,2.5,2.0,1.0,96741
07-06-2014,29.6,75.0,0.0,0.7,2.0,96741
09-06-2014,29.8,72.0,0.0,8.5,2.0,96741
12-06-2014,29.4,80.0,1.8,5.7,2.0,96741
13-06-2014,28.5,80.0,43.0,6.2,1.0,96741
15-06-2014,26.2,91.0,7.2,2.9,1.0,96741
16-06-2014,28.4,80.0,20.3,0.3,1.0,96741
17-06-2014,27.8,82.0,12.0,4.6,1.0,96741
19-06-2014,27.9,75.0,0.0,5.3,2.0,96741
20-06-2014,29.2,76.0,0.2,0.4,2.0,96741
21-06-2014,29.1,78.0,0.0,7.8,1.0,96741
22-06-2014,29.0,77.0,3.8,4.5,1.0,96741
24-06-2014,29.4,74.0,0.0,5.2,2.0,96741
25-06-2014,28.8,79.0,0.0,3.5,2.0,96741
26-06-2014,26.8,82.0,5.5,7.7,0.0,96741
27-06-2014,27.7,81.0,1.3,0.0,2.0,96741
28-06-2014,27.5,80.0,2.8,1.1,2.0,96741
01-07-2014,29.3,67.0,0.0,7.4,2.0,96741
05-07-2014,29.4,74.0,0.0,6.5,2.0,96741
06-07-2014,27.8,83.0,1.4,5.3,1.0,96741
07-07-2014,26.9,84.0,46.0,0.6,1.0,96741
08-07-2014,28.5,74.0,14.0,6.6,1.0,96741
13-07-2014,26.0,86.0,15.0,2.0,3.0,96741
14-07-2014,28.0,72.0,1.5,0.0,2.0,96741
15-07-2014,28.3,75.0,0.0,8.8,1.0,96741
16-07-2014,28.3,81.0,33.7,8.6,1.0,96741
17-07-2014,27.1,83.0,5.5,8.2,1.0,96741
18-07-2014,28.0,80.0,3.8,7.8,1.0,96741
19-07-2014,27.0,82.0,5.5,8.2,1.0,96741
22-07-2014,28.8,75.0,0.9,6.1,1.0,96741
23-07-2014,27.2,82.0,31.5,6.6,1.0,96741
26-07-2014,28.1,77.0,0.0,4.0,2.0,96741
27-07-2014,28.0,77.0,6.7,6.1,2.0,96741
29-07-2014,28.3,69.0,0.0,4.8,2.0,96741
30-07-2014,28.7,70.0,0.0,8.0,2.0,96741
02-08-2014,28.4,74.0,0.9,7.1,2.0,96741
03-08-2014,28.9,73.0,0.0,6.9,3.0,96741
04-08-2014,28.9,72.0,0.0,7.7,2.0,96741
06-08-2014,29.1,74.0,0.0,2.5,2.0,96741
07-08-2014,30.3,81.0,71.8,4.9,2.0,96741
09-08-2014,27.4,77.0,25.5,8.2,2.0,96741
12-08-2014,28.4,74.0,0.0,8.6,2.0,96741
13-08-2014,27.3,67.0,0.0,6.2,3.0,96741
14-08-2014,27.7,68.0,0.0,8.6,2.0,96741
15-08-2014,28.1,74.0,0.0,7.7,3.0,96741
16-08-2014,28.7,75.0,5.6,6.7,3.0,96741
17-08-2014,29.1,75.0,0.0,8.5,2.0,96741
19-08-2014,28.4,71.0,0.0,9.3,2.0,96741
20-08-2014,28.4,66.0,0.0,8.6,2.0,96741
21-08-2014,29.5,67.0,0.0,6.3,2.0,96741
22-08-2014,29.2,70.0,0.0,8.6,2.0,96741
23-08-2014,29.3,71.0,0.0,8.1,2.0,96741
24-08-2014,29.1,64.0,0.0,9.6,2.0,96741
26-08-2014,28.9,64.0,0.0,8.8,3.0,96741
29-08-2014,29.2,72.0,0.0,10.0,2.0,96741
31-08-2014,29.4,74.0,0.2,6.8,2.0,96741
03-09-2014,29.3,73.0,0.0,9.2,2.0,96741
04-09-2014,29.3,74.0,0.0,8.4,2.0,96741
05-09-2014,29.4,73.0,0.0,5.0,2.0,96741
06-09-2014,28.4,78.0,53.7,8.1,1.0,96741
07-09-2014,28.8,73.0,0.0,7.2,2.0,96741
08-09-2014,28.4,75.0,0.0,4.9,2.0,96741
09-09-2014,28.7,75.0,0.0,8.0,2.0,96741
10-09-2014,28.5,74.0,0.0,7.9,2.0,96741
11-09-2014,28.7,68.0,0.0,5.8,3.0,96741
12-09-2014,29.0,69.0,0.0,8.1,3.0,96741
13-09-2014,29.3,66.0,0.0,8.8,2.0,96741
14-09-2014,29.0,74.0,0.0,8.6,2.0,96741
15-09-2014,28.7,75.0,8.0,6.1,2.0,96741
16-09-2014,28.6,74.0,2.7,7.3,2.0,96741
17-09-2014,29.1,71.0,0.0,4.7,2.0,96741
18-09-2014,29.3,73.0,0.0,7.4,1.0,96741
20-09-2014,29.9,72.0,0.0,8.2,1.0,96741
21-09-2014,29.5,70.0,0.0,7.9,1.0,96741
22-09-2014,28.7,73.0,5.0,5.6,1.0,96741
25-09-2014,30.0,67.0,0.0,9.7,1.0,96741
26-09-2014,29.9,68.0,0.0,9.1,1.0,96741
27-09-2014,29.5,69.0,0.0,7.8,1.0,96741
29-09-2014,29.5,72.0,0.0,4.2,2.0,96741
30-09-2014,27.9,77.0,0.0,4.4,2.0,96741
02-10-2014,30.1,67.0,0.0,8.7,3.0,96741
03-10-2014,29.8,61.0,0.0,8.8,2.0,96741
05-10-2014,29.2,70.0,0.0,9.6,1.0,96741
17-10-2014,29.9,72.0,0.0,6.6,2.0,96741
18-10-2014,30.4,68.0,0.0,8.3,2.0,96741
19-10-2014,30.6,61.0,0.0,6.4,2.0,96741
24-10-2014,29.9,67.0,6.0,5.1,3.0,96741
27-10-2014,30.3,69.0,0.0,9.2,2.0,96741
28-10-2014,30.4,69.0,0.0,8.6,1.0,96741
29-10-2014,29.9,69.0,0.0,7.0,2.0,96741
31-10-2014,30.0,70.0,0.0,1.5,1.0,96741
01-11-2014,30.0,70.0,0.0,9.3,1.0,96741
02-11-2014,30.6,72.0,0.0,9.3,2.0,96741
05-11-2014,30.1,70.0,1.5,9.8,2.0,96741
08-11-2014,28.5,73.0,0.0,2.2,1.0,96741
09-11-2014,29.0,77.0,4.8,5.9,1.0,96741
10-11-2014,28.8,74.0,6.0,8.4,1.0,96741
12-11-2014,29.0,75.0,0.0,1.3,2.0,96741
13-11-2014,29.2,70.0,0.0,8.9,2.0,96741
15-11-2014,29.7,71.0,0.0,3.6,1.0,96741
16-11-2014,28.8,74.0,0.0,8.3,1.0,96741
17-11-2014,29.3,73.0,0.0,5.4,1.0,96741
21-11-2014,30.2,73.0,0.3,4.7,1.0,96741
25-11-2014,28.0,78.0,46.4,6.3,1.0,96741
02-12-2014,29.3,65.0,0.0,1.4,2.0,96741
03-12-2014,28.6,70.0,0.0,0.4,4.0,96741
05-12-2014,27.7,78.0,1.5,2.4,1.0,96741
09-12-2014,27.6,80.0,1.0,6.2,3.0,96741
11-12-2014,29.3,76.0,0.0,8.7,4.0,96741
12-12-2014,28.6,80.0,0.0,8.0,2.0,96741
13-12-2014,27.3,81.0,0.0,1.1,3.0,96741
16-12-2014,29.4,74.0,0.0,6.1,3.0,96741
18-12-2014,29.0,76.0,0.0,4.9,2.0,96741
20-12-2014,28.3,82.0,1.0,5.7,1.0,96741
21-12-2014,28.8,79.0,10.4,7.1,1.0,96741
22-12-2014,28.4,80.0,0.0,9.6,1.0,96741
23-12-2014,29.8,75.0,0.0,5.8,2.0,96741
24-12-2014,29.6,71.0,0.0,6.2,1.0,96741
26-12-2014,29.0,74.0,0.0,8.0,2.0,96741
27-12-2014,26.4,86.0,20.8,2.9,2.0,96741
28-12-2014,28.3,72.0,8.2,0.0,3.0,96741
31-12-2014,25.9,85.0,0.0,1.4,4.0,96741
01-01-2015,26.4,83.0,30.9,0.0,4.0,96741
03-01-2015,26.4,86.0,6.6,1.2,3.0,96741
05-01-2015,27.7,75.0,2.2,0.5,4.0,96741
06-01-2015,28.5,74.0,1.5,6.1,4.0,96741
08-01-2015,28.5,72.0,5.5,5.8,6.0,96741
10-01-2015,28.9,71.0,0.0,7.4,4.0,96741
11-01-2015,28.7,74.0,0.0,6.2,3.0,96741
12-01-2015,25.7,90.0,2.8,9.5,1.0,96741
13-01-2015,26.8,85.0,36.0,0.0,1.0,96741
14-01-2015,27.7,81.0,17.8,1.0,3.0,96741
16-01-2015,27.7,85.0,3.2,5.2,2.0,96741
17-01-2015,28.2,80.0,41.0,6.9,3.0,96741
18-01-2015,28.4,76.0,1.8,3.3,3.0,96741
21-01-2015,26.6,82.0,35.1,4.2,2.0,96741
23-01-2015,25.2,91.0,133.4,0.0,0.0,96741
24-01-2015,27.3,79.0,11.8,0.0,4.0,96741
25-01-2015,26.6,87.0,4.7,6.8,2.0,96741
26-01-2015,27.1,86.0,17.3,6.9,1.0,96741
27-01-2015,26.9,85.0,10.5,0.1,1.0,96741
28-01-2015,27.6,80.0,0.2,2.5,2.0,96741
29-01-2015,28.1,79.0,0.0,8.8,3.0,96741
01-02-2015,24.2,96.0,13.2,5.0,1.0,96741
02-02-2015,27.0,84.0,104.0,0.0,1.0,96741
03-02-2015,27.5,80.0,0.0,5.0,2.0,96741
04-02-2015,27.4,81.0,6.0,0.8,2.0,96741
05-02-2015,27.4,81.0,24.2,3.6,2.0,96741
06-02-2015,26.9,84.0,11.8,3.3,3.0,96741
07-02-2015,27.3,82.0,7.6,5.9,3.0,96741
08-02-2015,26.7,86.0,31.7,6.8,2.0,96741
09-02-2015,24.0,98.0,38.4,3.3,1.0,96741
10-02-2015,26.0,86.0,247.0,0.0,1.0,96741
11-02-2015,25.3,91.0,13.1,2.3,1.0,96741
12-02-2015,26.0,88.0,58.3,0.3,2.0,96741
14-02-2015,27.0,86.0,3.5,0.5,1.0,96741
15-02-2015,27.1,87.0,1.7,5.7,1.0,96741
17-02-2015,27.0,85.0,3.5,7.3,1.0,96741
18-02-2015,27.2,83.0,12.4,0.7,3.0,96741
19-02-2015,25.2,91.0,111.0,6.3,1.0,96741
20-02-2015,26.9,81.0,4.3,0.5,0.0,96741
21-02-2015,28.0,82.0,0.0,1.8,2.0,96741
25-02-2015,28.9,78.0,0.0,8.7,1.0,96741
26-02-2015,29.2,76.0,0.0,6.7,1.0,96741
27-02-2015,28.2,82.0,20.0,5.8,1.0,96741
01-03-2015,27.3,84.0,0.3,4.7,2.0,96741
02-03-2015,28.2,76.0,14.1,0.4,2.0,96741
03-03-2015,27.7,81.0,4.6,2.6,2.0,96741
04-03-2015,27.6,77.0,3.3,2.9,3.0,96741
08-03-2015,27.0,81.0,16.4,3.1,2.0,96741
09-03-2015,27.9,79.0,8.0,0.0,2.0,96741
10-03-2015,27.3,83.0,22.6,8.0,2.0,96741
12-03-2015,27.8,81.0,5.3,3.8,2.0,96741
16-03-2015,28.0,80.0,30.9,4.0,2.0,96741
17-03-2015,28.4,78.0,0.0,8.4,1.0,96741
18-03-2015,28.9,76.0,0.0,8.3,1.0,96741
21-03-2015,27.4,82.0,5.8,6.8,1.0,96741
23-03-2015,28.3,76.0,18.0,8.5,1.0,96741
24-03-2015,29.3,76.0,0.0,9.0,1.0,96741
26-03-2015,27.2,80.0,0.0,4.0,1.0,96741
27-03-2015,28.6,78.0,11.6,3.9,1.0,96741
28-03-2015,28.6,77.0,0.0,8.9,1.0,96741
31-03-2015,30.0,74.0,0.0,9.2,2.0,96741
01-04-2015,30.1,74.0,0.0,9.5,1.0,96741
02-04-2015,28.0,80.0,23.0,6.5,1.0,96741
03-04-2015,27.8,83.0,1.5,3.6,1.0,96741
05-04-2015,29.0,76.0,0.6,4.3,1.0,96741
06-04-2015,29.3,77.0,0.0,9.1,2.0,96741
07-04-2015,28.8,77.0,0.0,8.7,2.0,96741
09-04-2015,27.8,81.0,30.7,7.8,1.0,96741
10-04-2015,29.3,76.0,0.2,6.7,2.0,96741
11-04-2015,29.1,80.0,0.0,8.8,1.0,96741
12-04-2015,29.3,72.0,6.0,7.6,1.0,96741
15-04-2015,28.8,75.0,0.0,5.1,1.0,96741
16-04-2015,29.6,74.0,0.0,4.3,2.0,96741
17-04-2015,28.2,82.0,0.0,6.2,1.0,96741
18-04-2015,28.9,79.0,1.0,0.3,1.0,96741
19-04-2015,28.4,78.0,3.5,0.2,1.0,96741
20-04-2015,29.0,73.0,0.3,7.5,1.0,96741
22-04-2015,29.2,77.0,0.0,5.5,3.0,96741
23-04-2015,28.9,73.0,0.0,6.8,4.0,96741
25-04-2015,27.1,82.0,2.1,5.3,3.0,96741
26-04-2015,28.0,79.0,20.6,2.5,3.0,96741
27-04-2015,28.1,74.0,0.0,6.3,4.0,96741
30-04-2015,29.4,72.0,0.0,5.5,3.0,96741
01-05-2015,28.8,77.0,0.0,6.8,1.0,96741
04-05-2015,27.0,83.0,6.4,0.8,1.0,96741
05-05-2015,28.5,77.0,12.9,4.7,2.0,96741
07-05-2015,29.5,71.0,0.0,8.5,2.0,96741
09-05-2015,29.6,70.0,0.0,7.6,2.0,96741
10-05-2015,28.8,78.0,25.1,7.3,3.0,96741
11-05-2015,29.2,71.0,0.0,8.5,2.0,96741
16-05-2015,29.1,76.0,0.0,4.2,3.0,96741
17-05-2015,29.6,74.0,0.0,7.5,3.0,96741
20-05-2015,29.5,63.0,0.0,8.1,3.0,96741
21-05-2015,29.3,68.0,0.0,8.4,3.0,96741
22-05-2015,28.9,68.0,0.0,8.5,3.0,96741
27-05-2015,29.5,76.0,0.0,7.5,3.0,96741
30-05-2015,29.7,72.0,0.0,9.3,2.0,96741
31-05-2015,29.6,76.0,0.0,8.6,2.0,96741
01-06-2015,29.1,76.0,0.0,8.0,2.0,96741
04-06-2015,29.7,71.0,0.0,8.4,4.0,96741
05-06-2015,29.1,73.0,2.0,5.9,3.0,96741
07-06-2015,29.5,74.0,25.2,8.4,1.0,96741
09-06-2015,27.4,82.0,0.2,1.0,1.0,96741
10-06-2015,28.1,79.0,16.2,0.0,1.0,96741
12-06-2015,29.3,72.0,0.0,7.5,1.0,96741
13-06-2015,28.5,71.0,0.0,4.5,2.0,96741
16-06-2015,28.2,68.0,0.0,6.2,2.0,96741
21-06-2015,28.9,70.0,0.0,8.5,2.0,96741
22-06-2015,28.7,73.0,1.0,6.4,1.0,96741
25-06-2015,28.3,66.0,0.0,8.8,3.0,96741
26-06-2015,28.4,67.0,0.0,8.5,3.0,96741
29-06-2015,28.7,73.0,0.0,6.5,2.0,96741
30-06-2015,28.6,73.0,0.0,8.1,2.0,96741
04-07-2015,27.6,65.0,0.0,8.4,1.0,96741
06-07-2015,28.0,66.0,0.0,8.1,2.0,96741
10-07-2015,28.0,70.0,2.5,7.8,2.0,96741
11-07-2015,28.6,70.0,0.0,5.7,3.0,96741
12-07-2015,28.8,71.0,0.0,5.0,3.0,96741
13-07-2015,29.1,71.0,0.0,4.6,4.0,96741
18-07-2015,28.6,71.0,0.0,8.4,4.0,96741
19-07-2015,28.1,73.0,0.0,8.6,3.0,96741
22-07-2015,28.4,75.0,0.0,8.4,3.0,96741
24-07-2015,28.8,73.0,0.0,7.7,3.0,96741
25-07-2015,28.2,75.0,0.0,8.4,3.0,96741
26-07-2015,28.4,77.0,0.0,7.8,2.0,96741
27-07-2015,28.9,69.0,0.0,8.2,3.0,96741
28-07-2015,28.8,70.0,0.0,8.3,3.0,96741
30-07-2015,28.8,70.0,0.0,8.6,3.0,96741
01-08-2015,28.4,75.0,0.0,8.5,2.0,96741
05-08-2015,27.6,71.0,0.0,8.4,3.0,96741
09-08-2015,28.5,69.0,0.0,6.6,3.0,96741
17-08-2015,28.8,70.0,0.0,8.3,2.0,96741
24-08-2015,28.0,69.0,0.0,8.2,2.0,96741
26-08-2015,28.5,73.0,0.0,8.5,2.0,96741
28-08-2015,29.2,68.0,0.0,8.9,3.0,96741
08-09-2015,28.4,68.0,0.0,9.1,2.0,96741
09-09-2015,29.0,70.0,0.0,9.4,2.0,96741
11-09-2015,28.9,66.0,0.0,7.5,3.0,96741
13-09-2015,28.7,69.0,0.0,8.6,2.0,96741
14-09-2015,28.9,67.0,0.0,8.9,2.0,96741
15-09-2015,27.9,75.0,16.0,6.7,3.0,96741
18-09-2015,29.3,68.0,0.0,8.0,4.0,96741
20-09-2015,28.1,75.0,0.0,8.5,1.0,96741
22-09-2015,29.5,63.0,0.0,7.4,2.0,96741
23-09-2015,29.1,63.0,0.0,9.0,1.0,96741
24-09-2015,28.7,66.0,0.0,8.9,2.0,96741
28-09-2015,29.5,69.0,0.0,8.0,2.0,96741
29-09-2015,29.4,66.0,0.0,6.7,3.0,96741
30-09-2015,29.8,61.0,0.0,8.8,4.0,96741
03-10-2015,30.2,61.0,0.0,8.2,3.0,96741
04-10-2015,29.7,64.0,0.0,8.7,4.0,96741
05-10-2015,29.4,70.0,0.0,9.2,2.0,96741
08-10-2015,28.8,72.0,0.0,9.0,2.0,96741
10-10-2015,29.7,64.0,0.0,6.5,3.0,96741
11-10-2015,29.4,66.0,0.0,6.1,3.0,96741
12-10-2015,29.0,73.0,0.0,7.5,3.0,96741
13-10-2015,29.2,69.0,0.0,9.3,3.0,96741
15-10-2015,29.4,68.0,0.0,7.7,2.0,96741
18-10-2015,29.3,65.0,0.0,9.5,1.0,96741
19-10-2015,29.9,65.0,0.0,8.6,2.0,96741
20-10-2015,30.0,64.0,0.0,7.8,1.0,96741
22-10-2015,30.3,60.0,0.0,8.6,3.0,96741
23-10-2015,29.0,67.0,0.0,8.5,2.0,96741
24-10-2015,29.2,69.0,0.0,6.0,2.0,96741
25-10-2015,29.0,72.0,0.0,7.5,2.0,96741
28-10-2015,29.7,75.0,0.0,9.0,2.0,96741
30-10-2015,30.0,72.0,0.0,6.2,2.0,96741
01-11-2015,29.6,75.0,0.0,6.5,2.0,96741
02-11-2015,30.0,71.0,0.0,4.6,2.0,96741
03-11-2015,29.6,74.0,20.6,7.2,1.0,96741
07-11-2015,28.6,76.0,0.0,8.1,1.0,96741
08-11-2015,29.3,73.0,2.3,1.8,2.0,96741
09-11-2015,29.2,73.0,0.8,6.2,1.0,96741
10-11-2015,30.4,67.0,0.0,8.9,1.0,96741
13-11-2015,28.5,76.0,0.0,9.0,2.0,96741
16-11-2015,29.3,72.0,0.0,9.0,2.0,96741
17-11-2015,29.5,75.0,37.6,4.1,1.0,96741
18-11-2015,30.2,70.0,0.0,6.0,3.0,96741
19-11-2015,29.6,74.0,0.0,9.1,2.0,96741
20-11-2015,30.1,70.0,0.0,5.5,1.0,96741
23-11-2015,30.4,70.0,0.0,7.6,1.0,96741
24-11-2015,30.0,74.0,0.0,8.1,2.0,96741
29-11-2015,28.5,80.0,0.0,8.0,1.0,96741
30-11-2015,28.7,79.0,5.8,0.0,1.0,96741
03-12-2015,29.5,77.0,0.0,7.8,1.0,96741
04-12-2015,29.6,76.0,0.0,1.1,1.0,96741
06-12-2015,28.7,82.0,3.5,5.3,2.0,96741
07-12-2015,29.1,78.0,87.4,5.0,1.0,96741
08-12-2015,28.3,81.0,0.0,7.5,1.0,96741
10-12-2015,29.9,73.0,0.0,9.0,1.0,96741
13-12-2015,28.5,78.0,0.0,1.1,3.0,96741
15-12-2015,28.1,75.0,0.0,0.0,5.0,96741
16-12-2015,27.7,78.0,0.0,0.9,3.0,96741
17-12-2015,25.7,85.0,3.0,0.0,3.0,96741
19-12-2015,27.3,84.0,10.3,1.0,2.0,96741
20-12-2015,27.2,83.0,5.3,5.7,3.0,96741
21-12-2015,27.7,75.0,7.3,6.6,4.0,96741
22-12-2015,29.2,71.0,0.0,4.9,4.0,96741
29-12-2015,29.1,79.0,0.0,6.1,2.0,96741
01-01-2016,28.7,78.0,0.9,4.8,2.0,96741
03-01-2016,28.6,81.0,2.5,6.7,1.0,96741
08-01-2016,30.1,76.0,0.0,9.5,2.0,96741
10-01-2016,29.9,73.0,0.0,9.3,1.0,96741
12-01-2016,29.3,78.0,0.0,8.9,1.0,96741
13-01-2016,28.6,78.0,0.0,2.4,2.0,96741
14-01-2016,28.9,78.0,10.8,3.3,2.0,96741
16-01-2016,29.2,77.0,2.4,2.8,1.0,96741
17-01-2016,29.6,75.0,0.0,0.0,1.0,96741
18-01-2016,29.9,75.0,0.0,7.3,1.0,96741
20-01-2016,28.2,81.0,11.5,8.3,2.0,96741
21-01-2016,28.6,80.0,0.0,1.9,1.0,96741
24-01-2016,27.4,88.0,29.0,0.0,1.0,96741
25-01-2016,25.9,92.0,34.3,2.4,1.0,96741
26-01-2016,28.0,85.0,5.5,0.0,1.0,96741
31-01-2016,28.6,82.0,12.0,1.3,2.0,96741
01-02-2016,28.4,82.0,1.3,1.6,1.0,96741
02-02-2016,28.3,83.0,19.5,1.4,2.0,96741
05-02-2016,28.8,78.0,12.6,0.2,2.0,96741
07-02-2016,28.0,88.0,27.2,4.7,2.0,96741
08-02-2016,27.4,87.0,3.5,5.4,5.0,96741
09-02-2016,27.3,86.0,10.5,4.9,3.0,96741
10-02-2016,27.6,83.0,17.9,4.6,3.0,96741
11-02-2016,28.0,80.0,0.0,0.0,2.0,96741
12-02-2016,27.2,84.0,17.7,0.3,1.0,96741
13-02-2016,28.1,81.0,8.5,2.7,1.0,96741
15-02-2016,28.4,82.0,5.0,6.3,3.0,96741
18-02-2016,28.6,78.0,2.0,2.4,2.0,96741
19-02-2016,28.4,81.0,0.0,8.6,2.0,96741
20-02-2016,28.4,82.0,0.0,1.4,2.0,96741
21-02-2016,28.5,80.0,0.0,0.0,3.0,96741
28-02-2016,26.5,92.0,80.0,6.1,1.0,96741
29-02-2016,27.7,83.0,3.8,0.0,3.0,96741
01-03-2016,28.0,80.0,19.1,0.9,2.0,96741
04-03-2016,28.1,85.0,38.8,7.8,2.0,96741
05-03-2016,28.0,86.0,30.0,5.1,1.0,96741
06-03-2016,28.7,84.0,11.5,5.0,2.0,96741
08-03-2016,29.4,81.0,1.0,9.3,1.0,96741
09-03-2016,29.3,79.0,0.0,5.8,1.0,96741
10-03-2016,29.6,77.0,4.2,8.9,2.0,96741
11-03-2016,29.3,78.0,0.2,9.6,1.0,96741
12-03-2016,29.5,74.0,0.0,6.0,2.0,96741
16-03-2016,29.3,80.0,11.6,6.5,2.0,96741
26-03-2016,27.6,85.0,38.6,5.1,1.0,96741
29-03-2016,28.4,81.0,20.4,9.5,2.0,96741
03-04-2016,29.2,77.0,0.3,9.1,3.0,96741
07-04-2016,30.0,74.0,0.0,8.0,2.0,96741
10-04-2016,29.7,74.0,1.5,6.9,2.0,96741
11-04-2016,29.8,77.0,0.0,5.2,2.0,96741
15-04-2016,28.7,83.0,3.6,7.6,3.0,96741
20-04-2016,28.4,82.0,5.5,6.2,1.0,96741
21-04-2016,27.7,86.0,112.7,5.7,2.0,96741
22-04-2016,29.4,76.0,4.2,5.3,4.0,96741
25-04-2016,30.0,75.0,0.0,8.5,2.0,96741
27-04-2016,29.0,77.0,2.2,0.0,2.0,96741
01-05-2016,28.8,81.0,2.8,4.1,2.0,96741
02-05-2016,29.9,73.0,0.0,2.5,3.0,96741
04-05-2016,30.3,75.0,0.0,7.5,2.0,96741
06-05-2016,29.0,79.0,16.4,0.8,2.0,96741
07-05-2016,29.5,75.0,0.0,6.2,1.0,96741
08-05-2016,29.1,79.0,0.0,6.2,2.0,96741
10-05-2016,30.0,74.0,2.9,9.0,2.0,96741
12-05-2016,30.5,72.0,0.0,6.0,2.0,96741
15-05-2016,30.0,79.0,0.0,0.9,3.0,96741
16-05-2016,29.4,75.0,0.0,4.2,2.0,96741
17-05-2016,29.6,79.0,0.2,4.5,1.0,96741
21-05-2016,28.8,81.0,0.5,5.8,1.0,96741
22-05-2016,28.9,79.0,4.5,5.5,1.0,96741
24-05-2016,29.5,79.0,12.7,6.0,2.0,96741
26-05-2016,29.8,75.0,0.0,6.4,2.0,96741
27-05-2016,28.5,77.0,9.5,2.6,1.0,96741
29-05-2016,27.1,85.0,0.0,5.9,1.0,96741
04-06-2016,29.6,77.0,0.0,4.4,2.0,96741
05-06-2016,28.4,79.0,0.0,8.5,1.0,96741
06-06-2016,28.9,77.0,0.0,0.8,1.0,96741
09-06-2016,29.8,74.0,0.0,7.9,1.0,96741
10-06-2016,29.9,75.0,0.2,3.3,2.0,96741
11-06-2016,29.9,71.0,0.0,7.8,2.0,96741
14-06-2016,28.8,74.0,0.0,3.6,1.0,96741
15-06-2016,27.2,82.0,0.0,0.0,2.0,96741
17-06-2016,29.0,75.0,1.5,5.9,3.0,96741
18-06-2016,25.4,84.0,75.5,4.0,2.0,96741
19-06-2016,28.0,78.0,5.5,0.0,1.0,96741
22-06-2016,28.7,75.0,15.0,7.4,2.0,96741
23-06-2016,28.7,75.0,1.0,7.2,2.0,96741
24-06-2016,29.4,75.0,0.2,7.7,1.0,96741
25-06-2016,28.3,74.0,43.5,6.9,2.0,96741
26-06-2016,27.9,80.0,0.0,8.1,3.0,96741
27-06-2016,28.4,77.0,25.5,7.7,3.0,96741
29-06-2016,29.1,73.0,0.0,5.3,1.0,96741
01-07-2016,27.9,85.0,9.6,8.5,3.0,96741
02-07-2016,29.0,76.0,1.0,0.7,3.0,96741
03-07-2016,29.0,79.0,0.0,7.4,2.0,96741
04-07-2016,28.3,80.0,43.4,7.3,2.0,96741
05-07-2016,29.4,75.0,0.0,8.3,2.0,96741
06-07-2016,29.6,76.0,0.0,8.4,4.0,96741
08-07-2016,28.5,78.0,1.0,8.4,2.0,96741
09-07-2016,29.7,71.0,0.0,8.5,2.0,96741
10-07-2016,28.0,79.0,0.0,6.9,2.0,96741
11-07-2016,29.2,76.0,0.0,0.5,3.0,96741
14-07-2016,29.3,74.0,0.0,7.6,2.0,96741
15-07-2016,29.8,72.0,0.0,5.0,2.0,96741
16-07-2016,28.4,80.0,0.0,8.6,2.0,96741
18-07-2016,28.4,76.0,36.5,4.9,1.0,96741
19-07-2016,27.8,82.0,0.5,8.4,2.0,96741
20-07-2016,27.2,79.0,10.3,5.9,1.0,96741
21-07-2016,28.3,75.0,1.0,2.1,2.0,96741
23-07-2016,28.2,75.0,3.8,1.5,2.0,96741
24-07-2016,27.7,80.0,0.0,8.1,2.0,96741
25-07-2016,27.4,78.0,9.8,7.1,1.0,96741
26-07-2016,28.2,73.0,0.5,1.3,2.0,96741
27-07-2016,28.8,69.0,0.5,7.6,3.0,96741
29-07-2016,29.3,72.0,0.0,7.3,3.0,96741
31-07-2016,28.7,70.0,0.0,6.2,2.0,96741
02-08-2016,28.5,69.0,3.8,7.9,1.0,96741
03-08-2016,28.6,59.0,0.0,8.1,2.0,96741
04-08-2016,28.8,66.0,0.0,8.2,2.0,96741
05-08-2016,28.7,69.0,0.0,7.3,2.0,96741
08-08-2016,28.4,82.0,2.4,6.9,2.0,96741
09-08-2016,28.8,79.0,11.6,4.7,2.0,96741
11-08-2016,28.6,80.0,42.3,8.4,2.0,96741
12-08-2016,29.2,73.0,0.0,6.8,1.0,96741
13-08-2016,29.3,74.0,0.0,8.1,1.0,96741
14-08-2016,27.0,84.0,39.1,1.8,2.0,96741
15-08-2016,28.4,78.0,24.1,1.6,2.0,96741
16-08-2016,27.7,81.0,0.1,2.4,2.0,96741
17-08-2016,29.1,71.0,0.0,1.4,2.0,96741
18-08-2016,28.2,79.0,1.4,8.5,2.0,96741
19-08-2016,29.3,77.0,2.0,6.3,3.0,96741
20-08-2016,28.2,76.0,6.3,6.1,2.0,96741
22-08-2016,28.6,75.0,0.2,8.3,3.0,96741
23-08-2016,28.3,77.0,7.0,8.0,2.0,96741
24-08-2016,27.7,78.0,18.8,7.4,1.0,96741
25-08-2016,28.4,75.0,0.7,7.3,2.0,96741
26-08-2016,28.6,75.0,0.0,4.5,3.0,96741
28-08-2016,29.5,75.0,0.4,7.5,2.0,96741
29-08-2016,27.4,84.0,0.0,6.1,2.0,96741
30-08-2016,27.9,81.0,25.0,3.7,2.0,96741
31-08-2016,28.7,78.0,22.5,4.3,2.0,96741
01-09-2016,29.2,76.0,0.0,6.4,2.0,96741
02-09-2016,29.4,77.0,4.7,8.9,2.0,96741
03-09-2016,28.9,76.0,2.3,7.7,3.0,96741
05-09-2016,29.1,76.0,28.3,9.4,2.0,96741
06-09-2016,29.2,74.0,0.0,9.7,2.0,96741
07-09-2016,28.3,78.0,3.4,8.9,2.0,96741
09-09-2016,29.5,72.0,0.0,5.9,2.0,96741
10-09-2016,29.6,68.0,0.0,7.8,2.0,96741
11-09-2016,29.5,70.0,0.0,7.9,2.0,96741
13-09-2016,29.1,69.0,0.0,8.9,2.0,96741
15-09-2016,28.2,74.0,39.5,7.3,1.0,96741
16-09-2016,28.3,79.0,0.0,9.6,2.0,96741
17-09-2016,29.2,75.0,0.0,5.2,2.0,96741
18-09-2016,28.7,79.0,4.2,2.9,1.0,96741
19-09-2016,29.5,76.0,0.0,6.5,1.0,96741
20-09-2016,29.7,72.0,0.0,7.1,4.0,96741
22-09-2016,28.1,80.0,29.0,1.9,1.0,96741
25-09-2016,29.5,74.0,0.2,7.5,2.0,96741
26-09-2016,29.3,70.0,38.0,7.7,3.0,96741
27-09-2016,29.1,75.0,0.0,5.1,2.0,96741
29-09-2016,28.0,79.0,7.6,6.4,2.0,96741
30-09-2016,27.4,85.0,10.0,7.3,2.0,96741
01-10-2016,29.1,75.0,49.3,0.1,3.0,96741
02-10-2016,28.1,75.0,0.0,6.3,4.0,96741
05-10-2016,29.1,73.0,0.2,2.3,2.0,96741
06-10-2016,28.4,75.0,0.8,5.1,1.0,96741
09-10-2016,27.5,77.0,5.0,0.0,2.0,96741
10-10-2016,27.4,84.0,3.9,4.6,1.0,96741
11-10-2016,28.3,76.0,0.6,0.0,1.0,96741
12-10-2016,27.8,83.0,3.3,1.7,1.0,96741
13-10-2016,28.3,79.0,0.3,0.0,1.0,96741
14-10-2016,27.7,78.0,0.2,2.6,3.0,96741
15-10-2016,28.3,76.0,0.0,0.0,1.0,96741
16-10-2016,29.3,73.0,3.5,1.2,2.0,96741
17-10-2016,29.8,68.0,0.0,5.3,2.0,96741
19-10-2016,30.2,70.0,0.0,6.5,2.0,96741
22-10-2016,28.4,82.0,20.0,3.9,2.0,96741
23-10-2016,25.4,92.0,21.5,0.0,1.0,96741
24-10-2016,28.1,77.0,28.4,0.5,1.0,96741
25-10-2016,28.3,78.0,2.5,3.5,1.0,96741
26-10-2016,28.5,79.0,2.0,7.5,2.0,96741
27-10-2016,28.0,77.0,18.3,7.1,1.0,96741
29-10-2016,28.0,78.0,46.6,0.5,1.0,96741
30-10-2016,28.4,76.0,2.3,5.0,1.0,96741
31-10-2016,29.1,72.0,0.0,9.2,2.0,96741
02-11-2016,28.6,71.0,6.5,4.5,3.0,96741
03-11-2016,28.8,74.0,1.4,4.0,2.0,96741
04-11-2016,28.8,74.0,0.0,2.0,1.0,96741
07-11-2016,30.1,71.0,0.0,7.0,2.0,96741
09-11-2016,28.3,77.0,18.5,1.1,2.0,96741
11-11-2016,28.3,79.0,0.3,7.1,1.0,96741
12-11-2016,29.1,74.0,7.7,3.7,2.0,96741
13-11-2016,26.8,89.0,1.0,4.1,1.0,96741
14-11-2016,28.2,75.0,29.1,4.0,2.0,96741
15-11-2016,28.2,76.0,0.0,3.0,1.0,96741
16-11-2016,28.7,74.0,6.1,0.8,1.0,96741
17-11-2016,29.1,75.0,14.5,6.1,2.0,96741
19-11-2016,29.7,73.0,0.3,2.3,2.0,96741
22-11-2016,28.0,78.0,2.7,0.0,1.0,96741
23-11-2016,28.8,77.0,10.5,5.3,1.0,96741
24-11-2016,30.1,68.0,0.2,5.3,3.0,96741
28-11-2016,28.4,82.0,3.3,6.1,2.0,96741
29-11-2016,27.6,79.0,2.8,4.6,3.0,96741
02-12-2016,27.0,80.0,0.0,1.9,4.0,96741
03-12-2016,28.5,75.0,6.6,0.4,5.0,96741
04-12-2016,25.0,87.0,2.0,3.2,5.0,96741
05-12-2016,26.1,83.0,7.0,0.2,4.0,96741
09-12-2016,29.8,68.0,0.1,8.6,4.0,96741
10-12-2016,29.7,71.0,0.0,6.0,4.0,96741
13-12-2016,28.7,72.0,3.0,4.5,3.0,96741
14-12-2016,28.6,74.0,0.5,4.1,2.0,96741
15-12-2016,29.4,68.0,0.3,4.8,4.0,96741
17-12-2016,28.5,76.0,0.3,5.9,3.0,96741
18-12-2016,28.8,75.0,3.0,1.0,4.0,96741
20-12-2016,29.8,70.0,1.1,2.4,5.0,96741
22-12-2016,28.7,72.0,0.0,5.3,6.0,96741
26-12-2016,29.0,80.0,0.0,1.9,3.0,96741
27-12-2016,28.3,74.0,1.3,5.8,4.0,96741
01-01-2017,30.0,69.0,0.0,7.3,3.0,96741
05-01-2017,28.2,81.0,7.7,0.0,2.0,96741
06-01-2017,28.2,84.0,82.9,3.6,2.0,96741
08-01-2017,29.4,72.0,0.0,5.5,2.0,96741
10-01-2017,27.8,82.0,74.4,1.8,2.0,96741
11-01-2017,27.7,85.0,5.0,3.9,2.0,96741
12-01-2017,27.9,81.0,4.7,0.9,4.0,96741
13-01-2017,28.8,71.0,2.3,5.7,5.0,96741
15-01-2017,28.0,78.0,0.9,0.4,4.0,96741
16-01-2017,26.4,86.0,0.0,0.0,4.0,96741
17-01-2017,27.4,75.0,32.9,0.4,3.0,96741
18-01-2017,29.0,70.0,0.0,2.6,4.0,96741
23-01-2017,29.0,73.0,0.0,3.5,3.0,96741
25-01-2017,28.8,75.0,0.0,6.7,3.0,96741
26-01-2017,27.5,84.0,12.3,3.0,3.0,96741
29-01-2017,27.1,80.0,12.9,0.0,3.0,96741
30-01-2017,27.0,85.0,13.7,0.7,2.0,96741
31-01-2017,26.7,84.0,15.3,2.4,1.0,96741
01-02-2017,26.3,86.0,21.0,0.0,2.0,96741
02-02-2017,26.8,82.0,3.2,0.2,2.0,96741
04-02-2017,27.7,78.0,25.0,2.4,5.0,96741
07-02-2017,28.8,75.0,6.9,5.0,4.0,96741
09-02-2017,28.0,76.0,0.4,4.1,3.0,96741
10-02-2017,26.4,89.0,39.9,0.3,3.0,96741
11-02-2017,26.1,89.0,15.4,0.0,3.0,96741
12-02-2017,28.1,78.0,44.5,0.0,3.0,96741
13-02-2017,27.6,83.0,25.1,2.4,3.0,96741
15-02-2017,26.8,85.0,34.0,3.2,3.0,96741
16-02-2017,28.0,79.0,32.4,7.4,3.0,96741
17-02-2017,27.2,83.0,148.6,5.7,1.0,96741
19-02-2017,26.9,88.0,21.4,3.1,2.0,96741
22-02-2017,28.0,80.0,12.3,2.8,3.0,96741
23-02-2017,27.9,78.0,20.5,8.8,2.0,96741
25-02-2017,28.5,76.0,0.0,6.0,1.0,96741
27-02-2017,28.5,78.0,2.7,9.3,3.0,96741
28-02-2017,28.0,82.0,3.2,8.2,3.0,96741
01-03-2017,28.0,78.0,20.8,3.8,2.0,96741
02-03-2017,28.3,79.0,0.0,6.1,1.0,96741
03-03-2017,28.4,79.0,0.3,8.1,2.0,96741
04-03-2017,27.9,80.0,6.2,4.8,2.0,96741
05-03-2017,29.0,77.0,0.0,7.5,2.0,96741
06-03-2017,28.2,82.0,26.5,9.2,3.0,96741
07-03-2017,27.9,81.0,22.7,4.9,2.0,96741
08-03-2017,27.9,78.0,24.3,1.1,1.0,96741
12-03-2017,29.0,73.0,0.0,8.7,2.0,96741
14-03-2017,29.0,74.0,0.0,6.6,2.0,96741
15-03-2017,29.2,70.0,3.6,3.0,2.0,96741
16-03-2017,28.6,70.0,0.0,3.3,1.0,96741
17-03-2017,29.3,72.0,0.0,6.9,2.0,96741
18-03-2017,26.7,83.0,3.1,6.2,2.0,96741
19-03-2017,27.9,78.0,9.0,1.4,2.0,96741
20-03-2017,28.4,77.0,2.0,6.1,2.0,96741
21-03-2017,28.6,79.0,3.8,1.7,1.0,96741
22-03-2017,27.3,86.0,14.3,4.2,2.0,96741
23-03-2017,26.1,87.0,24.4,1.0,2.0,96741
26-03-2017,28.9,78.0,0.0,1.4,1.0,96741
27-03-2017,28.0,77.0,4.0,2.5,1.0,96741
29-03-2017,28.8,76.0,7.6,8.5,2.0,96741
31-03-2017,27.3,80.0,7.6,7.9,2.0,96741
03-04-2017,27.6,80.0,4.3,3.8,2.0,96741
10-04-2017,29.4,73.0,0.0,5.6,2.0,96741
11-04-2017,29.0,78.0,8.5,7.0,2.0,96741
12-04-2017,28.5,75.0,41.5,6.1,1.0,96741
13-04-2017,29.0,79.0,0.4,5.1,1.0,96741
19-04-2017,28.2,79.0,0.0,5.7,2.0,96741
22-04-2017,28.6,82.0,13.0,4.2,2.0,96741
23-04-2017,28.5,77.0,2.8,4.7,2.0,96741
25-04-2017,29.6,75.0,0.0,6.9,3.0,96741
28-04-2017,29.4,71.0,0.2,6.4,3.0,96741
02-05-2017,28.9,76.0,0.3,7.2,1.0,96741
06-05-2017,28.3,78.0,4.6,6.3,1.0,96741
07-05-2017,28.6,77.0,0.3,4.8,1.0,96741
12-05-2017,29.4,73.0,0.0,0.0,2.0,96741
13-05-2017,29.8,73.0,0.0,8.5,2.0,96741
14-05-2017,28.9,80.0,44.3,7.4,1.0,96741
16-05-2017,30.5,71.0,0.0,7.1,3.0,96741
22-05-2017,30.1,71.0,0.0,0.9,2.0,96741
25-05-2017,29.7,66.0,0.0,4.3,2.0,96741
28-05-2017,29.4,75.0,0.0,2.7,1.0,96741
30-05-2017,27.8,82.0,3.5,0.0,3.0,96741
31-05-2017,29.7,73.0,0.0,1.2,3.0,96741
05-06-2017,29.6,74.0,0.0,6.3,2.0,96741
06-06-2017,28.6,76.0,55.0,2.4,2.0,96741
08-06-2017,29.4,73.0,0.0,7.9,3.0,96741
10-06-2017,29.4,77.0,0.0,8.7,2.0,96741
11-06-2017,29.1,76.0,0.1,5.3,1.0,96741
12-06-2017,29.5,76.0,0.0,2.7,2.0,96741
14-06-2017,27.7,80.0,21.9,3.4,1.0,96741
15-06-2017,29.0,76.0,0.0,2.2,2.0,96741
16-06-2017,29.0,77.0,21.5,0.9,3.0,96741
18-06-2017,28.8,76.0,0.8,7.1,1.0,96741
21-06-2017,29.2,72.0,0.0,7.9,2.0,96741
25-06-2017,27.6,78.0,0.2,0.0,3.0,96741
26-06-2017,28.0,79.0,16.1,5.4,3.0,96741
27-06-2017,27.3,81.0,11.5,3.0,2.0,96741
01-07-2017,27.9,77.0,0.8,1.0,3.0,96741
09-07-2017,29.3,72.0,0.0,0.0,2.0,96741
11-07-2017,28.2,75.0,19.8,3.4,2.0,96741
15-07-2017,29.0,67.0,0.0,0.5,1.0,96741
18-07-2017,28.0,73.0,0.0,7.4,2.0,96741
21-07-2017,28.4,79.0,14.5,7.4,1.0,96741
22-07-2017,29.4,72.0,0.1,5.1,2.0,96741
24-07-2017,28.6,74.0,0.0,5.0,1.0,96741
30-07-2017,29.3,74.0,0.0,7.9,2.0,96741
02-08-2017,28.4,65.0,0.0,5.4,2.0,96741
05-08-2017,28.7,70.0,0.0,8.3,2.0,96741
07-08-2017,29.1,72.0,0.0,7.3,3.0,96741
10-08-2017,28.7,72.0,0.0,2.8,1.0,96741
12-08-2017,29.0,74.0,0.0,5.8,2.0,96741
14-08-2017,29.1,74.0,0.0,1.8,1.0,96741
18-08-2017,29.3,63.0,0.0,3.3,4.0,96741
20-08-2017,28.7,69.0,0.0,5.3,2.0,96741
22-08-2017,28.6,67.0,0.0,6.7,1.0,96741
27-08-2017,28.6,63.0,0.0,4.7,3.0,96741
30-08-2017,27.7,75.0,1.9,0.0,2.0,96741
01-09-2017,28.8,71.0,0.0,7.7,2.0,96741
04-09-2017,29.3,65.0,0.0,9.4,2.0,96741
11-09-2017,29.1,77.0,2.5,9.4,1.0,96741
16-09-2017,30.5,62.0,0.0,10.1,3.0,96741
21-09-2017,28.0,74.0,4.1,7.5,2.0,96741
24-09-2017,28.5,72.0,0.0,9.3,1.0,96741
26-09-2017,30.0,70.0,0.0,7.7,3.0,96741
27-09-2017,25.6,92.0,17.0,6.6,1.0,96741
28-09-2017,27.9,80.0,43.2,0.0,1.0,96741
29-09-2017,29.5,76.0,3.4,5.9,2.0,96741
30-09-2017,29.7,72.0,4.4,8.2,2.0,96741
01-10-2017,28.3,79.0,0.0,8.8,1.0,96741
02-10-2017,28.9,76.0,21.0,3.1,2.0,96741
06-10-2017,29.9,73.0,0.1,9.9,2.0,96741
08-10-2017,29.6,69.0,0.1,7.7,1.0,96741
09-10-2017,29.9,71.0,0.0,5.2,1.0,96741
10-10-2017,29.1,76.0,0.0,4.7,1.0,96741
14-10-2017,30.2,69.0,0.0,10.0,2.0,96741
15-10-2017,29.8,68.0,1.2,7.2,2.0,96741
16-10-2017,29.3,72.0,0.0,6.8,1.0,96741
17-10-2017,29.0,68.0,1.8,2.5,3.0,96741
19-10-2017,27.9,81.0,6.3,5.3,1.0,96741
20-10-2017,29.2,77.0,2.7,3.6,1.0,96741
22-10-2017,30.7,70.0,2.6,7.6,2.0,96741
24-10-2017,28.5,80.0,23.3,6.0,1.0,96741
29-10-2017,28.9,80.0,10.2,0.7,1.0,96741
31-10-2017,30.5,66.0,0.0,11.6,2.0,96741
05-11-2017,30.2,70.0,0.8,3.8,2.0,96741
06-11-2017,29.4,77.0,5.0,7.8,2.0,96741
07-11-2017,27.9,82.0,0.8,9.6,2.0,96741
08-11-2017,29.3,74.0,1.6,0.0,1.0,96741
10-11-2017,28.5,74.0,32.1,3.7,1.0,96741
11-11-2017,29.3,71.0,0.0,9.6,2.0,96741
13-11-2017,28.6,78.0,0.0,5.3,1.0,96741
14-11-2017,29.0,79.0,39.1,1.1,2.0,96741
15-11-2017,27.9,82.0,17.8,3.8,1.0,96741
17-11-2017,28.1,81.0,4.7,1.5,1.0,96741
18-11-2017,28.8,77.0,3.2,7.7,1.0,96741
20-11-2017,30.3,70.0,14.1,0.0,2.0,96741
26-11-2017,27.3,83.0,0.2,4.3,4.0,96741
28-11-2017,27.4,78.0,1.3,0.0,5.0,96741
29-11-2017,28.8,73.0,0.1,1.8,2.0,96741
30-11-2017,26.9,84.0,7.7,3.0,6.0,96741
01-12-2017,27.4,74.0,20.3,0.0,4.0,96741
03-12-2017,29.1,74.0,0.0,3.6,4.0,96741
05-12-2017,30.1,66.0,0.0,7.2,4.0,96741
08-12-2017,29.4,72.0,0.0,10.5,2.0,96741
09-12-2017,28.9,77.0,18.6,8.4,4.0,96741
10-12-2017,29.5,73.0,0.4,6.5,3.0,96741
11-12-2017,27.6,81.0,0.2,2.7,2.0,96741
12-12-2017,27.5,84.0,48.1,0.5,2.0,96741
13-12-2017,27.3,80.0,16.0,0.3,2.0,96741
15-12-2017,28.5,74.0,0.0,0.0,2.0,96741
18-12-2017,27.9,79.0,13.6,0.6,2.0,96741
19-12-2017,27.2,87.0,44.8,5.4,2.0,96741
21-12-2017,27.0,84.0,9.0,0.0,3.0,96741
22-12-2017,28.1,78.0,3.6,0.3,3.0,96741
25-12-2017,29.0,70.0,0.0,7.1,4.0,96741
27-12-2017,28.7,78.0,0.0,7.1,3.0,96741
29-12-2017,28.3,76.0,0.0,2.6,1.0,96741
30-12-2017,28.9,80.0,0.0,3.0,2.0,96741
01-01-2018,29.0,77.0,34.2,7.3,4.0,96741
04-01-2018,29.8,72.0,0.1,7.7,3.0,96741
08-01-2018,29.0,76.0,0.0,0.0,2.0,96741
09-01-2018,28.2,78.0,0.0,3.7,1.0,96741
10-01-2018,28.5,75.0,0.5,3.6,3.0,96741
11-01-2018,28.4,74.0,1.3,6.1,4.0,96741
14-01-2018,27.0,79.0,5.8,3.1,3.0,96741
15-01-2018,26.0,82.0,8.0,1.5,3.0,96741
16-01-2018,27.3,74.0,25.3,2.8,4.0,96741
18-01-2018,25.6,92.0,0.0,1.5,1.0,96741
19-01-2018,27.0,80.0,66.3,0.0,4.0,96741
20-01-2018,26.6,82.0,9.9,0.4,4.0,96741
21-01-2018,28.3,74.0,5.5,3.0,4.0,96741
22-01-2018,27.2,80.0,0.0,2.4,4.0,96741
25-01-2018,27.1,76.0,0.0,3.9,4.0,96741
27-01-2018,28.3,73.0,2.6,2.9,3.0,96741
28-01-2018,26.7,80.0,3.0,1.9,4.0,96741
29-01-2018,27.3,80.0,4.9,1.5,4.0,96741
30-01-2018,27.7,78.0,4.2,4.5,4.0,96741
31-01-2018,28.1,80.0,0.6,4.0,2.0,96741
01-02-2018,28.0,82.0,12.0,4.5,2.0,96741
02-02-2018,28.8,79.0,1.3,4.5,2.0,96741
03-02-2018,28.1,81.0,56.5,7.3,2.0,96741
04-02-2018,27.7,85.0,22.5,3.0,3.0,96741
05-02-2018,26.4,84.0,38.9,1.2,2.0,96741
06-02-2018,26.6,85.0,27.6,0.0,1.0,96741
07-02-2018,26.9,83.0,12.4,3.1,2.0,96741
09-02-2018,27.3,84.0,20.0,3.6,3.0,96741
10-02-2018,27.7,78.0,13.5,5.7,3.0,96741
11-02-2018,27.4,85.0,7.5,9.5,2.0,96741
13-02-2018,28.5,75.0,0.0,6.2,2.0,96741
14-02-2018,27.3,81.0,9.6,3.4,2.0,96741
16-02-2018,27.4,85.0,100.5,0.0,2.0,96741
18-02-2018,27.4,82.0,7.8,1.9,1.0,96741
19-02-2018,28.0,83.0,2.0,8.5,1.0,96741
20-02-2018,27.8,84.0,4.0,5.1,2.0,96741
21-02-2018,27.9,84.0,45.1,7.9,2.0,96741
22-02-2018,27.4,85.0,8.2,8.0,1.0,96741
25-02-2018,28.2,80.0,7.0,9.5,1.0,96741
26-02-2018,27.2,85.0,35.7,8.6,1.0,96741
27-02-2018,27.8,83.0,31.5,4.0,2.0,96741
28-02-2018,26.6,87.0,21.5,6.3,1.0,96741
01-03-2018,28.3,84.0,2.0,2.0,0.0,96741
02-03-2018,28.3,79.0,0.8,3.4,1.0,96741
04-03-2018,29.3,76.0,0.0,1.9,1.0,96741
05-03-2018,27.4,82.0,5.0,5.3,1.0,96741
06-03-2018,28.2,81.0,0.0,4.1,1.0,96741
08-03-2018,27.4,85.0,14.3,7.0,1.0,96741
09-03-2018,28.3,80.0,2.6,3.4,2.0,96741
10-03-2018,28.4,80.0,1.9,5.6,2.0,96741
11-03-2018,28.0,84.0,0.5,5.9,3.0,96741
12-03-2018,28.3,79.0,13.7,6.3,3.0,96741
13-03-2018,27.9,81.0,0.3,3.3,2.0,96741
17-03-2018,27.1,85.0,1.2,7.4,1.0,96741
19-03-2018,28.1,82.0,48.5,7.7,2.0,96741
20-03-2018,28.1,79.0,0.0,8.7,2.0,96741
23-03-2018,28.4,78.0,3.8,6.0,1.0,96741
26-03-2018,27.7,82.0,6.7,2.8,3.0,96741
30-03-2018,29.0,74.0,1.5,9.8,3.0,96741
31-03-2018,29.3,78.0,0.0,9.5,3.0,96741
03-04-2018,28.6,79.0,2.0,7.0,2.0,96741
04-04-2018,27.8,80.0,69.3,8.7,1.0,96741
08-04-2018,28.5,77.0,0.0,9.0,2.0,96741
09-04-2018,27.9,79.0,0.0,6.4,1.0,96741
14-04-2018,29.5,81.0,0.6,9.0,1.0,96741
15-04-2018,30.1,77.0,0.0,8.2,1.0,96741
19-04-2018,29.8,77.0,0.0,7.1,1.0,96741
23-04-2018,26.6,90.0,29.0,6.8,1.0,96741
24-04-2018,27.7,85.0,21.1,0.0,1.0,96741
25-04-2018,25.7,94.0,1.0,0.6,2.0,96741
27-04-2018,29.1,75.0,1.7,3.8,3.0,96741
28-04-2018,29.3,76.0,0.2,8.7,1.0,96741
29-04-2018,29.1,80.0,50.2,8.0,2.0,96741
04-05-2018,29.7,73.0,0.0,7.8,2.0,96741
08-05-2018,29.5,72.0,0.0,8.7,3.0,96741
09-05-2018,30.2,69.0,0.0,8.9,3.0,96741
13-05-2018,30.3,71.0,0.0,9.6,2.0,96741
14-05-2018,30.6,66.0,0.0,7.8,2.0,96741
18-05-2018,28.7,79.0,0.1,1.5,1.0,96741
19-05-2018,28.6,81.0,7.3,6.8,2.0,96741
23-05-2018,28.1,82.0,0.3,8.0,2.0,96741
24-05-2018,28.8,79.0,14.7,1.2,2.0,96741
25-05-2018,27.8,83.0,7.0,6.8,2.0,96741
29-05-2018,29.3,76.0,0.0,5.8,2.0,96741
31-05-2018,29.6,75.0,0.1,8.6,1.0,96741
01-06-2018,29.3,73.0,12.2,8.8,2.0,96741
02-06-2018,29.2,75.0,0.0,8.8,2.0,96741
03-06-2018,29.3,78.0,0.0,7.1,2.0,96741
07-06-2018,29.5,77.0,0.0,7.7,2.0,96741
10-06-2018,29.8,73.0,0.0,8.5,2.0,96741
12-06-2018,29.7,73.0,0.0,8.3,2.0,96741
16-06-2018,29.0,74.0,6.8,6.0,3.0,96741
19-06-2018,28.7,69.0,0.0,9.2,3.0,96741
23-06-2018,29.4,72.0,0.0,6.0,2.0,96741
25-06-2018,24.9,89.0,4.0,2.3,1.0,96741
27-06-2018,27.5,77.0,6.8,0.6,2.0,96741
28-06-2018,27.5,80.0,0.0,4.1,2.0,96741
30-06-2018,28.3,76.0,3.0,5.7,1.0,96741
02-07-2018,28.3,73.0,0.0,6.2,2.0,96741
08-07-2018,28.7,66.0,0.0,8.9,3.0,96741
22-07-2018,29.1,73.0,0.0,6.7,2.0,96741
02-08-2018,27.9,70.0,0.0,5.8,1.0,96741
11-08-2018,28.0,73.0,46.0,7.2,2.0,96741
26-08-2018,28.6,69.0,0.0,7.8,3.0,96741
31-08-2018,28.9,72.0,0.0,8.7,2.0,96741
01-09-2018,27.0,80.0,9.5,9.4,2.0,96741
03-09-2018,28.6,75.0,5.2,8.5,2.0,96741
15-09-2018,28.6,69.0,0.0,8.6,2.0,96741
22-09-2018,28.1,75.0,15.0,0.0,2.0,96741
25-09-2018,28.8,70.0,0.0,9.9,2.0,96741
29-09-2018,28.7,66.0,0.0,10.1,1.0,96741
01-10-2018,29.9,70.0,0.0,9.4,2.0,96741
05-10-2018,29.9,71.0,0.0,9.0,3.0,96741
20-10-2018,29.7,72.0,3.7,5.7,1.0,96741
23-10-2018,27.7,79.0,0.8,9.3,1.0,96741
24-10-2018,29.3,73.0,4.2,3.5,2.0,96741
27-10-2018,29.1,80.0,4.9,9.3,1.0,96741
29-10-2018,28.7,80.0,54.1,5.7,2.0,96741
30-10-2018,29.0,78.0,0.6,7.1,2.0,96741
02-11-2018,29.0,76.0,16.6,9.2,2.0,96741
03-11-2018,28.7,76.0,0.0,4.8,1.0,96741
07-11-2018,29.2,74.0,0.0,8.6,1.0,96741
08-11-2018,28.6,81.0,0.2,2.5,2.0,96741
09-11-2018,27.9,86.0,7.8,0.0,1.0,96741
10-11-2018,28.8,77.0,1.9,2.7,2.0,96741
12-11-2018,29.4,74.0,0.4,4.7,1.0,96741
14-11-2018,29.8,68.0,0.0,3.6,4.0,96741
19-11-2018,29.5,76.0,0.0,2.0,1.0,96741
23-11-2018,27.8,82.0,28.5,8.0,2.0,96741
24-11-2018,29.0,77.0,39.8,7.4,2.0,96741
27-11-2018,28.5,79.0,33.5,2.3,1.0,96741
30-11-2018,27.6,85.0,8.5,3.0,2.0,96741
04-12-2018,28.2,79.0,3.0,0.9,1.0,96741
10-12-2018,29.5,79.0,0.0,2.4,1.0,96741
12-12-2018,28.3,82.0,5.5,7.7,2.0,96741
13-12-2018,29.6,75.0,0.6,1.5,2.0,96741
14-12-2018,29.1,75.0,2.0,8.5,4.0,96741
15-12-2018,28.9,73.0,6.9,6.6,4.0,96741
16-12-2018,29.7,69.0,0.0,4.5,3.0,96741
17-12-2018,30.4,68.0,0.0,3.4,2.0,96741
19-12-2018,28.7,77.0,11.9,6.4,2.0,96741
20-12-2018,29.8,70.0,0.0,8.8,4.0,96741
25-12-2018,28.0,77.0,1.5,5.2,5.0,96741
26-12-2018,26.9,80.0,3.3,3.1,4.0,96741
27-12-2018,28.9,71.0,1.0,0.3,5.0,96741
28-12-2018,29.5,70.0,0.0,6.2,6.0,96741
29-12-2018,29.4,72.0,0.0,10.3,7.0,96741
30-12-2018,30.3,70.0,0.0,6.2,6.0,96741
02-01-2019,28.2,77.0,2.0,0.3,5.0,96741
03-01-2019,28.7,70.0,0.7,7.1,5.0,96741
07-01-2019,29.9,76.0,0.0,10.7,2.0,96741
08-01-2019,29.0,76.0,1.8,9.7,2.0,96741
09-01-2019,28.9,80.0,1.3,7.2,2.0,96741
10-01-2019,27.7,84.0,19.7,5.4,1.0,96741
11-01-2019,29.0,82.0,41.9,7.2,2.0,96741
12-01-2019,28.9,80.0,20.3,9.5,2.0,96741
13-01-2019,28.1,84.0,8.5,10.1,2.0,96741
14-01-2019,27.5,85.0,1.0,1.0,2.0,96741
15-01-2019,28.5,80.0,2.5,1.7,4.0,96741
16-01-2019,27.9,84.0,0.0,1.5,3.0,96741
17-01-2019,28.6,76.0,1.5,0.0,4.0,96741
19-01-2019,27.6,82.0,1.9,0.0,2.0,96741
20-01-2019,28.6,79.0,8.6,0.8,2.0,96741
21-01-2019,27.5,85.0,1.5,3.9,3.0,96741
22-01-2019,26.6,88.0,6.5,1.0,2.0,96741
23-01-2019,28.1,82.0,13.7,0.0,2.0,96741
24-01-2019,28.3,82.0,2.3,0.0,2.0,96741
25-01-2019,26.1,89.0,28.5,8.9,3.0,96741
26-01-2019,28.3,82.0,32.1,0.0,3.0,96741
27-01-2019,28.3,82.0,14.6,2.9,3.0,96741
28-01-2019,28.4,82.0,6.8,0.0,3.0,96741
29-01-2019,28.4,81.0,14.2,0.0,2.0,96741
30-01-2019,27.4,86.0,127.6,3.9,2.0,96741
31-01-2019,27.1,83.0,0.5,5.3,2.0,96741
01-02-2019,27.4,84.0,5.5,5.3,2.0,96741
02-02-2019,28.2,80.0,1.9,5.1,3.0,96741
04-02-2019,28.7,80.0,0.2,8.7,3.0,96741
05-02-2019,28.7,82.0,0.0,2.3,3.0,96741
06-02-2019,28.9,78.0,2.0,6.7,2.0,96741
10-02-2019,28.9,78.0,0.0,9.6,3.0,96741
11-02-2019,27.8,78.0,4.5,6.6,2.0,96741
12-02-2019,28.3,82.0,4.0,6.8,2.0,96741
14-02-2019,28.4,82.0,11.8,1.2,2.0,96741
16-02-2019,27.7,83.0,11.8,2.6,1.0,96741
17-02-2019,27.3,86.0,46.3,3.1,2.0,96741
20-02-2019,28.3,84.0,39.5,5.9,1.0,96741
21-02-2019,28.6,80.0,0.2,2.2,2.0,96741
22-02-2019,27.7,84.0,1.1,4.5,1.0,96741
23-02-2019,27.9,81.0,71.6,4.4,1.0,96741
24-02-2019,28.5,80.0,9.0,8.7,2.0,96741
25-02-2019,29.2,78.0,0.0,8.7,1.0,96741
28-02-2019,29.2,80.0,4.8,7.6,2.0,96741
01-03-2019,29.0,76.0,4.0,7.2,2.0,96741
02-03-2019,28.5,80.0,27.6,6.1,3.0,96741
03-03-2019,27.2,84.0,21.4,2.6,1.0,96741
04-03-2019,27.9,82.0,9.5,1.0,2.0,96741
05-03-2019,27.0,85.0,130.3,7.4,2.0,96741
06-03-2019,25.4,90.0,91.5,4.9,1.0,96741
07-03-2019,27.0,82.0,7.7,0.0,1.0,96741
09-03-2019,27.7,77.0,2.7,8.8,2.0,96741
10-03-2019,28.5,77.0,0.0,5.6,2.0,96741
11-03-2019,27.9,80.0,1.5,2.7,3.0,96741
12-03-2019,27.1,84.0,0.2,3.4,1.0,96741
13-03-2019,27.9,81.0,12.2,0.0,2.0,96741
14-03-2019,27.6,78.0,4.6,2.6,2.0,96741
15-03-2019,28.7,76.0,0.0,5.3,2.0,96741
16-03-2019,28.7,72.0,0.0,7.7,3.0,96741
17-03-2019,27.8,78.0,1.0,2.5,3.0,96741
18-03-2019,28.2,77.0,4.9,1.3,3.0,96741
19-03-2019,27.5,78.0,3.5,4.0,5.0,96741
20-03-2019,28.6,79.0,0.0,0.3,2.0,96741
22-03-2019,28.9,78.0,0.0,3.8,3.0,96741
23-03-2019,29.7,73.0,1.5,9.7,5.0,96741
24-03-2019,29.1,78.0,2.2,8.5,4.0,96741
25-03-2019,28.5,76.0,0.0,5.5,2.0,96741
27-03-2019,28.4,82.0,3.5,10.8,2.0,96741
28-03-2019,29.4,78.0,1.5,6.5,1.0,96741
29-03-2019,28.9,77.0,0.8,3.7,2.0,96741
30-03-2019,28.3,81.0,2.0,9.0,1.0,96741
31-03-2019,29.3,78.0,2.0,6.3,1.0,96741
02-04-2019,28.4,80.0,15.4,8.2,2.0,96741
03-04-2019,28.4,81.0,4.5,8.1,2.0,96741
05-04-2019,28.8,82.0,3.0,7.8,2.0,96741
06-04-2019,28.8,80.0,3.4,5.0,2.0,96741
07-04-2019,28.9,80.0,0.0,7.8,2.0,96741
08-04-2019,29.4,78.0,8.8,5.6,2.0,96741
09-04-2019,28.7,82.0,4.6,5.8,2.0,96741
14-04-2019,29.3,74.0,4.0,8.8,1.0,96741
17-04-2019,28.9,79.0,4.4,8.6,1.0,96741
19-04-2019,28.3,84.0,2.7,9.2,2.0,96741
20-04-2019,27.8,82.0,13.5,6.4,1.0,96741
22-04-2019,30.1,72.0,1.0,6.5,3.0,96741
24-04-2019,27.9,87.0,0.0,7.9,1.0,96741
25-04-2019,29.2,80.0,13.4,0.0,2.0,96741
26-04-2019,28.8,79.0,16.9,8.4,1.0,96741
27-04-2019,28.3,84.0,5.1,5.9,1.0,96741
29-04-2019,28.9,80.0,0.0,4.1,2.0,96741
30-04-2019,28.4,85.0,15.8,1.2,2.0,96741
01-05-2019,28.9,76.0,5.0,1.6,4.0,96741
05-05-2019,29.8,76.0,0.0,9.1,2.0,96741
06-05-2019,29.2,78.0,14.1,9.0,2.0,96741
09-05-2019,29.1,77.0,2.5,7.1,2.0,96741
11-05-2019,29.0,79.0,5.7,0.9,2.0,96741
14-05-2019,30.5,70.0,0.0,7.8,3.0,96741
16-05-2019,29.4,78.0,0.0,5.3,2.0,96741
19-05-2019,29.5,72.0,0.0,0.6,2.0,96741
20-05-2019,30.3,71.0,0.0,3.8,2.0,96741
26-05-2019,30.0,72.0,0.0,9.0,2.0,96741
28-05-2019,30.5,69.0,0.0,9.4,4.0,96741
02-06-2019,29.6,76.0,0.0,0.5,2.0,96741
04-06-2019,29.1,76.0,0.0,0.0,2.0,96741
08-06-2019,28.9,79.0,0.5,6.3,1.0,96741
09-06-2019,29.3,76.0,0.0,3.2,2.0,96741
12-06-2019,29.7,76.0,0.0,6.2,2.0,96741
18-06-2019,28.8,70.0,0.0,6.6,3.0,96741
20-06-2019,29.6,68.0,0.0,9.3,2.0,96741
28-06-2019,29.1,71.0,0.0,7.9,2.0,96741
30-06-2019,28.5,73.0,0.0,8.7,3.0,96741
03-07-2019,29.5,70.0,0.0,6.7,2.0,96741
07-07-2019,29.2,73.0,0.0,9.4,4.0,96741
08-07-2019,29.1,73.0,0.0,8.4,3.0,96741
09-07-2019,28.7,76.0,0.0,8.8,3.0,96741
13-07-2019,28.2,72.0,0.0,9.6,1.0,96741
14-07-2019,28.4,72.0,0.0,6.7,3.0,96741
15-07-2019,27.8,66.0,0.0,5.2,2.0,96741
16-07-2019,27.6,70.0,0.0,9.7,2.0,96741
18-07-2019,28.4,65.0,0.0,9.0,3.0,96741
19-07-2019,29.7,67.0,0.0,9.6,3.0,96741
23-07-2019,28.8,64.0,0.0,7.8,3.0,96741
24-07-2019,28.7,66.0,0.0,9.8,2.0,96741
29-07-2019,28.7,77.0,0.0,8.3,2.0,96741
02-08-2019,28.7,71.0,0.0,9.8,2.0,96741
03-08-2019,28.4,71.0,0.0,9.6,3.0,96741
04-08-2019,28.3,66.0,0.0,4.4,2.0,96741
07-08-2019,28.0,63.0,0.0,8.8,2.0,96741
12-08-2019,28.6,69.0,0.0,7.9,2.0,96741
13-08-2019,28.2,77.0,0.0,9.1,3.0,96741
17-08-2019,28.8,74.0,0.0,5.7,2.0,96741
18-08-2019,27.7,70.0,0.0,7.3,3.0,96741
23-08-2019,28.2,76.0,0.0,6.7,2.0,96741
27-08-2019,28.6,77.0,0.0,5.5,2.0,96741
31-08-2019,27.8,70.0,0.0,7.4,3.0,96741
07-09-2019,28.7,71.0,0.0,2.9,3.0,96741
09-09-2019,28.6,72.0,0.0,4.8,2.0,96741
10-09-2019,30.1,60.0,0.0,9.0,3.0,96741
11-09-2019,28.5,66.0,0.0,10.2,2.0,96741
12-09-2019,27.7,74.0,0.0,10.4,2.0,96741
21-09-2019,28.9,66.0,0.0,9.0,2.0,96741
22-09-2019,28.5,71.0,0.0,9.5,3.0,96741
03-10-2019,29.3,70.0,0.0,8.2,2.0,96741
04-10-2019,29.8,69.0,0.0,8.2,2.0,96741
06-10-2019,28.9,65.0,0.0,10.1,2.0,96741
07-10-2019,29.4,67.0,0.0,9.9,2.0,96741
09-10-2019,29.0,76.0,1.0,9.5,2.0,96741
16-10-2019,29.1,75.0,0.0,8.2,2.0,96741
22-10-2019,30.0,68.0,0.0,9.6,2.0,96741
26-10-2019,29.4,73.0,0.0,9.6,2.0,96741
31-10-2019,29.8,69.0,0.0,9.3,2.0,96741
01-11-2019,28.7,74.0,0.0,7.7,2.0,96741
02-11-2019,29.2,70.0,29.1,6.5,2.0,96741
06-11-2019,29.2,71.0,27.5,9.3,2.0,96741
10-11-2019,29.5,72.0,0.0,9.6,2.0,96741
11-11-2019,30.0,71.0,0.0,9.3,2.0,96741
15-11-2019,30.3,72.0,2.5,0.6,2.0,96741
16-11-2019,29.9,70.0,0.0,9.6,2.0,96741
17-11-2019,29.8,70.0,0.0,9.4,2.0,96741
20-11-2019,30.1,70.0,0.0,9.5,2.0,96741
22-11-2019,29.9,73.0,0.3,6.2,1.0,96741
25-11-2019,29.8,76.0,6.5,9.4,2.0,96741
26-11-2019,30.0,74.0,0.0,6.9,2.0,96741
30-11-2019,28.0,82.0,2.1,7.1,2.0,96741
01-12-2019,30.1,75.0,12.0,6.6,2.0,96741
02-12-2019,30.2,73.0,3.5,9.4,1.0,96741
05-12-2019,29.4,78.0,10.0,9.6,2.0,96741
07-12-2019,27.7,84.0,4.3,0.6,2.0,96741
08-12-2019,28.3,83.0,11.0,0.2,2.0,96741
10-12-2019,28.7,78.0,0.0,7.7,2.0,96741
11-12-2019,28.5,74.0,0.0,2.0,2.0,96741
13-12-2019,28.5,78.0,3.4,0.0,2.0,96741
16-12-2019,29.0,80.0,0.0,6.1,2.0,96741
17-12-2019,27.3,84.0,3.3,0.9,1.0,96741
21-12-2019,29.6,76.0,0.0,8.1,2.0,96741
22-12-2019,27.6,85.0,54.0,8.5,2.0,96741
23-12-2019,28.4,81.0,5.5,5.6,2.0,96741
24-12-2019,29.0,77.0,7.6,6.6,2.0,96741
25-12-2019,26.6,93.0,102.5,8.5,1.0,96741
27-12-2019,27.6,86.0,2.5,6.8,1.0,96741
28-12-2019,27.5,83.0,50.2,4.8,1.0,96741
29-12-2019,27.2,86.0,13.2,5.3,1.0,96741
30-12-2019,29.0,79.0,1.2,0.0,2.0,96741
31-12-2019,27.6,84.0,0.0,9.6,4.0,96741
01-01-2020,27.4,88.0,146.1,3.1,3.0,96741
02-01-2020,27.9,83.0,13.5,0.0,2.0,96741
03-01-2020,28.6,79.0,0.0,7.3,3.0,96741
04-01-2020,28.2,85.0,6.4,0.8,3.0,96741
05-01-2020,27.8,86.0,1.1,0.8,3.0,96741
06-01-2020,27.2,87.0,54.0,0.0,3.0,96741
07-01-2020,27.3,88.0,16.9,3.2,3.0,96741
08-01-2020,28.1,80.0,0.2,4.7,3.0,96741
09-01-2020,28.4,82.0,69.4,0.1,4.0,96741
10-01-2020,25.9,88.0,20.1,0.0,2.0,96741
11-01-2020,26.6,86.0,21.0,0.0,3.0,96741
12-01-2020,28.3,79.0,4.5,2.2,3.0,96741
13-01-2020,27.4,87.0,0.4,10.0,3.0,96741
14-01-2020,28.9,78.0,0.3,2.2,3.0,96741
15-01-2020,28.2,82.0,35.0,8.5,1.0,96741
17-01-2020,28.9,79.0,1.1,4.0,3.0,96741
18-01-2020,27.4,84.0,23.5,9.1,2.0,96741
19-01-2020,28.5,81.0,2.2,2.8,2.0,96741
23-01-2020,28.1,86.0,10.6,7.0,2.0,96741
24-01-2020,27.0,91.0,19.9,5.5,2.0,96741
25-01-2020,27.5,87.0,112.3,0.0,2.0,96741
26-01-2020,28.3,84.0,2.0,0.6,2.0,96741
27-01-2020,28.9,80.0,1.5,8.1,2.0,96741
30-01-2020,27.3,82.0,41.5,7.8,1.0,96741
31-01-2020,28.5,82.0,0.0,3.3,2.0,96741
01-02-2020,26.1,93.0,42.9,0.4,2.0,96741
02-02-2020,26.7,90.0,86.1,0.2,1.0,96741
03-02-2020,27.0,89.0,39.3,2.5,2.0,96741
04-02-2020,26.9,86.0,38.6,1.3,2.0,96741
05-02-2020,27.9,85.0,1.1,5.2,2.0,96741
06-02-2020,27.0,90.0,1.8,2.7,3.0,96741
07-02-2020,26.6,89.0,0.5,0.0,3.0,96741
08-02-2020,27.2,82.0,155.5,0.1,1.0,96741
09-02-2020,26.6,82.0,5.2,3.9,2.0,96741
10-02-2020,28.6,76.0,10.4,0.7,2.0,96741
12-02-2020,29.1,75.0,2.5,6.6,2.0,96741
14-02-2020,27.8,84.0,0.0,2.6,1.0,96741
15-02-2020,28.6,83.0,2.4,0.8,2.0,96741
17-02-2020,27.8,84.0,21.6,2.2,2.0,96741
18-02-2020,27.5,86.0,7.5,0.8,2.0,96741
19-02-2020,27.6,84.0,6.5,6.1,3.0,96741
20-02-2020,27.2,87.0,77.1,2.7,3.0,96741
21-02-2020,28.1,84.0,36.1,2.5,2.0,96741
22-02-2020,27.9,86.0,61.3,7.8,3.0,96741
23-02-2020,28.7,82.0,27.2,6.5,4.0,96741
26-02-2020,28.6,82.0,3.2,0.8,2.0,96741
27-02-2020,28.1,87.0,2.7,4.8,2.0,96741
28-02-2020,27.7,87.0,60.9,0.3,1.0,96741
29-02-2020,27.5,90.0,1.8,0.0,2.0,96741
01-03-2020,27.6,89.0,22.1,0.0,2.0,96741
02-03-2020,28.2,85.0,32.4,0.0,1.0,96741
03-03-2020,28.8,80.0,1.0,7.9,2.0,96741
04-03-2020,28.2,85.0,7.2,7.8,3.0,96741
05-03-2020,28.1,79.0,0.6,1.7,3.0,96741
06-03-2020,28.9,82.0,1.7,0.0,3.0,96741
07-03-2020,28.3,77.0,0.0,9.4,3.0,96741
10-03-2020,29.9,74.0,0.0,6.0,2.0,96741
12-03-2020,27.9,88.0,8.9,4.3,2.0,96741
13-03-2020,27.6,82.0,46.6,2.6,2.0,96741
14-03-2020,29.3,80.0,0.0,7.1,2.0,96741
15-03-2020,29.4,81.0,1.7,9.0,2.0,96741
17-03-2020,29.0,78.0,5.1,5.9,2.0,96741
18-03-2020,27.8,88.0,4.0,9.8,1.0,96741
20-03-2020,27.3,86.0,47.2,1.5,2.0,96741
22-03-2020,28.6,80.0,0.0,5.9,1.0,96741
23-03-2020,28.3,82.0,15.4,3.7,1.0,96741
24-03-2020,28.8,81.0,6.5,5.3,2.0,96741
27-03-2020,28.6,81.0,2.5,3.6,2.0,96741
31-03-2020,28.7,82.0,0.8,5.1,2.0,96741
01-04-2020,28.1,82.0,31.6,7.7,2.0,96741
03-04-2020,29.6,76.0,0.0,9.1,2.0,96741
06-04-2020,28.1,83.0,0.0,2.1,2.0,96741
07-04-2020,28.8,78.0,13.2,1.4,4.0,96741
11-04-2020,29.4,80.0,6.6,4.0,2.0,96741
13-04-2020,28.7,82.0,3.3,7.4,2.0,96741
14-04-2020,28.3,84.0,57.5,9.8,2.0,96741
15-04-2020,28.8,83.0,1.5,7.4,2.0,96741
16-04-2020,29.2,80.0,0.0,5.0,2.0,96741
17-04-2020,29.9,78.0,0.0,7.9,2.0,96741
20-04-2020,30.4,77.0,0.0,9.1,2.0,96741
21-04-2020,30.4,75.0,0.0,10.0,3.0,96741
23-04-2020,30.6,74.0,0.0,10.0,4.0,96741
25-04-2020,29.2,77.0,1.5,6.6,2.0,96741
27-04-2020,27.6,86.0,19.3,8.6,2.0,96741
28-04-2020,28.1,82.0,7.7,3.8,2.0,96741
30-04-2020,28.5,79.0,0.0,6.9,2.0,96741
02-05-2020,27.2,82.0,0.0,0.0,2.0,96741
03-05-2020,29.4,78.0,1.5,0.0,3.0,96741
05-05-2020,29.4,77.0,5.6,1.3,3.0,96741
06-05-2020,29.9,78.0,0.0,9.8,3.0,96741
10-05-2020,29.0,80.0,2.5,0.0,2.0,96741
12-05-2020,29.9,76.0,0.0,7.3,2.0,96741
15-05-2020,30.0,74.0,0.0,7.9,3.0,96741
16-05-2020,30.1,72.0,0.0,8.3,3.0,96741
17-05-2020,30.0,78.0,0.0,9.6,2.0,96741
19-05-2020,28.7,80.0,22.0,1.1,3.0,96741
20-05-2020,30.0,79.0,0.0,6.5,3.0,96741
21-05-2020,28.6,83.0,17.2,7.5,2.0,96741
22-05-2020,30.1,79.0,0.0,2.4,3.0,96741
24-05-2020,31.4,68.0,0.0,9.0,2.0,96741
26-05-2020,30.2,74.0,2.7,7.0,3.0,96741
27-05-2020,29.1,78.0,0.0,6.0,1.0,96741
31-05-2020,29.4,82.0,0.4,9.9,2.0,96741
01-06-2020,29.6,76.0,0.0,4.4,2.0,96741
02-06-2020,29.3,77.0,0.1,6.8,2.0,96741
03-06-2020,29.1,80.0,1.0,10.3,3.0,96741
05-06-2020,29.3,74.0,0.0,8.6,2.0,96741
06-06-2020,28.7,79.0,31.5,0.8,2.0,96741
09-06-2020,29.4,80.0,0.0,8.5,2.0,96741
10-06-2020,29.5,77.0,0.0,5.3,4.0,96741
11-06-2020,29.7,76.0,0.0,8.1,3.0,96741
14-06-2020,30.0,75.0,0.0,6.9,2.0,96741
17-06-2020,29.9,74.0,3.2,6.5,3.0,96741
20-06-2020,29.7,75.0,6.6,1.0,2.0,96741
22-06-2020,28.4,80.0,0.0,3.7,3.0,96741
23-06-2020,28.0,81.0,15.3,2.0,3.0,96741
27-06-2020,29.5,75.0,0.0,8.5,2.0,96741
28-06-2020,29.3,72.0,0.0,5.8,3.0,96741
29-06-2020,29.9,70.0,0.0,7.4,3.0,96741
30-06-2020,29.1,76.0,0.0,9.3,3.0,96741
01-07-2020,29.0,75.0,0.0,10.0,3.0,96741
02-07-2020,27.7,83.0,0.0,7.9,2.0,96741
03-07-2020,28.6,76.0,56.0,1.7,2.0,96741
05-07-2020,28.8,70.0,0.0,2.6,3.0,96741
07-07-2020,28.4,79.0,2.7,8.9,2.0,96741
08-07-2020,29.3,75.0,0.0,8.7,2.0,96741
10-07-2020,28.2,78.0,1.5,3.6,2.0,96741
11-07-2020,28.4,82.0,20.6,0.0,3.0,96741
13-07-2020,29.4,72.0,0.0,9.5,2.0,96741
14-07-2020,28.8,80.0,2.5,3.1,3.0,96741
15-07-2020,26.9,83.0,15.2,5.8,4.0,96741
19-07-2020,29.0,76.0,0.0,7.5,2.0,96741
21-07-2020,29.2,77.0,0.0,8.7,2.0,96741
22-07-2020,29.3,76.0,1.4,8.9,2.0,96741
25-07-2020,29.0,68.0,0.0,9.2,3.0,96741
27-07-2020,28.2,69.0,0.0,8.8,2.0,96741
31-07-2020,28.0,61.0,0.0,7.2,2.0,96741
04-08-2020,29.7,71.0,0.0,8.4,3.0,96741
05-08-2020,28.1,79.0,0.0,2.5,2.0,96741
06-08-2020,29.3,75.0,0.0,8.3,2.0,96741
09-08-2020,28.4,82.0,1.6,5.1,3.0,96741
11-08-2020,29.9,74.0,0.0,9.6,2.0,96741
14-08-2020,27.9,80.0,73.5,3.6,2.0,96741
16-08-2020,29.0,78.0,0.0,8.8,2.0,96741
17-08-2020,29.8,72.0,0.3,9.6,2.0,96741
18-08-2020,28.5,78.0,2.5,9.0,2.0,96741
19-08-2020,29.1,75.0,0.0,7.5,4.0,96741
20-08-2020,29.2,76.0,0.0,9.7,4.0,96741
21-08-2020,29.0,71.0,0.0,8.7,4.0,96741
24-08-2020,29.6,68.0,0.0,7.5,3.0,96741
25-08-2020,29.4,73.0,0.0,6.3,4.0,96741
26-08-2020,28.9,68.0,0.0,10.1,3.0,96741
28-08-2020,29.5,68.0,0.0,6.9,3.0,96741
02-09-2020,29.5,70.0,0.0,7.3,2.0,96741
03-09-2020,28.5,78.0,6.0,8.9,2.0,96741
04-09-2020,29.9,74.0,0.0,2.5,3.0,96741
05-09-2020,29.9,78.0,0.0,10.0,2.0,96741
08-09-2020,30.0,67.0,0.0,10.3,3.0,96741
10-09-2020,29.9,72.0,0.0,7.7,2.0,96741
11-09-2020,29.4,76.0,0.0,5.7,2.0,96741
14-09-2020,29.2,74.0,0.0,8.7,3.0,96741
28-09-2020,29.5,72.0,0.0,6.0,3.0,96741
29-09-2020,29.2,70.0,0.0,7.5,2.0,96741
30-09-2020,29.8,70.0,0.0,7.8,3.0,96741
02-10-2020,29.8,74.0,0.0,10.0,2.0,96741
04-10-2020,28.7,77.0,7.6,2.4,3.0,96741
05-10-2020,28.9,69.0,8.0,6.7,2.0,96741
06-10-2020,29.1,68.0,0.0,9.7,2.0,96741
08-10-2020,29.3,73.0,0.0,10.0,2.0,96741
09-10-2020,28.6,78.0,8.7,5.0,2.0,96741
11-10-2020,28.9,79.0,5.6,1.2,2.0,96741
13-10-2020,29.9,72.0,0.0,6.7,2.0,96741
16-10-2020,28.3,80.0,0.0,5.1,2.0,96741
17-10-2020,28.8,80.0,58.1,5.0,2.0,96741
19-10-2020,28.8,79.0,0.0,8.1,2.0,96741
21-10-2020,27.6,84.0,2.7,8.2,2.0,96741
22-10-2020,28.9,77.0,3.6,5.2,4.0,96741
23-10-2020,30.0,70.0,0.0,6.2,3.0,96741
24-10-2020,29.3,75.0,0.0,4.7,2.0,96741
25-10-2020,28.9,77.0,0.2,9.7,2.0,96741
27-10-2020,27.2,82.0,2.4,5.4,2.0,96741
28-10-2020,28.7,80.0,1.4,0.6,2.0,96741
29-10-2020,29.6,77.0,0.0,10.0,3.0,96741
30-10-2020,29.4,78.0,0.0,8.2,3.0,96741
01-11-2020,27.9,82.0,3.4,5.9,4.0,96741
02-11-2020,28.7,76.0,3.4,4.3,3.0,96741
03-11-2020,29.1,77.0,0.0,2.6,2.0,96741
05-11-2020,27.6,83.0,0.5,4.8,2.0,96741
06-11-2020,27.6,86.0,7.4,0.3,3.0,96741
07-11-2020,28.8,81.0,0.0,2.6,2.0,96741
09-11-2020,28.9,74.0,6.0,7.9,2.0,96741
10-11-2020,29.5,79.0,0.0,10.3,2.0,96741
11-11-2020,29.7,74.0,0.0,8.0,2.0,96741
15-11-2020,30.2,73.0,4.1,8.7,4.0,96741
16-11-2020,29.9,74.0,0.0,8.5,3.0,96741
17-11-2020,29.6,78.0,0.0,6.8,3.0,96741
18-11-2020,29.2,78.0,0.5,7.2,2.0,96741
20-11-2020,29.2,82.0,2.5,9.5,2.0,96741
22-11-2020,29.1,80.0,0.0,8.1,2.0,96741
23-11-2020,28.0,83.0,8.0,4.1,3.0,96741
24-11-2020,27.6,82.0,0.8,0.0,2.0,96741
25-11-2020,28.0,82.0,59.3,3.6,2.0,96741
26-11-2020,28.6,81.0,11.9,5.2,3.0,96741
27-11-2020,29.0,78.0,0.0,6.6,2.0,96741
28-11-2020,28.4,80.0,4.6,5.1,2.0,96741
29-11-2020,28.4,78.0,1.2,3.1,6.0,96741
30-11-2020,27.6,81.0,1.0,1.4,4.0,96741
02-12-2020,29.6,75.0,0.0,8.1,2.0,96741
03-12-2020,26.7,84.0,41.4,7.8,2.0,96741
04-12-2020,27.9,84.0,2.2,0.0,3.0,96741
05-12-2020,27.5,81.0,28.5,6.2,4.0,96741
06-12-2020,26.6,90.0,36.0,1.0,4.0,96741
07-12-2020,25.7,90.0,44.0,0.0,4.0,96741
08-12-2020,28.8,80.0,19.3,0.0,5.0,96741
09-12-2020,28.6,80.0,7.0,6.1,5.0,96741
10-12-2020,28.1,81.0,4.7,4.9,2.0,96741
12-12-2020,28.2,77.0,6.5,4.8,3.0,96741
13-12-2020,26.9,91.0,1.0,3.5,3.0,96741
14-12-2020,28.1,79.0,0.2,1.3,4.0,96741
15-12-2020,28.0,77.0,0.0,3.7,4.0,96741
16-12-2020,28.1,77.0,0.7,2.4,4.0,96741
17-12-2020,27.0,85.0,5.8,2.7,4.0,96741
18-12-2020,27.6,81.0,0.5,1.2,5.0,96741
19-12-2020,28.2,78.0,0.2,3.6,4.0,96741
20-12-2020,27.2,82.0,0.0,5.4,4.0,96741
21-12-2020,27.5,79.0,4.3,3.1,4.0,96741
22-12-2020,28.3,79.0,0.2,1.0,3.0,96741
23-12-2020,28.9,73.0,0.0,3.7,3.0,96741
26-12-2020,28.4,77.0,0.0,6.6,4.0,96741
28-12-2020,28.7,78.0,0.0,7.7,3.0,96741
29-12-2020,28.3,77.0,0.0,6.8,4.0,96741
31-12-2020,26.2,87.0,34.0,1.4,3.0,96741
01-01-2010,28.7,75.0,0.0,2.9,4.0,96745
02-01-2010,28.7,73.0,6.6,5.5,2.0,96745
03-01-2010,28.8,72.0,0.0,2.7,3.0,96745
04-01-2010,29.9,70.0,0.0,7.7,2.0,96745
05-01-2010,28.5,70.0,0.4,0.5,3.0,96745
06-01-2010,28.6,74.0,0.0,3.7,3.0,96745
07-01-2010,28.1,76.0,12.7,4.3,3.0,96745
08-01-2010,26.9,85.0,0.5,0.0,2.0,96745
09-01-2010,27.4,80.0,28.0,0.2,3.0,96745
10-01-2010,26.4,86.0,0.0,1.7,3.0,96745
11-01-2010,27.7,84.0,19.6,1.5,3.0,96745
12-01-2010,26.5,82.0,0.9,1.2,2.0,96745
13-01-2010,26.7,82.0,6.0,0.0,2.0,96745
14-01-2010,26.2,80.0,20.3,2.3,3.0,96745
15-01-2010,25.3,84.0,11.6,0.5,2.0,96745
16-01-2010,25.1,94.0,49.8,0.0,3.0,96745
17-01-2010,25.5,94.0,22.3,0.0,2.0,96745
18-01-2010,26.5,82.0,73.9,0.6,2.0,96745
19-01-2010,26.0,88.0,7.3,0.0,2.0,96745
20-01-2010,26.6,86.0,3.4,0.0,2.0,96745
21-01-2010,28.1,78.0,25.3,2.7,2.0,96745
23-01-2010,28.2,78.0,9.2,2.0,3.0,96745
24-01-2010,28.9,73.0,0.0,6.5,2.0,96745
25-01-2010,27.8,80.0,19.9,0.4,3.0,96745
26-01-2010,26.2,86.0,5.8,0.0,3.0,96745
27-01-2010,27.8,81.0,0.0,2.0,2.0,96745
28-01-2010,28.4,78.0,0.0,5.0,3.0,96745
29-01-2010,28.8,76.0,3.0,6.0,2.0,96745
30-01-2010,27.8,77.0,13.1,0.0,2.0,96745
31-01-2010,26.8,84.0,37.4,3.5,3.0,96745
01-02-2010,27.1,86.0,9.3,0.0,3.0,96745
02-02-2010,27.1,83.0,0.0,0.0,2.0,96745
03-02-2010,28.3,77.0,11.8,4.5,3.0,96745
04-02-2010,27.8,82.0,1.3,7.0,2.0,96745
05-02-2010,28.2,78.0,2.8,4.5,3.0,96745
06-02-2010,27.2,84.0,0.2,1.0,2.0,96745
07-02-2010,28.7,78.0,2.7,8.0,2.0,96745
08-02-2010,28.7,78.0,0.0,4.2,3.0,96745
09-02-2010,29.4,76.0,0.0,7.4,3.0,96745
10-02-2010,29.5,73.0,0.0,8.0,3.0,96745
11-02-2010,29.3,72.0,0.0,7.0,3.0,96745
12-02-2010,28.6,80.0,37.1,0.0,3.0,96745
13-02-2010,25.6,93.0,40.4,0.0,3.0,96745
14-02-2010,27.4,81.0,1.4,0.2,2.0,96745
15-02-2010,28.0,79.0,0.0,2.5,2.0,96745
17-02-2010,28.1,81.0,3.0,1.5,3.0,96745
20-02-2010,26.5,86.0,1.9,0.3,3.0,96745
21-02-2010,28.6,80.0,8.8,2.9,2.0,96745
22-02-2010,27.9,82.0,1.2,1.0,3.0,96745
23-02-2010,28.9,77.0,0.0,1.5,3.0,96745
01-03-2010,28.0,81.0,46.8,2.5,2.0,96745
02-03-2010,28.5,77.0,0.0,5.5,3.0,96745
03-03-2010,29.2,76.0,0.0,5.3,3.0,96745
04-03-2010,29.7,73.0,0.0,5.2,3.0,96745
06-03-2010,28.7,82.0,0.0,4.0,3.0,96745
07-03-2010,29.6,75.0,0.0,7.0,3.0,96745
09-03-2010,28.9,74.0,0.0,4.1,2.0,96745
11-03-2010,27.5,80.0,8.8,2.0,3.0,96745
12-03-2010,26.7,86.0,2.6,0.5,3.0,96745
13-03-2010,29.5,76.0,0.0,7.3,2.0,96745
14-03-2010,29.6,74.0,0.0,8.5,3.0,96745
16-03-2010,27.9,81.0,1.7,11.0,2.0,96745
17-03-2010,27.2,84.0,11.2,4.0,3.0,96745
18-03-2010,28.3,79.0,0.0,4.5,3.0,96745
19-03-2010,28.5,80.0,0.0,1.0,3.0,96745
20-03-2010,29.1,74.0,0.0,3.5,2.0,96745
22-03-2010,29.8,69.0,0.0,8.8,3.0,96745
23-03-2010,29.4,73.0,0.0,7.0,2.0,96745
24-03-2010,30.1,76.0,0.0,7.0,2.0,96745
25-03-2010,30.0,75.0,85.7,8.5,2.0,96745
26-03-2010,27.9,86.0,0.0,0.5,2.0,96745
27-03-2010,29.6,72.0,1.1,6.2,3.0,96745
29-03-2010,27.5,86.0,8.9,2.0,3.0,96745
31-03-2010,28.8,75.0,0.0,1.0,3.0,96745
01-04-2010,29.2,72.0,0.0,3.5,3.0,96745
02-04-2010,29.0,79.0,20.7,4.3,3.0,96745
03-04-2010,28.5,80.0,0.0,5.1,3.0,96745
04-04-2010,29.2,75.0,0.4,4.5,3.0,96745
05-04-2010,28.4,80.0,1.8,6.5,2.0,96745
06-04-2010,29.3,75.0,0.0,10.0,2.0,96745
07-04-2010,29.5,76.0,2.8,4.5,2.0,96745
08-04-2010,28.8,81.0,0.6,1.0,2.0,96745
09-04-2010,30.0,76.0,0.0,10.0,2.0,96745
10-04-2010,30.4,74.0,0.0,10.0,2.0,96745
11-04-2010,29.7,72.0,0.0,2.0,4.0,96745
12-04-2010,29.5,74.0,0.0,10.0,3.0,96745
13-04-2010,29.9,74.0,0.0,2.5,2.0,96745
15-04-2010,30.3,74.0,0.0,7.5,3.0,96745
17-04-2010,29.6,74.0,0.0,7.0,3.0,96745
18-04-2010,29.5,72.0,0.0,6.5,3.0,96745
19-04-2010,30.0,67.0,0.0,6.5,4.0,96745
20-04-2010,30.1,68.0,0.0,9.5,2.0,96745
21-04-2010,30.6,69.0,0.0,7.1,3.0,96745
22-04-2010,29.9,72.0,0.0,2.5,3.0,96745
23-04-2010,29.8,73.0,0.0,4.0,3.0,96745
24-04-2010,30.1,71.0,0.0,6.0,3.0,96745
25-04-2010,30.2,74.0,0.0,2.0,3.0,96745
26-04-2010,30.7,70.0,0.0,5.3,2.0,96745
27-04-2010,30.5,72.0,0.0,8.5,3.0,96745
28-04-2010,29.8,70.0,0.0,7.0,3.0,96745
30-04-2010,30.6,72.0,0.0,9.0,3.0,96745
01-05-2010,30.6,72.0,0.0,6.5,3.0,96745
02-05-2010,30.5,74.0,0.0,4.4,3.0,96745
03-05-2010,30.8,70.0,0.0,9.6,3.0,96745
04-05-2010,29.1,77.0,0.0,9.0,3.0,96745
05-05-2010,29.1,76.0,0.0,1.0,3.0,96745
06-05-2010,29.7,72.0,0.0,3.0,3.0,96745
07-05-2010,30.0,74.0,0.3,5.5,3.0,96745
08-05-2010,28.6,84.0,1.8,1.4,3.0,96745
09-05-2010,30.3,74.0,0.0,4.6,3.0,96745
10-05-2010,28.4,80.0,10.7,0.0,2.0,96745
11-05-2010,28.6,80.0,4.0,2.0,2.0,96745
12-05-2010,28.9,77.0,0.0,3.0,3.0,96745
13-05-2010,28.1,84.0,12.5,1.0,3.0,96745
14-05-2010,28.4,85.0,0.8,0.0,3.0,96745
15-05-2010,29.8,73.0,0.0,10.0,2.0,96745
16-05-2010,27.2,88.0,7.6,0.0,3.0,96745
18-05-2010,30.0,74.0,0.0,8.0,3.0,96745
19-05-2010,30.4,75.0,0.7,4.5,3.0,96745
20-05-2010,28.8,81.0,2.2,3.1,3.0,96745
21-05-2010,29.2,72.0,0.0,8.0,2.0,96745
22-05-2010,29.6,76.0,20.6,8.0,2.0,96745
23-05-2010,29.3,79.0,3.4,1.5,2.0,96745
24-05-2010,27.9,75.0,1.0,5.3,2.0,96745
25-05-2010,29.1,80.0,21.0,7.3,2.0,96745
26-05-2010,28.8,78.0,0.9,4.1,3.0,96745
28-05-2010,29.2,77.0,0.0,5.5,3.0,96745
29-05-2010,30.0,74.0,0.0,7.5,3.0,96745
30-05-2010,30.8,72.0,0.0,7.0,3.0,96745
31-05-2010,30.1,71.0,0.2,3.7,3.0,96745
01-06-2010,29.2,78.0,43.8,6.0,3.0,96745
03-06-2010,30.1,76.0,0.0,6.0,3.0,96745
05-06-2010,27.8,86.0,16.9,1.5,2.0,96745
09-06-2010,28.3,76.0,0.0,4.0,2.0,96745
10-06-2010,28.6,78.0,0.0,0.3,3.0,96745
11-06-2010,29.7,76.0,0.0,5.0,3.0,96745
12-06-2010,29.4,76.0,2.0,2.0,2.0,96745
13-06-2010,28.7,77.0,0.0,6.0,3.0,96745
18-06-2010,28.2,79.0,9.0,1.5,2.0,96745
20-06-2010,28.2,78.0,0.4,4.0,3.0,96745
21-06-2010,29.4,75.0,0.0,6.0,3.0,96745
22-06-2010,29.3,70.0,0.0,5.0,2.0,96745
23-06-2010,28.7,69.0,5.4,4.0,3.0,96745
25-06-2010,27.2,84.0,0.3,0.3,2.0,96745
26-06-2010,28.7,78.0,0.5,4.0,2.0,96745
27-06-2010,29.1,74.0,0.0,6.0,2.0,96745
29-06-2010,28.0,80.0,2.4,4.5,3.0,96745
30-06-2010,28.4,77.0,0.0,2.7,3.0,96745
01-07-2010,29.0,76.0,0.0,4.0,3.0,96745
02-07-2010,29.0,76.0,0.0,5.5,2.0,96745
04-07-2010,28.3,77.0,0.0,2.5,2.0,96745
05-07-2010,28.6,77.0,0.0,1.5,3.0,96745
06-07-2010,29.3,78.0,0.0,5.0,3.0,96745
07-07-2010,27.1,88.0,34.0,1.0,3.0,96745
08-07-2010,27.3,84.0,28.7,1.0,3.0,96745
09-07-2010,27.1,84.0,46.6,2.0,3.0,96745
10-07-2010,28.3,79.0,0.0,2.5,3.0,96745
11-07-2010,28.6,78.0,0.0,3.0,3.0,96745
12-07-2010,29.0,76.0,3.0,3.5,2.0,96745
13-07-2010,28.6,78.0,1.2,3.5,3.0,96745
15-07-2010,28.6,74.0,1.6,2.7,3.0,96745
18-07-2010,27.4,84.0,73.0,2.0,2.0,96745
19-07-2010,27.0,88.0,13.2,0.2,3.0,96745
20-07-2010,28.2,76.0,3.4,6.3,2.0,96745
21-07-2010,29.1,79.0,0.0,4.0,3.0,96745
22-07-2010,28.9,75.0,0.0,7.0,2.0,96745
23-07-2010,29.0,71.0,0.0,8.0,3.0,96745
24-07-2010,29.1,66.0,0.0,8.5,3.0,96745
25-07-2010,29.2,67.0,1.6,1.7,2.0,96745
26-07-2010,29.0,76.0,2.5,7.0,3.0,96745
28-07-2010,27.5,80.0,0.7,1.5,2.0,96745
29-07-2010,28.6,78.0,0.0,5.0,3.0,96745
30-07-2010,29.2,74.0,0.0,8.0,3.0,96745
31-07-2010,29.2,72.0,0.0,8.0,3.0,96745
01-08-2010,29.0,72.0,0.0,8.0,2.0,96745
04-08-2010,29.2,72.0,6.1,2.5,2.0,96745
05-08-2010,28.7,79.0,12.9,2.5,3.0,96745
06-08-2010,28.2,82.0,23.5,1.5,2.0,96745
07-08-2010,26.6,84.0,3.5,7.0,3.0,96745
08-08-2010,28.5,76.0,0.0,4.2,2.0,96745
09-08-2010,28.5,75.0,0.0,4.7,3.0,96745
10-08-2010,29.2,72.0,0.0,8.0,2.0,96745
11-08-2010,29.5,74.0,0.0,8.0,3.0,96745
12-08-2010,29.0,76.0,0.0,3.0,3.0,96745
13-08-2010,29.4,74.0,0.3,6.0,3.0,96745
14-08-2010,29.2,74.0,0.0,7.5,3.0,96745
15-08-2010,29.3,76.0,4.0,4.3,3.0,96745
16-08-2010,28.3,81.0,55.5,4.4,3.0,96745
17-08-2010,28.0,81.0,0.0,8.0,3.0,96745
18-08-2010,27.2,81.0,4.0,3.2,3.0,96745
19-08-2010,28.7,71.0,0.0,6.3,3.0,96745
20-08-2010,29.3,73.0,17.8,7.5,3.0,96745
21-08-2010,28.5,75.0,13.0,2.0,2.0,96745
22-08-2010,27.5,80.0,0.0,5.0,3.0,96745
23-08-2010,29.4,73.0,0.0,5.0,3.0,96745
24-08-2010,27.9,83.0,10.0,2.3,3.0,96745
25-08-2010,29.1,75.0,0.0,6.0,2.0,96745
26-08-2010,29.6,73.0,0.0,8.0,2.0,96745
27-08-2010,28.1,78.0,0.0,4.0,3.0,96745
28-08-2010,28.2,76.0,0.0,6.0,3.0,96745
29-08-2010,29.7,71.0,0.0,5.5,3.0,96745
30-08-2010,29.9,70.0,0.0,9.3,3.0,96745
31-08-2010,29.5,71.0,0.0,8.0,3.0,96745
01-09-2010,28.9,74.0,0.0,6.5,3.0,96745
02-09-2010,29.3,73.0,22.7,8.0,2.0,96745
03-09-2010,28.1,80.0,35.2,4.5,3.0,96745
04-09-2010,29.1,75.0,0.0,8.0,2.0,96745
06-09-2010,25.7,90.0,57.9,0.0,2.0,96745
08-09-2010,26.7,86.0,20.9,0.5,3.0,96745
09-09-2010,26.5,83.0,25.3,5.2,2.0,96745
10-09-2010,27.7,78.0,0.0,6.3,2.0,96745
11-09-2010,27.9,78.0,1.0,6.3,2.0,96745
12-09-2010,29.3,72.0,10.4,6.0,3.0,96745
13-09-2010,27.3,81.0,0.4,7.9,2.0,96745
14-09-2010,27.6,78.0,3.8,8.0,3.0,96745
15-09-2010,26.8,84.0,3.8,0.2,3.0,96745
16-09-2010,28.0,71.0,0.2,4.0,3.0,96745
18-09-2010,28.2,76.0,0.0,4.1,3.0,96745
19-09-2010,29.3,76.0,0.0,4.0,3.0,96745
20-09-2010,29.6,75.0,0.0,6.4,3.0,96745
21-09-2010,27.6,82.0,30.0,2.5,2.0,96745
22-09-2010,26.4,88.0,0.3,0.7,2.0,96745
23-09-2010,25.7,85.0,37.2,2.5,3.0,96745
24-09-2010,27.9,80.0,0.0,3.0,3.0,96745
25-09-2010,28.1,79.0,2.8,2.0,3.0,96745
27-09-2010,27.5,82.0,4.2,2.5,2.0,96745
28-09-2010,28.8,75.0,0.0,5.5,3.0,96745
02-10-2010,28.1,78.0,0.5,3.5,3.0,96745
03-10-2010,25.8,90.0,47.8,0.0,3.0,96745
04-10-2010,27.3,83.0,0.3,2.3,3.0,96745
05-10-2010,27.4,84.0,0.5,0.0,2.0,96745
06-10-2010,26.4,90.0,66.0,1.5,2.0,96745
07-10-2010,27.4,82.0,0.0,5.0,3.0,96745
08-10-2010,27.9,80.0,4.5,7.2,3.0,96745
09-10-2010,27.2,82.0,9.5,2.0,2.0,96745
10-10-2010,28.4,71.0,0.0,8.3,3.0,96745
11-10-2010,28.5,64.0,0.0,8.0,3.0,96745
12-10-2010,29.0,68.0,4.7,9.0,3.0,96745
13-10-2010,27.8,78.0,6.2,2.0,3.0,96745
14-10-2010,26.8,86.0,55.4,3.5,3.0,96745
15-10-2010,28.8,76.0,0.0,6.0,3.0,96745
16-10-2010,29.2,68.0,0.0,4.0,3.0,96745
17-10-2010,28.4,74.0,9.0,5.5,4.0,96745
18-10-2010,28.1,76.0,0.0,1.2,4.0,96745
19-10-2010,28.6,74.0,0.0,4.8,3.0,96745
20-10-2010,27.9,82.0,5.6,1.0,4.0,96745
21-10-2010,27.5,78.0,8.0,3.4,2.0,96745
22-10-2010,28.8,86.0,49.8,8.0,3.0,96745
24-10-2010,27.6,79.0,0.0,2.0,3.0,96745
25-10-2010,28.2,77.0,93.0,4.3,3.0,96745
26-10-2010,26.0,88.0,19.5,2.0,2.0,96745
27-10-2010,28.5,75.0,0.0,3.0,2.0,96745
28-10-2010,27.5,80.0,0.0,0.4,3.0,96745
29-10-2010,28.2,78.0,0.6,1.0,2.0,96745
30-10-2010,28.0,82.0,0.0,1.3,2.0,96745
31-10-2010,28.8,69.0,0.0,4.0,3.0,96745
01-11-2010,29.9,62.0,0.0,3.5,3.0,96745
03-11-2010,28.9,77.0,0.8,4.3,2.0,96745
04-11-2010,28.1,77.0,5.8,0.3,3.0,96745
05-11-2010,28.8,74.0,0.0,0.3,3.0,96745
07-11-2010,28.4,75.0,0.0,0.3,3.0,96745
08-11-2010,28.6,69.0,0.0,0.5,4.0,96745
09-11-2010,28.9,71.0,24.1,5.3,3.0,96745
10-11-2010,28.4,78.0,0.0,2.5,2.0,96745
11-11-2010,28.5,77.0,3.5,2.0,2.0,96745
12-11-2010,28.3,78.0,10.5,5.5,3.0,96745
13-11-2010,27.0,82.0,1.4,0.5,3.0,96745
14-11-2010,28.3,78.0,0.0,2.0,2.0,96745
15-11-2010,29.1,76.0,0.0,5.0,2.0,96745
16-11-2010,26.2,86.0,31.4,0.0,2.0,96745
17-11-2010,27.9,81.0,0.0,1.2,3.0,96745
18-11-2010,29.2,74.0,0.0,5.5,3.0,96745
20-11-2010,29.4,73.0,0.0,5.8,2.0,96745
22-11-2010,29.3,74.0,0.5,4.5,2.0,96745
23-11-2010,27.8,83.0,7.0,0.0,3.0,96745
24-11-2010,28.9,78.0,9.2,4.0,2.0,96745
25-11-2010,27.9,80.0,1.0,6.0,3.0,96745
26-11-2010,27.2,85.0,39.9,2.5,4.0,96745
27-11-2010,26.9,85.0,5.1,1.0,3.0,96745
28-11-2010,27.9,80.0,0.0,4.5,3.0,96745
29-11-2010,28.8,75.0,2.6,8.0,3.0,96745
30-11-2010,28.5,76.0,0.0,4.5,3.0,96745
02-12-2010,28.1,76.0,52.2,0.0,3.0,96745
03-12-2010,27.2,83.0,2.0,2.0,3.0,96745
04-12-2010,27.8,78.0,0.6,1.7,3.0,96745
05-12-2010,27.3,79.0,3.0,2.0,3.0,96745
06-12-2010,27.8,79.0,6.4,2.3,3.0,96745
07-12-2010,27.1,80.0,0.0,0.0,3.0,96745
08-12-2010,28.1,72.0,1.3,3.5,4.0,96745
09-12-2010,28.4,70.0,1.3,0.3,3.0,96745
10-12-2010,27.7,74.0,1.6,0.7,4.0,96745
11-12-2010,26.0,83.0,5.5,0.0,3.0,96745
12-12-2010,27.3,78.0,2.4,3.3,3.0,96745
13-12-2010,28.8,73.0,0.0,1.9,3.0,96745
14-12-2010,27.6,73.0,6.8,0.0,2.0,96745
16-12-2010,27.7,74.0,0.0,3.4,4.0,96745
17-12-2010,27.3,80.0,10.0,1.3,3.0,96745
18-12-2010,28.0,72.0,1.6,1.5,4.0,96745
19-12-2010,27.7,74.0,7.9,3.5,3.0,96745
20-12-2010,28.0,75.0,0.0,0.5,3.0,96745
21-12-2010,27.7,72.0,1.5,1.2,3.0,96745
22-12-2010,27.9,74.0,0.0,1.0,3.0,96745
23-12-2010,27.3,78.0,1.4,0.0,3.0,96745
24-12-2010,28.1,76.0,0.0,8.5,3.0,96745
25-12-2010,28.4,74.0,0.0,2.3,3.0,96745
26-12-2010,27.2,76.0,2.9,2.0,3.0,96745
27-12-2010,27.5,80.0,3.6,1.0,3.0,96745
28-12-2010,27.8,76.0,11.8,4.7,3.0,96745
29-12-2010,27.6,75.0,0.2,0.0,3.0,96745
30-12-2010,27.6,71.0,0.0,4.7,4.0,96745
31-12-2010,28.9,72.0,0.0,2.1,3.0,96745
01-01-2011,28.8,72.0,0.0,0.0,3.0,96745
02-01-2011,27.7,71.0,6.7,1.5,3.0,96745
03-01-2011,27.2,77.0,2.5,0.1,3.0,96745
04-01-2011,27.9,75.0,1.2,3.0,3.0,96745
05-01-2011,27.2,86.0,37.0,0.0,3.0,96745
06-01-2011,27.8,78.0,3.4,0.6,3.0,96745
07-01-2011,26.8,81.0,1.0,0.0,3.0,96745
08-01-2011,26.4,84.0,7.9,0.0,3.0,96745
09-01-2011,27.1,83.0,15.0,0.0,3.0,96745
10-01-2011,27.1,77.0,7.4,1.5,4.0,96745
11-01-2011,27.9,79.0,4.0,0.0,3.0,96745
12-01-2011,27.5,74.0,0.6,0.0,3.0,96745
13-01-2011,27.9,79.0,0.0,2.5,4.0,96745
15-01-2011,27.0,80.0,7.6,1.5,3.0,96745
16-01-2011,26.2,80.0,3.1,0.0,3.0,96745
17-01-2011,27.7,80.0,3.8,0.0,4.0,96745
18-01-2011,26.6,81.0,6.9,0.0,3.0,96745
19-01-2011,26.4,86.0,0.2,0.0,3.0,96745
20-01-2011,26.3,82.0,1.5,0.0,4.0,96745
21-01-2011,25.9,90.0,16.8,0.0,3.0,96745
22-01-2011,26.7,86.0,13.6,0.0,2.0,96745
24-01-2011,27.3,81.0,0.0,0.0,3.0,96745
25-01-2011,27.8,75.0,0.0,0.0,3.0,96745
26-01-2011,28.1,78.0,0.0,5.3,3.0,96745
28-01-2011,27.5,78.0,3.1,5.3,3.0,96745
29-01-2011,27.5,81.0,2.3,2.9,3.0,96745
30-01-2011,27.2,79.0,0.0,2.5,4.0,96745
01-02-2011,27.6,76.0,1.2,0.0,3.0,96745
02-02-2011,27.8,78.0,3.8,0.2,3.0,96745
03-02-2011,27.2,82.0,3.0,0.3,2.0,96745
04-02-2011,26.2,85.0,11.6,0.0,3.0,96745
05-02-2011,26.8,80.0,12.8,0.0,3.0,96745
06-02-2011,26.4,85.0,4.8,0.0,3.0,96745
07-02-2011,26.9,82.0,0.0,0.4,3.0,96745
08-02-2011,27.2,80.0,4.2,0.0,2.0,96745
09-02-2011,28.5,75.0,0.0,6.0,3.0,96745
10-02-2011,28.0,66.0,0.0,4.0,3.0,96745
11-02-2011,29.0,76.0,2.4,5.3,3.0,96745
12-02-2011,28.3,78.0,0.0,0.3,3.0,96745
13-02-2011,28.6,77.0,3.5,3.0,2.0,96745
14-02-2011,26.1,90.0,119.2,0.0,2.0,96745
15-02-2011,26.1,85.0,0.0,1.2,3.0,96745
16-02-2011,27.8,82.0,9.7,5.5,3.0,96745
17-02-2011,27.8,80.0,0.0,4.3,3.0,96745
18-02-2011,28.8,77.0,1.0,6.0,2.0,96745
19-02-2011,27.9,76.0,4.0,8.5,3.0,96745
20-02-2011,29.0,77.0,2.0,6.4,3.0,96745
21-02-2011,28.8,77.0,0.0,6.4,3.0,96745
22-02-2011,28.3,80.0,0.0,1.0,3.0,96745
23-02-2011,28.2,77.0,0.0,4.0,3.0,96745
24-02-2011,28.8,70.0,0.0,4.5,3.0,96745
25-02-2011,27.7,76.0,2.7,3.5,3.0,96745
26-02-2011,27.4,80.0,10.9,0.0,3.0,96745
27-02-2011,26.1,87.0,30.4,0.0,3.0,96745
28-02-2011,25.4,88.0,3.5,0.0,3.0,96745
01-03-2011,26.7,76.0,0.7,1.0,3.0,96745
02-03-2011,27.9,77.0,0.0,5.5,3.0,96745
03-03-2011,27.8,77.0,4.6,1.5,4.0,96745
06-03-2011,26.4,78.0,0.2,5.0,3.0,96745
07-03-2011,28.8,70.0,0.0,6.7,5.0,96745
08-03-2011,27.9,75.0,0.0,5.1,4.0,96745
10-03-2011,27.9,76.0,0.0,5.0,3.0,96745
11-03-2011,28.2,76.0,1.7,1.5,3.0,96745
12-03-2011,28.8,75.0,0.0,7.1,3.0,96745
13-03-2011,28.0,81.0,49.0,3.0,3.0,96745
15-03-2011,27.9,75.0,33.7,2.0,2.0,96745
16-03-2011,27.2,80.0,22.5,3.0,3.0,96745
17-03-2011,28.3,78.0,0.0,7.0,3.0,96745
18-03-2011,28.9,74.0,3.2,7.0,3.0,96745
19-03-2011,30.8,78.0,9.7,1.6,3.0,96745
20-03-2011,28.1,81.0,6.6,6.0,3.0,96745
21-03-2011,29.1,74.0,0.0,3.3,3.0,96745
23-03-2011,27.6,74.0,0.0,0.3,3.0,96745
24-03-2011,26.9,76.0,4.4,4.0,3.0,96745
25-03-2011,27.9,76.0,0.0,1.5,3.0,96745
26-03-2011,27.8,75.0,0.0,0.3,4.0,96745
27-03-2011,28.6,73.0,0.0,1.5,4.0,96745
28-03-2011,27.7,74.0,0.0,0.3,5.0,96745
29-03-2011,28.1,71.0,0.8,8.0,4.0,96745
30-03-2011,27.6,74.0,1.8,0.0,3.0,96745
31-03-2011,27.5,78.0,0.1,2.0,4.0,96745
01-04-2011,26.4,83.0,0.6,0.0,3.0,96745
02-04-2011,29.4,72.0,0.0,7.0,4.0,96745
03-04-2011,28.8,73.0,8.0,8.0,4.0,96745
04-04-2011,29.1,70.0,0.0,8.0,3.0,96745
05-04-2011,29.3,67.0,0.0,6.0,4.0,96745
06-04-2011,29.6,67.0,0.0,1.5,5.0,96745
07-04-2011,29.5,70.0,0.0,1.0,4.0,96745
08-04-2011,28.5,77.0,0.1,8.0,3.0,96745
09-04-2011,28.5,73.0,0.0,0.0,3.0,96745
10-04-2011,29.4,70.0,0.0,0.8,3.0,96745
11-04-2011,27.7,76.0,3.4,8.0,3.0,96745
12-04-2011,27.8,80.0,0.1,7.5,3.0,96745
14-04-2011,28.0,79.0,0.7,7.0,3.0,96745
15-04-2011,28.5,75.0,2.4,4.0,3.0,96745
16-04-2011,28.4,76.0,12.4,8.0,3.0,96745
17-04-2011,28.6,75.0,32.5,7.5,2.0,96745
18-04-2011,28.2,78.0,30.8,4.0,2.0,96745
19-04-2011,28.2,76.0,0.0,7.5,2.0,96745
20-04-2011,28.8,77.0,1.2,4.0,3.0,96745
21-04-2011,28.8,74.0,0.0,8.0,2.0,96745
22-04-2011,28.8,76.0,4.0,7.7,3.0,96745
23-04-2011,28.8,78.0,0.0,8.0,2.0,96745
25-04-2011,28.8,76.0,0.0,5.0,2.0,96745
26-04-2011,29.4,76.0,0.0,8.0,2.0,96745
28-04-2011,29.1,73.0,0.0,8.0,3.0,96745
29-04-2011,29.0,74.0,0.0,5.5,3.0,96745
30-04-2011,27.8,82.0,10.6,1.2,2.0,96745
01-05-2011,28.2,76.0,0.0,4.0,3.0,96745
02-05-2011,28.7,76.0,0.0,3.0,3.0,96745
03-05-2011,29.0,72.0,0.0,2.5,3.0,96745
04-05-2011,28.8,74.0,0.0,7.5,3.0,96745
05-05-2011,27.3,82.0,18.2,0.1,2.0,96745
06-05-2011,28.3,78.0,19.0,8.0,3.0,96745
07-05-2011,28.4,77.0,4.8,2.0,3.0,96745
08-05-2011,28.6,74.0,0.4,4.0,4.0,96745
09-05-2011,29.0,73.0,0.0,8.0,3.0,96745
10-05-2011,29.4,74.0,0.0,7.5,2.0,96745
11-05-2011,29.2,77.0,0.0,6.0,2.0,96745
13-05-2011,29.3,77.0,62.8,3.0,2.0,96745
14-05-2011,28.0,81.0,0.2,2.0,2.0,96745
15-05-2011,28.8,76.0,0.0,6.5,2.0,96745
16-05-2011,28.6,73.0,0.0,7.5,2.0,96745
17-05-2011,28.6,73.0,0.0,7.5,3.0,96745
18-05-2011,28.6,76.0,13.2,2.0,3.0,96745
19-05-2011,29.6,75.0,0.0,7.0,3.0,96745
20-05-2011,29.3,76.0,0.0,6.0,2.0,96745
21-05-2011,28.6,74.0,0.0,1.7,3.0,96745
22-05-2011,28.9,79.0,43.2,4.0,3.0,96745
23-05-2011,28.5,78.0,5.8,3.0,2.0,96745
24-05-2011,29.2,73.0,18.5,4.0,3.0,96745
25-05-2011,28.3,80.0,12.8,2.2,2.0,96745
26-05-2011,27.9,81.0,0.0,0.3,3.0,96745
27-05-2011,28.3,79.0,0.0,2.0,2.0,96745
28-05-2011,29.2,75.0,0.0,2.2,3.0,96745
29-05-2011,29.0,74.0,0.0,1.2,3.0,96745
30-05-2011,29.4,76.0,0.0,4.0,3.0,96745
31-05-2011,29.4,74.0,0.0,2.0,2.0,96745
01-06-2011,29.8,73.0,0.0,5.5,3.0,96745
03-06-2011,29.4,74.0,0.0,6.0,3.0,96745
04-06-2011,29.0,76.0,0.2,3.3,3.0,96745
05-06-2011,28.2,80.0,30.6,2.0,2.0,96745
06-06-2011,28.4,80.0,0.0,6.0,3.0,96745
07-06-2011,28.9,79.0,10.0,1.0,3.0,96745
08-06-2011,28.8,79.0,2.2,7.0,2.0,96745
09-06-2011,28.6,78.0,0.0,2.3,3.0,96745
10-06-2011,29.0,72.0,0.0,4.5,2.0,96745
11-06-2011,29.0,73.0,0.0,4.5,2.0,96745
12-06-2011,29.0,72.0,0.0,3.5,3.0,96745
13-06-2011,29.1,72.0,0.0,5.5,3.0,96745
14-06-2011,28.7,73.0,2.6,4.5,3.0,96745
15-06-2011,29.0,74.0,0.0,4.0,3.0,96745
16-06-2011,29.1,64.0,0.0,5.0,3.0,96745
17-06-2011,28.7,64.0,0.0,5.7,3.0,96745
18-06-2011,27.9,64.0,0.0,6.0,3.0,96745
19-06-2011,28.5,66.0,0.0,5.0,3.0,96745
20-06-2011,28.6,69.0,0.0,4.3,2.0,96745
21-06-2011,29.1,65.0,0.0,5.7,3.0,96745
22-06-2011,28.9,68.0,0.0,4.3,3.0,96745
23-06-2011,28.9,70.0,0.0,5.5,3.0,96745
24-06-2011,28.8,73.0,0.0,4.5,3.0,96745
25-06-2011,28.6,71.0,0.0,6.0,3.0,96745
26-06-2011,28.3,70.0,0.0,3.0,3.0,96745
27-06-2011,29.4,68.0,13.0,0.0,2.0,96745
28-06-2011,27.5,83.0,0.2,0.0,3.0,96745
30-06-2011,27.0,84.0,11.7,2.0,2.0,96745
01-07-2011,26.3,82.0,0.0,1.0,2.0,96745
02-07-2011,27.9,77.0,0.0,6.3,3.0,96745
03-07-2011,28.3,76.0,0.0,6.5,3.0,96745
04-07-2011,28.0,77.0,0.0,3.5,3.0,96745
05-07-2011,27.7,82.0,2.5,1.5,3.0,96745
06-07-2011,28.0,68.0,0.0,5.0,3.0,96745
07-07-2011,28.4,70.0,0.0,5.6,3.0,96745
08-07-2011,28.5,70.0,0.0,5.5,3.0,96745
09-07-2011,28.1,73.0,0.0,5.0,3.0,96745
10-07-2011,28.3,76.0,7.4,6.0,3.0,96745
11-07-2011,27.8,82.0,0.0,3.4,3.0,96745
13-07-2011,28.7,77.0,0.0,6.5,4.0,96745
14-07-2011,28.9,74.0,0.0,6.5,3.0,96745
15-07-2011,28.9,76.0,0.0,6.0,3.0,96745
16-07-2011,27.9,77.0,5.0,5.5,2.0,96745
17-07-2011,28.3,76.0,0.0,5.0,3.0,96745
18-07-2011,28.4,71.0,0.0,7.0,3.0,96745
19-07-2011,28.9,72.0,0.0,6.0,3.0,96745
20-07-2011,29.1,72.0,0.0,6.0,3.0,96745
21-07-2011,28.5,74.0,0.0,6.5,3.0,96745
22-07-2011,28.7,74.0,0.0,6.5,3.0,96745
23-07-2011,28.2,74.0,0.7,5.0,3.0,96745
24-07-2011,28.6,81.0,2.5,6.0,3.0,96745
25-07-2011,28.5,76.0,0.0,7.0,3.0,96745
26-07-2011,28.0,72.0,0.0,5.1,3.0,96745
28-07-2011,28.6,72.0,0.0,7.0,3.0,96745
29-07-2011,28.4,75.0,0.0,6.0,3.0,96745
30-07-2011,28.6,68.0,0.0,7.5,3.0,96745
31-07-2011,28.3,65.0,0.0,8.0,3.0,96745
01-08-2011,29.5,63.0,0.0,9.2,3.0,96745
02-08-2011,28.9,67.0,0.0,9.5,3.0,96745
03-08-2011,28.9,69.0,0.0,9.0,3.0,96745
04-08-2011,28.4,71.0,1.5,4.5,2.0,96745
05-08-2011,28.4,71.0,0.0,8.0,2.0,96745
06-08-2011,28.5,70.0,0.0,6.0,3.0,96745
07-08-2011,28.2,68.0,0.0,8.0,3.0,96745
08-08-2011,28.7,72.0,0.0,7.5,3.0,96745
09-08-2011,28.8,72.0,0.0,9.0,2.0,96745
10-08-2011,29.3,70.0,0.0,9.0,2.0,96745
11-08-2011,28.9,71.0,0.0,8.0,2.0,96745
12-08-2011,29.0,73.0,0.0,9.5,3.0,96745
13-08-2011,28.6,72.0,0.0,9.0,3.0,96745
14-08-2011,29.2,72.0,0.0,8.0,3.0,96745
15-08-2011,28.7,69.0,0.0,6.0,3.0,96745
17-08-2011,28.4,67.0,0.0,4.0,3.0,96745
18-08-2011,28.8,76.0,0.0,5.3,3.0,96745
19-08-2011,29.2,68.0,0.0,8.0,3.0,96745
20-08-2011,28.9,65.0,0.0,9.5,4.0,96745
21-08-2011,29.4,64.0,0.0,9.0,2.0,96745
22-08-2011,28.5,69.0,0.0,7.0,3.0,96745
23-08-2011,28.8,70.0,0.0,7.5,3.0,96745
24-08-2011,29.5,64.0,0.0,9.0,3.0,96745
25-08-2011,27.9,66.0,0.0,7.6,3.0,96745
26-08-2011,28.6,60.0,0.0,9.5,3.0,96745
27-08-2011,28.3,60.0,0.0,9.5,3.0,96745
28-08-2011,28.9,61.0,0.0,9.5,3.0,96745
29-08-2011,29.2,69.0,0.0,10.0,2.0,96745
30-08-2011,28.8,74.0,0.0,8.0,3.0,96745
31-08-2011,28.8,74.0,0.0,5.0,2.0,96745
01-09-2011,29.5,71.0,0.0,9.0,3.0,96745
02-09-2011,29.5,67.0,0.0,7.7,3.0,96745
03-09-2011,28.9,67.0,0.0,8.0,3.0,96745
04-09-2011,29.0,66.0,0.0,9.3,2.0,96745
05-09-2011,29.0,67.0,0.0,9.0,3.0,96745
06-09-2011,29.4,63.0,0.0,10.0,3.0,96745
07-09-2011,29.4,65.0,0.0,9.7,3.0,96745
08-09-2011,29.5,69.0,0.0,7.0,3.0,96745
09-09-2011,28.7,60.0,0.0,9.9,2.0,96745
10-09-2011,28.8,65.0,0.0,8.5,3.0,96745
11-09-2011,29.1,65.0,0.0,9.5,3.0,96745
12-09-2011,29.6,62.0,0.0,9.5,3.0,96745
13-09-2011,29.6,68.0,0.0,9.5,3.0,96745
14-09-2011,29.7,70.0,0.0,9.4,3.0,96745
15-09-2011,28.6,72.0,2.2,8.6,3.0,96745
16-09-2011,28.7,72.0,50.4,5.0,3.0,96745
17-09-2011,27.8,79.0,0.0,4.0,3.0,96745
18-09-2011,28.8,74.0,0.0,7.3,3.0,96745
19-09-2011,28.7,69.0,0.0,7.5,2.0,96745
20-09-2011,28.8,71.0,0.0,6.0,2.0,96745
21-09-2011,28.9,70.0,0.0,8.2,3.0,96745
22-09-2011,29.0,67.0,0.0,4.0,3.0,96745
23-09-2011,29.5,68.0,0.0,8.5,3.0,96745
24-09-2011,29.0,68.0,0.0,7.6,2.0,96745
25-09-2011,29.0,70.0,0.0,8.0,2.0,96745
26-09-2011,29.0,68.0,0.0,8.0,3.0,96745
27-09-2011,28.7,68.0,0.0,4.5,3.0,96745
28-09-2011,28.7,68.0,0.0,6.5,2.0,96745
29-09-2011,27.9,74.0,0.0,8.7,2.0,96745
30-09-2011,28.8,70.0,0.0,8.0,3.0,96745
01-10-2011,28.8,68.0,0.0,7.0,3.0,96745
02-10-2011,29.8,65.0,3.0,4.0,3.0,96745
03-10-2011,29.3,69.0,6.7,3.5,2.0,96745
04-10-2011,28.4,70.0,0.6,4.3,2.0,96745
06-10-2011,28.8,66.0,0.0,4.5,3.0,96745
07-10-2011,29.5,69.0,0.6,6.5,3.0,96745
08-10-2011,27.0,78.0,0.0,0.3,3.0,96745
09-10-2011,29.2,72.0,15.6,7.5,2.0,96745
10-10-2011,28.7,73.0,0.0,1.5,3.0,96745
12-10-2011,29.0,73.0,0.0,4.0,2.0,96745
13-10-2011,28.7,74.0,0.0,6.5,2.0,96745
14-10-2011,29.6,66.0,0.0,7.5,2.0,96745
15-10-2011,29.3,66.0,0.0,8.7,3.0,96745
16-10-2011,29.9,66.0,0.0,7.3,4.0,96745
17-10-2011,30.1,71.0,0.0,7.7,4.0,96745
18-10-2011,30.2,68.0,0.0,6.5,3.0,96745
19-10-2011,30.4,66.0,0.0,8.5,2.0,96745
20-10-2011,29.4,70.0,0.0,9.0,3.0,96745
21-10-2011,29.7,72.0,0.0,6.5,3.0,96745
22-10-2011,29.4,73.0,0.0,2.5,3.0,96745
23-10-2011,29.1,74.0,0.0,5.0,4.0,96745
24-10-2011,30.1,72.0,0.0,6.5,3.0,96745
26-10-2011,28.3,75.0,0.3,2.0,3.0,96745
27-10-2011,29.7,72.0,0.0,6.7,3.0,96745
28-10-2011,28.3,77.0,21.4,2.5,3.0,96745
29-10-2011,29.0,75.0,0.0,6.0,3.0,96745
30-10-2011,29.1,76.0,10.5,5.8,3.0,96745
31-10-2011,28.6,78.0,21.4,5.0,3.0,96745
01-11-2011,28.6,77.0,0.0,6.3,2.0,96745
02-11-2011,28.6,78.0,0.8,4.0,2.0,96745
03-11-2011,29.0,77.0,0.3,3.7,2.0,96745
04-11-2011,27.6,69.0,0.0,0.0,3.0,96745
05-11-2011,28.7,64.0,0.0,2.2,3.0,96745
06-11-2011,29.1,62.0,0.0,1.3,3.0,96745
07-11-2011,29.5,62.0,0.0,6.8,2.0,96745
08-11-2011,28.6,74.0,3.4,3.2,2.0,96745
09-11-2011,27.9,76.0,0.2,0.0,2.0,96745
10-11-2011,28.2,77.0,0.0,0.0,2.0,96745
11-11-2011,29.4,71.0,0.0,8.0,3.0,96745
12-11-2011,29.7,72.0,0.0,8.5,3.0,96745
13-11-2011,29.4,73.0,4.9,5.2,3.0,96745
15-11-2011,28.5,74.0,0.2,1.4,2.0,96745
16-11-2011,29.2,73.0,0.0,1.3,3.0,96745
17-11-2011,29.9,73.0,0.2,7.2,4.0,96745
18-11-2011,29.9,72.0,0.0,7.6,3.0,96745
19-11-2011,27.4,68.0,1.2,8.0,3.0,96745
20-11-2011,27.5,77.0,2.0,0.0,2.0,96745
21-11-2011,29.4,73.0,0.0,6.4,3.0,96745
22-11-2011,29.5,74.0,0.0,5.0,3.0,96745
23-11-2011,29.4,78.0,12.3,1.0,2.0,96745
24-11-2011,28.6,79.0,0.0,8.2,2.0,96745
25-11-2011,28.0,80.0,1.6,0.0,3.0,96745
26-11-2011,29.7,76.0,0.0,10.2,4.0,96745
27-11-2011,30.7,73.0,0.0,9.5,3.0,96745
28-11-2011,29.9,74.0,3.5,10.0,3.0,96745
29-11-2011,28.2,79.0,14.0,0.2,3.0,96745
30-11-2011,29.3,78.0,0.0,4.2,3.0,96745
01-12-2011,29.3,77.0,11.2,2.2,3.0,96745
02-12-2011,27.1,86.0,24.6,1.0,2.0,96745
03-12-2011,28.0,75.0,0.0,10.0,2.0,96745
04-12-2011,29.4,73.0,4.4,7.8,2.0,96745
05-12-2011,29.6,68.0,0.0,7.4,3.0,96745
06-12-2011,28.5,77.0,0.0,0.0,3.0,96745
07-12-2011,29.1,73.0,0.0,6.8,3.0,96745
08-12-2011,29.3,72.0,0.0,2.2,2.0,96745
09-12-2011,28.8,72.0,0.0,1.8,3.0,96745
10-12-2011,28.2,80.0,10.2,0.0,2.0,96745
11-12-2011,27.8,80.0,0.0,2.8,3.0,96745
12-12-2011,27.5,80.0,12.3,3.5,3.0,96745
14-12-2011,28.4,75.0,0.0,1.7,2.0,96745
15-12-2011,28.2,77.0,0.2,2.2,2.0,96745
16-12-2011,28.2,76.0,0.0,0.0,3.0,96745
17-12-2011,28.4,76.0,3.5,1.0,3.0,96745
18-12-2011,28.0,76.0,0.0,1.5,3.0,96745
21-12-2011,29.7,68.0,2.4,2.8,3.0,96745
22-12-2011,29.3,73.0,2.3,6.0,2.0,96745
23-12-2011,28.1,78.0,0.0,5.0,2.0,96745
24-12-2011,29.4,78.0,0.0,4.2,3.0,96745
25-12-2011,28.6,78.0,0.0,1.5,3.0,96745
26-12-2011,28.4,78.0,9.7,0.3,3.0,96745
27-12-2011,29.2,78.0,67.2,3.0,3.0,96745
28-12-2011,28.4,82.0,0.0,3.0,2.0,96745
29-12-2011,27.7,78.0,19.0,0.5,2.0,96745
30-12-2011,28.4,76.0,8.0,8.0,2.0,96745
31-12-2011,26.7,82.0,2.0,0.0,3.0,96745
01-01-2012,26.6,87.0,7.8,0.1,3.0,96745
02-01-2012,26.7,85.0,8.3,0.0,2.0,96745
04-01-2012,28.3,80.0,0.8,0.3,2.0,96745
05-01-2012,27.6,85.0,25.2,6.8,3.0,96745
06-01-2012,27.0,84.0,55.7,0.5,2.0,96745
07-01-2012,26.6,88.0,4.7,0.0,3.0,96745
08-01-2012,26.5,88.0,14.1,0.0,3.0,96745
09-01-2012,27.6,80.0,22.3,2.8,2.0,96745
10-01-2012,26.9,84.0,4.2,2.0,3.0,96745
11-01-2012,26.1,85.0,10.0,2.5,3.0,96745
12-01-2012,26.8,82.0,6.5,3.2,3.0,96745
13-01-2012,26.7,84.0,14.3,1.8,3.0,96745
14-01-2012,25.4,88.0,15.5,0.0,2.0,96745
15-01-2012,27.6,80.0,1.9,0.8,3.0,96745
16-01-2012,28.3,73.0,0.0,6.0,3.0,96745
17-01-2012,28.6,77.0,6.2,6.5,3.0,96745
18-01-2012,28.2,78.0,0.9,1.7,3.0,96745
19-01-2012,29.3,70.0,0.0,6.0,3.0,96745
20-01-2012,29.6,64.0,0.0,4.5,3.0,96745
21-01-2012,28.9,78.0,0.0,3.6,3.0,96745
22-01-2012,29.1,73.0,0.0,3.0,4.0,96745
23-01-2012,28.5,70.0,0.0,3.0,4.0,96745
24-01-2012,28.4,73.0,3.9,7.5,3.0,96745
25-01-2012,28.2,77.0,2.4,1.5,3.0,96745
26-01-2012,28.7,79.0,6.0,6.0,3.0,96745
27-01-2012,29.0,74.0,0.0,6.5,3.0,96745
28-01-2012,29.1,68.0,0.3,3.5,4.0,96745
29-01-2012,26.8,81.0,3.8,0.0,3.0,96745
30-01-2012,26.4,89.0,40.0,0.3,3.0,96745
31-01-2012,27.1,81.0,4.4,0.0,3.0,96745
01-02-2012,27.4,83.0,0.7,0.5,3.0,96745
02-02-2012,27.7,78.0,0.6,2.6,3.0,96745
03-02-2012,26.6,81.0,13.9,3.0,3.0,96745
04-02-2012,27.2,79.0,0.0,1.3,2.0,96745
05-02-2012,28.5,77.0,0.0,6.8,3.0,96745
07-02-2012,28.6,76.0,0.0,6.0,2.0,96745
08-02-2012,28.8,76.0,9.2,5.5,3.0,96745
09-02-2012,28.9,72.0,0.0,6.2,3.0,96745
10-02-2012,27.7,78.0,0.7,6.5,3.0,96745
11-02-2012,28.2,78.0,12.4,5.5,3.0,96745
12-02-2012,28.5,78.0,0.8,5.6,3.0,96745
13-02-2012,28.7,72.0,0.0,9.0,1.0,96745
14-02-2012,28.7,79.0,3.0,4.0,3.0,96745
15-02-2012,28.7,77.0,0.0,8.0,2.0,96745
16-02-2012,29.0,76.0,0.0,1.3,2.0,96745
17-02-2012,28.7,75.0,0.0,3.0,3.0,96745
18-02-2012,29.1,70.0,0.2,8.3,2.0,96745
19-02-2012,26.8,82.0,16.0,0.0,2.0,96745
20-02-2012,28.1,80.0,8.3,1.2,2.0,96745
21-02-2012,28.5,78.0,14.6,6.5,2.0,96745
22-02-2012,28.8,79.0,0.0,5.0,2.0,96745
23-02-2012,29.6,74.0,0.0,6.5,2.0,96745
24-02-2012,29.8,76.0,0.0,7.0,2.0,96745
26-02-2012,27.9,79.0,6.1,3.5,3.0,96745
27-02-2012,27.5,81.0,0.0,0.0,2.0,96745
28-02-2012,29.0,79.0,8.0,2.0,3.0,96745
29-02-2012,27.6,85.0,16.0,1.0,3.0,96745
01-03-2012,26.1,85.0,9.8,0.0,2.0,96745
02-03-2012,27.3,83.0,10.4,0.8,3.0,96745
04-03-2012,27.6,79.0,4.4,0.2,3.0,96745
05-03-2012,28.2,78.0,11.3,8.0,3.0,96745
07-03-2012,28.9,78.0,11.1,2.7,3.0,96745
10-03-2012,26.6,88.0,1.0,0.4,3.0,96745
11-03-2012,28.5,70.0,0.0,0.2,3.0,96745
13-03-2012,27.7,82.0,16.0,10.5,3.0,96745
14-03-2012,27.9,80.0,0.0,6.0,3.0,96745
15-03-2012,28.9,74.0,13.0,4.5,3.0,96745
16-03-2012,28.6,79.0,0.0,1.3,3.0,96745
17-03-2012,28.8,67.0,0.0,0.5,3.0,96745
18-03-2012,29.0,74.0,7.0,1.0,3.0,96745
21-03-2012,29.5,70.0,0.0,8.0,3.0,96745
22-03-2012,29.7,67.0,0.0,7.2,5.0,96745
23-03-2012,29.8,64.0,0.0,9.9,4.0,96745
24-03-2012,29.7,66.0,0.0,8.8,5.0,96745
25-03-2012,29.2,69.0,0.0,6.8,3.0,96745
26-03-2012,29.7,73.0,13.0,8.0,2.0,96745
27-03-2012,28.5,81.0,9.7,5.6,2.0,96745
28-03-2012,29.3,71.0,1.5,6.8,3.0,96745
29-03-2012,27.8,80.0,2.8,5.5,3.0,96745
30-03-2012,28.7,76.0,0.0,6.5,2.0,96745
31-03-2012,28.4,80.0,0.0,5.7,2.0,96745
01-04-2012,27.6,79.0,6.0,4.8,2.0,96745
02-04-2012,27.1,83.0,3.0,5.0,3.0,96745
03-04-2012,27.6,80.0,59.0,6.0,4.0,96745
04-04-2012,28.1,77.0,0.0,6.6,3.0,96745
06-04-2012,27.9,78.0,14.0,5.6,3.0,96745
07-04-2012,28.1,82.0,0.0,3.2,2.0,96745
08-04-2012,27.7,80.0,0.0,0.2,3.0,96745
09-04-2012,28.4,78.0,0.6,4.3,2.0,96745
10-04-2012,28.2,74.0,0.0,2.8,3.0,96745
12-04-2012,29.2,73.0,0.0,9.0,3.0,96745
13-04-2012,29.6,72.0,0.0,9.5,3.0,96745
14-04-2012,29.9,72.0,0.0,8.7,2.0,96745
15-04-2012,29.2,74.0,0.0,6.2,4.0,96745
16-04-2012,30.0,71.0,0.0,9.0,3.0,96745
17-04-2012,28.6,79.0,43.0,4.0,3.0,96745
18-04-2012,29.3,75.0,6.0,9.5,3.0,96745
19-04-2012,29.2,78.0,0.0,7.5,2.0,96745
20-04-2012,29.1,78.0,34.0,3.0,2.0,96745
22-04-2012,28.4,80.0,0.0,1.7,2.0,96745
23-04-2012,28.9,75.0,0.0,8.0,4.0,96745
24-04-2012,29.9,76.0,1.0,8.3,2.0,96745
25-04-2012,29.5,76.0,0.1,7.8,3.0,96745
27-04-2012,29.6,74.0,0.0,6.2,3.0,96745
28-04-2012,29.4,73.0,0.4,2.0,2.0,96745
29-04-2012,28.1,81.0,0.3,0.5,2.0,96745
30-04-2012,27.3,80.0,28.3,0.0,4.0,96745
01-05-2012,28.2,80.0,0.0,4.6,2.0,96745
02-05-2012,29.9,76.0,0.0,8.0,2.0,96745
03-05-2012,28.6,82.0,3.8,4.0,3.0,96745
04-05-2012,29.0,71.0,0.0,5.7,3.0,96745
05-05-2012,29.7,74.0,0.0,6.0,3.0,96745
06-05-2012,29.4,76.0,0.5,3.5,2.0,96745
07-05-2012,26.0,89.0,42.4,0.0,3.0,96745
08-05-2012,27.9,81.0,0.0,4.0,3.0,96745
09-05-2012,28.8,77.0,0.0,2.1,3.0,96745
10-05-2012,29.1,79.0,0.0,3.5,3.0,96745
11-05-2012,29.3,72.0,0.0,6.3,2.0,96745
12-05-2012,29.2,72.0,0.0,6.0,3.0,96745
13-05-2012,29.3,72.0,0.0,6.0,3.0,96745
14-05-2012,29.7,68.0,0.0,4.0,3.0,96745
15-05-2012,28.6,77.0,0.0,1.1,3.0,96745
16-05-2012,28.2,83.0,9.7,3.2,3.0,96745
17-05-2012,29.1,76.0,0.0,6.0,3.0,96745
18-05-2012,28.6,78.0,17.0,5.0,3.0,96745
19-05-2012,29.1,73.0,0.0,6.0,4.0,96745
21-05-2012,29.4,74.0,0.0,6.0,3.0,96745
22-05-2012,29.7,67.0,0.0,5.3,3.0,96745
23-05-2012,29.4,68.0,0.0,6.0,3.0,96745
24-05-2012,29.7,70.0,0.0,3.3,3.0,96745
25-05-2012,29.0,72.0,0.0,6.0,3.0,96745
26-05-2012,28.7,69.0,0.0,5.6,3.0,96745
27-05-2012,29.3,66.0,0.0,6.1,4.0,96745
28-05-2012,29.0,72.0,0.1,4.0,3.0,96745
29-05-2012,29.8,70.0,0.0,5.3,3.0,96745
30-05-2012,29.9,70.0,0.0,4.6,2.0,96745
31-05-2012,26.4,81.0,5.4,0.2,3.0,96745
01-06-2012,28.3,74.0,0.0,0.4,2.0,96745
02-06-2012,29.0,77.0,0.0,4.0,3.0,96745
03-06-2012,29.3,72.0,0.0,4.3,3.0,96745
04-06-2012,28.9,75.0,17.0,0.5,2.0,96745
05-06-2012,27.2,84.0,1.0,0.0,2.0,96745
06-06-2012,28.8,76.0,42.6,3.0,3.0,96745
07-06-2012,27.8,80.0,0.0,3.5,3.0,96745
08-06-2012,29.7,74.0,6.3,5.2,3.0,96745
09-06-2012,27.2,82.0,0.0,0.0,2.0,96745
10-06-2012,28.6,82.0,0.0,1.5,2.0,96745
11-06-2012,29.0,76.0,0.0,0.0,3.0,96745
12-06-2012,28.4,72.0,0.0,2.3,3.0,96745
13-06-2012,29.4,72.0,0.0,3.1,3.0,96745
14-06-2012,28.7,77.0,0.0,4.0,2.0,96745
15-06-2012,28.4,78.0,0.0,3.8,2.0,96745
16-06-2012,30.1,67.0,0.0,5.5,2.0,96745
17-06-2012,28.8,68.0,0.0,6.0,3.0,96745
18-06-2012,29.2,66.0,0.0,6.4,4.0,96745
19-06-2012,28.9,69.0,0.0,6.0,3.0,96745
20-06-2012,29.1,67.0,0.0,6.0,3.0,96745
21-06-2012,29.1,72.0,0.0,5.3,3.0,96745
22-06-2012,29.1,72.0,0.0,6.0,3.0,96745
23-06-2012,29.3,72.0,0.0,5.5,3.0,96745
24-06-2012,29.0,71.0,0.0,5.0,3.0,96745
25-06-2012,28.9,70.0,0.0,6.0,3.0,96745
26-06-2012,28.5,70.0,0.0,6.0,3.0,96745
27-06-2012,28.7,69.0,0.0,4.5,3.0,96745
28-06-2012,28.1,69.0,0.0,5.0,2.0,96745
29-06-2012,28.6,67.0,0.0,5.3,3.0,96745
30-06-2012,28.6,67.0,0.0,5.7,3.0,96745
01-07-2012,28.3,62.0,0.0,6.0,3.0,96745
02-07-2012,27.6,68.0,0.0,7.0,3.0,96745
03-07-2012,29.2,64.0,0.0,2.6,3.0,96745
04-07-2012,28.0,75.0,0.0,2.4,3.0,96745
05-07-2012,28.2,72.0,0.0,4.0,3.0,96745
06-07-2012,28.1,69.0,0.0,0.0,2.0,96745
07-07-2012,28.3,68.0,0.0,5.7,3.0,96745
08-07-2012,28.5,70.0,0.0,5.5,2.0,96745
09-07-2012,28.7,71.0,0.0,2.5,2.0,96745
10-07-2012,28.4,74.0,0.0,5.0,3.0,96745
11-07-2012,29.4,72.0,0.0,2.5,3.0,96745
12-07-2012,28.6,70.0,21.0,6.0,3.0,96745
13-07-2012,27.7,77.0,0.0,4.5,2.0,96745
14-07-2012,28.2,72.0,0.0,4.2,3.0,96745
15-07-2012,28.4,71.0,0.0,5.7,2.0,96745
16-07-2012,28.7,71.0,0.0,6.5,3.0,96745
17-07-2012,28.5,69.0,0.0,6.0,3.0,96745
18-07-2012,28.5,69.0,0.0,1.6,2.0,96745
19-07-2012,28.0,74.0,0.0,6.0,2.0,96745
20-07-2012,28.0,76.0,0.0,1.4,2.0,96745
21-07-2012,28.2,76.0,0.0,6.2,2.0,96745
22-07-2012,28.7,75.0,0.0,7.0,3.0,96745
23-07-2012,28.1,68.0,0.0,6.0,3.0,96745
24-07-2012,29.4,65.0,0.0,5.4,2.0,96745
25-07-2012,28.5,69.0,0.0,6.2,2.0,96745
26-07-2012,28.6,70.0,0.0,5.3,2.0,96745
27-07-2012,27.9,72.0,0.0,5.0,3.0,96745
28-07-2012,28.6,68.0,0.0,7.0,2.0,96745
29-07-2012,28.1,66.0,0.0,6.0,2.0,96745
30-07-2012,27.9,70.0,0.0,5.6,3.0,96745
31-07-2012,28.1,70.0,0.0,5.5,2.0,96745
01-08-2012,27.8,73.0,0.0,7.0,3.0,96745
02-08-2012,28.6,63.0,0.0,3.5,3.0,96745
03-08-2012,28.0,64.0,0.0,8.0,3.0,96745
04-08-2012,28.4,65.0,0.0,8.0,3.0,96745
05-08-2012,28.5,66.0,0.0,8.0,3.0,96745
06-08-2012,29.0,70.0,0.0,6.5,3.0,96745
07-08-2012,29.2,73.0,0.0,8.0,3.0,96745
08-08-2012,29.3,65.0,0.0,8.0,3.0,96745
09-08-2012,28.3,64.0,0.0,8.0,3.0,96745
10-08-2012,30.7,66.0,0.0,8.0,3.0,96745
11-08-2012,28.5,70.0,0.0,8.0,3.0,96745
12-08-2012,29.2,69.0,0.0,6.7,3.0,96745
13-08-2012,28.7,72.0,0.0,7.5,2.0,96745
14-08-2012,28.6,71.0,0.0,6.0,2.0,96745
15-08-2012,28.4,65.0,0.0,8.0,3.0,96745
16-08-2012,28.4,67.0,0.0,8.0,3.0,96745
17-08-2012,28.3,68.0,0.0,8.0,3.0,96745
18-08-2012,28.0,74.0,0.0,8.0,3.0,96745
19-08-2012,28.6,71.0,0.0,8.0,3.0,96745
20-08-2012,29.0,70.0,0.0,8.0,3.0,96745
21-08-2012,28.1,73.0,0.0,8.0,2.0,96745
22-08-2012,28.1,70.0,0.0,7.5,3.0,96745
23-08-2012,26.9,70.0,0.0,8.0,3.0,96745
24-08-2012,28.4,72.0,0.0,6.0,2.0,96745
25-08-2012,28.4,64.0,0.0,8.0,2.0,96745
26-08-2012,28.8,68.0,0.0,8.0,3.0,96745
27-08-2012,28.5,70.0,0.0,0.3,2.0,96745
28-08-2012,29.6,66.0,0.0,6.7,4.0,96745
29-08-2012,29.6,68.0,0.0,1.0,2.0,96745
30-08-2012,29.4,69.0,0.0,8.0,2.0,96745
31-08-2012,28.5,71.0,0.0,6.5,3.0,96745
01-09-2012,28.6,62.0,0.0,8.0,2.0,96745
02-09-2012,27.7,64.0,0.0,8.0,2.0,96745
03-09-2012,29.1,62.0,0.0,8.0,3.0,96745
04-09-2012,28.6,64.0,0.0,8.0,3.0,96745
05-09-2012,28.7,66.0,0.0,8.0,3.0,96745
06-09-2012,28.6,68.0,0.0,8.0,3.0,96745
07-09-2012,28.7,71.0,0.0,8.0,2.0,96745
08-09-2012,28.9,71.0,0.0,8.0,3.0,96745
09-09-2012,29.1,70.0,0.0,8.0,3.0,96745
10-09-2012,28.5,77.0,0.0,7.3,3.0,96745
11-09-2012,29.1,70.0,0.0,8.0,2.0,96745
12-09-2012,28.7,61.0,0.0,8.0,3.0,96745
13-09-2012,29.2,64.0,0.0,8.0,3.0,96745
14-09-2012,28.7,69.0,0.0,8.0,2.0,96745
15-09-2012,28.4,72.0,0.0,8.0,2.0,96745
16-09-2012,29.3,71.0,0.0,8.0,2.0,96745
17-09-2012,29.4,69.0,0.0,5.4,3.0,96745
18-09-2012,29.4,71.0,0.0,5.0,2.0,96745
19-09-2012,29.5,70.0,0.0,7.0,3.0,96745
20-09-2012,29.1,71.0,0.0,2.0,2.0,96745
21-09-2012,29.1,72.0,0.0,2.2,2.0,96745
22-09-2012,29.1,67.0,19.2,8.0,3.0,96745
23-09-2012,28.5,80.0,0.0,2.0,3.0,96745
24-09-2012,29.0,73.0,0.3,4.6,2.0,96745
25-09-2012,28.4,75.0,0.0,1.5,2.0,96745
26-09-2012,29.5,72.0,0.0,2.0,3.0,96745
27-09-2012,29.3,69.0,0.0,6.0,2.0,96745
28-09-2012,28.4,71.0,0.0,7.2,2.0,96745
29-09-2012,29.2,68.0,0.0,6.5,2.0,96745
30-09-2012,29.7,72.0,0.0,8.0,2.0,96745
01-10-2012,30.3,72.0,0.0,8.0,3.0,96745
02-10-2012,29.8,75.0,0.0,0.1,3.0,96745
03-10-2012,29.2,68.0,12.5,6.0,2.0,96745
04-10-2012,28.7,73.0,5.2,7.8,2.0,96745
05-10-2012,28.8,76.0,0.0,6.8,3.0,96745
06-10-2012,29.0,72.0,0.0,4.4,2.0,96745
07-10-2012,28.8,71.0,0.0,4.1,2.0,96745
08-10-2012,29.0,72.0,0.0,2.5,2.0,96745
09-10-2012,30.3,70.0,0.0,8.0,3.0,96745
10-10-2012,29.4,71.0,0.0,8.0,2.0,96745
11-10-2012,29.6,70.0,0.0,7.0,2.0,96745
12-10-2012,29.2,71.0,0.0,8.0,3.0,96745
13-10-2012,30.4,64.0,0.0,8.0,3.0,96745
14-10-2012,30.1,71.0,0.0,7.5,3.0,96745
15-10-2012,30.2,72.0,0.0,5.0,2.0,96745
16-10-2012,30.7,66.0,0.0,8.0,4.0,96745
17-10-2012,30.0,70.0,0.0,3.8,2.0,96745
18-10-2012,29.7,70.0,0.0,4.0,3.0,96745
19-10-2012,29.1,75.0,1.1,0.5,3.0,96745
20-10-2012,28.6,78.0,0.0,0.5,2.0,96745
21-10-2012,28.8,78.0,0.0,5.6,2.0,96745
22-10-2012,29.3,71.0,0.0,4.0,2.0,96745
23-10-2012,29.6,61.0,0.0,8.0,2.0,96745
24-10-2012,29.8,64.0,0.0,8.0,3.0,96745
25-10-2012,30.2,71.0,0.0,0.0,3.0,96745
26-10-2012,30.0,68.0,0.0,6.5,2.0,96745
27-10-2012,28.2,80.0,0.4,0.0,2.0,96745
28-10-2012,29.7,69.0,0.0,0.5,3.0,96745
29-10-2012,30.7,70.0,0.2,6.5,3.0,96745
30-10-2012,28.2,82.0,0.8,2.0,2.0,96745
31-10-2012,29.0,74.0,0.0,7.8,2.0,96745
01-11-2012,28.2,71.0,0.0,7.7,2.0,96745
02-11-2012,29.6,73.0,1.0,1.4,3.0,96745
03-11-2012,27.7,86.0,0.9,0.0,2.0,96745
04-11-2012,28.4,81.0,2.3,0.3,3.0,96745
05-11-2012,27.8,83.0,0.4,1.4,2.0,96745
06-11-2012,29.3,72.0,0.0,1.5,2.0,96745
07-11-2012,29.4,68.0,1.2,1.5,3.0,96745
08-11-2012,30.1,71.0,7.2,4.5,2.0,96745
09-11-2012,29.3,78.0,0.0,4.6,2.0,96745
10-11-2012,30.5,72.0,0.0,6.5,3.0,96745
11-11-2012,28.9,73.0,0.0,3.0,3.0,96745
12-11-2012,29.4,74.0,20.7,1.2,3.0,96745
13-11-2012,27.6,84.0,1.2,0.3,3.0,96745
14-11-2012,27.6,78.0,0.0,1.5,3.0,96745
15-11-2012,28.8,74.0,0.0,6.0,2.0,96745
16-11-2012,29.7,76.0,0.0,5.0,2.0,96745
17-11-2012,29.7,73.0,6.6,6.0,3.0,96745
18-11-2012,26.2,90.0,105.2,0.0,3.0,96745
19-11-2012,26.6,86.0,58.6,0.0,2.0,96745
20-11-2012,28.3,81.0,0.0,6.0,3.0,96745
21-11-2012,29.2,76.0,7.4,2.4,2.0,96745
22-11-2012,27.5,84.0,13.6,3.0,2.0,96745
23-11-2012,27.8,81.0,41.7,4.7,3.0,96745
24-11-2012,27.3,84.0,9.4,5.2,3.0,96745
25-11-2012,27.5,84.0,0.0,1.2,3.0,96745
26-11-2012,27.7,82.0,6.4,0.0,3.0,96745
27-11-2012,29.0,78.0,0.0,8.0,2.0,96745
28-11-2012,29.5,75.0,0.0,8.0,2.0,96745
29-11-2012,28.3,76.0,2.4,3.7,3.0,96745
30-11-2012,29.0,78.0,28.5,6.2,2.0,96745
01-12-2012,29.1,76.0,0.0,8.0,2.0,96745
02-12-2012,29.3,78.0,1.5,4.0,3.0,96745
03-12-2012,29.2,72.0,0.0,6.0,3.0,96745
04-12-2012,28.8,72.0,1.8,0.5,3.0,96745
05-12-2012,27.6,78.0,12.0,1.4,3.0,96745
06-12-2012,26.2,88.0,4.3,1.3,2.0,96745
07-12-2012,27.9,79.0,3.0,4.5,3.0,96745
08-12-2012,28.7,77.0,0.0,3.3,3.0,96745
09-12-2012,28.8,77.0,0.0,8.0,2.0,96745
11-12-2012,27.8,78.0,3.2,0.0,2.0,96745
12-12-2012,28.0,83.0,0.0,0.0,2.0,96745
13-12-2012,28.3,76.0,2.5,1.0,3.0,96745
14-12-2012,27.2,87.0,15.6,2.0,3.0,96745
15-12-2012,29.2,75.0,0.0,6.6,4.0,96745
16-12-2012,28.3,81.0,0.0,3.0,3.0,96745
17-12-2012,28.0,79.0,3.7,3.0,3.0,96745
18-12-2012,27.6,78.0,12.0,3.8,3.0,96745
19-12-2012,29.6,72.0,0.0,8.0,4.0,96745
21-12-2012,27.3,80.0,45.7,3.0,3.0,96745
22-12-2012,27.2,82.0,42.2,0.4,3.0,96745
23-12-2012,27.1,84.0,0.7,3.8,3.0,96745
24-12-2012,28.0,77.0,0.0,1.2,3.0,96745
25-12-2012,27.7,84.0,54.2,4.0,3.0,96745
26-12-2012,28.2,76.0,0.0,1.0,3.0,96745
27-12-2012,29.4,73.0,0.0,4.3,3.0,96745
28-12-2012,27.7,82.0,17.6,0.0,3.0,96745
29-12-2012,27.3,82.0,3.0,2.6,3.0,96745
30-12-2012,28.2,80.0,1.1,3.5,4.0,96745
31-12-2012,28.3,76.0,0.0,1.0,3.0,96745
01-01-2013,26.2,91.0,1.7,3.5,3.0,96745
02-01-2013,27.9,79.0,0.0,1.2,3.0,96745
03-01-2013,28.6,79.0,1.3,3.5,4.0,96745
04-01-2013,26.3,86.0,34.4,0.4,5.0,96745
05-01-2013,26.6,82.0,6.4,4.8,4.0,96745
06-01-2013,26.5,84.0,0.0,0.4,5.0,96745
07-01-2013,27.6,79.0,3.5,2.8,3.0,96745
08-01-2013,26.4,86.0,7.4,0.5,5.0,96745
09-01-2013,24.7,93.0,22.3,1.0,4.0,96745
10-01-2013,26.6,81.0,20.0,0.0,5.0,96745
11-01-2013,27.5,77.0,0.0,0.0,4.0,96745
12-01-2013,26.6,82.0,98.1,1.7,3.0,96745
13-01-2013,26.8,86.0,3.0,2.2,3.0,96745
14-01-2013,27.3,85.0,55.7,2.0,4.0,96745
15-01-2013,25.7,92.0,37.9,0.0,3.0,96745
16-01-2013,26.3,90.0,81.0,0.0,2.0,96745
17-01-2013,25.2,96.0,193.4,0.0,3.0,96745
18-01-2013,26.2,90.0,1.4,0.0,2.0,96745
19-01-2013,27.8,81.0,16.6,5.6,5.0,96745
20-01-2013,27.5,82.0,3.4,0.5,2.0,96745
21-01-2013,28.6,78.0,0.0,2.2,3.0,96745
22-01-2013,26.8,86.0,0.0,0.0,2.0,96745
23-01-2013,26.5,85.0,10.2,5.4,3.0,96745
24-01-2013,27.3,84.0,2.3,0.0,3.0,96745
25-01-2013,26.0,90.0,11.6,0.0,2.0,96745
26-01-2013,27.2,84.0,0.0,4.5,3.0,96745
27-01-2013,27.7,80.0,0.0,2.5,4.0,96745
28-01-2013,27.2,82.0,0.8,0.2,3.0,96745
29-01-2013,28.0,80.0,9.5,3.8,3.0,96745
30-01-2013,27.1,84.0,0.0,3.0,2.0,96745
01-02-2013,28.7,75.0,0.1,5.7,2.0,96745
02-02-2013,26.9,88.0,3.3,0.8,2.0,96745
03-02-2013,27.0,76.0,0.0,8.0,3.0,96745
04-02-2013,29.1,76.0,23.0,3.0,2.0,96745
06-02-2013,28.6,74.0,35.6,0.8,3.0,96745
07-02-2013,27.9,82.0,0.0,4.4,2.0,96745
08-02-2013,28.2,78.0,0.0,8.0,2.0,96745
09-02-2013,28.8,78.0,0.1,6.2,3.0,96745
10-02-2013,28.0,80.0,0.5,6.0,3.0,96745
11-02-2013,28.3,79.0,0.0,0.8,3.0,96745
12-02-2013,28.5,78.0,5.8,3.6,2.0,96745
13-02-2013,27.5,82.0,1.8,7.7,3.0,96745
14-02-2013,26.3,88.0,4.9,0.0,3.0,96745
15-02-2013,27.9,77.0,0.0,7.0,3.0,96745
16-02-2013,28.4,76.0,28.1,2.0,3.0,96745
17-02-2013,25.9,87.0,1.6,0.0,3.0,96745
18-02-2013,26.5,86.0,6.0,0.3,3.0,96745
20-02-2013,27.9,82.0,16.9,1.5,3.0,96745
21-02-2013,27.6,80.0,3.4,5.5,2.0,96745
22-02-2013,27.8,80.0,6.3,1.6,3.0,96745
23-02-2013,27.0,84.0,6.0,1.3,3.0,96745
24-02-2013,28.3,79.0,0.0,1.5,3.0,96745
25-02-2013,29.1,76.0,0.0,7.0,3.0,96745
26-02-2013,28.2,82.0,3.0,0.3,3.0,96745
27-02-2013,29.1,75.0,0.2,1.0,3.0,96745
28-02-2013,29.4,70.0,0.0,6.0,3.0,96745
02-03-2013,29.6,74.0,0.0,3.5,2.0,96745
03-03-2013,29.5,74.0,38.0,3.5,3.0,96745
04-03-2013,27.2,82.0,34.0,1.0,4.0,96745
06-03-2013,28.5,76.0,0.0,5.7,2.0,96745
07-03-2013,28.7,76.0,0.0,8.0,4.0,96745
08-03-2013,28.2,78.0,5.0,2.7,3.0,96745
09-03-2013,28.7,77.0,0.6,2.0,3.0,96745
10-03-2013,27.5,77.0,33.8,1.2,5.0,96745
11-03-2013,29.6,70.0,0.0,6.5,3.0,96745
12-03-2013,28.8,76.0,0.0,4.0,3.0,96745
13-03-2013,29.9,68.0,0.0,7.8,4.0,96745
14-03-2013,27.7,82.0,7.5,3.0,5.0,96745
15-03-2013,28.2,79.0,1.2,6.4,3.0,96745
16-03-2013,28.3,80.0,6.1,6.3,4.0,96745
17-03-2013,28.7,80.0,0.0,5.6,3.0,96745
18-03-2013,29.5,71.0,0.0,7.5,3.0,96745
19-03-2013,28.9,78.0,0.0,3.2,3.0,96745
20-03-2013,28.1,77.0,25.0,5.3,2.0,96745
21-03-2013,29.4,73.0,0.0,6.5,3.0,96745
22-03-2013,28.7,78.0,6.0,2.5,4.0,96745
23-03-2013,29.1,76.0,0.5,7.5,2.0,96745
24-03-2013,29.1,75.0,0.0,3.0,2.0,96745
25-03-2013,29.9,72.0,0.0,8.0,2.0,96745
26-03-2013,30.0,74.0,0.0,7.6,3.0,96745
27-03-2013,29.1,76.0,1.0,3.2,2.0,96745
28-03-2013,29.4,74.0,10.8,7.6,3.0,96745
29-03-2013,28.6,79.0,0.0,7.6,3.0,96745
30-03-2013,29.3,76.0,14.9,2.0,3.0,96745
31-03-2013,28.8,76.0,0.0,6.0,5.0,96745
01-04-2013,29.6,76.0,0.0,4.6,3.0,96745
02-04-2013,29.6,85.0,0.5,3.0,2.0,96745
03-04-2013,29.3,77.0,0.0,2.8,3.0,96745
04-04-2013,28.4,85.0,11.5,4.0,2.0,96745
05-04-2013,29.3,75.0,0.0,6.0,3.0,96745
09-04-2013,29.3,75.0,0.0,6.0,2.0,96745
10-04-2013,29.3,74.0,0.2,3.0,3.0,96745
11-04-2013,28.3,83.0,2.6,2.6,3.0,96745
12-04-2013,29.4,71.0,0.0,4.0,3.0,96745
13-04-2013,28.9,72.0,0.0,4.0,4.0,96745
14-04-2013,29.4,76.0,48.2,6.0,3.0,96745
15-04-2013,30.1,71.0,13.8,4.0,3.0,96745
16-04-2013,29.0,79.0,2.0,6.6,3.0,96745
17-04-2013,29.4,78.0,4.0,8.0,3.0,96745
18-04-2013,25.6,92.0,39.0,0.3,3.0,96745
19-04-2013,27.4,82.0,0.0,4.0,3.0,96745
20-04-2013,28.3,78.0,0.0,7.0,3.0,96745
22-04-2013,26.8,87.0,13.0,0.0,2.0,96745
23-04-2013,28.2,83.0,0.0,3.0,2.0,96745
24-04-2013,27.6,86.0,6.7,4.0,2.0,96745
25-04-2013,28.6,80.0,16.9,5.5,3.0,96745
26-04-2013,28.4,82.0,0.0,2.1,3.0,96745
27-04-2013,28.4,82.0,2.0,6.0,2.0,96745
28-04-2013,28.6,79.0,0.0,4.5,3.0,96745
29-04-2013,29.7,70.0,0.0,8.0,3.0,96745
30-04-2013,30.0,67.0,7.5,6.9,3.0,96745
01-05-2013,28.5,77.0,0.0,4.0,2.0,96745
02-05-2013,28.9,75.0,0.0,3.7,2.0,96745
04-05-2013,29.3,76.0,4.0,3.2,1.0,96745
05-05-2013,29.1,75.0,0.0,1.7,2.0,96745
06-05-2013,28.7,73.0,0.0,0.0,2.0,96745
07-05-2013,28.5,74.0,0.0,0.0,2.0,96745
08-05-2013,28.9,79.0,16.0,4.8,1.0,96745
09-05-2013,28.6,81.0,2.8,4.0,2.0,96745
10-05-2013,28.6,76.0,0.2,5.0,1.0,96745
13-05-2013,26.8,86.0,18.8,0.0,1.0,96745
14-05-2013,28.2,80.0,0.0,1.3,2.0,96745
15-05-2013,29.0,73.0,0.0,1.5,1.0,96745
16-05-2013,29.1,68.0,10.9,0.0,1.0,96745
17-05-2013,26.2,78.0,38.9,0.0,2.0,96745
18-05-2013,28.0,82.0,0.0,4.2,1.0,96745
19-05-2013,29.0,80.0,0.0,1.0,2.0,96745
20-05-2013,28.9,82.0,0.0,3.5,2.0,96745
21-05-2013,29.4,78.0,0.0,2.0,2.0,96745
22-05-2013,29.3,78.0,0.0,4.7,1.0,96745
23-05-2013,29.1,81.0,0.0,4.0,1.0,96745
24-05-2013,29.5,78.0,0.0,3.7,2.0,96745
25-05-2013,29.5,88.0,0.0,4.7,2.0,96745
26-05-2013,28.9,81.0,6.7,4.1,2.0,96745
27-05-2013,29.1,80.0,0.0,4.3,3.0,96745
28-05-2013,28.0,83.0,0.0,4.5,2.0,96745
29-05-2013,29.6,74.0,0.0,5.0,2.0,96745
30-05-2013,29.5,81.0,2.7,5.0,2.0,96745
31-05-2013,28.5,77.0,0.0,4.0,2.0,96745
01-06-2013,27.5,80.0,10.3,0.2,2.0,96745
02-06-2013,26.2,88.0,0.8,0.2,2.0,96745
03-06-2013,25.3,91.0,21.3,0.0,1.0,96745
04-06-2013,24.6,94.0,8.6,0.0,1.0,96745
05-06-2013,27.4,84.0,0.0,5.2,0.0,96745
06-06-2013,28.1,70.0,0.0,5.2,2.0,96745
07-06-2013,28.4,79.0,0.0,5.4,2.0,96745
08-06-2013,27.1,81.0,42.3,2.6,1.0,96745
10-06-2013,26.6,75.0,40.2,0.0,1.0,96745
11-06-2013,27.3,82.0,8.4,5.0,2.0,96745
12-06-2013,26.2,86.0,24.8,0.0,2.0,96745
14-06-2013,27.9,73.0,0.0,0.2,1.0,96745
15-06-2013,28.4,68.0,0.0,4.6,2.0,96745
16-06-2013,27.9,78.0,5.3,3.6,2.0,96745
17-06-2013,26.9,82.0,13.7,0.0,1.0,96745
18-06-2013,28.1,80.0,0.0,5.2,1.0,96745
19-06-2013,27.7,82.0,0.8,0.0,2.0,96745
20-06-2013,27.1,78.0,37.8,2.2,1.0,96745
21-06-2013,25.6,78.0,10.3,0.0,2.0,96745
22-06-2013,27.8,81.0,0.2,4.3,1.0,96745
24-06-2013,28.4,88.0,13.2,3.0,2.0,96745
25-06-2013,28.4,81.0,0.0,2.4,2.0,96745
26-06-2013,28.0,80.0,0.0,3.2,2.0,96745
27-06-2013,27.0,83.0,16.0,1.7,2.0,96745
28-06-2013,28.5,74.0,0.0,2.5,1.0,96745
29-06-2013,28.1,81.0,2.7,4.0,1.0,96745
30-06-2013,27.9,78.0,0.0,4.2,1.0,96745
01-07-2013,28.5,77.0,0.0,4.0,2.0,96745
02-07-2013,27.5,80.0,10.3,0.2,2.0,96745
03-07-2013,26.2,88.0,0.8,0.2,2.0,96745
04-07-2013,25.3,91.0,21.3,0.0,1.0,96745
05-07-2013,24.6,94.0,8.6,0.0,1.0,96745
06-07-2013,27.4,84.0,0.0,5.2,0.0,96745
07-07-2013,28.1,70.0,0.0,5.2,2.0,96745
08-07-2013,28.4,79.0,0.0,5.4,2.0,96745
09-07-2013,27.1,81.0,42.3,2.6,1.0,96745
11-07-2013,26.6,75.0,40.2,0.0,1.0,96745
12-07-2013,27.3,82.0,8.4,5.0,2.0,96745
13-07-2013,26.2,86.0,24.8,0.0,2.0,96745
15-07-2013,27.9,73.0,0.0,0.2,1.0,96745
16-07-2013,28.4,68.0,0.0,4.6,2.0,96745
17-07-2013,27.9,78.0,5.3,3.6,2.0,96745
18-07-2013,26.9,82.0,13.7,0.0,1.0,96745
19-07-2013,28.1,76.0,0.0,5.2,1.0,96745
20-07-2013,27.7,82.0,0.8,0.0,2.0,96745
21-07-2013,27.1,78.0,37.8,2.2,1.0,96745
22-07-2013,25.6,78.0,10.3,0.0,2.0,96745
23-07-2013,27.8,81.0,0.2,4.3,1.0,96745
25-07-2013,28.4,88.0,13.2,3.0,2.0,96745
26-07-2013,28.4,81.0,0.0,2.4,2.0,96745
27-07-2013,28.0,80.0,0.0,3.2,2.0,96745
28-07-2013,27.0,83.0,16.0,1.7,2.0,96745
29-07-2013,28.5,74.0,0.0,2.5,1.0,96745
30-07-2013,28.1,81.0,2.7,4.0,1.0,96745
31-07-2013,27.9,78.0,0.0,4.2,1.0,96745
01-08-2013,28.3,70.0,2.0,6.0,1.0,96745
02-08-2013,28.0,75.0,0.0,3.3,2.0,96745
03-08-2013,29.0,69.0,0.0,5.6,2.0,96745
04-08-2013,28.6,74.0,0.0,7.0,2.0,96745
05-08-2013,28.5,74.0,0.0,1.8,0.0,96745
06-08-2013,29.5,74.0,10.6,4.3,1.0,96745
07-08-2013,27.9,80.0,4.2,2.6,1.0,96745
08-08-2013,27.0,81.0,26.6,4.0,1.0,96745
09-08-2013,27.3,80.0,0.0,4.4,2.0,96745
10-08-2013,28.6,74.0,0.0,5.0,2.0,96745
11-08-2013,30.1,73.0,0.0,5.8,1.0,96745
12-08-2013,28.5,75.0,0.0,5.0,1.0,96745
13-08-2013,27.5,66.0,0.0,7.3,1.0,96745
14-08-2013,27.7,68.0,0.0,7.4,1.0,96745
15-08-2013,28.2,71.0,3.0,6.2,2.0,96745
16-08-2013,29.0,72.0,0.0,8.0,2.0,96745
17-08-2013,29.1,73.0,0.7,8.0,2.0,96745
18-08-2013,27.1,85.0,13.4,5.0,1.0,96745
19-08-2013,28.4,70.0,0.0,8.0,2.0,96745
20-08-2013,28.3,69.0,0.0,4.8,2.0,96745
21-08-2013,28.7,72.0,0.0,8.0,2.0,96745
22-08-2013,29.7,68.0,0.0,8.0,2.0,96745
23-08-2013,29.2,70.0,0.0,8.0,1.0,96745
24-08-2013,29.3,63.0,0.0,8.0,2.0,96745
25-08-2013,28.7,66.0,0.0,8.0,2.0,96745
26-08-2013,28.7,67.0,0.0,8.0,3.0,96745
27-08-2013,29.6,64.0,0.0,8.0,3.0,96745
28-08-2013,28.9,74.0,0.0,8.0,2.0,96745
29-08-2013,29.2,72.0,0.0,8.0,2.0,96745
30-08-2013,28.9,77.0,0.9,7.0,3.0,96745
31-08-2013,29.1,73.0,0.0,7.0,3.0,96745
01-09-2013,29.7,73.0,0.0,8.0,2.0,96745
02-09-2013,29.9,70.0,0.0,8.0,2.0,96745
03-09-2013,28.9,76.0,0.0,7.2,2.0,96745
04-09-2013,29.0,76.0,0.0,2.3,2.0,96745
05-09-2013,28.7,75.0,15.4,8.0,2.0,96745
06-09-2013,28.3,78.0,0.0,5.5,2.0,96745
07-09-2013,28.0,78.0,25.4,3.5,2.0,96745
08-09-2013,27.8,82.0,0.0,7.8,1.0,96745
09-09-2013,28.5,76.0,0.0,8.0,2.0,96745
10-09-2013,28.8,73.0,0.0,5.3,2.0,96745
11-09-2013,28.6,67.0,0.0,8.0,2.0,96745
12-09-2013,29.2,68.0,0.0,8.0,2.0,96745
13-09-2013,28.9,73.0,0.0,8.0,2.0,96745
14-09-2013,29.1,73.0,3.0,4.0,2.0,96745
15-09-2013,28.1,77.0,2.5,4.3,2.0,96745
16-09-2013,28.8,71.0,0.0,2.5,2.0,96745
17-09-2013,28.7,72.0,0.0,6.5,2.0,96745
18-09-2013,28.9,73.0,0.0,6.0,1.0,96745
19-09-2013,29.5,72.0,0.0,6.2,2.0,96745
20-09-2013,29.7,71.0,0.0,7.8,2.0,96745
21-09-2013,29.1,71.0,3.2,3.3,2.0,96745
22-09-2013,29.0,73.0,0.0,5.0,2.0,96745
23-09-2013,29.1,70.0,0.0,8.0,2.0,96745
24-09-2013,29.8,63.0,0.0,8.0,2.0,96745
25-09-2013,29.8,69.0,0.0,7.6,2.0,96745
26-09-2013,29.4,72.0,0.0,7.7,2.0,96745
27-09-2013,28.9,70.0,0.0,7.4,2.0,96745
28-09-2013,29.7,74.0,0.0,3.0,2.0,96745
29-09-2013,29.4,70.0,0.0,6.7,3.0,96745
30-09-2013,28.3,78.0,0.0,2.0,2.0,96745
01-10-2013,29.4,71.0,0.0,4.0,1.0,96745
02-10-2013,29.8,72.0,0.0,2.0,0.0,96745
03-10-2013,29.9,69.0,0.0,7.0,1.0,96745
04-10-2013,29.6,65.0,0.0,8.0,2.0,96745
05-10-2013,29.8,71.0,27.5,7.4,2.0,96745
06-10-2013,28.8,74.0,0.0,8.0,1.0,96745
07-10-2013,28.8,70.0,0.4,1.2,1.0,96745
08-10-2013,29.2,73.0,0.0,8.0,2.0,96745
09-10-2013,29.4,68.0,0.0,7.0,1.0,96745
10-10-2013,29.7,66.0,0.0,8.0,2.0,96745
11-10-2013,29.6,69.0,0.0,8.0,2.0,96745
12-10-2013,29.7,69.0,0.5,7.0,2.0,96745
13-10-2013,29.2,70.0,0.0,2.3,1.0,96745
14-10-2013,29.9,67.0,0.0,7.0,1.0,96745
15-10-2013,30.0,67.0,0.0,8.0,2.0,96745
16-10-2013,30.5,67.0,0.0,6.3,2.0,96745
17-10-2013,31.3,68.0,0.0,8.0,2.0,96745
18-10-2013,29.5,76.0,0.6,0.5,2.0,96745
19-10-2013,29.1,75.0,6.7,5.6,2.0,96745
20-10-2013,29.0,74.0,0.0,7.4,2.0,96745
21-10-2013,29.8,67.0,0.0,7.5,2.0,96745
23-10-2013,31.6,72.0,4.5,7.0,2.0,96745
24-10-2013,29.5,72.0,0.0,2.7,2.0,96745
25-10-2013,29.3,74.0,0.0,6.0,2.0,96745
26-10-2013,29.5,74.0,0.0,5.8,2.0,96745
27-10-2013,29.8,74.0,0.0,4.0,1.0,96745
28-10-2013,28.6,75.0,4.8,5.0,2.0,96745
29-10-2013,26.6,87.0,65.1,3.0,2.0,96745
30-10-2013,27.5,80.0,0.0,3.0,2.0,96745
31-10-2013,28.5,78.0,0.0,1.0,2.0,96745
01-11-2013,27.5,79.0,19.0,5.0,0.0,96745
02-11-2013,28.2,77.0,0.0,6.8,0.0,96745
05-11-2013,29.3,76.0,0.0,3.0,2.0,96745
06-11-2013,29.8,73.0,0.0,3.0,2.0,96745
07-11-2013,29.4,75.0,0.0,3.4,2.0,96745
08-11-2013,28.3,80.0,13.4,1.0,1.0,96745
09-11-2013,29.7,72.0,0.0,1.3,2.0,96745
10-11-2013,29.1,76.0,0.5,4.4,1.0,96745
11-11-2013,28.8,74.0,0.0,2.0,2.0,96745
12-11-2013,27.6,80.0,3.3,2.2,2.0,96745
13-11-2013,27.3,84.0,41.6,0.4,1.0,96745
14-11-2013,27.5,85.0,33.9,3.0,2.0,96745
15-11-2013,26.9,84.0,5.7,3.3,2.0,96745
16-11-2013,26.4,89.0,11.5,0.0,0.0,96745
17-11-2013,26.3,88.0,4.4,1.0,2.0,96745
18-11-2013,28.2,80.0,0.0,3.2,3.0,96745
19-11-2013,28.8,70.0,0.0,8.0,4.0,96745
20-11-2013,28.2,71.0,0.0,2.5,4.0,96745
21-11-2013,29.1,67.0,0.0,7.2,3.0,96745
22-11-2013,29.8,67.0,0.0,8.0,2.0,96745
23-11-2013,29.1,68.0,0.0,8.0,2.0,96745
24-11-2013,29.2,72.0,0.0,6.0,2.0,96745
25-11-2013,29.9,66.0,0.0,4.3,2.0,96745
26-11-2013,26.6,78.0,30.4,0.0,2.0,96745
27-11-2013,29.4,75.0,0.0,5.3,2.0,96745
28-11-2013,29.2,71.0,0.0,7.0,2.0,96745
29-11-2013,28.9,74.0,0.3,1.0,2.0,96745
30-11-2013,29.0,68.0,32.6,8.0,2.0,96745
01-12-2013,28.5,81.0,0.0,2.3,1.0,96745
02-12-2013,28.2,80.0,43.4,3.0,1.0,96745
03-12-2013,27.3,85.0,0.7,1.0,1.0,96745
04-12-2013,27.9,78.0,21.4,6.0,1.0,96745
05-12-2013,28.8,74.0,0.0,7.5,1.0,96745
06-12-2013,28.4,77.0,11.5,6.0,2.0,96745
07-12-2013,29.6,71.0,0.0,4.0,2.0,96745
08-12-2013,28.2,79.0,0.2,0.0,2.0,96745
09-12-2013,27.8,81.0,6.9,4.5,2.0,96745
10-12-2013,28.6,76.0,0.0,6.0,2.0,96745
11-12-2013,28.7,75.0,0.0,1.5,2.0,96745
12-12-2013,28.6,82.0,0.4,2.2,2.0,96745
13-12-2013,27.6,86.0,32.5,2.0,2.0,96745
14-12-2013,26.7,80.0,3.8,2.0,2.0,96745
15-12-2013,27.7,73.0,31.9,1.8,1.0,96745
16-12-2013,27.9,68.0,61.0,4.6,2.0,96745
17-12-2013,26.7,78.0,0.4,0.0,0.0,96745
18-12-2013,28.1,82.0,6.4,1.0,2.0,96745
19-12-2013,28.4,80.0,5.2,2.2,2.0,96745
20-12-2013,27.4,82.0,0.2,0.5,3.0,96745
21-12-2013,27.8,78.0,1.0,3.5,4.0,96745
22-12-2013,25.1,78.0,7.9,0.0,3.0,96745
23-12-2013,27.1,81.0,0.4,2.4,3.0,96745
24-12-2013,27.9,78.0,0.0,0.3,3.0,96745
25-12-2013,28.1,88.0,5.2,2.0,2.0,96745
26-12-2013,28.2,81.0,3.4,5.0,2.0,96745
27-12-2013,27.3,80.0,0.0,2.2,2.0,96745
28-12-2013,27.9,83.0,0.0,5.0,3.0,96745
29-12-2013,28.0,74.0,3.2,3.0,3.0,96745
30-12-2013,26.2,81.0,70.6,0.0,4.0,96745
31-12-2013,25.4,89.0,21.3,0.0,3.0,96745
01-01-2014,26.1,90.0,0.5,0.0,2.0,96745
02-01-2014,28.5,78.0,0.0,8.0,2.0,96745
04-01-2014,28.9,76.0,0.0,5.3,2.0,96745
05-01-2014,27.9,74.0,25.0,2.5,4.0,96745
06-01-2014,27.0,81.0,4.7,5.5,2.0,96745
07-01-2014,27.7,81.0,13.7,7.8,0.0,96745
08-01-2014,24.9,96.0,12.1,0.0,0.0,96745
09-01-2014,28.4,72.0,0.0,6.5,3.0,96745
10-01-2014,28.4,72.0,11.5,5.0,2.0,96745
11-01-2014,28.0,82.0,31.5,6.3,2.0,96745
12-01-2014,25.2,94.0,78.7,0.0,2.0,96745
13-01-2014,25.8,91.0,17.0,0.0,2.0,96745
14-01-2014,27.6,81.0,27.6,7.2,3.0,96745
15-01-2014,25.0,88.0,5.5,0.0,2.0,96745
16-01-2014,26.8,80.0,117.8,0.0,2.0,96745
17-01-2014,25.3,92.0,147.9,0.0,3.0,96745
18-01-2014,26.0,86.0,94.6,0.0,2.0,96745
19-01-2014,26.9,82.0,12.8,0.0,3.0,96745
20-01-2014,26.1,85.0,82.1,0.0,3.0,96745
21-01-2014,24.1,96.0,25.0,0.0,2.0,96745
22-01-2014,25.9,85.0,84.7,0.0,2.0,96745
23-01-2014,25.4,90.0,13.0,0.0,3.0,96745
24-01-2014,26.1,84.0,25.5,8.0,2.0,96745
25-01-2014,26.2,86.0,11.4,8.0,2.0,96745
26-01-2014,26.7,85.0,0.5,5.3,3.0,96745
27-01-2014,25.5,88.0,16.2,0.0,2.0,96745
28-01-2014,26.4,85.0,50.0,0.0,3.0,96745
29-01-2014,25.8,86.0,0.0,0.4,3.0,96745
30-01-2014,27.5,82.0,6.7,3.8,2.0,96745
31-01-2014,27.0,79.0,9.6,0.7,2.0,96745
01-02-2014,26.9,84.0,12.5,4.0,3.0,96745
02-02-2014,26.3,83.0,41.4,0.6,2.0,96745
03-02-2014,25.4,89.0,95.7,0.0,1.0,96745
04-02-2014,26.2,86.0,60.4,0.2,1.0,96745
05-02-2014,25.6,94.0,108.2,0.0,0.0,96745
06-02-2014,26.7,88.0,2.5,1.0,2.0,96745
08-02-2014,26.5,88.0,17.1,0.0,2.0,96745
09-02-2014,26.9,88.0,39.7,1.2,2.0,96745
10-02-2014,27.2,84.0,10.1,1.5,1.0,96745
11-02-2014,27.6,84.0,0.0,2.0,0.0,96745
13-02-2014,28.8,78.0,19.8,7.4,1.0,96745
14-02-2014,26.9,82.0,6.8,4.0,2.0,96745
15-02-2014,25.2,85.0,13.1,0.0,0.0,96745
16-02-2014,27.2,83.0,0.0,1.2,1.0,96745
17-02-2014,27.7,82.0,24.5,5.6,1.0,96745
19-02-2014,27.6,84.0,0.0,1.8,1.0,96745
20-02-2014,28.7,80.0,49.0,8.0,1.0,96745
21-02-2014,26.0,88.0,21.7,0.3,1.0,96745
22-02-2014,24.1,95.0,48.1,0.0,1.0,96745
23-02-2014,26.7,84.0,11.6,6.5,1.0,96745
24-02-2014,26.4,83.0,51.2,0.6,2.0,96745
25-02-2014,26.7,86.0,35.3,2.4,1.0,96745
26-02-2014,24.6,96.0,65.9,0.0,1.0,96745
27-02-2014,25.2,92.0,9.0,0.0,0.0,96745
01-03-2014,27.8,82.0,25.8,4.5,2.0,96745
02-03-2014,27.6,82.0,0.0,7.7,1.0,96745
03-03-2014,28.4,77.0,0.0,8.5,1.0,96745
04-03-2014,28.9,76.0,0.6,8.7,2.0,96745
06-03-2014,28.4,78.0,3.4,5.5,0.0,96745
07-03-2014,27.5,80.0,0.0,3.3,1.0,96745
09-03-2014,28.1,81.0,7.0,1.2,2.0,96745
10-03-2014,26.6,89.0,12.8,0.0,0.0,96745
11-03-2014,26.4,89.0,19.7,0.0,0.0,96745
12-03-2014,26.0,90.0,9.1,0.0,2.0,96745
13-03-2014,27.5,85.0,26.2,0.2,0.0,96745
15-03-2014,27.7,83.0,0.0,3.6,2.0,96745
16-03-2014,28.6,80.0,0.0,4.5,0.0,96745
17-03-2014,28.0,83.0,1.4,2.5,1.0,96745
18-03-2014,28.0,83.0,0.4,4.0,2.0,96745
19-03-2014,28.4,78.0,0.0,5.5,2.0,96745
20-03-2014,29.1,78.0,1.9,3.5,1.0,96745
21-03-2014,27.9,79.0,0.0,2.8,3.0,96745
22-03-2014,28.2,80.0,6.7,4.5,1.0,96745
23-03-2014,27.3,84.0,15.0,0.7,1.0,96745
24-03-2014,28.3,79.0,0.3,5.0,2.0,96745
25-03-2014,28.0,82.0,24.3,0.0,1.0,96745
27-03-2014,28.4,82.0,0.0,8.0,2.0,96745
28-03-2014,28.9,76.0,8.4,7.6,2.0,96745
29-03-2014,28.7,77.0,16.8,8.0,2.0,96745
30-03-2014,29.2,75.0,0.0,5.4,2.0,96745
01-04-2014,29.4,78.0,0.0,7.0,1.0,96745
03-04-2014,29.6,75.0,0.0,6.7,0.0,96745
04-04-2014,27.5,84.0,22.4,3.2,1.0,96745
06-04-2014,27.9,81.0,0.0,7.0,2.0,96745
07-04-2014,28.5,76.0,1.4,3.8,2.0,96745
09-04-2014,28.8,76.0,23.2,4.2,2.0,96745
10-04-2014,28.0,75.0,0.0,0.4,2.0,96745
11-04-2014,28.6,74.0,0.0,4.7,1.0,96745
14-04-2014,27.8,80.0,4.4,3.0,2.0,96745
15-04-2014,28.7,78.0,0.5,2.0,2.0,96745
16-04-2014,28.6,76.0,0.9,2.4,2.0,96745
17-04-2014,28.5,76.0,2.0,5.7,2.0,96745
18-04-2014,28.2,80.0,6.9,7.0,1.0,96745
19-04-2014,28.0,80.0,53.5,5.5,2.0,96745
20-04-2014,27.8,82.0,1.8,3.4,2.0,96745
21-04-2014,29.0,73.0,0.0,5.2,3.0,96745
22-04-2014,28.4,76.0,45.5,7.2,2.0,96745
23-04-2014,28.8,78.0,0.0,7.0,2.0,96745
24-04-2014,29.9,69.0,0.0,8.0,3.0,96745
25-04-2014,30.4,64.0,0.0,6.5,2.0,96745
26-04-2014,29.0,78.0,0.0,4.0,3.0,96745
27-04-2014,28.5,77.0,0.0,3.0,2.0,96745
28-04-2014,28.8,78.0,3.0,6.3,2.0,96745
29-04-2014,29.4,76.0,0.0,5.0,2.0,96745
30-04-2014,29.6,73.0,0.0,4.6,1.0,96745
01-05-2014,29.0,75.0,0.0,2.4,0.0,96745
02-05-2014,29.4,74.0,0.0,4.0,1.0,96745
03-05-2014,30.0,75.0,0.0,3.2,2.0,96745
04-05-2014,29.3,74.0,0.0,5.0,1.0,96745
05-05-2014,30.1,75.0,0.0,4.9,2.0,96745
06-05-2014,30.2,75.0,2.5,4.7,2.0,96745
07-05-2014,29.9,79.0,4.4,4.6,2.0,96745
08-05-2014,29.1,80.0,0.0,3.0,0.0,96745
09-05-2014,29.9,74.0,0.0,3.8,1.0,96745
10-05-2014,30.0,74.0,0.0,0.1,0.0,96745
11-05-2014,29.1,79.0,0.5,0.0,1.0,96745
12-05-2014,29.5,78.0,0.0,3.5,1.0,96745
13-05-2014,29.9,76.0,12.1,4.2,1.0,96745
14-05-2014,29.5,74.0,0.0,4.1,2.0,96745
15-05-2014,28.9,77.0,5.6,3.5,2.0,96745
16-05-2014,28.9,74.0,4.8,4.5,1.0,96745
17-05-2014,28.6,77.0,0.0,2.7,2.0,96745
18-05-2014,29.0,76.0,0.0,4.3,1.0,96745
19-05-2014,29.1,76.0,1.8,4.3,2.0,96745
20-05-2014,28.9,76.0,0.0,3.5,2.0,96745
21-05-2014,29.5,75.0,0.0,4.2,2.0,96745
22-05-2014,29.9,72.0,1.4,4.1,2.0,96745
23-05-2014,28.7,74.0,0.0,4.3,2.0,96745
24-05-2014,28.2,79.0,0.0,1.3,1.0,96745
25-05-2014,29.2,75.0,0.0,3.5,2.0,96745
26-05-2014,29.6,78.0,0.0,3.0,2.0,96745
27-05-2014,29.9,75.0,8.5,0.0,2.0,96745
28-05-2014,28.8,81.0,0.0,0.2,1.0,96745
29-05-2014,29.5,73.0,0.0,4.0,2.0,96745
30-05-2014,29.2,74.0,3.7,3.7,2.0,96745
31-05-2014,29.0,76.0,6.7,1.7,2.0,96745
01-06-2014,29.3,74.0,0.0,3.9,2.0,96745
02-06-2014,29.5,70.0,0.0,4.0,2.0,96745
03-06-2014,29.4,73.0,0.0,4.4,1.0,96745
04-06-2014,29.8,72.0,0.0,2.8,1.0,96745
05-06-2014,28.1,81.0,5.4,0.0,1.0,96745
06-06-2014,29.2,72.0,0.0,1.0,0.0,96745
07-06-2014,29.4,75.0,0.0,4.0,2.0,96745
08-06-2014,30.0,72.0,0.0,4.0,2.0,96745
10-06-2014,29.9,77.0,29.5,3.5,1.0,96745
11-06-2014,28.7,79.0,4.5,2.9,0.0,96745
12-06-2014,29.2,81.0,62.0,4.0,2.0,96745
13-06-2014,27.1,86.0,4.2,1.0,0.0,96745
14-06-2014,28.4,80.0,3.2,2.2,2.0,96745
15-06-2014,25.9,92.0,25.4,0.0,1.0,96745
16-06-2014,28.1,80.0,3.4,2.1,1.0,96745
17-06-2014,27.8,84.0,0.0,1.5,2.0,96745
18-06-2014,29.6,76.0,0.0,3.3,2.0,96745
20-06-2014,28.9,77.0,0.0,3.7,2.0,96745
21-06-2014,28.7,78.0,10.8,3.0,1.0,96745
22-06-2014,28.9,76.0,0.0,3.3,0.0,96745
23-06-2014,29.2,74.0,0.0,1.0,2.0,96745
24-06-2014,29.1,74.0,0.0,0.2,1.0,96745
25-06-2014,28.4,80.0,17.9,3.8,2.0,96745
26-06-2014,26.4,85.0,0.5,0.0,1.0,96745
27-06-2014,27.8,82.0,0.0,0.5,1.0,96745
29-06-2014,28.3,78.0,0.0,2.5,2.0,96745
30-06-2014,28.9,76.0,0.0,3.5,2.0,96745
01-07-2014,28.8,70.0,0.0,4.2,2.0,96745
02-07-2014,28.9,72.0,0.0,2.6,0.0,96745
03-07-2014,28.8,71.0,0.0,3.0,1.0,96745
04-07-2014,28.9,74.0,0.0,2.8,2.0,96745
06-07-2014,27.3,85.0,38.4,0.0,1.0,96745
07-07-2014,26.5,86.0,10.0,1.2,1.0,96745
08-07-2014,28.3,78.0,0.0,2.0,1.0,96745
09-07-2014,28.2,74.0,0.0,4.1,2.0,96745
10-07-2014,29.0,73.0,0.0,3.0,3.0,96745
11-07-2014,28.8,75.0,0.0,2.3,2.0,96745
12-07-2014,26.8,85.0,46.0,1.8,1.0,96745
13-07-2014,25.8,86.0,1.6,0.0,3.0,96745
14-07-2014,28.2,65.0,0.0,4.2,2.0,96745
15-07-2014,28.6,71.0,26.2,4.0,2.0,96745
16-07-2014,26.9,86.0,17.1,2.3,0.0,96745
17-07-2014,26.8,84.0,15.3,4.0,1.0,96745
18-07-2014,27.6,79.0,0.0,3.0,2.0,96745
19-07-2014,28.6,74.0,0.0,2.3,1.0,96745
20-07-2014,29.1,74.0,31.8,4.1,2.0,96745
21-07-2014,27.6,82.0,0.5,0.2,1.0,96745
22-07-2014,28.8,76.0,4.2,3.5,2.0,96745
24-07-2014,27.9,74.0,0.0,3.2,1.0,96745
25-07-2014,27.2,81.0,8.6,0.6,1.0,96745
26-07-2014,27.7,82.0,14.4,2.3,2.0,96745
27-07-2014,27.9,82.0,0.0,1.7,0.0,96745
29-07-2014,28.1,74.0,0.0,1.0,2.0,96745
30-07-2014,28.8,70.0,0.0,4.4,3.0,96745
31-07-2014,26.9,73.0,0.0,0.2,2.0,96745
01-08-2014,28.9,70.0,0.0,4.8,1.0,96745
02-08-2014,28.5,68.0,0.0,4.7,0.0,96745
04-08-2014,28.5,74.0,0.0,4.4,2.0,96745
05-08-2014,28.8,69.0,0.0,3.2,2.0,96745
06-08-2014,29.1,68.0,0.0,5.8,3.0,96745
07-08-2014,28.9,67.0,0.0,5.8,2.0,96745
08-08-2014,28.7,73.0,0.0,4.5,1.0,96745
09-08-2014,28.7,72.0,0.0,5.6,2.0,96745
10-08-2014,28.8,70.0,0.0,5.0,2.0,96745
11-08-2014,27.5,79.0,36.9,1.5,2.0,96745
12-08-2014,27.7,77.0,0.0,5.5,1.0,96745
13-08-2014,28.7,70.0,0.0,5.5,2.0,96745
14-08-2014,29.1,70.0,0.0,6.4,2.0,96745
15-08-2014,28.7,70.0,1.0,5.6,2.0,96745
16-08-2014,28.3,70.0,0.0,1.0,2.0,96745
17-08-2014,28.0,68.0,0.0,6.3,2.0,96745
18-08-2014,29.0,65.0,0.0,6.5,2.0,96745
19-08-2014,28.4,70.0,0.0,8.0,2.0,96745
20-08-2014,28.6,71.0,0.0,7.4,2.0,96745
21-08-2014,29.1,70.0,0.0,8.0,2.0,96745
22-08-2014,28.8,74.0,0.0,8.0,2.0,96745
23-08-2014,29.0,70.0,0.0,6.5,2.0,96745
25-08-2014,29.6,70.0,0.0,8.0,2.0,96745
26-08-2014,28.7,70.0,0.0,7.6,2.0,96745
29-08-2014,28.7,76.0,0.2,3.6,1.0,96745
01-09-2014,29.3,70.0,0.0,8.0,2.0,96745
02-09-2014,29.1,72.0,0.0,8.0,1.0,96745
03-09-2014,29.4,72.0,0.0,8.0,0.0,96745
04-09-2014,29.2,75.0,0.0,6.0,1.0,96745
05-09-2014,29.0,74.0,0.0,7.2,2.0,96745
06-09-2014,27.7,70.0,0.0,1.4,0.0,96745
07-09-2014,28.6,75.0,0.0,5.1,2.0,96745
08-09-2014,28.8,66.0,0.0,5.5,2.0,96745
09-09-2014,29.7,63.0,0.0,8.0,2.0,96745
10-09-2014,28.5,70.0,0.0,7.9,2.0,96745
11-09-2014,29.1,62.0,0.0,8.0,2.0,96745
12-09-2014,29.6,59.0,0.0,8.0,2.0,96745
13-09-2014,29.7,59.0,0.0,8.0,1.0,96745
14-09-2014,29.8,59.0,0.0,8.0,2.0,96745
15-09-2014,29.0,61.0,0.0,5.0,2.0,96745
16-09-2014,29.0,60.0,0.0,8.0,2.0,96745
17-09-2014,29.2,58.0,0.0,8.0,3.0,96745
18-09-2014,30.3,61.0,0.0,8.0,2.0,96745
19-09-2014,29.9,67.0,0.0,8.0,3.0,96745
20-09-2014,29.3,68.0,0.1,7.5,2.0,96745
21-09-2014,28.3,75.0,0.0,5.3,2.0,96745
22-09-2014,29.1,63.0,0.0,8.4,3.0,96745
23-09-2014,29.7,55.0,0.0,8.0,2.0,96745
24-09-2014,30.4,52.0,0.0,8.0,2.0,96745
25-09-2014,28.9,64.0,0.0,8.0,1.0,96745
26-09-2014,29.5,68.0,0.0,8.0,2.0,96745
27-09-2014,29.2,66.0,0.0,8.0,1.0,96745
28-09-2014,29.0,64.0,0.0,7.5,2.0,96745
29-09-2014,29.8,64.0,0.0,7.6,2.0,96745
30-09-2014,29.2,69.0,0.0,8.0,2.0,96745
01-10-2014,29.8,70.0,0.0,7.4,2.0,96745
02-10-2014,30.1,69.0,0.0,8.0,1.0,96745
03-10-2014,29.7,62.0,0.0,8.0,1.0,96745
04-10-2014,30.1,59.0,0.0,8.0,1.0,96745
05-10-2014,29.6,68.0,0.0,8.0,1.0,96745
06-10-2014,29.4,65.0,0.0,3.3,1.0,96745
07-10-2014,29.5,69.0,0.0,4.0,2.0,96745
08-10-2014,30.0,65.0,0.0,5.0,1.0,96745
09-10-2014,30.5,56.0,0.0,8.0,2.0,96745
10-10-2014,30.3,56.0,0.0,8.0,2.0,96745
11-10-2014,29.9,64.0,0.0,6.2,1.0,96745
12-10-2014,28.8,72.0,0.0,6.2,2.0,96745
13-10-2014,29.9,70.0,10.7,7.2,1.0,96745
14-10-2014,29.0,75.0,0.0,4.5,2.0,96745
15-10-2014,29.6,71.0,0.0,6.5,2.0,96745
16-10-2014,30.0,74.0,0.0,7.2,1.0,96745
17-10-2014,29.8,76.0,0.0,7.4,1.0,96745
18-10-2014,30.2,64.0,0.0,5.5,2.0,96745
19-10-2014,30.8,58.0,0.0,8.0,2.0,96745
20-10-2014,30.4,66.0,0.0,8.0,2.0,96745
21-10-2014,30.8,62.0,0.0,7.0,2.0,96745
22-10-2014,30.1,69.0,0.0,7.7,2.0,96745
23-10-2014,29.6,69.0,37.5,3.0,2.0,96745
24-10-2014,29.1,72.0,0.0,6.7,2.0,96745
25-10-2014,30.3,64.0,0.0,8.0,2.0,96745
26-10-2014,30.2,71.0,0.0,8.0,2.0,96745
27-10-2014,29.6,74.0,0.0,7.3,2.0,96745
28-10-2014,30.0,70.0,0.0,5.0,2.0,96745
29-10-2014,29.4,72.0,2.1,3.0,1.0,96745
30-10-2014,29.0,72.0,0.5,0.2,2.0,96745
31-10-2014,30.2,71.0,0.0,1.0,2.0,96745
01-11-2014,30.0,68.0,0.0,8.0,2.0,96745
02-11-2014,30.4,72.0,0.0,8.0,1.0,96745
03-11-2014,30.6,67.0,0.0,8.0,0.0,96745
04-11-2014,30.8,65.0,0.0,8.0,1.0,96745
05-11-2014,30.2,69.0,0.0,6.8,2.0,96745
06-11-2014,29.9,72.0,6.5,3.5,0.0,96745
07-11-2014,28.9,76.0,0.0,1.0,2.0,96745
08-11-2014,28.5,74.0,8.2,5.4,2.0,96745
09-11-2014,29.9,73.0,0.0,7.3,2.0,96745
10-11-2014,28.4,74.0,4.8,1.8,2.0,96745
11-11-2014,27.1,82.0,0.0,1.0,2.0,96745
12-11-2014,34.3,72.0,0.0,7.0,2.0,96745
13-11-2014,28.6,74.0,0.8,1.0,1.0,96745
14-11-2014,28.7,72.0,0.0,2.3,2.0,96745
15-11-2014,29.4,72.0,0.7,6.5,2.0,96745
16-11-2014,29.2,74.0,0.0,6.0,2.0,96745
17-11-2014,29.5,72.0,0.0,2.6,3.0,96745
18-11-2014,28.7,74.0,0.7,1.5,2.0,96745
20-11-2014,29.5,72.0,0.0,6.0,2.0,96745
21-11-2014,29.8,73.0,0.0,5.3,2.0,96745
22-11-2014,30.1,70.0,0.0,5.3,3.0,96745
23-11-2014,30.4,71.0,0.0,5.5,2.0,96745
24-11-2014,28.2,78.0,41.0,1.4,2.0,96745
25-11-2014,27.6,80.0,0.0,3.0,1.0,96745
26-11-2014,28.8,74.0,0.0,4.3,2.0,96745
27-11-2014,28.8,74.0,0.3,5.4,1.0,96745
28-11-2014,28.8,75.0,1.5,4.0,2.0,96745
29-11-2014,28.5,73.0,0.6,4.2,2.0,96745
30-11-2014,28.6,73.0,0.0,0.8,2.0,96745
01-12-2014,30.5,59.0,0.0,1.7,2.0,96745
03-12-2014,27.9,70.0,0.0,2.0,2.0,96745
04-12-2014,28.4,73.0,0.2,1.7,2.0,96745
05-12-2014,27.7,77.0,32.5,0.2,1.0,96745
06-12-2014,27.0,84.0,6.5,2.4,2.0,96745
07-12-2014,26.3,86.0,15.3,0.3,2.0,96745
08-12-2014,27.9,78.0,5.0,4.0,2.0,96745
09-12-2014,27.6,77.0,0.0,2.7,2.0,96745
10-12-2014,28.4,72.0,0.0,7.0,2.0,96745
11-12-2014,28.7,76.0,0.0,5.0,2.0,96745
12-12-2014,28.5,78.0,11.1,1.0,2.0,96745
14-12-2014,28.1,78.0,0.0,4.3,2.0,96745
15-12-2014,28.8,76.0,0.0,5.8,2.0,96745
16-12-2014,28.6,77.0,4.1,3.5,2.0,96745
17-12-2014,29.8,69.0,0.0,6.3,2.0,96745
18-12-2014,28.9,76.0,0.0,3.2,1.0,96745
19-12-2014,28.2,83.0,49.0,2.5,2.0,96745
20-12-2014,28.0,81.0,3.0,4.0,2.0,96745
21-12-2014,28.2,81.0,18.2,6.3,1.0,96745
22-12-2014,27.8,82.0,0.0,4.2,2.0,96745
24-12-2014,28.5,78.0,0.0,6.3,1.0,96745
25-12-2014,28.8,74.0,0.0,6.8,2.0,96745
26-12-2014,28.1,79.0,21.1,1.2,1.0,96745
27-12-2014,26.3,90.0,44.5,0.0,2.0,96745
29-12-2014,29.1,69.0,0.0,4.4,2.0,96745
30-12-2014,29.3,65.0,0.0,1.3,3.0,96745
31-12-2014,24.3,83.0,25.1,0.0,3.0,96745
01-01-2015,26.1,83.0,25.1,0.0,2.0,96745
02-01-2015,26.4,85.0,6.9,0.0,2.0,96745
03-01-2015,26.0,87.0,31.6,0.3,2.0,96745
04-01-2015,25.4,87.0,15.7,2.8,2.0,96745
05-01-2015,27.8,75.0,2.8,1.0,3.0,96745
06-01-2015,28.0,76.0,0.0,4.3,2.0,96745
07-01-2015,28.4,74.0,0.0,3.7,2.0,96745
08-01-2015,28.4,74.0,0.0,4.1,3.0,96745
09-01-2015,29.1,73.0,0.0,3.5,3.0,96745
10-01-2015,29.0,69.0,0.0,7.0,2.0,96745
11-01-2015,28.5,75.0,0.0,3.6,2.0,96745
12-01-2015,26.4,84.0,0.7,7.7,1.0,96745
13-01-2015,25.6,89.0,51.3,0.0,2.0,96745
14-01-2015,27.0,83.0,11.4,0.7,1.0,96745
15-01-2015,27.5,79.0,3.8,2.8,1.0,96745
17-01-2015,27.4,82.0,18.3,5.8,2.0,96745
18-01-2015,27.6,80.0,4.6,1.3,1.0,96745
19-01-2015,25.5,88.0,2.9,1.6,1.0,96745
20-01-2015,25.0,91.0,25.6,0.0,1.0,96745
21-01-2015,26.5,82.0,35.7,3.5,2.0,96745
22-01-2015,25.8,93.0,17.3,3.2,1.0,96745
23-01-2015,24.8,94.0,134.3,0.0,0.0,96745
24-01-2015,27.0,81.0,8.8,1.0,1.0,96745
25-01-2015,26.5,87.0,3.0,4.0,1.0,96745
26-01-2015,26.5,86.0,40.8,5.0,0.0,96745
27-01-2015,26.4,87.0,32.0,0.0,1.0,96745
30-01-2015,28.0,77.0,0.0,3.3,2.0,96745
31-01-2015,27.9,81.0,0.0,5.4,1.0,96745
01-02-2015,24.4,95.0,19.4,3.0,1.0,96745
03-02-2015,27.4,81.0,1.6,2.3,1.0,96745
04-02-2015,26.9,83.0,1.0,0.5,1.0,96745
05-02-2015,27.0,83.0,0.6,1.8,2.0,96745
06-02-2015,27.1,79.0,1.8,4.0,1.0,96745
07-02-2015,27.3,79.0,0.8,5.0,1.0,96745
08-02-2015,26.2,85.0,11.6,5.0,2.0,96745
09-02-2015,24.2,96.0,177.0,1.8,1.0,96745
10-02-2015,25.4,89.0,277.5,0.0,1.0,96745
12-02-2015,26.0,88.0,14.7,0.4,2.0,96745
14-02-2015,26.6,86.0,30.8,1.2,1.0,96745
16-02-2015,27.6,85.0,58.8,2.0,1.0,96745
18-02-2015,27.1,84.0,55.6,0.4,2.0,96745
19-02-2015,25.1,94.0,85.6,3.5,0.0,96745
20-02-2015,26.6,83.0,10.5,0.0,1.0,96745
21-02-2015,27.5,83.0,0.0,1.2,2.0,96745
22-02-2015,27.7,71.0,0.0,6.0,1.0,96745
23-02-2015,27.1,80.0,0.0,9.0,1.0,96745
24-02-2015,28.1,76.0,1.9,3.2,1.0,96745
25-02-2015,28.7,77.0,0.0,5.8,2.0,96745
26-02-2015,29.0,76.0,0.0,4.4,1.0,96745
27-02-2015,27.5,83.0,44.1,3.0,1.0,96745
28-02-2015,27.9,80.0,6.5,4.6,1.0,96745
01-03-2015,27.2,84.0,0.0,4.0,1.0,96745
02-03-2015,27.4,78.0,0.6,0.3,1.0,96745
03-03-2015,27.3,82.0,16.6,1.2,1.0,96745
06-03-2015,27.6,76.0,0.0,5.0,2.0,96745
08-03-2015,26.9,81.0,11.0,2.0,1.0,96745
09-03-2015,28.0,77.0,3.0,0.4,2.0,96745
10-03-2015,27.0,82.0,11.9,6.2,1.0,96745
11-03-2015,26.4,85.0,2.5,4.3,1.0,96745
12-03-2015,27.0,83.0,3.9,3.0,1.0,96745
15-03-2015,27.0,85.0,0.0,0.0,1.0,96745
18-03-2015,28.6,76.0,3.5,5.0,1.0,96745
19-03-2015,29.0,78.0,0.0,9.0,1.0,96745
20-03-2015,28.0,78.0,35.8,2.0,1.0,96745
21-03-2015,27.5,84.0,25.1,6.5,1.0,96745
22-03-2015,28.6,77.0,0.0,2.6,1.0,96745
23-03-2015,27.9,77.0,6.0,7.2,1.0,96745
24-03-2015,28.6,78.0,0.0,8.0,1.0,96745
25-03-2015,26.5,84.0,0.0,5.1,1.0,96745
26-03-2015,26.9,83.0,14.0,2.2,0.0,96745
28-03-2015,28.6,78.0,0.0,8.0,1.0,96745
29-03-2015,29.2,72.0,0.0,6.5,1.0,96745
30-03-2015,29.2,75.0,2.8,5.4,1.0,96745
01-04-2015,29.5,76.0,0.0,8.0,1.0,96745
02-04-2015,27.7,82.0,0.1,5.0,1.0,96745
03-04-2015,27.5,84.0,3.8,1.0,0.0,96745
04-04-2015,27.5,84.0,0.0,0.4,1.0,96745
05-04-2015,28.9,78.0,3.4,2.0,1.0,96745
06-04-2015,29.3,78.0,0.3,7.2,1.0,96745
08-04-2015,28.0,82.0,7.5,1.4,1.0,96745
09-04-2015,28.2,82.0,7.4,5.0,1.0,96745
10-04-2015,28.6,76.0,2.2,4.8,1.0,96745
12-04-2015,28.9,76.0,1.0,5.5,1.0,96745
14-04-2015,28.0,82.0,0.2,0.8,1.0,96745
16-04-2015,29.1,77.0,0.0,2.6,1.0,96745
17-04-2015,27.9,84.0,0.0,4.5,0.0,96745
18-04-2015,28.8,81.0,1.4,0.3,1.0,96745
21-04-2015,29.0,77.0,0.3,7.3,1.0,96745
22-04-2015,28.9,74.0,1.0,3.5,1.0,96745
23-04-2015,29.2,71.0,0.0,2.1,2.0,96745
24-04-2015,27.2,79.0,0.0,3.2,2.0,96745
26-04-2015,27.6,80.0,4.0,1.1,1.0,96745
28-04-2015,29.3,73.0,0.0,2.5,2.0,96745
29-04-2015,29.6,71.0,0.0,5.2,2.0,96745
30-04-2015,29.8,70.0,0.0,5.0,2.0,96745
01-05-2015,28.6,76.0,0.0,6.0,1.0,96745
02-05-2015,28.8,75.0,0.0,1.6,1.0,96745
03-05-2015,27.1,83.0,0.0,2.1,1.0,96745
04-05-2015,27.5,81.0,16.6,2.0,1.0,96745
06-05-2015,29.3,74.0,0.0,5.8,1.0,96745
07-05-2015,29.3,72.0,0.0,6.5,1.0,96745
09-05-2015,29.2,69.0,0.0,6.6,1.0,96745
11-05-2015,28.9,73.0,0.0,6.7,1.0,96745
12-05-2015,29.4,72.0,0.0,4.2,2.0,96745
13-05-2015,29.6,74.0,0.0,6.2,1.0,96745
14-05-2015,29.4,79.0,0.0,5.6,1.0,96745
15-05-2015,28.8,77.0,0.0,5.1,1.0,96745
16-05-2015,28.9,77.0,0.0,2.3,1.0,96745
17-05-2015,29.8,73.0,0.0,5.3,2.0,96745
18-05-2015,29.3,77.0,0.0,6.5,1.0,96745
19-05-2015,29.1,76.0,0.0,5.7,1.0,96745
20-05-2015,29.5,65.0,0.0,6.3,1.0,96745
21-05-2015,29.3,70.0,0.0,6.0,1.0,96745
22-05-2015,29.0,71.0,0.0,6.7,1.0,96745
23-05-2015,28.8,68.0,0.0,6.5,1.0,96745
24-05-2015,29.2,73.0,0.0,6.6,1.0,96745
25-05-2015,29.5,74.0,0.0,5.4,1.0,96745
26-05-2015,29.7,73.0,0.0,7.0,1.0,96745
27-05-2015,29.7,74.0,0.0,5.6,1.0,96745
28-05-2015,29.6,73.0,0.0,6.5,1.0,96745
29-05-2015,29.4,77.0,0.0,6.7,1.0,96745
30-05-2015,29.9,70.0,0.0,6.5,0.0,96745
31-05-2015,29.6,75.0,0.0,6.5,1.0,96745
01-06-2015,28.8,76.0,0.0,6.7,1.0,96745
03-06-2015,29.2,78.0,1.0,3.3,1.0,96745
04-06-2015,29.4,74.0,0.0,6.5,1.0,96745
05-06-2015,29.4,69.0,0.0,3.2,2.0,96745
07-06-2015,29.5,74.0,0.0,6.5,1.0,96745
08-06-2015,29.2,76.0,1.8,1.5,1.0,96745
09-06-2015,27.7,80.0,0.0,1.4,0.0,96745
10-06-2015,28.1,79.0,6.9,0.0,1.0,96745
11-06-2015,28.6,79.0,0.0,3.4,1.0,96745
12-06-2015,29.1,75.0,0.0,4.0,1.0,96745
14-06-2015,28.5,74.0,0.0,6.8,1.0,96745
15-06-2015,28.4,74.0,0.0,3.8,1.0,96745
16-06-2015,28.0,73.0,0.0,2.3,1.0,96745
17-06-2015,28.7,67.0,0.0,4.0,1.0,96745
19-06-2015,29.0,71.0,0.0,7.0,1.0,96745
20-06-2015,28.8,70.0,0.0,6.8,1.0,96745
22-06-2015,29.0,72.0,0.4,6.0,1.0,96745
23-06-2015,28.7,71.0,0.0,4.6,1.0,96745
24-06-2015,28.2,69.0,0.0,6.0,1.0,96745
25-06-2015,28.4,68.0,0.0,6.5,1.0,96745
26-06-2015,28.2,70.0,0.0,6.5,2.0,96745
27-06-2015,28.8,70.0,0.0,6.8,1.0,96745
29-06-2015,28.8,72.0,0.0,4.3,1.0,96745
30-06-2015,28.9,73.0,0.0,2.6,1.0,96745
01-07-2015,28.3,71.0,0.0,6.4,1.0,96745
02-07-2015,27.9,67.0,0.0,2.5,1.0,96745
03-07-2015,28.0,64.0,0.0,6.5,1.0,96745
04-07-2015,27.8,64.0,0.0,5.7,1.0,96745
05-07-2015,27.6,69.0,0.0,6.5,1.0,96745
06-07-2015,28.5,65.0,0.0,6.7,1.0,96745
07-07-2015,28.2,68.0,0.0,5.5,1.0,96745
08-07-2015,28.2,71.0,0.0,0.7,1.0,96745
10-07-2015,28.5,67.0,0.0,6.5,1.0,96745
11-07-2015,28.7,70.0,0.0,3.0,1.0,96745
12-07-2015,28.4,74.0,0.0,2.6,2.0,96745
13-07-2015,28.8,71.0,0.0,3.2,2.0,96745
14-07-2015,29.2,69.0,0.0,5.5,2.0,96745
15-07-2015,28.9,69.0,0.0,6.2,2.0,96745
16-07-2015,29.0,72.0,0.0,6.2,2.0,96745
17-07-2015,28.9,71.0,0.0,6.7,2.0,96745
18-07-2015,28.6,71.0,0.0,7.0,2.0,96745
19-07-2015,28.6,70.0,0.0,6.8,2.0,96745
20-07-2015,28.3,74.0,0.0,6.8,1.0,96745
21-07-2015,28.6,74.0,0.0,6.7,2.0,96745
22-07-2015,28.9,73.0,0.0,6.8,2.0,96745
23-07-2015,29.1,73.0,0.0,6.7,2.0,96745
24-07-2015,28.6,75.0,0.0,6.0,1.0,96745
25-07-2015,28.7,74.0,0.0,6.7,1.0,96745
26-07-2015,28.6,75.0,0.0,6.5,1.0,96745
27-07-2015,28.9,70.0,0.0,6.7,2.0,96745
28-07-2015,29.0,70.0,0.0,6.7,2.0,96745
29-07-2015,29.1,68.0,0.0,6.0,2.0,96745
30-07-2015,28.6,72.0,0.0,6.7,1.0,96745
31-07-2015,28.4,74.0,0.0,6.0,2.0,96745
01-08-2015,28.4,75.0,0.0,5.6,1.0,96745
02-08-2015,28.3,73.0,0.0,7.1,2.0,96745
03-08-2015,27.9,58.0,0.0,5.0,1.0,96745
04-08-2015,27.4,64.0,0.0,6.6,1.0,96745
05-08-2015,27.6,71.0,0.0,6.1,1.0,96745
06-08-2015,27.9,73.0,0.0,0.0,1.0,96745
07-08-2015,27.9,74.0,0.0,5.0,1.0,96745
08-08-2015,27.6,74.0,5.2,6.0,1.0,96745
09-08-2015,28.6,72.0,0.0,4.3,2.0,96745
11-08-2015,29.3,72.0,0.0,6.0,2.0,96745
12-08-2015,28.8,76.0,0.0,6.1,1.0,96745
13-08-2015,29.1,75.0,0.0,5.5,1.0,96745
14-08-2015,28.9,74.0,0.0,6.5,2.0,96745
15-08-2015,28.9,72.0,0.0,4.7,1.0,96745
16-08-2015,28.9,72.0,0.0,5.2,2.0,96745
17-08-2015,28.9,72.0,0.0,7.4,1.0,96745
18-08-2015,28.5,72.0,0.0,6.5,2.0,96745
19-08-2015,28.5,74.0,0.0,5.0,1.0,96745
21-08-2015,27.9,69.0,0.0,3.0,1.0,96745
22-08-2015,27.6,71.0,0.0,5.2,1.0,96745
23-08-2015,28.4,69.0,0.0,5.5,2.0,96745
24-08-2015,28.1,68.0,0.0,6.7,1.0,96745
25-08-2015,28.1,74.0,0.0,7.3,1.0,96745
26-08-2015,28.5,74.0,0.0,7.2,2.0,96745
27-08-2015,28.4,74.0,0.0,6.5,2.0,96745
28-08-2015,29.5,69.0,0.0,7.5,2.0,96745
01-09-2015,29.3,61.0,0.0,7.7,2.0,96745
02-09-2015,28.8,62.0,0.0,7.8,2.0,96745
03-09-2015,29.3,62.0,0.0,7.8,1.0,96745
04-09-2015,28.4,70.0,0.0,7.8,2.0,96745
05-09-2015,28.8,68.0,0.0,7.5,1.0,96745
06-09-2015,28.8,63.0,0.0,6.4,0.0,96745
07-09-2015,28.8,63.0,0.0,7.3,1.0,96745
08-09-2015,27.8,73.0,0.0,5.3,1.0,96745
09-09-2015,29.0,68.0,0.0,8.5,1.0,96745
10-09-2015,28.5,70.0,0.0,8.2,1.0,96745
11-09-2015,29.0,66.0,0.0,5.3,2.0,96745
12-09-2015,29.2,67.0,0.0,5.0,2.0,96745
13-09-2015,28.3,70.0,0.0,8.2,1.0,96745
14-09-2015,28.4,69.0,0.0,8.5,2.0,96745
15-09-2015,27.6,75.0,0.0,6.0,1.0,96745
16-09-2015,28.2,71.0,0.0,4.5,2.0,96745
17-09-2015,29.0,69.0,0.0,8.0,1.0,96745
18-09-2015,30.0,63.0,0.0,4.0,2.0,96745
20-09-2015,27.9,76.0,0.0,8.0,2.0,96745
21-09-2015,28.8,75.0,0.0,7.5,1.0,96745
22-09-2015,29.2,67.0,0.0,6.5,2.0,96745
23-09-2015,28.6,66.0,0.0,7.5,1.0,96745
24-09-2015,28.8,64.0,0.0,9.9,1.0,96745
25-09-2015,28.4,72.0,0.0,8.7,1.0,96745
26-09-2015,29.1,66.0,0.0,6.3,2.0,96745
27-09-2015,29.4,65.0,0.0,8.5,2.0,96745
28-09-2015,29.3,69.0,0.0,8.0,2.0,96745
29-09-2015,29.3,68.0,0.0,3.5,2.0,96745
30-09-2015,28.7,70.0,0.0,8.2,2.0,96745
01-10-2015,29.6,63.0,0.0,9.0,1.0,96745
02-10-2015,30.0,61.0,0.0,8.8,2.0,96745
03-10-2015,29.8,62.0,0.0,7.5,2.0,96745
05-10-2015,29.4,69.0,0.0,8.5,3.0,96745
06-10-2015,28.9,71.0,0.0,8.5,2.0,96745
07-10-2015,29.7,66.0,0.0,5.5,2.0,96745
09-10-2015,29.7,71.0,0.0,2.4,2.0,96745
10-10-2015,29.5,66.0,0.0,6.5,2.0,96745
11-10-2015,29.4,65.0,0.0,7.3,1.0,96745
12-10-2015,28.8,75.0,0.0,9.0,1.0,96745
13-10-2015,29.2,71.0,0.0,8.3,2.0,96745
14-10-2015,29.2,73.0,0.0,8.0,2.0,96745
15-10-2015,28.9,70.0,0.0,7.9,1.0,96745
16-10-2015,29.6,64.0,0.0,8.4,1.0,96745
18-10-2015,29.2,65.0,0.0,9.0,1.0,96745
19-10-2015,29.7,66.0,0.0,7.8,1.0,96745
20-10-2015,29.2,65.0,0.0,7.0,2.0,96745
21-10-2015,30.2,62.0,0.0,8.0,1.0,96745
22-10-2015,30.2,61.0,0.0,7.0,2.0,96745
23-10-2015,29.1,65.0,0.0,9.4,1.0,96745
24-10-2015,29.6,67.0,0.0,1.0,1.0,96745
25-10-2015,30.0,68.0,0.0,6.5,1.0,96745
26-10-2015,29.6,69.0,0.0,7.7,2.0,96745
27-10-2015,29.4,71.0,0.0,6.0,2.0,96745
28-10-2015,29.7,75.0,0.0,7.5,1.0,96745
29-10-2015,29.1,76.0,0.0,8.5,1.0,96745
30-10-2015,29.5,75.0,0.0,5.3,1.0,96745
31-10-2015,29.0,74.0,0.0,8.0,1.0,96745
01-11-2015,29.6,75.0,0.0,6.0,1.0,96745
02-11-2015,29.0,75.0,0.0,4.0,2.0,96745
03-11-2015,28.9,74.0,1.4,6.3,1.0,96745
04-11-2015,29.9,68.0,0.0,5.5,2.0,96745
05-11-2015,29.7,73.0,0.0,5.0,1.0,96745
06-11-2015,29.6,73.0,0.0,6.3,1.0,96745
07-11-2015,28.4,77.0,0.0,5.5,1.0,96745
09-11-2015,29.1,72.0,1.0,4.6,1.0,96745
10-11-2015,29.7,71.0,0.0,8.0,1.0,96745
11-11-2015,29.1,75.0,0.0,5.5,2.0,96745
12-11-2015,29.6,72.0,0.0,4.0,1.0,96745
13-11-2015,28.5,78.0,0.0,6.0,1.0,96745
14-11-2015,28.9,77.0,54.1,3.5,1.0,96745
15-11-2015,30.0,74.0,0.0,9.0,1.0,96745
16-11-2015,28.9,75.0,0.0,8.0,2.0,96745
17-11-2015,28.4,79.0,13.2,2.5,1.0,96745
19-11-2015,28.7,78.0,2.0,8.0,1.0,96745
20-11-2015,28.9,77.0,0.6,1.3,1.0,96745
21-11-2015,29.4,74.0,0.0,7.5,2.0,96745
22-11-2015,29.2,73.0,0.0,4.5,0.0,96745
23-11-2015,30.1,71.0,0.0,3.5,1.0,96745
24-11-2015,29.6,75.0,0.0,7.2,1.0,96745
25-11-2015,29.3,73.0,0.0,3.8,2.0,96745
26-11-2015,29.4,71.0,0.0,5.6,1.0,96745
27-11-2015,28.9,76.0,0.0,5.0,1.0,96745
28-11-2015,29.8,74.0,3.4,0.0,1.0,96745
29-11-2015,27.9,81.0,0.0,5.4,0.0,96745
30-11-2015,27.7,83.0,3.8,0.0,1.0,96745
01-12-2015,29.1,76.0,9.0,4.3,2.0,96745
04-12-2015,29.0,77.0,2.7,1.7,2.0,96745
05-12-2015,28.4,78.0,0.0,4.6,1.0,96745
06-12-2015,28.0,81.0,0.6,3.0,2.0,96745
07-12-2015,28.3,82.0,42.5,3.5,2.0,96745
08-12-2015,27.5,85.0,0.0,5.5,0.0,96745
09-12-2015,29.1,78.0,1.2,0.0,1.0,96745
10-12-2015,29.6,74.0,0.0,8.4,2.0,96745
11-12-2015,29.3,77.0,0.0,3.2,2.0,96745
12-12-2015,28.2,77.0,1.1,3.2,0.0,96745
13-12-2015,28.3,79.0,0.0,0.8,2.0,96745
14-12-2015,27.9,79.0,9.2,0.4,2.0,96745
15-12-2015,27.7,78.0,0.1,0.0,2.0,96745
16-12-2015,26.5,83.0,0.0,0.0,2.0,96745
17-12-2015,25.5,84.0,5.6,0.0,1.0,96745
18-12-2015,27.5,76.0,1.6,0.0,2.0,96745
19-12-2015,27.2,82.0,6.2,1.0,1.0,96745
20-12-2015,26.6,87.0,5.4,3.8,1.0,96745
21-12-2015,27.0,76.0,11.0,4.3,2.0,96745
22-12-2015,28.8,73.0,0.0,4.6,2.0,96745
23-12-2015,29.4,69.0,0.0,3.5,2.0,96745
24-12-2015,29.3,66.0,0.0,7.8,2.0,96745
25-12-2015,28.0,73.0,0.0,3.3,2.0,96745
26-12-2015,29.0,78.0,0.0,4.8,2.0,96745
27-12-2015,28.4,82.0,5.0,2.2,2.0,96745
28-12-2015,28.7,82.0,0.2,3.4,1.0,96745
29-12-2015,29.1,77.0,0.0,3.8,2.0,96745
30-12-2015,27.5,85.0,93.2,4.5,2.0,96745
31-12-2015,27.7,86.0,78.6,4.5,1.0,96745
01-01-2016,28.2,83.0,26.6,4.0,2.0,96745
03-01-2016,28.4,79.0,15.6,2.0,2.0,96745
04-01-2016,29.0,80.0,0.0,3.6,2.0,96745
05-01-2016,28.6,83.0,0.0,3.0,1.0,96745
06-01-2016,28.8,77.0,11.6,4.0,1.0,96745
07-01-2016,29.7,76.0,0.3,6.2,2.0,96745
08-01-2016,29.6,78.0,0.0,8.6,2.0,96745
09-01-2016,29.0,81.0,0.0,9.5,2.0,96745
10-01-2016,29.1,76.0,0.0,8.2,2.0,96745
11-01-2016,29.8,74.0,0.0,5.8,1.0,96745
12-01-2016,28.5,82.0,0.0,7.0,1.0,96745
13-01-2016,28.2,82.0,5.5,0.8,1.0,96745
14-01-2016,29.0,78.0,1.2,3.4,1.0,96745
15-01-2016,29.4,79.0,0.0,6.0,1.0,96745
16-01-2016,29.2,77.0,0.2,3.0,1.0,96745
17-01-2016,29.2,76.0,0.0,0.0,1.0,96745
18-01-2016,29.4,76.0,0.0,5.3,2.0,96745
19-01-2016,28.7,77.0,0.0,3.0,1.0,96745
20-01-2016,28.0,80.0,30.5,7.0,1.0,96745
21-01-2016,28.1,82.0,0.2,1.0,1.0,96745
22-01-2016,29.0,83.0,1.8,0.4,1.0,96745
23-01-2016,26.7,87.0,11.4,0.5,1.0,96745
24-01-2016,27.7,86.0,14.7,0.5,1.0,96745
25-01-2016,25.9,92.0,30.8,3.0,0.0,96745
26-01-2016,27.8,84.0,6.7,0.0,1.0,96745
27-01-2016,29.0,81.0,0.1,3.6,2.0,96745
28-01-2016,28.9,81.0,6.6,5.0,2.0,96745
29-01-2016,29.0,79.0,0.0,2.6,2.0,96745
01-02-2016,27.7,85.0,7.0,1.6,1.0,96745
02-02-2016,27.9,85.0,62.2,0.3,2.0,96745
03-02-2016,28.5,72.0,1.8,2.7,2.0,96745
05-02-2016,28.6,79.0,5.9,0.0,1.0,96745
06-02-2016,28.1,85.0,2.5,0.0,1.0,96745
07-02-2016,28.0,85.0,6.9,3.5,2.0,96745
08-02-2016,27.4,86.0,3.6,5.2,2.0,96745
09-02-2016,26.6,89.0,11.8,2.7,2.0,96745
11-02-2016,27.8,83.0,0.0,0.0,1.0,96745
12-02-2016,26.6,87.0,12.6,0.1,1.0,96745
13-02-2016,27.9,80.0,14.4,1.7,1.0,96745
14-02-2016,27.5,82.0,0.1,2.5,2.0,96745
15-02-2016,27.9,85.0,4.8,5.7,1.0,96745
16-02-2016,27.9,81.0,0.0,5.5,1.0,96745
17-02-2016,27.0,85.0,54.1,0.0,1.0,96745
18-02-2016,28.3,79.0,0.6,1.8,1.0,96745
19-02-2016,28.4,81.0,0.0,6.6,1.0,96745
20-02-2016,28.6,81.0,0.0,1.0,1.0,96745
21-02-2016,28.4,79.0,0.0,0.0,2.0,96745
22-02-2016,28.6,79.0,1.1,4.6,2.0,96745
23-02-2016,28.9,79.0,0.1,3.8,2.0,96745
24-02-2016,28.2,81.0,0.0,6.0,2.0,96745
25-02-2016,26.6,88.0,98.5,1.0,2.0,96745
26-02-2016,26.5,87.0,115.0,1.2,1.0,96745
27-02-2016,27.9,80.0,3.0,0.8,1.0,96745
28-02-2016,26.5,92.0,52.4,4.0,0.0,96745
29-02-2016,26.9,87.0,6.1,0.0,2.0,96745
01-03-2016,26.9,86.0,22.3,0.0,2.0,96745
02-03-2016,27.6,86.0,27.0,0.0,1.0,96745
03-03-2016,28.4,81.0,8.8,1.0,2.0,96745
04-03-2016,28.4,84.0,11.0,7.3,2.0,96745
05-03-2016,27.9,85.0,33.5,4.7,1.0,96745
06-03-2016,28.9,82.0,0.0,4.6,2.0,96745
07-03-2016,28.7,81.0,12.4,5.0,1.0,96745
08-03-2016,29.1,83.0,5.0,9.5,2.0,96745
09-03-2016,29.1,78.0,0.0,4.6,1.0,96745
10-03-2016,28.6,81.0,0.6,8.0,1.0,96745
11-03-2016,28.9,78.0,1.5,5.0,1.0,96745
12-03-2016,28.9,74.0,0.0,5.5,1.0,96745
14-03-2016,29.4,79.0,0.0,8.4,2.0,96745
15-03-2016,27.8,84.0,2.5,1.8,1.0,96745
16-03-2016,28.5,84.0,40.9,5.7,1.0,96745
17-03-2016,29.6,78.0,5.2,6.4,2.0,96745
18-03-2016,28.1,83.0,10.5,5.7,1.0,96745
19-03-2016,29.3,80.0,0.0,0.3,2.0,96745
20-03-2016,28.3,89.0,90.8,2.0,2.0,96745
21-03-2016,29.1,83.0,0.0,2.0,1.0,96745
23-03-2016,28.6,77.0,5.5,2.6,2.0,96745
24-03-2016,29.0,74.0,0.0,1.5,1.0,96745
26-03-2016,27.6,85.0,8.8,3.7,1.0,96745
27-03-2016,28.5,79.0,0.2,3.5,2.0,96745
28-03-2016,29.2,76.0,0.0,9.3,2.0,96745
29-03-2016,27.8,83.0,57.0,7.0,1.0,96745
30-03-2016,28.0,82.0,0.4,6.5,1.0,96745
31-03-2016,27.7,86.0,6.2,0.0,1.0,96745
02-04-2016,28.7,79.0,0.0,7.0,1.0,96745
03-04-2016,29.4,76.0,0.0,7.5,2.0,96745
04-04-2016,30.1,72.0,0.0,9.0,1.0,96745
07-04-2016,30.1,75.0,0.0,8.0,2.0,96745
08-04-2016,30.1,75.0,0.0,7.2,2.0,96745
09-04-2016,29.8,74.0,0.0,5.0,2.0,96745
10-04-2016,29.3,78.0,3.3,4.2,2.0,96745
11-04-2016,29.7,77.0,0.0,3.0,1.0,96745
12-04-2016,29.1,76.0,0.0,6.5,2.0,96745
14-04-2016,29.5,76.0,0.0,4.5,1.0,96745
15-04-2016,28.9,81.0,5.4,6.0,1.0,96745
17-04-2016,28.9,82.0,0.0,5.8,2.0,96745
18-04-2016,29.0,81.0,45.4,5.0,1.0,96745
19-04-2016,29.4,80.0,13.7,5.0,2.0,96745
20-04-2016,28.8,79.0,8.0,5.8,1.0,96745
21-04-2016,27.7,86.0,124.5,5.2,1.0,96745
22-04-2016,29.4,77.0,2.0,4.0,2.0,96745
23-04-2016,30.0,75.0,0.0,7.0,2.0,96745
24-04-2016,29.7,74.0,0.0,4.0,1.0,96745
26-04-2016,27.7,86.0,0.7,5.2,1.0,96745
27-04-2016,29.1,77.0,1.0,0.0,1.0,96745
29-04-2016,29.4,75.0,0.0,5.7,1.0,96745
30-04-2016,29.7,76.0,0.0,3.5,1.0,96745
01-05-2016,29.1,80.0,1.4,3.0,2.0,96745
02-05-2016,29.9,74.0,0.0,7.6,1.0,96745
03-05-2016,29.9,77.0,2.6,3.7,1.0,96745
04-05-2016,30.3,74.0,0.0,6.3,2.0,96745
05-05-2016,28.2,84.0,0.0,6.3,0.0,96745
06-05-2016,28.8,80.0,5.8,0.0,0.0,96745
07-05-2016,29.4,77.0,0.0,4.5,1.0,96745
08-05-2016,28.6,81.0,0.5,5.6,1.0,96745
10-05-2016,29.6,76.0,1.0,4.0,1.0,96745
11-05-2016,30.0,77.0,0.0,6.6,1.0,96745
12-05-2016,30.0,75.0,0.0,4.2,1.0,96745
13-05-2016,30.6,73.0,1.0,3.0,1.0,96745
14-05-2016,28.9,82.0,14.5,6.4,1.0,96745
15-05-2016,30.0,80.0,0.0,1.0,1.0,96745
16-05-2016,29.2,80.0,0.0,5.0,1.0,96745
17-05-2016,29.1,80.0,4.0,1.2,0.0,96745
18-05-2016,29.4,78.0,0.6,1.5,2.0,96745
19-05-2016,30.5,75.0,0.0,5.0,1.0,96745
20-05-2016,30.1,75.0,0.0,4.9,0.0,96745
21-05-2016,27.8,86.0,53.0,4.2,1.0,96745
22-05-2016,28.6,82.0,5.6,4.0,1.0,96745
24-05-2016,29.0,83.0,19.5,4.2,1.0,96745
25-05-2016,29.4,77.0,4.4,6.5,1.0,96745
26-05-2016,29.3,77.0,0.0,5.0,1.0,96745
27-05-2016,28.6,84.0,0.0,0.4,1.0,96745
29-05-2016,27.1,86.0,0.0,3.0,0.0,96745
30-05-2016,27.5,85.0,2.5,0.0,0.0,96745
02-06-2016,30.0,76.0,0.0,6.4,1.0,96745
03-06-2016,29.3,73.0,0.0,5.5,1.0,96745
05-06-2016,28.4,81.0,0.0,6.4,1.0,96745
06-06-2016,28.3,79.0,0.0,1.0,0.0,96745
07-06-2016,28.9,77.0,1.6,4.0,1.0,96745
09-06-2016,29.0,77.0,0.0,6.5,1.0,96745
10-06-2016,29.0,80.0,31.0,2.0,1.0,96745
11-06-2016,29.3,76.0,0.0,6.2,2.0,96745
12-06-2016,29.1,74.0,0.0,6.9,1.0,96745
13-06-2016,29.6,75.0,0.0,6.0,0.0,96745
14-06-2016,28.4,76.0,0.0,2.8,1.0,96745
15-06-2016,27.7,80.0,0.0,0.0,2.0,96745
16-06-2016,29.3,73.0,0.0,2.2,2.0,96745
17-06-2016,29.5,77.0,0.2,5.6,2.0,96745
18-06-2016,25.0,85.0,57.2,3.0,0.0,96745
19-06-2016,28.0,78.0,4.2,0.0,1.0,96745
20-06-2016,28.4,78.0,0.0,4.0,1.0,96745
21-06-2016,29.5,73.0,0.0,1.0,1.0,96745
22-06-2016,28.1,80.0,5.5,4.0,1.0,96745
23-06-2016,28.3,78.0,0.2,3.7,1.0,96745
24-06-2016,29.2,77.0,6.4,5.5,1.0,96745
25-06-2016,27.5,81.0,59.0,4.0,1.0,96745
26-06-2016,27.9,80.0,0.0,5.0,2.0,96745
27-06-2016,28.3,77.0,21.0,4.6,1.0,96745
28-06-2016,28.7,74.0,0.0,2.0,1.0,96745
29-06-2016,28.8,76.0,0.0,2.4,1.0,96745
30-06-2016,28.8,79.0,15.8,0.2,1.0,96745
01-07-2016,28.1,85.0,3.0,4.4,1.0,96745
03-07-2016,29.1,76.0,0.0,4.3,1.0,96745
04-07-2016,28.4,82.0,59.0,4.3,1.0,96745
05-07-2016,29.2,79.0,0.0,5.4,2.0,96745
06-07-2016,29.1,78.0,0.5,4.5,1.0,96745
07-07-2016,29.7,76.0,0.0,7.2,2.0,96745
08-07-2016,28.8,77.0,0.8,6.7,1.0,96745
09-07-2016,29.9,71.0,0.0,6.5,1.0,96745
10-07-2016,28.4,78.0,0.0,6.3,1.0,96745
11-07-2016,29.4,76.0,0.0,1.0,1.0,96745
12-07-2016,28.7,77.0,4.5,6.5,1.0,96745
13-07-2016,28.4,76.0,0.0,5.3,1.0,96745
14-07-2016,29.2,75.0,0.0,4.0,1.0,96745
15-07-2016,29.6,74.0,0.0,4.0,1.0,96745
16-07-2016,26.3,92.0,0.0,5.0,2.0,96745
17-07-2016,28.0,85.0,76.0,3.6,2.0,96745
18-07-2016,27.6,82.0,32.0,4.0,1.0,96745
19-07-2016,27.9,83.0,0.0,6.4,1.0,96745
20-07-2016,26.4,87.0,15.8,3.0,2.0,96745
21-07-2016,27.8,78.0,44.7,2.2,1.0,96745
22-07-2016,26.3,86.0,0.0,6.2,1.0,96745
23-07-2016,28.3,76.0,14.8,2.0,1.0,96745
24-07-2016,27.3,83.0,0.0,6.5,1.0,96745
25-07-2016,27.7,78.0,8.0,5.0,1.0,96745
26-07-2016,28.0,76.0,0.0,0.4,2.0,96745
27-07-2016,29.1,71.0,0.0,6.2,1.0,96745
28-07-2016,28.8,72.0,0.0,6.0,1.0,96745
29-07-2016,29.8,71.0,0.0,6.0,1.0,96745
30-07-2016,28.5,77.0,0.2,5.7,2.0,96745
31-07-2016,29.3,70.0,0.0,4.5,2.0,96745
01-08-2016,29.3,73.0,0.0,6.7,1.0,96745
02-08-2016,28.2,79.0,24.5,5.2,1.0,96745
03-08-2016,28.4,63.0,2.8,6.0,1.0,96745
04-08-2016,28.5,72.0,0.0,6.8,1.0,96745
05-08-2016,28.7,71.0,0.0,5.5,1.0,96745
06-08-2016,28.9,71.0,0.0,6.0,2.0,96745
07-08-2016,28.4,74.0,0.0,7.0,1.0,96745
08-08-2016,28.3,82.0,6.5,4.0,1.0,96745
09-08-2016,28.5,79.0,18.2,1.6,1.0,96745
10-08-2016,29.0,77.0,2.6,4.0,1.0,96745
11-08-2016,28.8,79.0,4.0,6.5,1.0,96745
13-08-2016,29.5,72.0,0.0,3.4,1.0,96745
14-08-2016,26.5,87.0,28.8,1.0,1.0,96745
15-08-2016,28.0,79.0,5.6,0.9,1.0,96745
16-08-2016,28.4,77.0,0.0,1.3,1.0,96745
17-08-2016,29.0,73.0,0.0,2.0,2.0,96745
18-08-2016,28.8,75.0,0.0,7.0,1.0,96745
19-08-2016,29.2,76.0,0.0,1.5,1.0,96745
20-08-2016,27.7,76.0,50.0,3.5,1.0,96745
21-08-2016,28.5,75.0,0.0,7.0,1.0,96745
23-08-2016,28.1,78.0,4.0,5.0,2.0,96745
24-08-2016,27.6,80.0,13.8,5.1,2.0,96745
25-08-2016,28.1,76.0,0.0,4.0,1.0,96745
26-08-2016,28.6,79.0,0.0,2.3,1.0,96745
28-08-2016,28.6,77.0,3.6,3.5,1.0,96745
29-08-2016,27.9,83.0,0.0,3.2,0.0,96745
30-08-2016,25.9,92.0,20.0,2.0,1.0,96745
31-08-2016,28.8,77.0,42.8,3.0,1.0,96745
01-09-2016,28.8,79.0,0.0,4.7,2.0,96745
03-09-2016,28.7,77.0,8.6,6.4,1.0,96745
04-09-2016,29.0,77.0,0.0,6.0,2.0,96745
05-09-2016,28.5,79.0,55.0,7.0,1.0,96745
06-09-2016,29.1,76.0,0.0,6.6,2.0,96745
07-09-2016,27.4,80.0,8.0,7.0,2.0,96745
08-09-2016,27.9,79.0,27.5,7.8,1.0,96745
09-09-2016,29.3,74.0,0.0,4.8,1.0,96745
10-09-2016,29.4,70.0,0.0,6.0,2.0,96745
11-09-2016,28.8,73.0,0.0,4.8,0.0,96745
12-09-2016,28.5,70.0,0.0,8.0,1.0,96745
13-09-2016,28.9,69.0,0.0,8.0,2.0,96745
14-09-2016,29.1,74.0,0.0,7.7,1.0,96745
15-09-2016,27.7,80.0,6.0,5.6,0.0,96745
16-09-2016,28.6,78.0,0.0,7.0,2.0,96745
17-09-2016,28.8,76.0,0.0,4.4,1.0,96745
18-09-2016,28.5,82.0,20.5,2.3,0.0,96745
19-09-2016,27.2,89.0,0.0,4.2,2.0,96745
20-09-2016,29.1,80.0,13.0,3.0,2.0,96745
21-09-2016,27.8,80.0,0.0,7.5,1.0,96745
22-09-2016,28.0,81.0,6.5,2.0,1.0,96745
23-09-2016,27.7,84.0,0.0,0.3,1.0,96745
24-09-2016,27.3,83.0,59.8,3.5,1.0,96745
25-09-2016,29.1,78.0,0.6,2.4,2.0,96745
26-09-2016,28.3,77.0,22.8,6.2,2.0,96745
27-09-2016,29.0,76.0,0.0,4.5,1.0,96745
29-09-2016,27.9,80.0,8.7,5.5,1.0,96745
14-10-2016,27.6,79.0,2.2,2.2,2.0,96745
15-10-2016,27.7,82.0,0.0,0.0,1.0,96745
22-10-2016,28.6,82.0,21.0,1.1,1.0,96745
23-10-2016,25.5,93.0,7.3,1.6,1.0,96745
24-10-2016,28.2,78.0,20.8,0.0,0.0,96745
25-10-2016,27.8,81.0,7.0,2.0,2.0,96745
26-10-2016,28.8,77.0,1.4,7.5,1.0,96745
28-10-2016,27.9,79.0,0.0,2.2,1.0,96745
29-10-2016,28.0,81.0,13.0,0.0,2.0,96745
01-11-2016,28.7,76.0,0.0,2.4,2.0,96745
02-11-2016,28.9,73.0,19.7,2.3,2.0,96745
03-11-2016,28.9,73.0,0.0,2.1,1.0,96745
04-11-2016,28.9,75.0,2.6,0.0,1.0,96745
06-11-2016,29.2,74.0,0.0,0.0,2.0,96745
07-11-2016,29.6,76.0,0.0,3.2,2.0,96745
08-11-2016,28.1,82.0,0.0,3.5,1.0,96745
09-11-2016,27.9,80.0,51.0,0.0,2.0,96745
10-11-2016,27.4,80.0,0.0,6.4,2.0,96745
11-11-2016,27.3,83.0,1.7,4.0,1.0,96745
12-11-2016,27.9,83.0,16.0,3.0,1.0,96745
13-11-2016,27.3,85.0,11.8,3.2,2.0,96745
14-11-2016,27.4,81.0,41.0,1.9,2.0,96745
15-11-2016,28.1,75.0,0.0,2.0,1.0,96745
16-11-2016,28.7,76.0,4.0,1.6,2.0,96745
18-11-2016,28.2,79.0,0.0,6.4,1.0,96745
19-11-2016,29.9,71.0,0.2,2.0,2.0,96745
20-11-2016,28.6,80.0,0.0,9.0,1.0,96745
21-11-2016,27.7,83.0,7.0,4.0,1.0,96745
22-11-2016,27.9,78.0,28.2,0.0,2.0,96745
23-11-2016,28.4,79.0,0.7,2.6,1.0,96745
24-11-2016,29.3,74.0,0.0,3.5,2.0,96745
25-11-2016,28.7,76.0,0.0,3.0,1.0,96745
26-11-2016,28.7,79.0,0.0,1.0,1.0,96745
27-11-2016,29.0,78.0,4.0,6.0,1.0,96745
28-11-2016,28.1,83.0,9.4,4.0,1.0,96745
29-11-2016,27.1,82.0,1.6,4.3,1.0,96745
30-11-2016,28.5,76.0,0.0,0.0,1.0,96745
01-12-2016,28.5,73.0,0.0,0.0,2.0,96745
03-12-2016,28.5,76.0,6.4,0.3,3.0,96745
04-12-2016,25.0,89.0,0.4,2.2,2.0,96745
05-12-2016,25.8,86.0,14.8,0.2,3.0,96745
06-12-2016,27.7,77.0,1.7,0.3,2.0,96745
07-12-2016,28.8,75.0,0.0,3.5,2.0,96745
09-12-2016,29.3,71.0,14.4,7.3,2.0,96745
10-12-2016,29.9,71.0,0.0,5.0,2.0,96745
11-12-2016,27.7,80.0,0.0,7.0,1.0,96745
12-12-2016,27.2,79.0,3.1,2.3,2.0,96745
13-12-2016,29.4,70.0,0.0,3.0,2.0,96745
14-12-2016,28.0,77.0,0.0,4.0,2.0,96745
15-12-2016,28.6,72.0,0.8,1.8,2.0,96745
16-12-2016,29.2,72.0,0.0,4.5,2.0,96745
17-12-2016,27.5,84.0,0.0,3.0,1.0,96745
18-12-2016,28.8,75.0,7.3,0.3,3.0,96745
19-12-2016,28.0,78.0,0.0,5.0,2.0,96745
20-12-2016,29.6,71.0,1.3,0.3,4.0,96745
21-12-2016,29.0,75.0,0.0,8.7,2.0,96745
22-12-2016,28.4,76.0,0.4,3.5,3.0,96745
23-12-2016,29.2,73.0,0.5,4.3,3.0,96745
24-12-2016,28.8,74.0,0.0,7.0,3.0,96745
25-12-2016,28.2,75.0,0.0,2.5,1.0,96745
27-12-2016,28.1,75.0,7.0,2.0,2.0,96745
28-12-2016,29.8,67.0,0.0,1.0,2.0,96745
29-12-2016,28.6,75.0,0.0,5.0,3.0,96745
30-12-2016,28.7,75.0,0.0,2.6,2.0,96745
31-12-2016,28.6,76.0,0.0,2.0,2.0,96745
01-01-2017,29.9,70.0,0.2,5.0,2.0,96745
02-01-2017,30.2,68.0,0.0,7.5,2.0,96745
03-01-2017,29.9,71.0,0.0,8.2,2.0,96745
04-01-2017,27.4,79.0,38.7,5.0,2.0,96745
07-01-2017,28.7,76.0,3.0,5.3,2.0,96745
08-01-2017,29.1,72.0,0.0,4.0,2.0,96745
09-01-2017,27.9,77.0,0.3,6.8,1.0,96745
10-01-2017,27.8,83.0,12.5,1.0,1.0,96745
11-01-2017,27.4,87.0,5.6,5.2,1.0,96745
12-01-2017,28.1,78.0,17.2,1.1,2.0,96745
13-01-2017,28.3,75.0,0.0,4.3,3.0,96745
14-01-2017,26.7,78.0,0.0,1.7,2.0,96745
15-01-2017,28.0,77.0,3.0,0.6,3.0,96745
16-01-2017,26.4,87.0,1.8,0.0,2.0,96745
17-01-2017,27.3,77.0,30.2,0.2,2.0,96745
19-01-2017,28.2,76.0,0.0,5.6,4.0,96745
20-01-2017,29.7,66.0,0.0,9.3,2.0,96745
21-01-2017,28.8,74.0,0.0,9.5,2.0,96745
22-01-2017,28.4,78.0,0.0,6.0,3.0,96745
23-01-2017,29.0,71.0,0.0,3.2,3.0,96745
24-01-2017,28.6,77.0,0.0,6.6,2.0,96745
25-01-2017,28.9,74.0,0.0,5.0,2.0,96745
26-01-2017,27.3,83.0,17.2,3.7,2.0,96745
28-01-2017,27.4,83.0,6.6,0.0,2.0,96745
29-01-2017,27.0,82.0,17.2,0.0,2.0,96745
30-01-2017,27.3,82.0,3.7,0.2,1.0,96745
31-01-2017,26.6,85.0,3.0,1.0,1.0,96745
01-02-2017,26.2,85.0,16.7,0.0,1.0,96745
02-02-2017,26.7,84.0,5.0,0.5,1.0,96745
03-02-2017,25.9,84.0,11.4,0.8,2.0,96745
04-02-2017,27.6,78.0,29.8,1.3,4.0,96745
06-02-2017,28.3,73.0,3.6,6.5,2.0,96745
07-02-2017,28.6,74.0,3.2,5.2,2.0,96745
08-02-2017,28.0,75.0,0.0,3.0,3.0,96745
09-02-2017,27.4,79.0,0.0,2.5,2.0,96745
10-02-2017,26.4,87.0,8.3,0.4,1.0,96745
11-02-2017,26.0,87.0,25.9,0.0,2.0,96745
12-02-2017,27.2,84.0,26.9,0.0,2.0,96745
13-02-2017,27.4,81.0,21.5,2.5,2.0,96745
15-02-2017,26.7,83.0,29.8,2.2,2.0,96745
16-02-2017,27.2,83.0,13.4,7.5,2.0,96745
17-02-2017,27.1,84.0,30.7,5.1,1.0,96745
18-02-2017,27.9,80.0,0.0,5.6,2.0,96745
19-02-2017,26.7,90.0,16.3,2.0,1.0,96745
20-02-2017,26.1,94.0,9.2,0.0,0.0,96745
23-02-2017,27.4,81.0,14.5,8.7,2.0,96745
24-02-2017,27.5,84.0,0.6,5.0,2.0,96745
25-02-2017,28.5,75.0,0.0,4.2,2.0,96745
26-02-2017,27.5,83.0,10.0,2.0,2.0,96745
27-02-2017,28.1,80.0,1.0,8.0,2.0,96745
28-02-2017,28.2,80.0,10.5,6.5,1.0,96745
01-03-2017,28.1,78.0,0.7,3.4,1.0,96745
02-03-2017,28.2,78.0,0.0,5.0,2.0,96745
04-03-2017,27.6,80.0,3.6,4.0,1.0,96745
06-03-2017,28.7,75.0,0.0,9.0,1.0,96745
07-03-2017,27.7,79.0,0.0,3.5,1.0,96745
08-03-2017,28.0,79.0,18.4,1.2,2.0,96745
09-03-2017,28.1,78.0,0.0,5.0,1.0,96745
10-03-2017,28.3,78.0,0.0,8.3,1.0,96745
11-03-2017,27.8,79.0,0.0,5.6,2.0,96745
12-03-2017,28.6,75.0,0.0,7.5,1.0,96745
13-03-2017,28.8,73.0,2.1,5.0,1.0,96745
15-03-2017,29.8,67.0,2.4,2.6,2.0,96745
16-03-2017,28.5,75.0,0.0,4.0,2.0,96745
18-03-2017,27.0,82.0,6.0,3.2,1.0,96745
19-03-2017,27.9,79.0,7.4,0.3,2.0,96745
20-03-2017,27.6,80.0,0.5,6.0,1.0,96745
21-03-2017,28.1,81.0,13.0,1.0,1.0,96745
22-03-2017,27.4,84.0,13.5,4.0,2.0,96745
23-03-2017,25.9,86.0,16.0,1.2,1.0,96745
24-03-2017,28.1,79.0,6.4,1.4,1.0,96745
25-03-2017,28.6,79.0,0.0,9.0,1.0,96745
26-03-2017,28.6,80.0,0.0,0.8,1.0,96745
27-03-2017,27.4,80.0,18.4,1.8,1.0,96745
28-03-2017,27.4,82.0,0.0,7.3,1.0,96745
29-03-2017,28.8,76.0,23.3,8.0,1.0,96745
30-03-2017,28.6,73.0,0.0,6.0,2.0,96745
31-03-2017,26.9,83.0,0.0,6.0,1.0,96745
01-04-2017,27.9,79.0,10.2,0.4,1.0,96745
02-04-2017,27.3,84.0,49.6,5.0,1.0,96745
03-04-2017,27.8,78.0,13.3,4.0,1.0,96745
05-04-2017,28.7,73.0,0.0,6.3,3.0,96745
06-04-2017,28.6,73.0,0.0,6.5,2.0,96745
07-04-2017,28.5,74.0,0.0,5.0,3.0,96745
08-04-2017,27.4,78.0,7.1,1.0,2.0,96745
09-04-2017,28.8,75.0,0.0,2.1,2.0,96745
10-04-2017,29.4,75.0,2.6,6.0,1.0,96745
11-04-2017,28.3,82.0,18.0,7.7,2.0,96745
12-04-2017,27.9,79.0,19.5,3.2,2.0,96745
13-04-2017,28.4,81.0,2.4,3.0,1.0,96745
14-04-2017,28.6,78.0,0.0,2.4,1.0,96745
15-04-2017,28.9,79.0,0.0,4.1,1.0,96745
16-04-2017,28.7,78.0,0.4,6.0,1.0,96745
17-04-2017,29.0,79.0,0.0,0.0,1.0,96745
18-04-2017,28.7,80.0,0.0,4.5,1.0,96745
19-04-2017,27.9,80.0,0.0,3.5,1.0,96745
20-04-2017,29.2,74.0,7.5,6.5,1.0,96745
21-04-2017,29.0,79.0,0.0,6.7,1.0,96745
22-04-2017,28.5,81.0,0.6,3.0,1.0,96745
23-04-2017,28.8,74.0,6.3,4.5,1.0,96745
24-04-2017,29.5,75.0,0.0,2.0,1.0,96745
25-04-2017,29.8,73.0,0.4,6.0,1.0,96745
26-04-2017,27.9,81.0,0.0,6.5,1.0,96745
27-04-2017,28.3,78.0,0.0,1.0,1.0,96745
28-04-2017,28.3,76.0,18.6,3.7,2.0,96745
29-04-2017,29.7,79.0,0.0,6.0,1.0,96745
01-05-2017,28.5,78.0,0.0,5.6,2.0,96745
02-05-2017,28.0,81.0,32.0,6.5,1.0,96745
03-05-2017,29.0,80.0,4.0,5.6,1.0,96745
04-05-2017,29.0,78.0,46.5,3.0,1.0,96745
05-05-2017,28.9,78.0,0.0,5.4,2.0,96745
06-05-2017,27.8,83.0,3.7,5.0,1.0,96745
07-05-2017,27.8,82.0,5.6,4.0,1.0,96745
09-05-2017,29.1,77.0,0.0,4.2,1.0,96745
10-05-2017,28.9,75.0,0.0,3.0,1.0,96745
11-05-2017,28.2,76.0,0.0,0.1,1.0,96745
12-05-2017,28.8,76.0,0.0,0.0,1.0,96745
13-05-2017,29.4,74.0,0.0,6.4,1.0,96745
14-05-2017,29.1,73.0,2.0,5.0,1.0,96745
15-05-2017,30.3,67.0,0.0,4.8,1.0,96745
16-05-2017,29.8,74.0,0.0,6.5,1.0,96745
17-05-2017,29.8,77.0,0.0,5.3,1.0,96745
18-05-2017,30.1,72.0,0.0,4.7,1.0,96745
19-05-2017,30.1,73.0,0.0,5.5,1.0,96745
20-05-2017,29.6,72.0,0.0,6.2,1.0,96745
21-05-2017,29.9,70.0,0.0,6.6,2.0,96745
22-05-2017,29.3,75.0,31.0,0.0,1.0,96745
23-05-2017,29.5,73.0,0.0,6.0,1.0,96745
24-05-2017,29.2,74.0,0.0,6.0,1.0,96745
25-05-2017,29.4,69.0,0.0,4.0,1.0,96745
26-05-2017,28.9,74.0,0.0,5.2,1.0,96745
27-05-2017,29.7,75.0,0.0,6.5,1.0,96745
28-05-2017,29.0,76.0,0.0,2.2,1.0,96745
29-05-2017,27.0,86.0,4.2,1.2,1.0,96745
30-05-2017,28.0,82.0,6.0,0.0,1.0,96745
31-05-2017,29.9,74.0,0.0,2.0,1.0,96745
01-06-2017,28.2,73.0,0.0,5.5,1.0,96745
03-06-2017,29.0,80.0,0.0,0.0,1.0,96745
04-06-2017,29.0,75.0,0.0,3.5,1.0,96745
05-06-2017,29.1,76.0,0.0,6.0,2.0,96745
06-06-2017,28.5,78.0,23.0,4.0,1.0,96745
07-06-2017,29.3,75.0,0.0,4.0,2.0,96745
08-06-2017,29.3,73.0,0.0,6.0,2.0,96745
09-06-2017,29.7,74.0,0.0,6.5,1.0,96745
10-06-2017,29.4,77.0,0.0,6.5,1.0,96745
11-06-2017,28.6,81.0,19.2,6.0,1.0,96745
12-06-2017,29.7,75.0,0.0,5.5,2.0,96745
13-06-2017,30.0,75.0,0.0,5.5,2.0,96745
14-06-2017,27.7,80.0,32.6,3.0,1.0,96745
15-06-2017,28.9,79.0,0.0,1.7,1.0,96745
16-06-2017,29.3,78.0,3.5,3.0,2.0,96745
17-06-2017,29.6,74.0,0.0,6.5,1.0,96745
18-06-2017,28.7,75.0,0.0,6.5,1.0,96745
20-06-2017,28.9,72.0,0.0,6.3,1.0,96745
22-06-2017,28.2,79.0,0.0,4.8,1.0,96745
24-06-2017,27.4,84.0,0.0,1.0,1.0,96745
25-06-2017,28.1,78.0,0.1,0.0,2.0,96745
26-06-2017,28.0,81.0,2.6,4.8,2.0,96745
27-06-2017,27.6,77.0,12.0,4.0,1.0,96745
28-06-2017,28.6,80.0,0.0,6.4,2.0,96745
29-06-2017,28.1,78.0,0.0,6.4,2.0,96745
30-06-2017,26.9,86.0,45.5,6.3,1.0,96745
01-07-2017,28.2,78.0,10.6,2.1,1.0,96745
02-07-2017,29.1,74.0,0.0,6.5,2.0,96745
03-07-2017,29.2,77.0,0.0,6.3,1.0,96745
04-07-2017,29.8,74.0,0.0,6.5,1.0,96745
05-07-2017,29.9,73.0,0.0,6.5,1.0,96745
06-07-2017,28.2,72.0,0.0,6.2,1.0,96745
07-07-2017,28.8,73.0,0.0,2.8,1.0,96745
08-07-2017,29.2,72.0,0.0,5.7,1.0,96745
09-07-2017,29.1,70.0,0.0,5.3,1.0,96745
10-07-2017,28.2,76.0,0.0,6.0,1.0,96745
11-07-2017,28.1,79.0,16.7,4.8,1.0,96745
12-07-2017,28.0,78.0,0.0,2.2,1.0,96745
13-07-2017,27.9,78.0,11.0,3.2,1.0,96745
14-07-2017,28.4,75.0,0.0,3.0,1.0,96745
15-07-2017,28.7,71.0,0.0,1.1,0.0,96745
16-07-2017,27.8,72.0,0.0,0.0,1.0,96745
17-07-2017,28.0,62.0,0.0,2.0,1.0,96745
18-07-2017,27.9,71.0,0.0,5.7,1.0,96745
19-07-2017,28.0,78.0,0.0,0.0,1.0,96745
20-07-2017,28.3,79.0,0.2,6.2,1.0,96745
21-07-2017,27.7,80.0,81.4,5.0,1.0,96745
22-07-2017,29.2,74.0,0.0,4.2,2.0,96745
23-07-2017,28.6,81.0,0.0,5.2,0.0,96745
24-07-2017,28.3,76.0,0.0,3.3,1.0,96745
26-07-2017,29.0,62.0,0.0,6.5,1.0,96745
27-07-2017,28.5,71.0,0.0,5.6,1.0,96745
28-07-2017,28.8,73.0,0.0,5.0,2.0,96745
30-07-2017,29.2,74.0,0.0,6.4,2.0,96745
31-07-2017,29.0,78.0,0.0,6.1,1.0,96745
01-08-2017,28.3,63.0,0.0,5.8,1.0,96745
02-08-2017,28.3,64.0,0.0,5.2,2.0,96745
03-08-2017,28.2,67.0,0.0,6.3,1.0,96745
04-08-2017,28.3,66.0,0.0,6.5,1.0,96745
05-08-2017,28.7,70.0,0.0,6.4,2.0,96745
06-08-2017,29.0,71.0,0.0,5.6,1.0,96745
07-08-2017,28.9,72.0,0.0,6.0,2.0,96745
08-08-2017,28.9,72.0,0.0,6.4,2.0,96745
09-08-2017,28.6,73.0,0.0,6.6,2.0,96745
10-08-2017,27.9,76.0,0.0,2.0,1.0,96745
11-08-2017,28.9,75.0,0.0,7.0,1.0,96745
12-08-2017,28.9,77.0,0.0,4.2,2.0,96745
13-08-2017,28.7,77.0,0.0,6.0,1.0,96745
14-08-2017,28.8,76.0,0.0,3.4,2.0,96745
16-08-2017,27.9,62.0,0.0,2.2,1.0,96745
17-08-2017,28.5,68.0,0.0,6.7,2.0,96745
18-08-2017,29.3,67.0,0.0,5.5,2.0,96745
19-08-2017,29.7,66.0,0.0,5.2,2.0,96745
20-08-2017,29.0,70.0,0.0,6.6,1.0,96745
21-08-2017,29.0,67.0,0.0,3.5,2.0,96745
22-08-2017,28.6,68.0,0.0,6.5,1.0,96745
23-08-2017,29.1,66.0,0.0,3.6,2.0,96745
24-08-2017,29.4,63.0,0.0,4.6,2.0,96745
25-08-2017,29.2,63.0,0.0,7.0,2.0,96745
26-08-2017,29.3,59.0,0.0,4.0,2.0,96745
27-08-2017,28.5,64.0,0.0,4.2,3.0,96745
28-08-2017,29.2,64.0,0.0,7.0,2.0,96745
29-08-2017,27.9,74.0,0.0,6.0,2.0,96745
30-08-2017,28.0,76.0,0.8,2.5,1.0,96745
31-08-2017,28.4,78.0,0.0,7.2,1.0,96745
01-09-2017,28.6,69.0,0.0,5.8,1.0,96745
02-09-2017,28.9,68.0,0.0,5.2,1.0,96745
03-09-2017,29.2,66.0,0.0,6.3,1.0,96745
04-09-2017,28.9,69.0,0.0,7.5,2.0,96745
05-09-2017,29.2,72.0,0.0,5.9,1.0,96745
06-09-2017,29.4,68.0,0.0,3.0,1.0,96745
07-09-2017,29.5,66.0,0.0,7.5,1.0,96745
08-09-2017,29.5,67.0,0.0,7.5,1.0,96745
09-09-2017,29.1,74.0,0.0,9.0,2.0,96745
10-09-2017,28.9,73.0,0.0,9.0,1.0,96745
11-09-2017,28.6,78.0,12.5,8.0,1.0,96745
12-09-2017,28.6,77.0,0.0,6.0,2.0,96745
13-09-2017,27.8,72.0,0.0,5.5,2.0,96745
14-09-2017,29.1,70.0,0.0,7.0,1.0,96745
15-09-2017,29.1,70.0,0.0,9.4,1.0,96745
16-09-2017,30.5,64.0,0.0,9.0,1.0,96745
17-09-2017,29.9,69.0,0.0,9.4,1.0,96745
18-09-2017,29.4,66.0,0.0,8.5,2.0,96745
19-09-2017,29.5,70.0,0.0,8.0,2.0,96745
20-09-2017,28.2,75.0,18.0,7.0,2.0,96745
21-09-2017,27.2,79.0,27.0,6.6,1.0,96745
22-09-2017,28.6,69.0,0.0,8.0,1.0,96745
23-09-2017,29.0,68.0,0.0,9.3,1.0,96745
24-09-2017,28.0,78.0,0.0,8.0,1.0,96745
25-09-2017,28.6,74.0,1.5,0.4,1.0,96745
27-09-2017,25.6,89.0,71.0,6.0,1.0,96745
28-09-2017,28.0,81.0,26.8,0.0,1.0,96745
29-09-2017,29.4,77.0,9.0,4.5,2.0,96745
30-09-2017,29.1,75.0,0.0,7.0,1.0,96745
01-10-2017,28.0,78.0,0.0,7.5,2.0,96745
02-10-2017,28.7,79.0,30.6,3.7,1.0,96745
03-10-2017,28.8,78.0,1.0,6.0,1.0,96745
04-10-2017,28.0,79.0,0.3,5.0,1.0,96745
05-10-2017,29.8,74.0,0.0,7.8,2.0,96745
06-10-2017,29.6,76.0,0.0,8.0,1.0,96745
07-10-2017,29.9,70.0,0.0,8.0,2.0,96745
08-10-2017,29.1,72.0,0.0,7.0,1.0,96745
09-10-2017,29.0,77.0,0.0,8.0,1.0,96745
10-10-2017,28.5,78.0,3.1,3.0,1.0,96745
11-10-2017,29.4,76.0,0.0,0.7,1.0,96745
12-10-2017,28.7,76.0,0.0,6.8,1.0,96745
14-10-2017,29.4,73.0,0.0,7.0,2.0,96745
16-10-2017,28.4,77.0,0.0,6.3,2.0,96745
17-10-2017,28.5,74.0,5.2,2.0,2.0,96745
18-10-2017,28.9,75.0,0.0,3.0,1.0,96745
19-10-2017,27.5,83.0,4.2,4.0,1.0,96745
20-10-2017,28.7,75.0,6.0,3.0,1.0,96745
21-10-2017,30.0,73.0,0.0,8.0,1.0,96745
22-10-2017,30.1,72.0,0.0,7.8,1.0,96745
23-10-2017,27.7,73.0,0.0,8.3,1.0,96745
24-10-2017,29.3,73.0,50.0,5.7,2.0,96745
25-10-2017,28.8,74.0,0.0,8.3,1.0,96745
26-10-2017,29.6,70.0,0.0,7.0,1.0,96745
27-10-2017,29.3,69.0,0.0,4.8,1.0,96745
29-10-2017,28.5,81.0,12.0,0.3,1.0,96745
30-10-2017,28.9,75.0,0.0,3.0,1.0,96745
31-10-2017,29.7,68.0,0.0,8.0,2.0,96745
01-11-2017,29.1,69.0,0.0,7.8,2.0,96745
02-11-2017,29.2,70.0,0.0,5.0,2.0,96745
03-11-2017,29.5,73.0,0.0,7.0,1.0,96745
04-11-2017,29.0,76.0,0.0,5.0,1.0,96745
05-11-2017,29.4,75.0,16.5,2.6,2.0,96745
06-11-2017,29.1,79.0,4.0,8.0,2.0,96745
07-11-2017,27.5,83.0,7.0,7.2,1.0,96745
09-11-2017,28.2,80.0,0.0,3.0,2.0,96745
10-11-2017,28.2,76.0,10.0,1.0,1.0,96745
11-11-2017,28.5,74.0,0.0,7.3,2.0,96745
12-11-2017,28.3,80.0,0.0,5.0,1.0,96745
13-11-2017,27.8,81.0,1.0,3.0,2.0,96745
14-11-2017,28.0,86.0,60.7,2.3,2.0,96745
15-11-2017,27.8,83.0,4.5,2.2,1.0,96745
16-11-2017,27.6,80.0,0.0,0.5,1.0,96745
17-11-2017,27.7,82.0,4.8,2.5,1.0,96745
18-11-2017,28.1,82.0,5.5,5.0,1.0,96745
19-11-2017,27.2,85.0,0.0,3.3,1.0,96745
20-11-2017,29.7,70.0,24.0,0.0,2.0,96745
21-11-2017,28.1,72.0,0.0,5.2,1.0,96745
23-11-2017,29.5,75.0,12.3,3.7,2.0,96745
24-11-2017,29.8,69.0,0.0,6.4,2.0,96745
25-11-2017,29.9,70.0,0.0,7.0,1.0,96745
26-11-2017,27.1,85.0,0.0,4.0,1.0,96745
27-11-2017,26.5,85.0,22.0,1.0,3.0,96745
28-11-2017,27.0,82.0,6.0,0.2,3.0,96745
30-11-2017,26.2,87.0,17.1,1.0,1.0,96745
01-12-2017,27.4,77.0,28.4,0.0,2.0,96745
02-12-2017,28.7,72.0,0.0,0.8,2.0,96745
03-12-2017,29.2,72.0,0.0,4.0,3.0,96745
04-12-2017,29.5,70.0,0.0,8.0,2.0,96745
05-12-2017,29.7,68.0,0.0,8.0,2.0,96745
06-12-2017,29.2,71.0,0.0,4.2,1.0,96745
07-12-2017,29.3,73.0,0.0,6.8,2.0,96745
08-12-2017,28.9,74.0,0.0,8.4,2.0,96745
09-12-2017,29.2,75.0,17.4,8.0,2.0,96745
10-12-2017,28.5,79.0,1.5,5.0,2.0,96745
12-12-2017,27.0,86.0,90.7,0.0,1.0,96745
13-12-2017,27.1,80.0,78.4,0.0,2.0,96745
14-12-2017,27.5,78.0,0.0,0.0,1.0,96745
15-12-2017,28.1,75.0,0.0,0.0,2.0,96745
16-12-2017,26.8,84.0,0.0,4.2,1.0,96745
17-12-2017,26.9,82.0,5.0,0.0,2.0,96745
19-12-2017,27.3,82.0,15.3,0.0,2.0,96745
20-12-2017,26.8,86.0,4.6,1.5,2.0,96745
21-12-2017,26.5,86.0,6.8,1.0,1.0,96745
22-12-2017,28.1,78.0,6.0,0.0,2.0,96745
23-12-2017,28.4,71.0,0.0,4.4,2.0,96745
24-12-2017,29.6,66.0,0.0,3.5,2.0,96745
25-12-2017,29.4,65.0,0.0,6.8,2.0,96745
26-12-2017,28.7,75.0,0.0,8.4,1.0,96745
27-12-2017,28.7,78.0,0.0,6.2,1.0,96745
28-12-2017,28.5,71.0,0.0,0.8,2.0,96745
29-12-2017,28.6,74.0,0.0,2.5,1.0,96745
30-12-2017,28.5,80.0,0.0,2.1,0.0,96745
31-12-2017,27.6,83.0,0.0,0.0,1.0,96745
01-01-2018,28.6,78.0,46.4,5.8,1.0,96745
02-01-2018,29.8,69.0,0.0,8.5,1.0,96745
03-01-2018,28.4,77.0,0.0,6.0,1.0,96745
04-01-2018,29.3,75.0,1.0,5.9,1.0,96745
05-01-2018,28.9,68.0,0.5,5.5,3.0,96745
06-01-2018,28.9,69.0,0.0,2.0,3.0,96745
08-01-2018,28.6,74.0,0.0,0.0,2.0,96745
09-01-2018,28.4,76.0,0.0,2.0,2.0,96745
11-01-2018,28.4,72.0,0.0,7.0,2.0,96745
13-01-2018,29.1,65.0,0.0,2.6,2.0,96745
14-01-2018,26.2,83.0,14.3,3.8,2.0,96745
15-01-2018,25.8,85.0,14.5,1.3,1.0,96745
16-01-2018,27.4,72.0,21.8,2.0,2.0,96745
19-01-2018,26.3,82.0,44.7,0.0,3.0,96745
20-01-2018,26.8,81.0,3.2,0.2,2.0,96745
21-01-2018,28.1,76.0,8.2,2.0,3.0,96745
22-01-2018,26.8,81.0,1.0,3.0,2.0,96745
23-01-2018,27.7,79.0,5.9,0.2,2.0,96745
24-01-2018,27.3,82.0,6.3,6.8,2.0,96745
25-01-2018,27.0,74.0,22.2,3.0,3.0,96745
26-01-2018,28.6,70.0,0.0,1.0,2.0,96745
27-01-2018,27.8,75.0,4.5,2.7,2.0,96745
28-01-2018,26.5,81.0,2.4,2.0,2.0,96745
29-01-2018,26.8,80.0,4.0,1.0,2.0,96745
30-01-2018,27.4,80.0,11.0,6.0,2.0,96745
31-01-2018,27.7,79.0,3.5,3.0,2.0,96745
01-02-2018,27.4,82.0,2.5,4.5,1.0,96745
02-02-2018,28.6,76.0,2.5,3.5,1.0,96745
03-02-2018,27.4,78.0,50.7,5.0,1.0,96745
04-02-2018,27.3,86.0,33.0,2.5,2.0,96745
05-02-2018,25.9,85.0,66.0,4.2,1.0,96745
06-02-2018,26.0,87.0,44.0,0.0,2.0,96745
07-02-2018,26.0,85.0,12.1,2.5,1.0,96745
08-02-2018,26.9,84.0,5.0,0.3,2.0,96745
09-02-2018,26.6,86.0,8.3,2.8,2.0,96745
10-02-2018,27.3,77.0,5.4,4.6,2.0,96745
11-02-2018,27.2,83.0,0.0,8.0,2.0,96745
12-02-2018,27.2,81.0,18.6,3.0,3.0,96745
13-02-2018,27.9,76.0,7.0,5.7,2.0,96745
15-02-2018,25.6,89.0,3.2,1.3,1.0,96745
16-02-2018,27.2,83.0,104.6,0.0,2.0,96745
17-02-2018,27.1,81.0,0.0,6.2,2.0,96745
18-02-2018,27.3,79.0,2.8,1.0,2.0,96745
19-02-2018,27.1,90.0,1.0,7.3,1.0,96745
20-02-2018,27.6,83.0,2.0,2.3,1.0,96745
21-02-2018,27.5,82.0,1.2,4.4,1.0,96745
22-02-2018,27.3,84.0,1.2,5.7,1.0,96745
23-02-2018,27.7,80.0,0.0,0.6,2.0,96745
24-02-2018,27.6,79.0,0.0,3.3,2.0,96745
25-02-2018,27.5,83.0,5.0,8.0,2.0,96745
26-02-2018,27.0,84.0,19.1,8.0,2.0,96745
27-02-2018,27.7,83.0,32.2,2.3,2.0,96745
28-02-2018,27.0,84.0,3.8,4.7,1.0,96745
01-03-2018,27.6,86.0,2.4,1.2,1.0,96745
02-03-2018,27.8,81.0,0.2,3.4,1.0,96745
03-03-2018,28.7,84.0,0.0,8.0,2.0,96745
04-03-2018,28.3,80.0,4.5,2.0,1.0,96745
05-03-2018,27.4,80.0,3.0,4.0,2.0,96745
06-03-2018,27.8,83.0,0.0,1.4,1.0,96745
07-03-2018,27.9,80.0,5.5,0.0,2.0,96745
08-03-2018,27.7,82.0,8.0,3.8,1.0,96745
09-03-2018,28.1,80.0,0.4,0.0,2.0,96745
10-03-2018,27.9,82.0,26.2,4.7,1.0,96745
11-03-2018,28.0,84.0,1.6,4.6,2.0,96745
12-03-2018,27.9,81.0,16.4,6.2,2.0,96745
14-03-2018,28.4,76.0,0.0,0.5,1.0,96745
15-03-2018,28.8,79.0,1.0,6.6,1.0,96745
16-03-2018,28.6,77.0,0.0,8.0,1.0,96745
18-03-2018,27.3,81.0,36.6,0.0,1.0,96745
19-03-2018,27.8,81.0,51.0,7.5,2.0,96745
20-03-2018,27.3,83.0,2.0,6.5,1.0,96745
21-03-2018,27.6,75.0,1.2,7.0,2.0,96745
22-03-2018,27.3,80.0,0.0,1.0,1.0,96745
23-03-2018,27.6,80.0,8.4,3.8,1.0,96745
24-03-2018,27.4,79.0,0.0,6.5,2.0,96745
26-03-2018,28.1,80.0,8.6,1.8,2.0,96745
27-03-2018,27.1,82.0,0.0,4.5,1.0,96745
28-03-2018,27.9,75.0,13.4,3.0,2.0,96745
30-03-2018,28.8,73.0,11.6,9.0,2.0,96745
31-03-2018,29.9,71.0,0.0,9.0,2.0,96745
01-04-2018,29.6,74.0,0.0,8.5,1.0,96745
02-04-2018,28.6,76.0,0.0,6.2,1.0,96745
03-04-2018,28.0,81.0,4.0,5.0,1.0,96745
04-04-2018,27.5,79.0,52.3,6.0,1.0,96745
05-04-2018,28.9,77.0,0.0,8.7,2.0,96745
06-04-2018,28.4,81.0,1.0,5.8,1.0,96745
07-04-2018,29.6,74.0,0.0,6.0,2.0,96745
08-04-2018,28.0,78.0,7.5,7.5,2.0,96745
09-04-2018,27.5,82.0,3.6,5.7,1.0,96745
10-04-2018,29.3,73.0,0.0,4.2,1.0,96745
11-04-2018,29.7,73.0,0.0,6.5,1.0,96745
12-04-2018,29.7,74.0,0.0,7.5,2.0,96745
13-04-2018,30.1,76.0,0.0,6.0,2.0,96745
16-04-2018,29.3,74.0,0.0,3.2,1.0,96745
17-04-2018,28.6,79.0,0.0,5.0,1.0,96745
18-04-2018,28.6,79.0,9.0,3.0,1.0,96745
19-04-2018,29.1,77.0,0.0,3.5,1.0,96745
20-04-2018,28.8,79.0,4.1,1.5,1.0,96745
21-04-2018,29.1,77.0,0.0,4.6,1.0,96745
22-04-2018,29.4,74.0,0.0,5.0,1.0,96745
23-04-2018,26.6,91.0,10.2,6.0,0.0,96745
24-04-2018,27.2,87.0,18.3,0.0,1.0,96745
25-04-2018,26.1,91.0,1.5,0.0,1.0,96745
26-04-2018,26.5,89.0,15.8,0.0,1.0,96745
27-04-2018,28.7,77.0,1.9,1.6,1.0,96745
28-04-2018,29.3,75.0,1.4,6.8,1.0,96745
29-04-2018,28.8,81.0,28.5,6.5,1.0,96745
30-04-2018,28.7,74.0,0.0,6.4,2.0,96745
01-05-2018,29.1,72.0,0.0,6.5,2.0,96745
02-05-2018,28.9,72.0,0.0,7.0,1.0,96745
03-05-2018,28.5,76.0,0.0,6.5,1.0,96745
04-05-2018,29.4,73.0,7.8,4.0,1.0,96745
05-05-2018,29.8,72.0,0.0,4.6,1.0,96745
06-05-2018,30.1,70.0,0.0,6.0,1.0,96745
07-05-2018,30.0,67.0,0.0,5.7,2.0,96745
08-05-2018,29.7,71.0,0.0,6.6,2.0,96745
09-05-2018,30.2,69.0,0.0,6.5,1.0,96745
10-05-2018,30.1,66.0,0.0,6.8,2.0,96745
11-05-2018,29.6,69.0,0.0,6.3,2.0,96745
12-05-2018,29.1,70.0,0.0,6.3,1.0,96745
13-05-2018,30.2,70.0,0.0,6.5,1.0,96745
14-05-2018,30.5,67.0,0.0,6.0,1.0,96745
15-05-2018,29.3,74.0,0.0,6.4,1.0,96745
16-05-2018,30.1,73.0,0.0,4.2,1.0,96745
17-05-2018,29.2,76.0,0.0,2.0,0.0,96745
18-05-2018,29.5,75.0,0.0,1.0,1.0,96745
19-05-2018,28.6,78.0,0.0,6.3,2.0,96745
20-05-2018,29.1,75.0,0.0,5.8,1.0,96745
21-05-2018,29.3,75.0,0.0,3.6,1.0,96745
22-05-2018,29.9,73.0,0.0,2.5,1.0,96745
23-05-2018,28.2,81.0,1.5,5.6,1.0,96745
24-05-2018,28.9,77.0,5.5,1.0,1.0,96745
25-05-2018,28.1,82.0,0.7,4.7,1.0,96745
26-05-2018,29.5,79.0,1.0,0.0,1.0,96745
27-05-2018,29.3,73.0,0.0,6.4,1.0,96745
28-05-2018,29.3,78.0,0.0,4.0,1.0,96745
29-05-2018,29.2,76.0,0.0,3.9,2.0,96745
30-05-2018,29.3,74.0,0.0,6.2,1.0,96745
31-05-2018,29.4,76.0,0.0,5.7,1.0,96745
01-06-2018,29.7,66.0,0.5,6.0,1.0,96745
02-06-2018,29.5,73.0,0.0,6.4,1.0,96745
03-06-2018,29.5,76.0,0.0,5.5,1.0,96745
04-06-2018,29.0,78.0,0.0,5.2,1.0,96745
05-06-2018,29.1,81.0,0.0,5.5,1.0,96745
06-06-2018,29.4,80.0,0.0,3.8,1.0,96745
07-06-2018,29.4,79.0,0.0,6.0,1.0,96745
08-06-2018,29.2,78.0,0.0,0.0,1.0,96745
09-06-2018,29.2,78.0,0.0,4.0,1.0,96745
10-06-2018,29.4,76.0,0.0,6.6,1.0,96745
11-06-2018,30.5,69.0,0.0,4.7,1.0,96745
12-06-2018,28.8,79.0,0.0,5.4,1.0,96745
13-06-2018,29.0,74.0,1.0,4.4,1.0,96745
14-06-2018,29.4,70.0,0.0,6.0,1.0,96745
15-06-2018,29.5,69.0,0.0,6.5,1.0,96745
16-06-2018,29.3,74.0,0.0,4.2,1.0,96745
17-06-2018,29.9,69.0,0.0,6.5,2.0,96745
18-06-2018,29.9,68.0,0.0,6.6,1.0,96745
19-06-2018,28.6,70.0,0.0,6.5,1.0,96745
20-06-2018,29.9,70.0,0.0,6.0,2.0,96745
21-06-2018,29.4,70.0,0.0,3.0,2.0,96745
22-06-2018,29.0,76.0,0.0,3.0,2.0,96745
23-06-2018,29.5,72.0,0.0,5.0,1.0,96745
24-06-2018,28.0,77.0,0.0,6.0,1.0,96745
25-06-2018,24.9,89.0,3.2,2.2,0.0,96745
26-06-2018,26.2,80.0,6.7,0.0,1.0,96745
27-06-2018,27.8,78.0,1.1,0.8,1.0,96745
28-06-2018,27.2,82.0,0.0,3.0,1.0,96745
29-06-2018,27.6,79.0,0.0,2.3,2.0,96745
30-06-2018,28.4,75.0,0.0,6.2,1.0,96745
01-07-2018,28.0,76.0,0.0,5.3,1.0,96745
02-07-2018,28.1,75.0,0.0,5.0,1.0,96745
03-07-2018,28.3,75.0,0.0,6.5,1.0,96745
04-07-2018,28.3,71.0,0.0,5.5,1.0,96745
05-07-2018,28.4,66.0,0.0,2.2,1.0,96745
06-07-2018,28.1,54.0,0.0,6.0,1.0,96745
07-07-2018,27.3,64.0,0.0,6.5,1.0,96745
08-07-2018,28.4,69.0,0.0,6.5,1.0,96745
09-07-2018,28.4,72.0,0.0,6.3,1.0,96745
10-07-2018,28.8,72.0,0.0,4.8,1.0,96745
11-07-2018,28.6,72.0,0.0,1.5,1.0,96745
12-07-2018,28.0,67.0,0.0,4.0,0.0,96745
13-07-2018,27.4,69.0,0.0,2.3,1.0,96745
14-07-2018,28.1,76.0,0.0,5.4,1.0,96745
15-07-2018,27.9,65.0,0.0,4.6,1.0,96745
16-07-2018,27.7,65.0,0.0,6.5,1.0,96745
17-07-2018,27.7,69.0,0.0,6.0,1.0,96745
18-07-2018,27.9,72.0,0.0,3.6,1.0,96745
19-07-2018,28.4,75.0,0.0,6.5,1.0,96745
20-07-2018,28.7,74.0,0.0,5.2,2.0,96745
21-07-2018,29.2,71.0,0.0,6.0,1.0,96745
22-07-2018,29.1,72.0,0.0,5.2,2.0,96745
23-07-2018,28.8,70.0,0.0,5.1,2.0,96745
24-07-2018,28.9,75.0,0.0,3.0,1.0,96745
25-07-2018,28.7,76.0,0.0,4.8,1.0,96745
26-07-2018,28.4,78.0,14.5,5.0,1.0,96745
27-07-2018,28.7,69.0,0.0,6.0,1.0,96745
28-07-2018,27.8,66.0,0.0,6.9,1.0,96745
29-07-2018,27.4,71.0,0.0,6.0,1.0,96745
30-07-2018,27.2,75.0,0.0,6.5,2.0,96745
31-07-2018,27.8,75.0,0.0,6.2,1.0,96745
01-08-2018,27.9,76.0,0.0,6.4,0.0,96745
02-08-2018,27.9,66.0,0.0,3.0,1.0,96745
03-08-2018,27.6,66.0,0.0,6.3,2.0,96745
04-08-2018,26.9,66.0,0.0,5.8,1.0,96745
05-08-2018,27.2,64.0,0.0,5.4,2.0,96745
06-08-2018,27.1,62.0,0.0,6.3,1.0,96745
07-08-2018,28.4,65.0,0.0,6.0,1.0,96745
08-08-2018,27.5,72.0,0.0,0.5,1.0,96745
09-08-2018,28.3,71.0,0.0,1.0,2.0,96745
10-08-2018,28.2,72.0,0.0,2.2,2.0,96745
11-08-2018,27.3,77.0,32.8,5.4,1.0,96745
12-08-2018,28.1,76.0,0.0,5.4,1.0,96745
13-08-2018,29.7,69.0,0.0,6.0,1.0,96745
14-08-2018,28.1,76.0,0.0,6.5,1.0,96745
15-08-2018,28.6,73.0,0.0,5.3,1.0,96745
16-08-2018,28.0,72.0,0.0,6.5,1.0,96745
17-08-2018,27.7,71.0,0.0,4.0,1.0,96745
18-08-2018,27.1,65.0,0.0,6.8,1.0,96745
19-08-2018,27.8,67.0,0.0,6.5,1.0,96745
20-08-2018,29.0,66.0,0.0,6.5,1.0,96745
21-08-2018,28.2,73.0,0.0,6.7,1.0,96745
22-08-2018,28.4,72.0,0.0,6.5,1.0,96745
23-08-2018,28.3,73.0,0.0,6.6,1.0,96745
24-08-2018,28.6,73.0,0.0,4.3,1.0,96745
25-08-2018,28.9,67.0,0.0,5.2,1.0,96745
26-08-2018,28.8,69.0,0.0,6.0,2.0,96745
27-08-2018,29.1,68.0,0.0,6.0,1.0,96745
28-08-2018,28.6,75.0,0.0,7.0,2.0,96745
29-08-2018,28.5,71.0,0.0,6.6,1.0,96745
30-08-2018,29.1,70.0,0.0,2.4,1.0,96745
31-08-2018,28.8,70.0,0.0,6.5,1.0,96745
01-09-2018,27.6,77.0,10.6,6.2,2.0,96745
03-09-2018,27.8,79.0,17.6,7.6,2.0,96745
04-09-2018,27.9,65.0,0.0,6.0,1.0,96745
05-09-2018,28.5,65.0,0.0,6.7,1.0,96745
06-09-2018,29.8,67.0,0.0,6.0,1.0,96745
07-09-2018,29.3,68.0,0.0,5.6,1.0,96745
08-09-2018,28.8,72.0,0.0,6.6,1.0,96745
09-09-2018,29.6,62.0,0.0,6.4,1.0,96745
10-09-2018,30.0,60.0,0.0,8.8,1.0,96745
11-09-2018,29.2,68.0,0.0,8.5,2.0,96745
12-09-2018,29.0,68.0,0.0,8.6,1.0,96745
13-09-2018,28.1,69.0,0.0,8.5,1.0,96745
14-09-2018,28.1,66.0,0.0,5.0,1.0,96745
15-09-2018,28.9,65.0,0.0,7.5,1.0,96745
16-09-2018,29.0,63.0,0.0,6.5,2.0,96745
17-09-2018,29.4,59.0,0.0,7.4,2.0,96745
18-09-2018,30.0,60.0,0.0,8.5,2.0,96745
19-09-2018,29.0,69.0,0.0,6.6,1.0,96745
22-09-2018,28.4,73.0,36.6,0.0,1.0,96745
23-09-2018,29.0,70.0,0.0,9.2,2.0,96745
24-09-2018,28.5,71.0,0.0,5.0,1.0,96745
25-09-2018,28.6,69.0,0.0,9.0,2.0,96745
26-09-2018,29.1,65.0,0.0,9.3,2.0,96745
27-09-2018,28.6,71.0,0.0,6.8,2.0,96745
29-09-2018,28.6,67.0,0.0,8.0,1.0,96745
30-09-2018,29.2,68.0,0.0,8.4,1.0,96745
01-10-2018,29.3,71.0,0.0,7.6,2.0,96745
02-10-2018,29.0,73.0,0.0,6.3,1.0,96745
03-10-2018,29.4,72.0,0.0,5.5,2.0,96745
04-10-2018,29.5,75.0,0.0,6.6,2.0,96745
05-10-2018,30.8,67.0,0.0,6.8,2.0,96745
06-10-2018,29.5,71.0,0.0,8.0,1.0,96745
07-10-2018,30.1,63.0,0.0,8.3,1.0,96745
08-10-2018,29.8,63.0,0.0,7.0,1.0,96745
09-10-2018,30.5,58.0,0.0,8.0,2.0,96745
10-10-2018,29.6,67.0,0.0,8.2,1.0,96745
11-10-2018,30.1,68.0,0.0,8.0,1.0,96745
12-10-2018,29.6,73.0,0.0,8.0,1.0,96745
13-10-2018,29.9,67.0,0.0,7.2,1.0,96745
14-10-2018,29.2,73.0,0.0,2.5,1.0,96745
15-10-2018,30.0,71.0,0.0,6.5,1.0,96745
16-10-2018,29.4,74.0,0.0,7.0,1.0,96745
17-10-2018,29.5,73.0,0.0,7.2,1.0,96745
18-10-2018,29.2,69.0,0.0,4.3,1.0,96745
19-10-2018,28.8,71.0,14.3,6.0,1.0,96745
20-10-2018,29.5,72.0,0.0,5.6,1.0,96745
21-10-2018,30.2,68.0,0.0,6.0,1.0,96745
22-10-2018,29.9,71.0,0.0,7.5,1.0,96745
23-10-2018,27.0,83.0,26.8,5.0,1.0,96745
24-10-2018,29.4,73.0,0.5,2.0,1.0,96745
25-10-2018,29.6,73.0,0.0,8.5,1.0,96745
26-10-2018,29.9,74.0,0.0,8.9,1.0,96745
27-10-2018,29.1,74.0,2.5,9.0,1.0,96745
28-10-2018,29.1,76.0,2.2,3.0,2.0,96745
29-10-2018,28.6,80.0,94.5,5.4,1.0,96745
30-10-2018,28.7,79.0,18.8,6.9,1.0,96745
31-10-2018,29.7,71.0,0.0,2.0,1.0,96745
01-11-2018,29.4,71.0,0.0,3.7,1.0,96745
02-11-2018,28.9,76.0,20.0,4.0,1.0,96745
03-11-2018,28.7,75.0,0.0,3.2,2.0,96745
04-11-2018,28.8,76.0,0.0,0.3,1.0,96745
05-11-2018,29.4,75.0,0.0,4.5,1.0,96745
06-11-2018,29.7,69.0,0.0,0.8,1.0,96745
07-11-2018,29.0,77.0,0.0,5.0,1.0,96745
08-11-2018,28.4,80.0,0.5,1.3,1.0,96745
09-11-2018,27.8,84.0,1.2,0.0,1.0,96745
10-11-2018,28.5,76.0,8.5,2.0,1.0,96745
11-11-2018,28.4,79.0,0.0,5.0,1.0,96745
13-11-2018,29.1,74.0,0.0,0.3,1.0,96745
14-11-2018,29.3,70.0,0.0,3.2,2.0,96745
15-11-2018,29.9,65.0,0.0,1.5,2.0,96745
16-11-2018,30.5,71.0,9.4,7.0,1.0,96745
17-11-2018,30.4,67.0,0.0,8.2,1.0,96745
18-11-2018,29.8,69.0,0.0,7.0,1.0,96745
19-11-2018,29.6,72.0,0.0,0.4,1.0,96745
20-11-2018,29.3,73.0,0.0,5.5,1.0,96745
21-11-2018,29.8,70.0,0.0,5.7,1.0,96745
22-11-2018,28.7,78.0,0.0,2.0,1.0,96745
23-11-2018,27.8,82.0,47.0,5.3,1.0,96745
24-11-2018,28.2,80.0,12.0,6.5,1.0,96745
25-11-2018,28.6,77.0,0.0,2.9,1.0,96745
26-11-2018,27.6,81.0,0.0,1.8,1.0,96745
27-11-2018,28.2,79.0,13.2,1.0,1.0,96745
28-11-2018,28.9,80.0,22.0,6.0,2.0,96745
29-11-2018,27.9,81.0,0.0,4.0,1.0,96745
30-11-2018,27.5,82.0,7.1,3.0,1.0,96745
02-12-2018,29.1,74.0,0.0,0.0,1.0,96745
04-12-2018,27.8,81.0,11.4,0.0,1.0,96745
05-12-2018,28.2,82.0,2.0,1.6,1.0,96745
06-12-2018,28.1,78.0,1.0,5.2,1.0,96745
07-12-2018,28.9,75.0,4.0,4.0,1.0,96745
08-12-2018,29.3,77.0,0.0,6.2,1.0,96745
10-12-2018,28.5,79.0,0.0,0.0,1.0,96745
11-12-2018,29.1,75.0,0.0,1.5,1.0,96745
12-12-2018,28.4,78.0,0.0,4.0,1.0,96745
13-12-2018,29.4,75.0,0.8,1.2,1.0,96745
15-12-2018,28.5,73.0,6.0,6.0,2.0,96745
16-12-2018,29.6,67.0,0.0,4.0,2.0,96745
17-12-2018,30.2,67.0,0.0,3.5,2.0,96745
18-12-2018,29.1,73.0,0.0,8.0,1.0,96745
21-12-2018,29.0,66.0,0.0,7.4,2.0,96745
22-12-2018,28.6,77.0,0.0,4.0,1.0,96745
23-12-2018,27.3,78.0,0.0,0.0,2.0,96745
24-12-2018,29.0,70.0,0.0,0.1,2.0,96745
25-12-2018,27.1,81.0,0.0,4.2,3.0,96745
26-12-2018,26.7,82.0,2.7,2.7,2.0,96745
27-12-2018,28.8,71.0,1.0,0.5,3.0,96745
28-12-2018,29.3,67.0,0.0,6.0,3.0,96745
29-12-2018,29.5,72.0,0.0,8.0,4.0,96745
30-12-2018,30.2,69.0,0.0,5.4,4.0,96745
31-12-2018,28.8,71.0,0.0,8.0,3.0,96745
01-01-2019,26.0,84.0,8.5,5.5,2.0,96745
02-01-2019,28.3,75.0,2.3,1.2,2.0,96745
03-01-2019,28.3,74.0,0.4,4.6,2.0,96745
04-01-2019,29.3,67.0,0.0,6.0,3.0,96745
05-01-2019,28.9,71.0,0.0,8.8,1.0,96745
07-01-2019,29.7,77.0,0.0,8.0,2.0,96745
08-01-2019,28.2,80.0,9.6,7.9,2.0,96745
09-01-2019,28.9,80.0,3.0,5.2,2.0,96745
10-01-2019,27.7,83.0,70.4,3.6,1.0,96745
11-01-2019,29.0,79.0,2.0,5.5,1.0,96745
12-01-2019,28.6,80.0,17.0,8.0,2.0,96745
13-01-2019,28.1,81.0,3.0,5.4,1.0,96745
14-01-2019,27.4,78.0,5.2,1.0,1.0,96745
15-01-2019,28.5,79.0,1.6,0.7,2.0,96745
16-01-2019,27.9,81.0,0.0,1.5,1.0,96745
17-01-2019,28.3,78.0,2.3,0.0,2.0,96745
18-01-2019,28.0,78.0,0.0,2.3,2.0,96745
19-01-2019,27.5,81.0,17.6,2.0,1.0,96745
20-01-2019,28.3,78.0,1.5,1.0,2.0,96745
21-01-2019,27.6,84.0,3.0,3.0,1.0,96745
22-01-2019,26.1,89.0,5.6,0.1,1.0,96745
23-01-2019,27.5,80.0,26.9,0.0,1.0,96745
24-01-2019,27.5,82.0,7.0,1.0,3.0,96745
25-01-2019,26.3,87.0,45.1,6.7,1.0,96745
26-01-2019,27.9,83.0,36.6,0.0,2.0,96745
27-01-2019,27.4,86.0,11.0,3.4,1.0,96745
28-01-2019,28.1,80.0,14.0,0.0,2.0,96745
29-01-2019,27.8,80.0,1.4,1.0,1.0,96745
30-01-2019,27.3,86.0,86.6,5.0,1.0,96745
31-01-2019,26.8,86.0,0.6,5.3,2.0,96745
01-02-2019,27.0,83.0,8.1,3.5,1.0,96745
02-02-2019,27.9,80.0,2.2,3.2,2.0,96745
03-02-2019,28.0,83.0,0.0,4.8,1.0,96745
04-02-2019,28.5,80.0,14.0,6.5,2.0,96745
05-02-2019,28.5,80.0,0.0,2.8,1.0,96745
06-02-2019,27.4,84.0,4.5,5.4,1.0,96745
07-02-2019,29.2,77.0,4.2,4.0,1.0,96745
08-02-2019,28.4,83.0,0.0,7.6,2.0,96745
09-02-2019,28.8,74.0,0.0,7.8,1.0,96745
10-02-2019,27.9,82.0,0.0,5.0,2.0,96745
11-02-2019,26.8,83.0,20.1,6.0,1.0,96745
12-02-2019,27.8,82.0,14.5,4.3,2.0,96745
13-02-2019,28.4,78.0,49.0,3.0,1.0,96745
14-02-2019,28.7,76.0,0.0,1.0,1.0,96745
15-02-2019,28.2,79.0,0.0,9.0,1.0,96745
16-02-2019,27.6,84.0,20.5,3.0,1.0,96745
17-02-2019,27.5,80.0,45.0,2.5,1.0,96745
20-02-2019,28.1,84.0,24.0,6.0,1.0,96745
21-02-2019,27.6,86.0,21.7,1.4,1.0,96745
22-02-2019,27.8,80.0,10.4,2.0,2.0,96745
23-02-2019,27.8,82.0,27.0,3.0,2.0,96745
24-02-2019,28.4,77.0,2.4,7.0,2.0,96745
25-02-2019,29.2,76.0,0.0,5.2,2.0,96745
26-02-2019,29.7,76.0,0.0,6.0,2.0,96745
27-02-2019,29.1,83.0,0.0,8.9,1.0,96745
28-02-2019,29.1,82.0,2.5,8.0,1.0,96745
01-03-2019,28.3,80.0,1.0,5.0,2.0,96745
02-03-2019,28.5,78.0,0.9,3.2,2.0,96745
03-03-2019,27.1,86.0,3.5,3.0,1.0,96745
04-03-2019,28.0,82.0,34.5,0.8,2.0,96745
05-03-2019,27.5,82.0,75.6,8.0,1.0,96745
06-03-2019,25.7,88.0,90.5,4.0,1.0,96745
07-03-2019,27.2,78.0,5.4,0.0,1.0,96745
08-03-2019,28.6,79.0,0.0,0.0,2.0,96745
09-03-2019,27.5,81.0,22.0,7.5,2.0,96745
10-03-2019,28.4,77.0,0.0,4.0,1.0,96745
11-03-2019,28.1,78.0,0.4,2.2,2.0,96745
12-03-2019,27.1,84.0,4.1,3.1,2.0,96745
13-03-2019,28.0,79.0,6.8,0.6,1.0,96745
14-03-2019,27.9,73.0,28.0,2.0,1.0,96745
15-03-2019,28.7,78.0,0.0,5.3,2.0,96745
16-03-2019,28.6,74.0,0.5,5.0,2.0,96745
17-03-2019,27.8,78.0,0.0,3.4,2.0,96745
18-03-2019,28.0,76.0,7.8,1.0,1.0,96745
19-03-2019,27.7,78.0,2.8,2.6,2.0,96745
21-03-2019,28.4,76.0,0.0,7.0,2.0,96745
22-03-2019,29.2,74.0,0.0,3.0,2.0,96745
23-03-2019,29.2,76.0,3.2,7.0,2.0,96745
24-03-2019,29.1,74.0,1.2,6.0,2.0,96745
25-03-2019,27.7,80.0,0.0,7.0,1.0,96745
26-03-2019,28.8,79.0,5.0,3.2,2.0,96745
27-03-2019,28.2,82.0,10.5,8.3,1.0,96745
28-03-2019,29.4,74.0,17.0,6.4,2.0,96745
29-03-2019,28.7,77.0,1.0,2.5,2.0,96745
30-03-2019,28.7,79.0,5.0,7.3,1.0,96745
31-03-2019,28.5,78.0,0.6,6.5,1.0,96745
02-04-2019,27.7,79.0,12.0,5.0,2.0,96745
03-04-2019,28.1,82.0,8.8,6.1,2.0,96745
04-04-2019,29.4,74.0,5.6,7.8,2.0,96745
06-04-2019,28.5,80.0,1.7,3.5,1.0,96745
07-04-2019,28.0,78.0,2.0,5.5,1.0,96745
08-04-2019,29.1,82.0,50.6,6.8,2.0,96745
09-04-2019,28.6,80.0,3.5,5.2,2.0,96745
10-04-2019,29.5,74.0,0.0,3.0,1.0,96745
11-04-2019,30.4,70.0,0.0,3.0,2.0,96745
12-04-2019,29.5,75.0,0.0,6.9,2.0,96745
13-04-2019,29.8,75.0,0.0,3.9,2.0,96745
14-04-2019,29.6,70.0,1.0,6.3,1.0,96745
15-04-2019,28.8,78.0,0.0,6.2,2.0,96745
16-04-2019,28.3,81.0,6.8,3.6,1.0,96745
17-04-2019,28.9,80.0,1.8,4.0,1.0,96745
18-04-2019,30.7,74.0,0.0,5.3,2.0,96745
19-04-2019,27.9,86.0,18.2,6.9,1.0,96745
20-04-2019,27.8,83.0,12.9,2.8,1.0,96745
21-04-2019,29.4,80.0,5.6,0.5,2.0,96745
22-04-2019,30.1,69.0,11.0,5.5,2.0,96745
23-04-2019,30.3,72.0,0.0,6.6,2.0,96745
24-04-2019,28.0,84.0,0.0,5.0,1.0,96745
25-04-2019,29.3,77.0,22.8,0.0,1.0,96745
26-04-2019,28.3,84.0,13.2,6.0,1.0,96745
27-04-2019,27.9,85.0,1.8,4.3,1.0,96745
28-04-2019,28.5,82.0,0.0,0.1,1.0,96745
29-04-2019,28.9,81.0,5.5,2.3,1.0,96745
30-04-2019,28.2,83.0,9.8,0.5,1.0,96745
01-05-2019,28.6,76.0,24.5,1.5,3.0,96745
02-05-2019,29.6,72.0,0.0,1.0,2.0,96745
03-05-2019,29.2,78.0,0.0,6.0,1.0,96745
05-05-2019,29.1,80.0,8.0,5.0,2.0,96745
07-05-2019,29.4,77.0,0.0,1.5,1.0,96745
08-05-2019,29.0,77.0,0.0,6.0,1.0,96745
09-05-2019,28.8,78.0,0.0,5.2,2.0,96745
10-05-2019,28.4,78.0,8.0,6.4,1.0,96745
11-05-2019,29.4,81.0,3.8,2.6,1.0,96745
12-05-2019,29.9,76.0,0.0,5.0,1.0,96745
14-05-2019,30.3,72.0,0.0,6.8,2.0,96745
15-05-2019,30.4,74.0,0.0,6.4,2.0,96745
16-05-2019,29.1,77.0,0.0,4.5,1.0,96745
17-05-2019,28.7,80.0,1.2,5.0,1.0,96745
18-05-2019,29.1,77.0,2.3,5.0,1.0,96745
19-05-2019,29.6,70.0,0.0,3.0,2.0,96745
20-05-2019,30.3,72.0,0.0,6.0,2.0,96745
21-05-2019,30.3,71.0,0.0,6.2,1.0,96745
22-05-2019,29.8,69.0,0.0,7.0,2.0,96745
23-05-2019,30.5,68.0,0.0,6.0,2.0,96745
24-05-2019,30.2,66.0,0.0,6.4,1.0,96745
25-05-2019,29.6,71.0,0.0,6.5,1.0,96745
26-05-2019,29.8,70.0,0.0,6.3,1.0,96745
28-05-2019,30.3,68.0,0.0,6.5,2.0,96745
29-05-2019,30.1,72.0,0.0,6.3,2.0,96745
30-05-2019,29.5,73.0,0.0,6.0,1.0,96745
31-05-2019,30.6,66.0,0.0,6.5,1.0,96745
01-06-2019,29.4,72.0,0.0,6.5,1.0,96745
02-06-2019,29.5,74.0,0.0,5.2,2.0,96745
03-06-2019,28.6,71.0,0.0,4.3,1.0,96745
04-06-2019,29.6,71.0,0.0,1.0,2.0,96745
05-06-2019,29.5,74.0,0.0,5.0,1.0,96745
06-06-2019,30.0,75.0,0.0,6.5,2.0,96745
07-06-2019,29.3,73.0,0.0,5.0,1.0,96745
08-06-2019,29.1,79.0,18.1,3.2,2.0,96745
09-06-2019,29.1,76.0,0.0,4.7,1.0,96745
10-06-2019,29.1,70.0,0.0,5.7,1.0,96745
11-06-2019,29.7,74.0,0.0,6.2,1.0,96745
12-06-2019,29.7,74.0,0.0,5.0,1.0,96745
13-06-2019,29.8,75.0,0.0,5.5,1.0,96745
14-06-2019,28.6,78.0,0.0,4.2,1.0,96745
15-06-2019,29.2,77.0,5.0,2.0,1.0,96745
16-06-2019,29.5,74.0,0.0,4.0,2.0,96745
17-06-2019,29.3,72.0,0.0,2.5,1.0,96745
18-06-2019,28.8,70.0,0.0,4.8,1.0,96745
20-06-2019,29.6,66.0,0.0,6.5,1.0,96745
21-06-2019,28.6,72.0,0.0,5.3,1.0,96745
22-06-2019,28.5,71.0,0.0,6.5,1.0,96745
23-06-2019,28.9,72.0,0.0,6.5,2.0,96745
24-06-2019,29.2,69.0,0.0,4.4,1.0,96745
25-06-2019,29.1,67.0,0.0,4.2,2.0,96745
26-06-2019,29.1,67.0,0.0,6.5,1.0,96745
27-06-2019,28.4,72.0,0.0,5.0,1.0,96745
28-06-2019,29.1,69.0,0.0,6.5,1.0,96745
29-06-2019,28.7,66.0,0.0,5.5,1.0,96745
30-06-2019,28.8,65.0,0.0,6.2,1.0,96745
01-07-2019,28.7,70.0,0.0,6.6,1.0,96745
02-07-2019,28.7,68.0,0.0,6.5,1.0,96745
03-07-2019,28.8,72.0,0.0,6.2,1.0,96745
05-07-2019,29.5,70.0,0.0,3.0,1.0,96745
06-07-2019,29.3,72.0,0.0,2.6,1.0,96745
07-07-2019,29.2,72.0,0.0,6.5,2.0,96745
08-07-2019,29.0,72.0,0.0,5.2,2.0,96745
10-07-2019,27.9,76.0,0.0,5.5,2.0,96745
11-07-2019,28.4,68.0,0.0,6.1,1.0,96745
13-07-2019,28.3,70.0,0.0,6.2,2.0,96745
14-07-2019,28.2,68.0,0.0,5.8,1.0,96745
15-07-2019,27.4,66.0,0.0,3.0,1.0,96745
16-07-2019,28.1,64.0,0.0,6.0,1.0,96745
17-07-2019,27.4,64.0,0.0,6.4,1.0,96745
18-07-2019,28.1,62.0,0.0,6.2,1.0,96745
19-07-2019,29.9,62.0,0.0,6.3,1.0,96745
20-07-2019,29.8,68.0,0.0,3.6,2.0,96745
21-07-2019,29.2,68.0,0.0,4.2,1.0,96745
22-07-2019,29.3,72.0,0.0,6.5,1.0,96745
23-07-2019,29.0,59.0,0.0,4.5,2.0,96745
24-07-2019,29.3,60.0,0.0,6.3,1.0,96745
25-07-2019,28.5,68.0,0.0,5.5,2.0,96745
26-07-2019,28.2,70.0,0.0,6.5,2.0,96745
27-07-2019,28.2,72.0,0.0,6.2,1.0,96745
29-07-2019,28.6,74.0,0.0,6.2,1.0,96745
30-07-2019,28.5,69.0,0.0,5.2,1.0,96745
31-07-2019,28.8,65.0,0.0,5.0,1.0,96745
01-08-2019,28.1,66.0,0.0,6.2,2.0,96745
02-08-2019,28.4,70.0,0.0,6.1,2.0,96745
03-08-2019,28.3,70.0,0.0,6.2,1.0,96745
04-08-2019,28.1,62.0,0.0,4.2,1.0,96745
06-08-2019,26.6,60.0,0.0,5.8,1.0,96745
07-08-2019,27.8,61.0,0.0,6.2,1.0,96745
08-08-2019,27.7,63.0,0.0,6.0,1.0,96745
10-08-2019,27.9,70.0,0.0,4.8,1.0,96745
11-08-2019,27.9,71.0,0.0,6.0,2.0,96745
12-08-2019,28.6,66.0,0.0,5.8,1.0,96745
13-08-2019,29.0,70.0,0.0,6.0,2.0,96745
14-08-2019,28.6,73.0,0.0,7.1,2.0,96745
15-08-2019,28.6,74.0,0.0,4.0,2.0,96745
16-08-2019,28.6,71.0,0.0,5.3,1.0,96745
17-08-2019,28.9,72.0,0.0,1.0,2.0,96745
18-08-2019,28.2,66.0,0.0,3.3,1.0,96745
19-08-2019,27.5,70.0,0.0,6.5,1.0,96745
20-08-2019,28.3,62.0,0.0,6.5,1.0,96745
22-08-2019,28.8,70.0,0.0,6.6,1.0,96745
23-08-2019,28.3,72.0,0.0,3.5,2.0,96745
24-08-2019,28.0,69.0,0.0,5.5,1.0,96745
25-08-2019,28.0,68.0,0.0,6.6,1.0,96745
26-08-2019,28.4,70.0,0.0,6.8,2.0,96745
27-08-2019,28.6,74.0,0.0,3.2,1.0,96745
28-08-2019,28.7,76.0,0.0,6.3,1.0,96745
29-08-2019,28.9,70.0,0.0,3.9,1.0,96745
30-08-2019,29.2,69.0,0.0,5.0,2.0,96745
31-08-2019,27.7,69.0,0.0,7.0,1.0,96745
01-09-2019,28.1,72.0,0.0,7.0,1.0,96745
02-09-2019,28.3,73.0,0.0,5.3,2.0,96745
03-09-2019,29.0,71.0,0.0,6.4,1.0,96745
04-09-2019,28.8,71.0,0.0,5.0,2.0,96745
05-09-2019,28.8,72.0,0.0,5.5,2.0,96745
06-09-2019,28.0,70.0,0.0,4.4,1.0,96745
07-09-2019,28.5,69.0,0.0,5.2,1.0,96745
08-09-2019,28.9,65.0,0.0,6.0,1.0,96745
09-09-2019,28.5,70.0,0.0,5.0,1.0,96745
11-09-2019,28.6,66.0,0.0,8.0,1.0,96745
12-09-2019,28.4,62.0,0.0,8.5,1.0,96745
13-09-2019,28.2,64.0,0.0,5.0,1.0,96745
14-09-2019,27.0,67.0,0.0,6.0,1.0,96745
15-09-2019,27.9,70.0,0.0,7.0,1.0,96745
16-09-2019,28.9,68.0,0.0,7.5,1.0,96745
18-09-2019,28.4,78.0,0.0,6.8,2.0,96745
19-09-2019,29.6,71.0,0.0,6.7,2.0,96745
20-09-2019,28.9,67.0,0.0,7.0,1.0,96745
21-09-2019,29.1,64.0,0.0,8.3,1.0,96745
23-09-2019,29.0,70.0,0.0,8.0,2.0,96745
24-09-2019,29.7,66.0,0.0,7.0,1.0,96745
25-09-2019,28.8,72.0,0.0,7.0,2.0,96745
26-09-2019,29.9,70.0,0.0,7.3,1.0,96745
27-09-2019,29.9,68.0,0.0,8.5,2.0,96745
28-09-2019,29.4,71.0,0.0,6.5,1.0,96745
29-09-2019,29.1,72.0,0.0,5.0,1.0,96745
30-09-2019,29.6,67.0,0.0,8.0,1.0,96745
01-10-2019,28.6,70.0,0.0,6.3,1.0,96745
02-10-2019,29.3,70.0,0.0,7.5,1.0,96745
05-10-2019,29.7,61.0,0.0,8.8,1.0,96745
06-10-2019,29.6,61.0,0.0,8.0,1.0,96745
07-10-2019,29.9,59.0,0.0,6.8,2.0,96745
08-10-2019,29.3,68.0,0.0,6.3,2.0,96745
09-10-2019,29.0,73.0,1.0,7.8,1.0,96745
10-10-2019,28.8,75.0,0.0,8.5,2.0,96745
11-10-2019,29.8,66.0,0.0,6.0,1.0,96745
12-10-2019,29.4,70.0,0.0,6.0,2.0,96745
13-10-2019,29.0,70.0,0.0,6.2,2.0,96745
14-10-2019,29.3,72.0,0.0,5.7,1.0,96745
15-10-2019,29.5,70.0,0.0,7.0,1.0,96745
16-10-2019,29.4,67.0,0.0,7.5,1.0,96745
18-10-2019,29.4,71.0,0.0,6.2,1.0,96745
19-10-2019,30.0,71.0,0.0,5.4,1.0,96745
20-10-2019,29.5,70.0,0.0,7.8,1.0,96745
21-10-2019,30.7,65.0,0.0,7.0,1.0,96745
23-10-2019,30.4,64.0,0.0,9.0,1.0,96745
24-10-2019,29.9,68.0,0.0,8.2,1.0,96745
26-10-2019,29.5,72.0,0.0,8.0,2.0,96745
27-10-2019,29.3,74.0,0.0,8.0,1.0,96745
28-10-2019,29.3,73.0,0.0,2.7,1.0,96745
29-10-2019,29.3,73.0,0.0,5.0,1.0,96745
31-10-2019,29.7,68.0,0.0,8.0,2.0,96745
01-11-2019,28.3,75.0,0.0,7.8,2.0,96745
02-11-2019,28.9,68.0,1.0,5.5,1.0,96745
03-11-2019,29.1,70.0,0.2,6.0,1.0,96745
04-11-2019,29.6,68.0,0.0,7.0,2.0,96745
05-11-2019,29.7,69.0,1.6,4.3,1.0,96745
06-11-2019,29.2,74.0,33.0,7.0,2.0,96745
07-11-2019,28.7,69.0,0.0,6.5,1.0,96745
08-11-2019,28.8,68.0,0.0,8.0,2.0,96745
09-11-2019,29.8,65.0,0.0,8.7,2.0,96745
10-11-2019,29.4,72.0,0.0,8.5,1.0,96745
11-11-2019,30.1,63.0,0.0,5.2,1.0,96745
12-11-2019,29.9,71.0,0.0,7.0,1.0,96745
14-11-2019,28.5,77.0,0.0,1.2,1.0,96745
15-11-2019,29.9,70.0,1.0,0.5,2.0,96745
16-11-2019,30.4,66.0,0.0,8.8,1.0,96745
17-11-2019,30.3,62.0,0.0,8.0,1.0,96745
19-11-2019,29.7,70.0,0.0,5.2,1.0,96745
21-11-2019,28.8,77.0,0.0,7.8,2.0,96745
22-11-2019,29.6,74.0,0.0,5.3,1.0,96745
23-11-2019,29.8,73.0,0.0,3.2,1.0,96745
24-11-2019,29.9,71.0,0.0,2.5,1.0,96745
25-11-2019,29.4,77.0,1.6,7.0,1.0,96745
27-11-2019,30.1,73.0,0.0,6.4,2.0,96745
28-11-2019,30.2,74.0,0.0,3.0,2.0,96745
29-11-2019,29.7,73.0,1.8,7.0,1.0,96745
30-11-2019,29.2,74.0,9.9,3.5,1.0,96745
01-12-2019,29.9,76.0,8.5,5.5,1.0,96745
02-12-2019,30.1,73.0,8.6,9.0,2.0,96745
03-12-2019,30.0,72.0,0.0,5.0,2.0,96745
04-12-2019,29.9,76.0,0.0,6.0,2.0,96745
05-12-2019,29.1,78.0,16.5,7.2,2.0,96745
06-12-2019,28.7,82.0,22.5,5.7,1.0,96745
07-12-2019,27.8,81.0,1.5,0.2,2.0,96745
09-12-2019,29.4,75.0,0.0,8.0,2.0,96745
10-12-2019,28.5,77.0,0.0,7.3,1.0,96745
11-12-2019,28.1,77.0,0.0,0.0,2.0,96745
13-12-2019,28.6,78.0,0.8,1.2,2.0,96745
14-12-2019,29.0,73.0,0.0,3.0,2.0,96745
15-12-2019,29.4,74.0,0.0,6.3,1.0,96745
16-12-2019,28.8,80.0,0.0,4.7,1.0,96745
17-12-2019,26.9,87.0,4.2,0.0,1.0,96745
18-12-2019,28.8,78.0,40.0,2.2,1.0,96745
19-12-2019,28.7,80.0,0.0,8.4,1.0,96745
20-12-2019,29.2,70.0,0.0,4.7,1.0,96745
22-12-2019,27.5,86.0,24.5,5.5,1.0,96745
23-12-2019,28.2,82.0,4.8,3.8,2.0,96745
24-12-2019,28.7,74.0,16.0,4.9,1.0,96745
25-12-2019,26.3,92.0,38.0,6.5,0.0,96745
26-12-2019,27.9,82.0,27.4,0.2,1.0,96745
27-12-2019,27.3,85.0,3.0,3.6,1.0,96745
28-12-2019,26.9,86.0,36.5,2.5,2.0,96745
29-12-2019,27.5,84.0,10.2,2.7,1.0,96745
30-12-2019,28.9,75.0,0.8,1.0,2.0,96745
31-12-2019,27.6,83.0,0.0,9.0,2.0,96745
01-01-2020,26.8,90.0,145.3,4.5,1.0,96745
02-01-2020,27.6,80.0,58.8,0.0,2.0,96745
04-01-2020,28.3,82.0,2.5,0.0,2.0,96745
05-01-2020,27.9,85.0,0.2,0.4,1.0,96745
06-01-2020,27.0,87.0,18.2,0.0,1.0,96745
07-01-2020,26.9,89.0,15.0,1.2,1.0,96745
08-01-2020,28.2,80.0,2.8,2.5,1.0,96745
09-01-2020,27.7,85.0,28.7,0.0,2.0,96745
10-01-2020,25.9,90.0,23.6,0.0,1.0,96745
11-01-2020,26.5,87.0,20.4,0.0,2.0,96745
12-01-2020,27.9,80.0,4.3,0.5,1.0,96745
13-01-2020,27.5,82.0,1.5,6.0,1.0,96745
14-01-2020,28.5,80.0,0.5,1.0,3.0,96745
15-01-2020,27.9,82.0,33.8,7.8,1.0,96745
16-01-2020,28.2,83.0,0.0,3.2,2.0,96745
18-01-2020,27.5,81.0,78.5,6.0,1.0,96745
19-01-2020,28.1,78.0,3.8,2.0,1.0,96745
21-01-2020,28.6,82.0,2.4,2.4,1.0,96745
22-01-2020,29.0,80.0,0.3,4.2,1.0,96745
23-01-2020,28.3,83.0,74.0,4.0,1.0,96745
24-01-2020,26.8,92.0,7.8,4.7,0.0,96745
25-01-2020,27.1,89.0,123.7,0.0,1.0,96745
26-01-2020,28.2,84.0,7.4,0.5,2.0,96745
27-01-2020,28.3,80.0,12.3,7.0,1.0,96745
29-01-2020,29.5,80.0,0.0,6.6,3.0,96745
30-01-2020,27.4,82.0,22.0,6.5,1.0,96745
01-02-2020,26.1,92.0,48.5,0.0,1.0,96745
02-02-2020,26.8,88.0,128.9,0.0,1.0,96745
03-02-2020,27.0,87.0,16.6,2.4,1.0,96745
04-02-2020,27.0,86.0,20.9,0.8,2.0,96745
05-02-2020,27.8,84.0,0.5,1.5,0.0,96745
06-02-2020,26.7,89.0,6.6,2.0,1.0,96745
07-02-2020,26.6,90.0,0.6,0.0,2.0,96745
08-02-2020,26.7,86.0,125.2,0.4,1.0,96745
09-02-2020,26.4,85.0,9.0,4.0,1.0,96745
10-02-2020,29.1,76.0,18.6,1.0,2.0,96745
12-02-2020,29.5,74.0,0.0,6.0,1.0,96745
15-02-2020,28.3,83.0,4.7,0.3,1.0,96745
18-02-2020,27.6,84.0,7.2,1.0,1.0,96745
19-02-2020,27.5,83.0,17.7,4.4,2.0,96745
20-02-2020,27.1,87.0,31.0,2.2,2.0,96745
21-02-2020,28.0,82.0,57.0,2.5,2.0,96745
22-02-2020,28.1,84.0,56.8,5.6,2.0,96745
23-02-2020,28.3,84.0,125.7,7.4,3.0,96745
24-02-2020,28.6,81.0,6.6,6.2,2.0,96745
25-02-2020,27.1,88.0,277.5,2.9,1.0,96745
26-02-2020,28.6,80.0,3.0,0.5,1.0,96745
28-02-2020,27.4,88.0,31.5,0.0,2.0,96745
29-02-2020,27.3,91.0,0.6,2.5,1.0,96745
01-03-2020,27.7,89.0,12.0,0.0,2.0,96745
02-03-2020,28.7,81.0,63.6,0.2,2.0,96745
05-03-2020,28.0,79.0,19.6,1.0,1.0,96745
06-03-2020,28.8,78.0,2.0,0.0,2.0,96745
12-03-2020,27.6,85.0,7.7,5.7,1.0,96745
13-03-2020,28.5,76.0,29.2,2.6,1.0,96745
14-03-2020,29.4,79.0,0.0,6.5,2.0,96745
15-03-2020,29.3,80.0,2.0,7.0,2.0,96745
16-03-2020,28.9,77.0,3.6,7.2,1.0,96745
17-03-2020,28.9,78.0,4.8,5.0,2.0,96745
18-03-2020,27.6,86.0,0.4,8.0,1.0,96745
19-03-2020,28.1,83.0,0.2,0.0,2.0,96745
20-03-2020,27.4,82.0,16.0,1.6,1.0,96745
21-03-2020,28.1,81.0,10.8,2.0,1.0,96745
22-03-2020,27.2,84.0,17.6,4.5,1.0,96745
23-03-2020,28.2,81.0,22.5,3.0,1.0,96745
24-03-2020,28.8,78.0,0.4,3.5,2.0,96745
25-03-2020,28.4,81.0,0.3,7.0,1.0,96745
27-03-2020,28.7,81.0,0.9,1.6,1.0,96745
28-03-2020,29.0,81.0,0.0,2.0,1.0,96745
29-03-2020,29.4,78.0,0.0,7.0,1.0,96745
30-03-2020,27.7,84.0,0.0,5.2,1.0,96745
31-03-2020,28.1,84.0,7.1,2.0,2.0,96745
01-04-2020,28.1,80.0,21.5,6.4,1.0,96745
02-04-2020,29.8,73.0,0.0,5.0,2.0,96745
03-04-2020,29.3,77.0,0.1,6.6,1.0,96745
04-04-2020,28.9,81.0,5.5,5.9,1.0,96745
06-04-2020,27.3,86.0,0.0,3.0,1.0,96745
07-04-2020,28.6,77.0,30.6,1.0,1.0,96745
09-04-2020,28.9,81.0,0.3,6.7,1.0,96745
11-04-2020,29.4,78.0,13.8,3.6,2.0,96745
13-04-2020,27.7,90.0,14.5,6.0,1.0,96745
14-04-2020,28.0,85.0,72.0,4.0,2.0,96745
15-04-2020,28.1,86.0,5.4,5.4,2.0,96745
18-04-2020,28.7,77.0,0.0,7.0,1.0,96745
20-04-2020,30.0,78.0,0.0,6.0,2.0,96745
27-04-2020,27.7,84.0,13.5,5.0,1.0,96745
28-04-2020,27.8,82.0,1.2,2.2,1.0,96745
29-04-2020,28.3,78.0,4.4,0.3,1.0,96745
03-05-2020,29.3,76.0,1.0,0.0,1.0,96745
05-05-2020,29.6,76.0,1.6,0.4,2.0,96745
07-05-2020,30.2,72.0,0.2,5.6,1.0,96745
10-05-2020,28.8,81.0,1.0,0.0,2.0,96745
11-05-2020,29.3,78.0,0.0,4.7,1.0,96745
13-05-2020,29.9,79.0,3.8,6.0,1.0,96745
17-05-2020,29.9,75.0,0.0,6.2,2.0,96745
19-05-2020,28.7,76.0,12.8,0.2,1.0,96745
21-05-2020,28.9,80.0,29.0,6.0,1.0,96745
22-05-2020,29.7,81.0,0.0,1.0,2.0,96745
23-05-2020,29.6,73.0,0.0,5.9,1.0,96745
26-05-2020,29.9,73.0,1.0,5.0,2.0,96745
27-05-2020,29.5,74.0,0.0,5.0,1.0,96745
31-05-2020,29.4,73.0,0.0,6.6,1.0,96745
01-06-2020,30.3,73.0,0.6,4.0,2.0,96745
03-06-2020,28.7,80.0,4.5,5.9,2.0,96745
04-06-2020,29.5,72.0,0.0,4.7,1.0,96745
06-06-2020,28.9,76.0,0.2,0.1,1.0,96745
08-06-2020,29.5,75.0,0.0,6.0,1.0,96745
09-06-2020,28.7,80.0,0.0,4.0,1.0,96745
11-06-2020,29.8,75.0,0.0,6.6,2.0,96745
16-06-2020,30.0,73.0,0.0,0.0,1.0,96745
20-06-2020,29.3,74.0,5.8,0.0,1.0,96745
21-06-2020,28.9,77.0,0.0,6.3,1.0,96745
23-06-2020,28.0,80.0,6.5,1.0,1.0,96745
24-06-2020,28.7,73.0,0.0,4.0,1.0,96745
26-06-2020,28.9,78.0,0.0,6.0,1.0,96745
28-06-2020,29.5,71.0,0.0,5.8,2.0,96745
29-06-2020,29.8,68.0,0.0,8.0,2.0,96745
01-07-2020,29.8,70.0,0.0,6.5,1.0,96745
06-07-2020,29.0,66.0,0.0,6.7,1.0,96745
10-07-2020,27.7,79.0,9.0,3.6,1.0,96745
11-07-2020,28.3,80.0,1.9,1.2,1.0,96745
14-07-2020,29.4,74.0,0.0,3.3,1.0,96745
16-07-2020,28.4,79.0,0.2,3.2,2.0,96745
17-07-2020,28.6,77.0,1.0,0.0,2.0,96745
18-07-2020,28.8,74.0,0.0,6.4,1.0,96745
20-07-2020,29.2,74.0,0.0,5.4,1.0,96745
21-07-2020,28.9,74.0,0.0,6.0,2.0,96745
22-07-2020,29.4,72.0,0.0,6.0,2.0,96745
23-07-2020,29.4,70.0,0.0,5.6,2.0,96745
26-07-2020,28.4,64.0,0.0,5.0,2.0,96745
27-07-2020,28.4,65.0,0.0,6.4,1.0,96745
30-07-2020,28.2,70.0,0.0,6.3,1.0,96745
31-07-2020,28.0,60.0,0.0,4.5,1.0,96745
03-08-2020,29.5,69.0,0.0,6.2,2.0,96745
04-08-2020,29.5,70.0,0.0,6.4,2.0,96745
07-08-2020,28.8,77.0,0.0,6.2,1.0,96745
08-08-2020,29.3,75.0,0.0,5.2,1.0,96745
09-08-2020,28.6,80.0,32.0,4.0,2.0,96745
10-08-2020,29.0,78.0,0.5,4.5,2.0,96745
11-08-2020,29.2,74.0,0.0,6.6,1.0,96745
14-08-2020,27.5,82.0,68.3,1.6,1.0,96745
16-08-2020,29.1,75.0,0.0,6.8,1.0,96745
18-08-2020,28.3,77.0,0.2,7.0,1.0,96745
19-08-2020,29.0,75.0,0.0,3.6,1.0,96745
20-08-2020,29.3,75.0,0.0,6.8,2.0,96745
22-08-2020,29.0,64.0,0.0,7.4,1.0,96745
23-08-2020,29.5,66.0,0.0,7.6,2.0,96745
24-08-2020,29.5,68.0,0.0,7.2,2.0,96745
26-08-2020,29.1,67.0,0.0,7.4,1.0,96745
28-08-2020,29.3,64.0,0.0,7.3,1.0,96745
29-08-2020,29.9,64.0,0.0,7.4,1.0,96745
31-08-2020,29.3,68.0,0.0,7.3,1.0,96745
01-09-2020,29.9,61.0,0.0,7.5,1.0,96745
03-09-2020,28.9,71.0,1.4,4.7,1.0,96745
06-09-2020,29.0,71.0,0.0,5.6,1.0,96745
08-09-2020,30.0,64.0,0.0,8.7,1.0,96745
09-09-2020,30.3,62.0,0.0,8.0,2.0,96745
12-09-2020,29.2,72.0,0.0,2.2,1.0,96745
13-09-2020,29.2,67.0,0.0,6.5,2.0,96745
28-09-2020,29.4,70.0,2.5,4.5,2.0,96745
29-09-2020,29.7,64.0,0.0,7.6,2.0,96745
02-10-2020,29.4,72.0,0.0,9.0,2.0,96745
03-10-2020,27.8,78.0,0.0,6.0,1.0,96745
04-10-2020,28.4,74.0,12.5,1.9,3.0,96745
05-10-2020,28.8,68.0,17.3,6.2,2.0,96745
07-10-2020,29.7,68.0,0.0,8.0,1.0,96745
09-10-2020,28.7,77.0,8.0,4.0,2.0,96745
10-10-2020,28.8,75.0,0.0,4.7,1.0,96745
11-10-2020,28.5,77.0,6.6,2.2,1.0,96745
14-10-2020,29.8,70.0,0.0,4.6,2.0,96745
15-10-2020,30.0,67.0,0.0,8.0,1.0,96745
17-10-2020,28.7,75.0,48.5,4.0,2.0,96745
18-10-2020,28.8,75.0,0.0,6.0,1.0,96745
19-10-2020,28.6,79.0,0.0,5.5,2.0,96745
20-10-2020,28.6,78.0,10.5,4.4,2.0,96745
21-10-2020,27.3,82.0,24.6,7.5,2.0,96745
22-10-2020,28.8,76.0,57.6,4.0,2.0,96745
23-10-2020,29.8,68.0,0.0,5.0,1.0,96745
26-10-2020,27.4,82.0,0.8,5.0,1.0,96745
27-10-2020,27.0,82.0,5.4,3.0,2.0,96745
28-10-2020,28.3,80.0,15.0,0.0,2.0,96745
29-10-2020,29.4,74.0,1.5,6.8,1.0,96745
31-10-2020,28.1,77.0,0.0,3.4,2.0,96745
01-11-2020,27.7,81.0,5.5,5.8,2.0,96745
02-11-2020,28.6,75.0,7.0,3.5,2.0,96745
03-11-2020,28.8,74.0,0.0,2.2,1.0,96745
05-11-2020,27.3,83.0,3.0,3.0,1.0,96745
06-11-2020,27.7,86.0,5.0,0.0,1.0,96745
07-11-2020,28.9,80.0,10.0,2.6,1.0,96745
09-11-2020,29.1,71.0,1.0,5.2,1.0,96745
10-11-2020,29.5,77.0,0.0,8.7,2.0,96745
11-11-2020,29.9,72.0,0.0,5.2,1.0,96745
12-11-2020,29.8,74.0,3.6,7.5,2.0,96745
15-11-2020,30.7,68.0,0.0,8.5,1.0,96745
16-11-2020,29.7,74.0,0.0,7.6,2.0,96745
20-11-2020,29.7,77.0,0.0,7.0,1.0,96745
22-11-2020,28.5,77.0,0.0,5.6,1.0,96745
23-11-2020,28.0,81.0,0.0,2.7,1.0,96745
24-11-2020,28.1,77.0,1.0,0.0,1.0,96745
25-11-2020,28.3,78.0,15.0,3.0,1.0,96745
26-11-2020,28.7,77.0,26.0,6.2,1.0,96745
27-11-2020,29.4,70.0,0.0,5.5,2.0,96745
28-11-2020,28.5,79.0,9.0,3.7,1.0,96745
29-11-2020,28.4,74.0,0.2,2.2,4.0,96745
30-11-2020,27.8,76.0,1.0,1.5,2.0,96745
03-12-2020,26.9,79.0,5.0,7.5,1.0,96745
04-12-2020,27.8,80.0,1.4,0.3,1.0,96745
05-12-2020,27.5,80.0,14.4,4.0,2.0,96745
06-12-2020,26.0,90.0,32.5,0.5,3.0,96745
07-12-2020,26.1,88.0,34.8,0.0,1.0,96745
08-12-2020,28.4,78.0,7.2,0.2,2.0,96745
09-12-2020,28.9,75.0,9.3,6.2,2.0,96745
11-12-2020,28.1,80.0,0.4,2.0,3.0,96745
12-12-2020,27.7,78.0,4.8,3.3,2.0,96745
16-12-2020,28.1,76.0,9.0,1.8,2.0,96745
17-12-2020,27.5,79.0,6.0,2.2,2.0,96745
21-12-2020,27.4,76.0,4.2,2.4,2.0,96745
23-12-2020,29.6,65.0,0.0,2.0,2.0,96745
24-12-2020,28.9,68.0,0.0,7.0,2.0,96745
26-12-2020,28.9,70.0,0.7,6.5,3.0,96745
29-12-2020,28.3,73.0,0.0,5.3,2.0,96745
31-12-2020,26.5,83.0,5.0,0.2,1.0,96745
01-01-2010,28.2,75.0,0.0,4.0,4.0,96749
02-01-2010,27.0,81.0,0.0,5.6,4.0,96749
03-01-2010,28.5,75.0,33.7,5.0,5.0,96749
04-01-2010,28.9,74.0,0.0,8.0,6.0,96749
05-01-2010,27.9,74.0,0.0,1.0,5.0,96749
06-01-2010,28.5,78.0,0.0,6.4,5.0,96749
07-01-2010,28.1,77.0,0.0,6.0,3.0,96749
08-01-2010,25.9,89.0,9.9,1.2,2.0,96749
09-01-2010,26.7,85.0,4.0,1.0,2.0,96749
10-01-2010,27.2,80.0,35.7,2.5,2.0,96749
11-01-2010,27.2,85.0,0.0,2.2,4.0,96749
13-01-2010,26.4,82.0,1.4,0.1,4.0,96749
14-01-2010,26.2,83.0,5.5,1.0,4.0,96749
15-01-2010,24.7,88.0,37.4,0.6,3.0,96749
18-01-2010,26.7,86.0,63.5,5.2,3.0,96749
19-01-2010,25.9,86.0,79.0,2.0,2.0,96749
20-01-2010,25.8,89.0,3.9,1.4,3.0,96749
21-01-2010,27.8,80.0,7.0,4.0,3.0,96749
23-01-2010,26.9,85.0,0.0,5.7,2.0,96749
24-01-2010,27.7,80.0,1.3,6.1,2.0,96749
25-01-2010,26.7,87.0,0.0,2.0,3.0,96749
26-01-2010,26.4,90.0,56.4,1.3,2.0,96749
28-01-2010,27.5,82.0,0.0,5.0,3.0,96749
29-01-2010,28.4,77.0,0.0,8.0,3.0,96749
30-01-2010,27.9,81.0,0.0,6.2,2.0,96749
31-01-2010,26.5,84.0,20.7,6.0,2.0,96749
01-02-2010,27.3,82.0,12.5,1.6,2.0,96749
03-02-2010,27.3,84.0,0.0,5.5,2.0,96749
04-02-2010,27.9,81.0,0.3,7.2,2.0,96749
05-02-2010,27.9,80.0,0.0,0.4,2.0,96749
06-02-2010,27.6,82.0,0.1,1.4,2.0,96749
07-02-2010,27.7,82.0,28.4,8.0,2.0,96749
08-02-2010,27.6,83.0,0.0,4.5,2.0,96749
09-02-2010,28.4,80.0,2.0,8.0,2.0,96749
10-02-2010,28.3,80.0,0.0,7.3,2.0,96749
11-02-2010,29.0,78.0,0.0,2.5,2.0,96749
12-02-2010,29.1,75.0,0.0,1.7,2.0,96749
13-02-2010,25.5,91.0,17.0,0.0,1.0,96749
15-02-2010,27.6,77.0,5.2,1.6,2.0,96749
16-02-2010,27.1,87.0,0.0,3.3,1.0,96749
17-02-2010,27.7,83.0,0.8,1.5,3.0,96749
20-02-2010,26.7,88.0,2.2,0.1,2.0,96749
21-02-2010,28.0,82.0,1.9,0.3,2.0,96749
22-02-2010,26.8,87.0,8.2,0.0,2.0,96749
23-02-2010,28.0,82.0,0.8,4.7,3.0,96749
24-02-2010,27.5,84.0,6.2,2.0,1.0,96749
25-02-2010,26.7,87.0,7.5,1.0,2.0,96749
26-02-2010,27.5,85.0,4.0,7.1,2.0,96749
27-02-2010,28.7,83.0,0.0,7.8,2.0,96749
28-02-2010,28.8,80.0,0.0,5.1,1.0,96749
01-03-2010,29.0,78.0,8.4,5.8,2.0,96749
02-03-2010,29.3,76.0,0.5,8.0,2.0,96749
03-03-2010,28.1,84.0,0.0,7.1,2.0,96749
04-03-2010,28.2,79.0,0.0,6.0,2.0,96749
06-03-2010,28.1,79.0,0.3,8.0,2.0,96749
07-03-2010,28.4,81.0,0.0,8.0,2.0,96749
08-03-2010,27.4,85.0,0.0,3.5,3.0,96749
09-03-2010,27.7,84.0,3.4,5.0,3.0,96749
11-03-2010,27.0,84.0,4.0,6.5,3.0,96749
12-03-2010,27.3,82.0,0.2,4.6,2.0,96749
13-03-2010,28.2,78.0,0.3,8.0,2.0,96749
14-03-2010,28.7,74.0,0.0,8.0,2.0,96749
15-03-2010,27.9,82.0,0.0,8.0,3.0,96749
16-03-2010,27.3,82.0,0.0,3.2,2.0,96749
17-03-2010,27.7,82.0,0.0,5.0,3.0,96749
18-03-2010,28.2,74.0,0.0,8.0,2.0,96749
19-03-2010,27.8,80.0,0.0,2.5,2.0,96749
20-03-2010,28.3,74.0,0.0,6.5,2.0,96749
21-03-2010,28.0,79.0,0.0,2.4,3.0,96749
22-03-2010,28.8,75.0,0.4,8.0,3.0,96749
23-03-2010,28.1,80.0,0.0,5.5,2.0,96749
24-03-2010,28.4,78.0,0.0,5.7,2.0,96749
25-03-2010,28.7,79.0,0.2,6.0,2.0,96749
27-03-2010,29.1,74.0,0.0,6.0,2.0,96749
28-03-2010,27.5,88.0,10.0,1.3,2.0,96749
29-03-2010,26.3,91.0,25.9,5.5,2.0,96749
31-03-2010,28.2,78.0,48.4,5.5,2.0,96749
01-04-2010,29.2,74.0,0.0,8.0,2.0,96749
02-04-2010,28.7,79.0,0.0,8.0,3.0,96749
03-04-2010,27.8,80.0,3.1,5.6,3.0,96749
04-04-2010,29.3,75.0,0.0,5.5,2.0,96749
06-04-2010,28.9,76.0,0.0,8.0,2.0,96749
07-04-2010,29.2,75.0,1.6,6.7,2.0,96749
08-04-2010,28.3,84.0,0.0,2.0,2.0,96749
09-04-2010,28.6,82.0,67.1,8.0,4.0,96749
10-04-2010,28.6,80.0,0.0,8.0,3.0,96749
11-04-2010,28.7,74.0,0.0,2.8,2.0,96749
12-04-2010,28.9,78.0,0.0,8.0,2.0,96749
13-04-2010,28.7,76.0,0.0,8.0,1.0,96749
14-04-2010,28.5,80.0,0.0,6.0,2.0,96749
15-04-2010,29.6,76.0,0.5,8.0,2.0,96749
16-04-2010,27.2,82.0,0.0,1.8,3.0,96749
17-04-2010,29.0,72.0,0.3,8.0,3.0,96749
18-04-2010,29.1,70.0,0.0,8.0,4.0,96749
19-04-2010,29.2,75.0,0.0,8.0,5.0,96749
20-04-2010,29.0,72.0,0.0,8.0,2.0,96749
21-04-2010,29.2,74.0,0.0,8.0,2.0,96749
22-04-2010,28.8,78.0,0.0,3.0,4.0,96749
23-04-2010,29.0,75.0,0.0,6.8,4.0,96749
24-04-2010,29.5,75.0,0.0,2.5,4.0,96749
25-04-2010,28.8,77.0,0.0,6.2,2.0,96749
26-04-2010,28.6,80.0,0.0,5.2,3.0,96749
27-04-2010,29.1,74.0,0.0,4.5,3.0,96749
28-04-2010,28.9,73.0,0.0,6.0,3.0,96749
29-04-2010,28.5,79.0,0.0,4.9,2.0,96749
30-04-2010,29.2,75.0,0.0,8.0,3.0,96749
01-05-2010,29.7,76.0,0.0,8.0,3.0,96749
02-05-2010,28.2,83.0,0.0,8.0,3.0,96749
03-05-2010,29.1,76.0,0.0,8.0,3.0,96749
04-05-2010,29.0,75.0,2.3,7.2,3.0,96749
05-05-2010,28.8,73.0,0.8,2.4,2.0,96749
06-05-2010,28.8,78.0,0.0,7.4,3.0,96749
07-05-2010,29.6,76.0,0.0,8.0,4.0,96749
08-05-2010,28.1,78.0,9.5,3.0,2.0,96749
09-05-2010,28.2,82.0,0.0,8.0,2.0,96749
10-05-2010,28.3,78.0,0.2,3.0,1.0,96749
11-05-2010,28.1,83.0,2.6,6.3,2.0,96749
13-05-2010,28.2,80.0,0.3,3.5,2.0,96749
14-05-2010,28.0,80.0,2.2,4.8,2.0,96749
15-05-2010,29.3,77.0,1.5,8.0,2.0,96749
16-05-2010,26.7,86.0,0.0,0.3,1.0,96749
17-05-2010,28.1,80.0,9.1,6.6,2.0,96749
18-05-2010,29.6,75.0,0.0,7.5,1.0,96749
19-05-2010,29.1,80.0,0.0,7.0,2.0,96749
20-05-2010,27.9,80.0,0.0,3.7,2.0,96749
21-05-2010,28.3,75.0,0.8,8.0,2.0,96749
22-05-2010,29.2,71.0,0.0,8.0,2.0,96749
24-05-2010,27.9,78.0,0.3,8.0,1.0,96749
25-05-2010,28.8,78.0,0.6,8.0,3.0,96749
26-05-2010,29.2,71.0,0.0,6.4,2.0,96749
27-05-2010,28.0,78.0,0.0,1.0,1.0,96749
28-05-2010,28.8,78.0,0.0,6.4,3.0,96749
29-05-2010,28.6,80.0,0.5,8.0,3.0,96749
30-05-2010,28.7,77.0,0.0,6.4,2.0,96749
31-05-2010,28.7,79.0,0.0,8.0,3.0,96749
01-06-2010,27.0,86.0,106.2,5.4,2.0,96749
02-06-2010,28.6,79.0,13.5,5.5,1.0,96749
03-06-2010,29.1,78.0,1.4,5.8,2.0,96749
04-06-2010,28.0,80.0,19.0,3.0,2.0,96749
05-06-2010,27.9,81.0,3.9,3.8,1.0,96749
07-06-2010,27.7,86.0,0.0,0.2,2.0,96749
09-06-2010,27.8,78.0,0.5,2.7,0.0,96749
11-06-2010,28.1,84.0,0.0,7.7,3.0,96749
12-06-2010,27.9,80.0,0.0,4.8,2.0,96749
13-06-2010,28.1,78.0,0.9,8.0,3.0,96749
14-06-2010,28.4,79.0,0.0,5.0,2.0,96749
15-06-2010,27.0,83.0,0.0,2.3,2.0,96749
17-06-2010,26.6,88.0,6.3,0.5,2.0,96749
18-06-2010,27.7,80.0,0.0,1.3,2.0,96749
19-06-2010,27.9,79.0,7.7,4.8,2.0,96749
20-06-2010,27.8,75.0,0.3,3.6,4.0,96749
21-06-2010,27.9,82.0,0.0,8.0,3.0,96749
22-06-2010,27.9,74.0,0.0,8.0,2.0,96749
23-06-2010,27.4,76.0,0.0,3.8,2.0,96749
24-06-2010,28.0,86.0,5.8,3.5,2.0,96749
25-06-2010,27.6,80.0,3.2,4.6,1.0,96749
26-06-2010,27.1,80.0,2.8,3.0,2.0,96749
27-06-2010,26.9,81.0,0.0,8.0,2.0,96749
29-06-2010,26.2,90.0,0.0,2.0,3.0,96749
30-06-2010,27.7,80.0,4.4,4.0,3.0,96749
02-07-2010,27.6,78.0,0.0,6.0,2.0,96749
04-07-2010,27.9,74.0,8.5,7.2,2.0,96749
05-07-2010,27.9,74.0,0.0,2.0,2.0,96749
07-07-2010,28.0,79.0,0.0,8.0,2.0,96749
08-07-2010,27.1,83.0,1.6,3.8,2.0,96749
09-07-2010,27.2,80.0,36.6,8.0,2.0,96749
11-07-2010,27.4,76.0,0.0,7.0,1.0,96749
12-07-2010,27.9,79.0,0.0,8.0,2.0,96749
13-07-2010,27.0,83.0,0.1,3.0,2.0,96749
14-07-2010,27.6,81.0,3.8,2.7,2.0,96749
18-07-2010,26.7,82.0,10.5,0.8,2.0,96749
19-07-2010,25.6,87.0,1.8,3.0,2.0,96749
20-07-2010,27.5,80.0,24.6,6.4,2.0,96749
21-07-2010,28.1,76.0,0.2,8.0,2.0,96749
23-07-2010,27.3,67.0,26.9,8.0,2.0,96749
24-07-2010,27.7,72.0,0.0,8.0,2.0,96749
25-07-2010,27.4,71.0,0.0,2.0,2.0,96749
26-07-2010,27.7,76.0,0.3,6.8,3.0,96749
29-07-2010,27.4,82.0,0.3,7.6,4.0,96749
30-07-2010,27.9,79.0,0.0,8.0,3.0,96749
31-07-2010,28.0,76.0,0.0,8.0,2.0,96749
01-08-2010,27.1,80.0,0.0,8.0,2.0,96749
02-08-2010,27.7,77.0,0.0,5.9,2.0,96749
03-08-2010,27.9,73.0,0.0,6.3,1.0,96749
04-08-2010,27.5,70.0,0.2,2.2,1.0,96749
05-08-2010,27.6,80.0,0.0,0.2,2.0,96749
06-08-2010,26.4,84.0,35.7,3.0,2.0,96749
07-08-2010,27.0,79.0,36.7,6.8,1.0,96749
08-08-2010,27.2,82.0,0.1,8.0,2.0,96749
09-08-2010,26.7,84.0,0.0,4.6,2.0,96749
10-08-2010,28.0,75.0,0.0,8.0,4.0,96749
11-08-2010,28.6,76.0,0.0,8.0,3.0,96749
12-08-2010,28.7,72.0,0.0,3.0,2.0,96749
13-08-2010,28.3,78.0,0.1,3.8,4.0,96749
14-08-2010,28.0,78.0,0.0,5.0,3.0,96749
15-08-2010,27.5,81.0,7.6,0.4,1.0,96749
16-08-2010,27.8,77.0,8.9,5.8,2.0,96749
17-08-2010,27.1,81.0,1.0,8.0,2.0,96749
18-08-2010,28.1,76.0,0.0,3.8,2.0,96749
19-08-2010,27.9,77.0,30.0,6.2,3.0,96749
20-08-2010,27.8,77.0,0.0,8.0,3.0,96749
21-08-2010,27.8,78.0,0.0,1.0,2.0,96749
22-08-2010,27.4,70.0,2.0,7.0,2.0,96749
23-08-2010,28.1,78.0,0.0,5.1,2.0,96749
24-08-2010,27.4,80.0,0.0,3.5,2.0,96749
25-08-2010,28.3,80.0,1.4,8.0,3.0,96749
26-08-2010,28.4,72.0,1.3,8.0,2.0,96749
27-08-2010,26.8,79.0,2.4,4.2,2.0,96749
28-08-2010,26.8,77.0,17.3,5.4,1.0,96749
29-08-2010,27.7,74.0,0.0,8.0,2.0,96749
30-08-2010,28.0,76.0,0.0,8.0,2.0,96749
31-08-2010,28.1,76.0,0.0,8.0,3.0,96749
02-09-2010,27.1,79.0,10.7,4.5,1.0,96749
03-09-2010,28.5,73.0,3.6,6.0,2.0,96749
04-09-2010,27.5,82.0,2.3,7.6,2.0,96749
05-09-2010,26.7,84.0,7.2,5.3,2.0,96749
07-09-2010,26.4,86.0,5.7,2.0,2.0,96749
08-09-2010,26.4,86.0,0.1,2.0,2.0,96749
10-09-2010,27.1,79.0,6.8,7.3,1.0,96749
12-09-2010,28.2,76.0,0.0,7.0,2.0,96749
13-09-2010,26.2,87.0,2.3,8.0,2.0,96749
14-09-2010,27.1,81.0,30.4,8.0,2.0,96749
15-09-2010,25.8,86.0,14.3,1.0,2.0,96749
17-09-2010,27.0,77.0,7.7,4.2,2.0,96749
18-09-2010,27.8,78.0,0.0,6.0,3.0,96749
19-09-2010,27.9,83.0,0.0,6.0,2.0,96749
20-09-2010,28.0,80.0,0.0,6.4,2.0,96749
21-09-2010,26.6,82.0,0.0,1.6,1.0,96749
22-09-2010,25.9,86.0,9.7,3.4,2.0,96749
23-09-2010,27.1,81.0,0.2,6.0,2.0,96749
24-09-2010,27.6,82.0,3.3,4.0,2.0,96749
25-09-2010,28.0,80.0,7.8,4.0,3.0,96749
26-09-2010,27.0,78.0,0.6,5.0,2.0,96749
27-09-2010,26.6,82.0,0.5,2.6,3.0,96749
28-09-2010,27.4,78.0,2.4,7.8,1.0,96749
29-09-2010,28.6,72.0,0.0,8.0,2.0,96749
30-09-2010,28.0,80.0,0.0,7.8,2.0,96749
01-10-2010,29.1,72.0,0.0,8.0,2.0,96749
02-10-2010,27.8,82.0,0.2,6.0,1.0,96749
04-10-2010,26.4,83.0,47.5,1.6,3.0,96749
06-10-2010,26.8,87.0,0.3,2.4,3.0,96749
07-10-2010,27.5,82.0,14.5,5.2,2.0,96749
08-10-2010,27.1,83.0,50.0,8.0,1.0,96749
09-10-2010,26.9,80.0,3.9,6.0,2.0,96749
10-10-2010,27.7,76.0,4.7,8.0,2.0,96749
11-10-2010,27.1,65.0,0.0,8.0,3.0,96749
12-10-2010,28.0,74.0,0.0,8.0,3.0,96749
13-10-2010,27.7,72.0,0.0,1.9,2.0,96749
14-10-2010,26.5,86.0,34.6,6.4,3.0,96749
15-10-2010,27.7,77.0,2.3,4.2,3.0,96749
16-10-2010,28.4,68.0,0.0,6.0,2.0,96749
18-10-2010,28.2,73.0,0.0,6.9,3.0,96749
19-10-2010,28.1,70.0,0.0,5.9,3.0,96749
20-10-2010,27.4,78.0,46.0,2.0,2.0,96749
21-10-2010,27.0,77.0,0.0,7.5,2.0,96749
22-10-2010,27.9,72.0,1.5,6.5,2.0,96749
24-10-2010,26.9,78.0,0.0,1.7,2.0,96749
25-10-2010,26.4,86.0,29.5,3.6,2.0,96749
26-10-2010,25.4,89.0,66.8,2.0,3.0,96749
27-10-2010,27.1,82.0,30.1,1.2,3.0,96749
28-10-2010,26.1,84.0,0.0,0.8,2.0,96749
29-10-2010,27.6,77.0,1.4,2.0,2.0,96749
31-10-2010,27.8,70.0,0.0,3.0,3.0,96749
01-11-2010,28.8,64.0,0.0,1.6,4.0,96749
02-11-2010,29.6,68.0,0.0,6.8,3.0,96749
04-11-2010,27.0,84.0,22.0,0.8,4.0,96749
05-11-2010,28.0,73.0,0.4,1.5,4.0,96749
06-11-2010,28.9,65.0,0.0,7.0,4.0,96749
07-11-2010,27.1,79.0,0.2,0.7,4.0,96749
09-11-2010,27.9,78.0,0.0,5.2,3.0,96749
10-11-2010,28.3,82.0,5.6,5.8,3.0,96749
11-11-2010,28.4,80.0,0.0,4.5,3.0,96749
12-11-2010,28.6,76.0,0.0,7.2,3.0,96749
13-11-2010,25.6,86.0,22.5,1.0,1.0,96749
14-11-2010,27.5,84.0,7.2,0.7,2.0,96749
15-11-2010,27.9,77.0,0.0,8.0,2.0,96749
16-11-2010,26.9,84.0,0.0,0.4,1.0,96749
17-11-2010,27.1,80.0,0.5,1.0,2.0,96749
18-11-2010,28.0,77.0,0.0,6.5,2.0,96749
19-11-2010,26.3,90.0,0.0,3.6,2.0,96749
20-11-2010,28.0,81.0,16.7,5.0,2.0,96749
21-11-2010,27.8,77.0,0.0,3.4,2.0,96749
22-11-2010,27.9,76.0,0.0,3.4,1.0,96749
23-11-2010,27.3,83.0,9.2,0.8,2.0,96749
24-11-2010,27.9,82.0,16.1,4.3,2.0,96749
26-11-2010,26.9,83.0,0.0,1.0,2.0,96749
27-11-2010,24.9,88.0,15.3,4.5,2.0,96749
28-11-2010,26.9,82.0,30.5,6.5,2.0,96749
30-11-2010,27.6,76.0,0.0,7.2,4.0,96749
01-12-2010,27.4,80.0,0.0,3.4,3.0,96749
02-12-2010,27.5,77.0,0.5,1.0,2.0,96749
03-12-2010,26.6,80.0,7.1,1.5,3.0,96749
05-12-2010,26.3,85.0,0.4,1.5,3.0,96749
06-12-2010,27.2,78.0,8.5,0.8,3.0,96749
07-12-2010,26.7,81.0,4.2,1.2,4.0,96749
09-12-2010,27.8,76.0,15.0,0.5,5.0,96749
13-12-2010,28.0,75.0,7.0,3.5,2.0,96749
15-12-2010,27.3,76.0,8.1,6.5,3.0,96749
16-12-2010,27.4,73.0,0.7,5.8,5.0,96749
17-12-2010,27.1,77.0,0.0,2.5,3.0,96749
18-12-2010,27.6,76.0,0.5,7.4,4.0,96749
19-12-2010,27.8,72.0,4.0,5.1,4.0,96749
20-12-2010,27.3,73.0,0.2,1.5,4.0,96749
21-12-2010,27.1,75.0,0.0,1.4,6.0,96749
22-12-2010,27.3,72.0,0.1,1.3,2.0,96749
23-12-2010,25.6,85.0,0.1,0.3,3.0,96749
24-12-2010,28.2,73.0,9.5,8.0,2.0,96749
25-12-2010,27.4,78.0,0.0,4.0,3.0,96749
26-12-2010,25.8,81.0,0.0,2.9,4.0,96749
27-12-2010,27.3,76.0,0.8,2.0,3.0,96749
28-12-2010,25.6,88.0,3.5,4.9,2.0,96749
29-12-2010,26.7,76.0,16.8,1.0,3.0,96749
30-12-2010,28.5,66.0,0.0,7.0,4.0,96749
31-12-2010,27.8,76.0,0.0,3.2,4.0,96749
01-01-2011,27.4,72.0,0.4,0.0,2.0,96749
02-01-2011,26.7,78.0,0.0,1.2,3.0,96749
03-01-2011,27.1,74.0,0.0,1.4,4.0,96749
04-01-2011,27.4,74.0,0.1,5.0,3.0,96749
05-01-2011,27.5,83.0,1.7,0.0,2.0,96749
06-01-2011,27.1,76.0,8.1,5.6,2.0,96749
07-01-2011,26.2,80.0,5.5,0.0,2.0,96749
08-01-2011,26.3,83.0,1.2,0.0,2.0,96749
09-01-2011,26.8,81.0,5.2,1.1,4.0,96749
10-01-2011,26.6,79.0,28.6,1.5,5.0,96749
11-01-2011,27.8,74.0,1.5,2.4,4.0,96749
12-01-2011,27.7,71.0,0.0,1.5,2.0,96749
14-01-2011,27.1,76.0,0.0,0.3,3.0,96749
16-01-2011,25.3,84.0,10.7,0.2,3.0,96749
17-01-2011,27.6,76.0,4.8,5.2,3.0,96749
18-01-2011,26.1,83.0,11.3,0.0,2.0,96749
19-01-2011,25.7,84.0,2.8,0.7,2.0,96749
20-01-2011,25.5,82.0,1.2,0.0,2.0,96749
21-01-2011,25.7,86.0,5.3,0.0,1.0,96749
22-01-2011,26.5,82.0,55.8,0.2,2.0,96749
23-01-2011,25.9,81.0,19.8,0.2,2.0,96749
24-01-2011,26.6,83.0,0.1,1.5,2.0,96749
25-01-2011,27.2,82.0,0.0,0.1,3.0,96749
26-01-2011,26.9,81.0,0.0,5.2,2.0,96749
27-01-2011,27.4,81.0,0.0,8.0,3.0,96749
28-01-2011,26.7,79.0,0.8,4.9,4.0,96749
29-01-2011,26.8,84.0,29.0,5.5,3.0,96749
30-01-2011,26.5,81.0,6.7,5.5,4.0,96749
31-01-2011,28.1,74.0,0.0,5.0,5.0,96749
01-02-2011,28.2,75.0,0.0,0.4,4.0,96749
02-02-2011,27.0,81.0,0.0,2.4,4.0,96749
03-02-2011,28.5,75.0,0.0,1.0,5.0,96749
04-02-2011,28.9,74.0,0.0,1.0,6.0,96749
05-02-2011,27.9,74.0,0.0,1.3,5.0,96749
06-02-2011,28.5,78.0,0.0,0.6,5.0,96749
07-02-2011,28.1,77.0,0.0,4.6,3.0,96749
08-02-2011,25.9,89.0,0.0,1.1,2.0,96749
09-02-2011,26.7,85.0,0.0,5.7,2.0,96749
10-02-2011,27.2,80.0,0.0,6.1,2.0,96749
11-02-2011,27.2,85.0,0.0,6.4,4.0,96749
12-02-2011,25.7,85.0,0.0,5.6,4.0,96749
13-02-2011,26.4,82.0,0.0,3.5,4.0,96749
14-02-2011,26.2,83.0,0.0,0.0,4.0,96749
15-02-2011,24.7,88.0,0.0,1.5,3.0,96749
16-02-2011,26.0,87.0,0.0,4.5,3.0,96749
17-02-2011,24.9,94.0,0.0,7.8,3.0,96749
18-02-2011,26.7,86.0,0.0,7.0,3.0,96749
19-02-2011,25.9,86.0,0.0,5.6,2.0,96749
20-02-2011,25.8,89.0,0.0,8.0,3.0,96749
21-02-2011,27.8,80.0,0.0,8.0,3.0,96749
22-02-2011,26.0,86.0,0.0,1.2,3.0,96749
23-02-2011,26.9,85.0,0.0,3.3,2.0,96749
24-02-2011,27.7,80.0,0.0,5.1,2.0,96749
25-02-2011,26.7,87.0,0.0,2.3,3.0,96749
26-02-2011,26.4,90.0,0.0,0.6,2.0,96749
27-02-2011,27.1,83.0,0.0,1.0,2.0,96749
28-02-2011,27.5,82.0,0.0,0.0,3.0,96749
01-03-2011,26.2,81.0,7.0,1.0,4.0,96749
02-03-2011,26.8,81.0,0.5,5.2,5.0,96749
04-03-2011,25.7,89.0,18.0,0.4,3.0,96749
05-03-2011,25.7,88.0,20.8,0.5,3.0,96749
06-03-2011,27.6,82.0,1.0,3.7,4.0,96749
07-03-2011,27.8,78.0,21.9,6.4,5.0,96749
09-03-2011,26.6,85.0,0.6,3.5,4.0,96749
10-03-2011,27.4,80.0,16.0,2.2,4.0,96749
11-03-2011,27.7,70.0,0.0,4.2,3.0,96749
12-03-2011,28.2,72.0,4.5,8.0,3.0,96749
13-03-2011,28.1,76.0,0.0,5.3,3.0,96749
16-03-2011,27.4,77.0,19.4,5.5,3.0,96749
17-03-2011,27.7,76.0,0.0,6.4,2.0,96749
18-03-2011,28.2,74.0,0.0,8.0,3.0,96749
19-03-2011,26.8,86.0,1.3,8.0,2.0,96749
20-03-2011,27.9,80.0,0.5,7.2,4.0,96749
21-03-2011,28.7,75.0,0.0,4.5,5.0,96749
22-03-2011,27.0,76.0,0.0,0.0,4.0,96749
23-03-2011,26.3,77.0,0.0,0.5,6.0,96749
24-03-2011,26.9,75.0,0.0,4.1,4.0,96749
25-03-2011,27.8,74.0,3.6,0.2,5.0,96749
26-03-2011,27.3,76.0,0.0,0.0,5.0,96749
28-03-2011,26.5,80.0,0.0,0.9,6.0,96749
29-03-2011,27.5,73.0,0.0,0.2,5.0,96749
30-03-2011,27.2,74.0,0.4,0.0,5.0,96749
31-03-2011,26.7,74.0,3.1,2.1,6.0,96749
01-04-2011,25.8,84.0,1.0,2.6,4.0,96749
02-04-2011,28.2,75.0,3.2,6.2,5.0,96749
04-04-2011,28.4,67.0,0.0,7.7,6.0,96749
05-04-2011,28.4,68.0,0.0,7.8,5.0,96749
06-04-2011,28.6,70.0,0.0,7.8,5.0,96749
07-04-2011,28.6,75.0,0.0,5.8,4.0,96749
08-04-2011,27.4,76.0,0.0,2.9,3.0,96749
09-04-2011,27.1,74.0,0.3,0.2,4.0,96749
10-04-2011,28.2,75.0,0.0,7.3,3.0,96749
11-04-2011,26.0,80.0,0.0,0.6,2.0,96749
12-04-2011,26.8,77.0,16.0,3.0,2.0,96749
13-04-2011,28.0,76.0,0.0,7.2,2.0,96749
14-04-2011,27.0,74.0,0.0,7.2,2.0,96749
15-04-2011,27.3,82.0,0.0,7.7,2.0,96749
17-04-2011,27.8,74.0,22.5,6.8,2.0,96749
18-04-2011,27.8,73.0,8.3,7.3,2.0,96749
19-04-2011,28.2,78.0,0.2,5.7,2.0,96749
20-04-2011,27.3,72.0,0.0,2.4,2.0,96749
21-04-2011,27.6,80.0,4.9,7.9,2.0,96749
22-04-2011,27.6,78.0,0.0,7.1,2.0,96749
23-04-2011,27.7,71.0,0.8,7.8,2.0,96749
24-04-2011,25.6,86.0,4.2,0.8,2.0,96749
25-04-2011,27.3,75.0,16.4,7.3,3.0,96749
26-04-2011,27.7,76.0,1.6,7.1,2.0,96749
27-04-2011,27.3,83.0,1.0,1.0,2.0,96749
28-04-2011,27.8,78.0,18.9,7.4,4.0,96749
30-04-2011,25.8,90.0,11.2,1.0,2.0,96749
01-05-2011,27.6,76.0,5.0,4.2,4.0,96749
02-05-2011,27.9,74.0,0.0,2.4,2.0,96749
03-05-2011,28.1,79.0,0.5,3.3,3.0,96749
04-05-2011,28.2,79.0,0.0,8.0,3.0,96749
06-05-2011,27.9,78.0,8.9,5.6,2.0,96749
07-05-2011,26.8,83.0,4.6,2.0,2.0,96749
08-05-2011,27.5,74.0,8.5,6.3,4.0,96749
09-05-2011,28.5,78.0,0.0,7.2,3.0,96749
10-05-2011,28.2,80.0,0.0,8.0,2.0,96749
11-05-2011,28.4,73.0,0.0,3.9,2.0,96749
12-05-2011,28.7,75.0,0.0,7.6,3.0,96749
13-05-2011,28.2,72.0,0.0,4.0,2.0,96749
14-05-2011,27.3,80.0,1.0,2.9,2.0,96749
15-05-2011,27.2,79.0,0.0,6.9,2.0,96749
16-05-2011,27.2,80.0,0.0,8.0,2.0,96749
18-05-2011,27.6,76.0,1.2,5.0,2.0,96749
19-05-2011,28.6,75.0,0.0,8.0,2.0,96749
20-05-2011,27.5,79.0,7.3,4.6,3.0,96749
21-05-2011,26.9,76.0,0.0,3.3,2.0,96749
22-05-2011,26.8,81.0,4.3,6.8,2.0,96749
23-05-2011,28.3,73.0,0.0,4.0,3.0,96749
24-05-2011,28.0,74.0,0.0,1.2,2.0,96749
25-05-2011,28.4,73.0,0.0,4.3,2.0,96749
26-05-2011,27.4,80.0,0.0,1.5,2.0,96749
27-05-2011,27.4,84.0,0.0,2.5,2.0,96749
28-05-2011,27.4,79.0,0.0,4.0,2.0,96749
29-05-2011,28.3,74.0,0.0,1.6,3.0,96749
30-05-2011,27.6,79.0,0.0,5.5,2.0,96749
01-06-2011,28.4,75.0,0.0,6.4,4.0,96749
02-06-2011,28.2,83.0,0.4,5.2,4.0,96749
03-06-2011,28.7,76.0,0.0,7.1,4.0,96749
04-06-2011,28.6,74.0,0.0,5.5,4.0,96749
05-06-2011,28.2,75.0,0.0,4.0,4.0,96749
06-06-2011,28.1,80.0,3.7,6.9,2.0,96749
07-06-2011,28.0,76.0,0.0,2.5,2.0,96749
08-06-2011,27.5,79.0,5.4,6.5,2.0,96749
09-06-2011,27.6,83.0,1.5,6.8,2.0,96749
10-06-2011,28.1,71.0,0.0,3.6,3.0,96749
11-06-2011,27.5,70.0,0.0,6.0,3.0,96749
12-06-2011,26.7,81.0,8.6,3.3,3.0,96749
13-06-2011,27.8,69.0,0.0,3.8,3.0,96749
14-06-2011,27.9,68.0,0.0,5.5,3.0,96749
15-06-2011,27.8,80.0,30.5,6.3,2.0,96749
16-06-2011,27.7,60.0,0.0,7.0,2.0,96749
17-06-2011,28.2,74.0,0.0,5.8,3.0,96749
18-06-2011,26.6,62.0,0.0,7.8,3.0,96749
19-06-2011,26.8,72.0,0.0,8.0,2.0,96749
20-06-2011,27.7,66.0,0.0,2.3,2.0,96749
21-06-2011,27.6,70.0,0.0,7.8,3.0,96749
22-06-2011,27.7,68.0,0.0,5.3,2.0,96749
23-06-2011,27.5,72.0,0.0,7.5,2.0,96749
24-06-2011,27.6,75.0,0.0,5.0,3.0,96749
25-06-2011,27.7,69.0,0.0,5.2,5.0,96749
26-06-2011,27.3,69.0,0.0,6.8,4.0,96749
27-06-2011,28.0,74.0,0.0,2.7,3.0,96749
28-06-2011,27.0,76.0,9.2,3.0,3.0,96749
29-06-2011,27.2,79.0,0.3,5.9,2.0,96749
30-06-2011,25.5,89.0,0.0,2.2,2.0,96749
02-07-2011,26.9,81.0,0.0,6.5,2.0,96749
03-07-2011,27.3,73.0,0.0,8.0,3.0,96749
04-07-2011,27.1,76.0,0.0,1.8,3.0,96749
05-07-2011,26.9,80.0,11.6,3.6,3.0,96749
06-07-2011,26.8,77.0,0.0,6.3,4.0,96749
07-07-2011,27.5,68.0,0.0,5.4,3.0,96749
08-07-2011,27.4,71.0,0.0,6.0,4.0,96749
09-07-2011,27.6,73.0,0.0,4.0,3.0,96749
10-07-2011,27.5,74.0,0.0,5.7,3.0,96749
11-07-2011,26.5,75.0,30.0,5.2,2.0,96749
12-07-2011,26.7,81.0,0.0,6.9,3.0,96749
13-07-2011,27.2,79.0,0.0,5.9,3.0,96749
14-07-2011,27.1,72.0,0.0,8.0,3.0,96749
15-07-2011,27.4,74.0,0.0,6.7,2.0,96749
16-07-2011,26.9,75.0,0.0,4.2,2.0,96749
17-07-2011,26.8,76.0,2.6,5.2,3.0,96749
18-07-2011,27.3,76.0,0.0,4.2,2.0,96749
19-07-2011,27.6,71.0,0.7,4.8,4.0,96749
20-07-2011,27.8,69.0,0.0,6.1,4.0,96749
21-07-2011,27.5,78.0,0.0,7.7,4.0,96749
22-07-2011,27.9,76.0,0.0,6.2,4.0,96749
23-07-2011,27.4,80.0,10.0,6.8,2.0,96749
24-07-2011,26.8,81.0,0.0,7.4,2.0,96749
25-07-2011,27.4,78.0,25.3,6.2,3.0,96749
26-07-2011,26.3,74.0,37.0,6.7,3.0,96749
27-07-2011,26.9,70.0,0.0,7.4,3.0,96749
28-07-2011,27.5,70.0,0.0,7.3,3.0,96749
29-07-2011,27.1,81.0,0.1,6.3,2.0,96749
30-07-2011,26.9,74.0,0.0,7.1,3.0,96749
31-07-2011,26.3,69.0,0.0,7.2,4.0,96749
01-08-2011,26.4,64.0,0.0,8.0,4.0,96749
02-08-2011,27.0,68.0,0.0,7.8,4.0,96749
03-08-2011,27.2,78.0,0.0,7.5,2.0,96749
04-08-2011,26.6,70.0,0.0,7.2,2.0,96749
05-08-2011,26.5,83.0,0.1,7.8,2.0,96749
06-08-2011,26.6,77.0,0.0,7.8,3.0,96749
07-08-2011,26.7,67.0,0.0,6.5,3.0,96749
08-08-2011,26.7,74.0,0.0,7.6,3.0,96749
10-08-2011,27.0,78.0,0.0,7.4,3.0,96749
11-08-2011,27.0,78.0,0.0,5.2,3.0,96749
12-08-2011,26.8,78.0,0.0,8.0,4.0,96749
13-08-2011,26.4,81.0,0.0,7.6,3.0,96749
14-08-2011,27.3,73.0,0.0,6.0,3.0,96749
15-08-2011,27.1,71.0,0.0,6.3,3.0,96749
16-08-2011,27.2,68.0,0.0,5.3,3.0,96749
17-08-2011,26.6,76.0,0.0,5.5,3.0,96749
18-08-2011,26.6,78.0,0.0,6.9,3.0,96749
19-08-2011,27.0,81.0,0.0,8.0,5.0,96749
20-08-2011,27.3,70.0,0.0,7.7,4.0,96749
21-08-2011,26.9,70.0,0.0,7.7,3.0,96749
22-08-2011,26.7,73.0,0.0,6.3,3.0,96749
23-08-2011,26.8,70.0,0.0,2.9,3.0,96749
24-08-2011,27.1,76.0,0.0,5.8,3.0,96749
25-08-2011,26.6,75.0,0.2,6.9,3.0,96749
26-08-2011,26.1,74.0,0.0,7.7,3.0,96749
27-08-2011,26.5,75.0,0.0,8.0,4.0,96749
28-08-2011,26.8,68.0,0.0,7.0,4.0,96749
29-08-2011,27.4,76.0,0.0,6.9,3.0,96749
30-08-2011,27.3,72.0,0.0,4.0,3.0,96749
31-08-2011,26.7,83.0,0.0,4.4,2.0,96749
01-09-2011,27.3,80.0,0.0,7.6,3.0,96749
02-09-2011,26.8,80.0,0.0,7.0,3.0,96749
03-09-2011,27.3,72.0,0.0,6.0,3.0,96749
04-09-2011,27.2,72.0,0.0,8.0,3.0,96749
05-09-2011,27.3,76.0,0.0,8.0,4.0,96749
06-09-2011,27.7,68.0,0.0,8.0,3.0,96749
07-09-2011,27.2,74.0,0.0,7.8,2.0,96749
08-09-2011,27.5,74.0,0.0,6.6,2.0,96749
09-09-2011,27.3,67.0,0.0,7.8,3.0,96749
10-09-2011,27.0,70.0,0.0,5.0,3.0,96749
11-09-2011,26.7,74.0,0.0,8.0,4.0,96749
12-09-2011,28.4,69.0,0.0,6.0,3.0,96749
13-09-2011,27.4,75.0,0.0,8.0,4.0,96749
14-09-2011,27.9,74.0,0.0,8.0,4.0,96749
15-09-2011,27.6,74.0,0.0,7.0,4.0,96749
16-09-2011,27.6,76.0,0.8,6.6,3.0,96749
17-09-2011,27.0,76.0,8.5,6.5,2.0,96749
19-09-2011,27.1,80.0,0.0,6.7,2.0,96749
20-09-2011,27.7,77.0,0.0,4.5,2.0,96749
21-09-2011,28.0,67.0,0.0,8.0,2.0,96749
22-09-2011,27.9,70.0,0.0,5.0,2.0,96749
23-09-2011,28.1,67.0,0.0,7.0,3.0,96749
24-09-2011,27.9,66.0,0.0,8.0,3.0,96749
25-09-2011,27.9,63.0,0.0,8.0,3.0,96749
26-09-2011,27.9,73.0,0.0,8.0,4.0,96749
27-09-2011,27.4,75.0,0.0,5.0,3.0,96749
28-09-2011,27.2,70.0,0.0,7.6,3.0,96749
29-09-2011,27.7,70.0,0.2,5.8,3.0,96749
30-09-2011,27.2,72.0,0.0,7.4,3.0,96749
01-10-2011,27.6,63.0,0.0,6.8,3.0,96749
02-10-2011,28.2,66.0,0.0,6.3,3.0,96749
03-10-2011,27.8,67.0,0.9,4.6,3.0,96749
04-10-2011,27.3,68.0,0.0,4.9,2.0,96749
05-10-2011,27.7,65.0,1.7,4.0,3.0,96749
06-10-2011,27.6,72.0,0.0,4.0,3.0,96749
07-10-2011,28.1,68.0,0.0,4.9,3.0,96749
08-10-2011,27.4,63.0,0.0,0.0,3.0,96749
10-10-2011,28.0,64.0,0.2,1.7,3.0,96749
11-10-2011,28.5,71.0,0.0,6.3,3.0,96749
12-10-2011,28.1,70.0,0.0,3.6,3.0,96749
13-10-2011,28.3,69.0,0.0,7.2,3.0,96749
14-10-2011,28.6,64.0,0.0,7.8,3.0,96749
15-10-2011,28.1,67.0,0.0,7.7,3.0,96749
16-10-2011,28.8,67.0,0.0,8.0,4.0,96749
17-10-2011,28.6,70.0,0.0,6.7,4.0,96749
18-10-2011,28.9,74.0,0.0,6.9,3.0,96749
19-10-2011,29.4,61.0,0.0,7.9,3.0,96749
20-10-2011,27.7,71.0,0.0,0.2,2.0,96749
21-10-2011,29.0,76.0,0.0,7.8,3.0,96749
23-10-2011,27.7,68.0,0.2,5.9,3.0,96749
24-10-2011,28.8,76.0,0.0,6.7,4.0,96749
25-10-2011,28.3,72.0,0.0,4.7,3.0,96749
26-10-2011,27.2,71.0,1.2,2.9,2.0,96749
28-10-2011,25.7,88.0,7.5,2.6,3.0,96749
29-10-2011,28.2,72.0,19.5,7.3,4.0,96749
30-10-2011,27.8,76.0,0.0,3.9,3.0,96749
31-10-2011,28.0,82.0,0.0,5.2,2.0,96749
01-11-2011,27.4,74.0,0.7,3.6,3.0,96749
02-11-2011,26.8,78.0,0.0,1.5,2.0,96749
03-11-2011,27.3,80.0,7.3,2.0,4.0,96749
04-11-2011,27.0,74.0,0.0,0.0,5.0,96749
05-11-2011,27.2,71.0,0.0,1.9,4.0,96749
06-11-2011,28.0,60.0,0.0,1.2,4.0,96749
07-11-2011,28.1,58.0,0.0,6.6,4.0,96749
08-11-2011,27.6,72.0,0.0,2.0,2.0,96749
09-11-2011,27.2,80.0,1.8,0.1,2.0,96749
10-11-2011,27.1,76.0,0.0,0.0,2.0,96749
11-11-2011,28.2,70.0,0.0,7.5,3.0,96749
12-11-2011,28.0,74.0,0.0,7.7,3.0,96749
13-11-2011,27.5,72.0,0.0,7.7,3.0,96749
14-11-2011,27.9,70.0,0.0,5.9,3.0,96749
15-11-2011,27.4,73.0,0.0,3.0,2.0,96749
16-11-2011,29.1,68.0,0.0,2.2,2.0,96749
17-11-2011,29.2,78.0,0.0,7.6,3.0,96749
18-11-2011,29.5,70.0,0.0,0.3,3.0,96749
19-11-2011,28.6,74.0,0.0,7.1,3.0,96749
20-11-2011,27.0,80.0,0.0,0.0,2.0,96749
21-11-2011,28.2,79.0,17.1,4.7,2.0,96749
22-11-2011,27.2,79.0,0.0,2.9,2.0,96749
23-11-2011,27.3,82.0,0.3,0.6,2.0,96749
24-11-2011,27.9,78.0,0.0,4.3,3.0,96749
25-11-2011,26.9,82.0,0.2,0.0,4.0,96749
26-11-2011,28.6,79.0,0.9,7.7,4.0,96749
27-11-2011,29.3,75.0,0.0,0.7,2.0,96749
28-11-2011,28.5,78.0,0.0,2.5,2.0,96749
29-11-2011,27.8,85.0,9.4,0.0,3.0,96749
30-11-2011,27.8,82.0,6.0,5.3,3.0,96749
01-12-2011,28.0,82.0,0.0,3.5,3.0,96749
02-12-2011,26.8,87.0,18.6,0.2,3.0,96749
03-12-2011,27.3,79.0,2.3,1.0,2.0,96749
04-12-2011,28.3,72.0,0.0,6.4,3.0,96749
05-12-2011,29.2,73.0,0.0,6.1,5.0,96749
07-12-2011,27.6,78.0,0.0,5.8,3.0,96749
08-12-2011,27.5,80.0,0.0,1.9,3.0,96749
09-12-2011,28.2,80.0,0.0,3.0,3.0,96749
11-12-2011,27.0,82.0,13.1,2.4,3.0,96749
12-12-2011,27.6,78.0,0.0,4.6,3.0,96749
13-12-2011,27.1,78.0,0.2,3.9,3.0,96749
14-12-2011,27.7,78.0,0.0,2.4,5.0,96749
15-12-2011,27.6,78.0,0.0,2.7,4.0,96749
17-12-2011,28.0,78.0,0.0,0.7,4.0,96749
18-12-2011,27.3,80.0,1.9,0.4,6.0,96749
19-12-2011,28.1,73.0,0.0,1.7,6.0,96749
20-12-2011,27.1,80.0,1.3,0.3,5.0,96749
21-12-2011,28.8,73.0,1.4,4.0,4.0,96749
22-12-2011,28.9,74.0,1.1,6.6,4.0,96749
23-12-2011,28.6,76.0,2.5,3.0,4.0,96749
24-12-2011,28.3,78.0,0.0,3.8,3.0,96749
25-12-2011,28.1,76.0,0.0,1.0,3.0,96749
26-12-2011,27.2,86.0,0.0,0.4,3.0,96749
27-12-2011,28.7,75.0,0.3,3.9,3.0,96749
28-12-2011,28.2,82.0,75.5,4.2,3.0,96749
29-12-2011,26.5,82.0,0.0,1.2,4.0,96749
30-12-2011,28.3,77.0,11.1,6.5,5.0,96749
31-12-2011,25.9,83.0,14.0,1.2,5.0,96749
01-01-2012,26.3,86.0,1.9,0.0,4.0,96749
02-01-2012,26.0,84.0,25.5,0.0,2.0,96749
03-01-2012,26.8,88.0,13.5,0.9,2.0,96749
04-01-2012,27.8,81.0,4.3,6.8,3.0,96749
06-01-2012,26.9,84.0,2.4,1.0,3.0,96749
07-01-2012,25.8,88.0,5.4,0.0,5.0,96749
08-01-2012,26.1,84.0,12.8,0.0,4.0,96749
09-01-2012,27.2,82.0,12.1,4.4,5.0,96749
10-01-2012,26.4,84.0,17.8,2.1,4.0,96749
11-01-2012,25.6,88.0,6.2,2.2,3.0,96749
12-01-2012,26.6,82.0,16.9,4.4,3.0,96749
13-01-2012,26.0,86.0,3.0,1.0,5.0,96749
14-01-2012,25.0,85.0,22.2,0.0,5.0,96749
15-01-2012,27.7,81.0,0.9,1.7,4.0,96749
17-01-2012,28.1,73.0,0.0,7.5,3.0,96749
18-01-2012,27.9,78.0,6.0,6.9,2.0,96749
19-01-2012,27.8,77.0,7.0,6.2,4.0,96749
20-01-2012,28.3,68.0,0.0,5.7,4.0,96749
21-01-2012,27.9,76.0,0.0,3.0,2.0,96749
22-01-2012,27.5,78.0,0.0,3.8,4.0,96749
23-01-2012,27.8,75.0,0.0,2.7,6.0,96749
24-01-2012,27.4,73.0,0.0,8.0,4.0,96749
25-01-2012,27.7,81.0,13.1,1.6,5.0,96749
26-01-2012,27.6,80.0,1.6,6.8,4.0,96749
27-01-2012,28.6,76.0,6.5,8.0,5.0,96749
28-01-2012,27.3,77.0,0.0,5.0,6.0,96749
29-01-2012,24.8,87.0,2.6,0.0,3.0,96749
30-01-2012,26.1,88.0,0.0,2.5,4.0,96749
31-01-2012,26.3,82.0,8.7,0.2,3.0,96749
01-02-2012,25.9,88.0,0.4,1.3,3.0,96749
02-02-2012,26.9,78.0,7.3,4.3,3.0,96749
03-02-2012,25.7,85.0,0.2,0.5,3.0,96749
04-02-2012,26.5,84.0,16.1,0.8,2.0,96749
05-02-2012,27.3,82.0,1.9,7.0,3.0,96749
06-02-2012,27.0,82.0,0.0,1.2,3.0,96749
08-02-2012,28.1,82.0,0.0,6.5,4.0,96749
09-02-2012,28.4,72.0,0.0,5.3,5.0,96749
10-02-2012,27.5,80.0,0.0,7.0,3.0,96749
11-02-2012,27.1,83.0,5.1,5.9,4.0,96749
12-02-2012,28.1,79.0,4.0,8.0,3.0,96749
13-02-2012,28.7,73.0,3.5,8.0,2.0,96749
14-02-2012,27.6,84.0,0.0,2.8,2.0,96749
15-02-2012,28.2,77.0,0.0,7.6,3.0,96749
16-02-2012,28.4,73.0,0.0,1.4,2.0,96749
17-02-2012,27.1,80.0,0.0,5.4,3.0,96749
18-02-2012,28.5,74.0,0.0,7.1,3.0,96749
19-02-2012,26.2,83.0,0.7,0.5,2.0,96749
20-02-2012,27.1,84.0,6.3,5.4,2.0,96749
21-02-2012,27.6,83.0,13.7,7.9,2.0,96749
22-02-2012,28.0,83.0,0.0,4.0,3.0,96749
23-02-2012,29.3,70.0,0.0,7.8,2.0,96749
24-02-2012,28.9,77.0,0.0,6.3,2.0,96749
25-02-2012,29.4,70.0,0.0,7.8,3.0,96749
27-02-2012,26.9,84.0,8.4,1.2,2.0,96749
28-02-2012,27.8,84.0,0.0,1.7,2.0,96749
01-03-2012,25.3,90.0,28.6,0.3,2.0,96749
02-03-2012,26.7,82.0,19.9,2.1,3.0,96749
03-03-2012,27.6,77.0,17.1,2.3,4.0,96749
04-03-2012,27.2,83.0,0.0,1.3,3.0,96749
05-03-2012,27.4,82.0,0.3,7.3,3.0,96749
06-03-2012,27.7,78.0,11.4,6.9,2.0,96749
07-03-2012,28.6,75.0,0.0,2.7,4.0,96749
08-03-2012,26.4,84.0,3.8,0.0,5.0,96749
10-03-2012,27.4,81.0,38.0,1.0,3.0,96749
11-03-2012,27.8,71.0,0.6,2.6,5.0,96749
12-03-2012,27.9,79.0,0.0,1.3,4.0,96749
13-03-2012,27.2,84.0,11.8,2.4,4.0,96749
14-03-2012,27.4,80.0,11.0,5.4,4.0,96749
15-03-2012,27.9,78.0,0.0,6.1,4.0,96749
16-03-2012,27.9,81.0,15.0,5.7,4.0,96749
17-03-2012,28.3,72.0,0.0,0.2,5.0,96749
18-03-2012,27.7,78.0,0.0,2.0,4.0,96749
19-03-2012,26.4,84.0,4.6,0.0,5.0,96749
20-03-2012,27.9,72.0,0.0,3.9,6.0,96749
21-03-2012,28.6,75.0,0.0,7.9,6.0,96749
22-03-2012,29.2,70.0,0.0,8.0,6.0,96749
23-03-2012,28.5,75.0,0.0,8.0,5.0,96749
24-03-2012,28.9,73.0,0.0,8.0,6.0,96749
25-03-2012,29.1,74.0,0.0,6.5,4.0,96749
27-03-2012,27.8,82.0,0.0,7.0,3.0,96749
28-03-2012,28.4,77.0,39.3,8.0,4.0,96749
29-03-2012,27.8,81.0,0.5,5.9,5.0,96749
30-03-2012,27.1,83.0,1.0,2.8,3.0,96749
01-04-2012,27.2,78.0,0.0,5.9,2.0,96749
02-04-2012,26.6,86.0,46.1,3.5,3.0,96749
03-04-2012,26.5,84.0,23.2,6.0,4.0,96749
04-04-2012,27.4,82.0,101.1,4.9,3.0,96749
07-04-2012,27.0,83.0,6.4,2.2,2.0,96749
09-04-2012,27.6,79.0,0.0,6.0,3.0,96749
10-04-2012,27.7,80.0,1.4,2.4,3.0,96749
11-04-2012,27.0,84.0,0.0,4.9,4.0,96749
13-04-2012,29.0,74.0,0.0,7.8,4.0,96749
14-04-2012,28.3,81.0,0.0,8.0,4.0,96749
15-04-2012,28.5,77.0,0.0,4.0,3.0,96749
16-04-2012,28.5,80.0,0.0,8.0,4.0,96749
17-04-2012,27.1,84.0,0.0,4.0,3.0,96749
18-04-2012,27.9,82.0,0.0,7.5,3.0,96749
19-04-2012,28.6,79.0,0.0,5.7,2.0,96749
20-04-2012,26.3,88.0,0.0,2.2,2.0,96749
21-04-2012,27.7,84.0,2.2,3.0,3.0,96749
22-04-2012,27.5,83.0,0.0,0.2,3.0,96749
23-04-2012,27.6,85.0,0.0,6.8,3.0,96749
24-04-2012,28.1,81.0,0.0,6.1,3.0,96749
25-04-2012,28.7,77.0,0.0,6.8,3.0,96749
26-04-2012,28.4,77.0,0.0,2.0,3.0,96749
27-04-2012,28.7,74.0,0.0,7.9,2.0,96749
28-04-2012,28.2,83.0,4.5,0.8,3.0,96749
29-04-2012,27.1,82.0,0.0,0.0,2.0,96749
30-04-2012,26.2,88.0,16.4,0.0,3.0,96749
01-05-2012,27.8,83.0,14.0,3.8,2.0,96749
02-05-2012,28.6,79.0,0.0,7.5,2.0,96749
03-05-2012,27.8,85.0,6.2,4.8,3.0,96749
04-05-2012,27.3,81.0,6.0,6.5,3.0,96749
05-05-2012,28.8,75.0,0.0,7.5,3.0,96749
07-05-2012,25.6,91.0,2.9,0.0,2.0,96749
08-05-2012,27.3,85.0,31.4,5.2,2.0,96749
09-05-2012,27.8,82.0,0.0,4.7,3.0,96749
10-05-2012,27.8,84.0,0.0,3.7,2.0,96749
11-05-2012,28.7,76.0,3.0,6.7,2.0,96749
12-05-2012,28.0,76.0,0.0,8.0,3.0,96749
13-05-2012,28.6,75.0,0.0,7.1,3.0,96749
14-05-2012,28.2,76.0,0.0,5.8,3.0,96749
15-05-2012,28.0,82.0,0.0,0.5,2.0,96749
16-05-2012,28.6,77.0,0.0,1.5,3.0,96749
17-05-2012,27.8,83.0,0.0,7.9,3.0,96749
18-05-2012,27.6,80.0,0.0,3.7,2.0,96749
19-05-2012,28.3,80.0,2.6,5.6,4.0,96749
20-05-2012,29.7,72.0,0.0,6.8,4.0,96749
21-05-2012,28.1,80.0,0.0,7.8,3.0,96749
22-05-2012,28.2,77.0,0.0,7.1,3.0,96749
23-05-2012,27.9,77.0,0.0,7.9,2.0,96749
24-05-2012,28.8,74.0,0.0,6.6,3.0,96749
25-05-2012,27.3,82.0,6.3,7.6,4.0,96749
26-05-2012,27.3,74.0,0.0,6.2,4.0,96749
27-05-2012,28.9,68.0,0.0,7.9,5.0,96749
28-05-2012,27.1,84.0,0.0,3.2,3.0,96749
29-05-2012,28.4,78.0,0.0,7.5,3.0,96749
30-05-2012,28.5,73.0,0.0,8.0,3.0,96749
31-05-2012,25.7,88.0,0.0,0.0,2.0,96749
01-06-2012,27.3,82.0,21.7,0.0,2.0,96749
02-06-2012,28.7,74.0,0.0,0.1,2.0,96749
03-06-2012,27.3,80.0,0.0,0.8,3.0,96749
04-06-2012,27.7,82.0,0.0,0.0,2.0,96749
05-06-2012,27.0,86.0,4.2,0.0,3.0,96749
06-06-2012,28.1,82.0,0.0,0.3,4.0,96749
07-06-2012,27.3,82.0,17.2,1.2,2.0,96749
08-06-2012,29.1,79.0,0.0,0.6,3.0,96749
09-06-2012,27.0,84.0,1.3,0.0,2.0,96749
10-06-2012,28.1,84.0,0.0,0.0,2.0,96749
11-06-2012,27.3,79.0,0.0,0.0,2.0,96749
12-06-2012,28.2,76.0,0.0,1.7,2.0,96749
13-06-2012,28.1,82.0,0.0,1.5,3.0,96749
14-06-2012,27.7,81.0,0.0,0.5,2.0,96749
15-06-2012,28.5,76.0,13.5,0.0,2.0,96749
16-06-2012,27.5,75.0,10.2,1.3,3.0,96749
17-06-2012,29.0,68.0,0.0,2.2,4.0,96749
18-06-2012,28.5,68.0,0.0,2.3,6.0,96749
19-06-2012,27.7,76.0,0.0,1.6,5.0,96749
20-06-2012,28.7,70.0,0.0,1.8,4.0,96749
21-06-2012,27.7,78.0,0.0,1.6,4.0,96749
22-06-2012,28.5,80.0,0.0,2.0,3.0,96749
23-06-2012,28.2,79.0,0.0,1.5,3.0,96749
24-06-2012,28.6,74.0,0.0,0.2,4.0,96749
25-06-2012,27.6,78.0,0.0,2.0,5.0,96749
26-06-2012,28.3,72.0,0.0,1.5,4.0,96749
27-06-2012,27.6,76.0,0.0,0.8,3.0,96749
28-06-2012,27.9,69.0,0.0,0.8,3.0,96749
29-06-2012,27.0,74.0,0.0,0.4,2.0,96749
30-06-2012,27.9,70.0,0.0,1.8,3.0,96749
01-07-2012,26.5,72.0,0.0,0.7,3.0,96749
02-07-2012,27.6,71.0,0.0,0.6,4.0,96749
03-07-2012,27.8,70.0,0.0,0.4,3.0,96749
04-07-2012,26.6,82.0,0.0,0.2,2.0,96749
05-07-2012,27.4,76.0,0.0,0.5,4.0,96749
07-07-2012,27.0,76.0,0.0,0.7,3.0,96749
08-07-2012,27.1,77.0,0.0,0.6,2.0,96749
09-07-2012,28.0,71.0,0.0,0.4,2.0,96749
10-07-2012,28.1,77.0,0.0,0.5,2.0,96749
11-07-2012,27.5,83.0,0.0,0.0,3.0,96749
12-07-2012,27.5,76.0,0.0,0.7,3.0,96749
14-07-2012,27.3,75.0,0.0,0.6,2.0,96749
15-07-2012,27.7,70.0,0.0,0.7,4.0,96749
16-07-2012,27.4,78.0,0.0,0.7,3.0,96749
17-07-2012,27.4,78.0,0.5,0.6,2.0,96749
18-07-2012,27.8,74.0,0.6,0.5,3.0,96749
19-07-2012,27.1,76.0,0.0,0.7,3.0,96749
20-07-2012,28.3,72.0,0.0,0.4,4.0,96749
21-07-2012,27.2,80.0,0.0,0.7,3.0,96749
22-07-2012,27.3,77.0,0.0,0.7,3.0,96749
23-07-2012,27.5,70.0,0.0,0.6,3.0,96749
24-07-2012,27.5,67.0,0.0,0.7,3.0,96749
25-07-2012,27.5,69.0,0.0,0.7,3.0,96749
26-07-2012,27.0,76.0,0.0,0.6,3.0,96749
27-07-2012,26.9,76.0,0.0,0.6,2.0,96749
28-07-2012,27.2,75.0,0.0,0.6,3.0,96749
29-07-2012,27.0,72.0,0.0,0.5,3.0,96749
30-07-2012,26.9,75.0,0.0,0.6,2.0,96749
01-08-2012,26.8,74.0,0.0,5.1,3.0,96749
02-08-2012,27.4,69.0,0.0,3.3,3.0,96749
03-08-2012,27.2,64.0,0.0,6.8,3.0,96749
04-08-2012,27.1,71.0,0.0,7.0,5.0,96749
05-08-2012,27.3,74.0,0.0,7.1,5.0,96749
06-08-2012,27.3,78.0,0.0,4.2,3.0,96749
08-08-2012,27.9,67.0,0.1,6.6,4.0,96749
09-08-2012,27.6,67.0,0.0,7.1,5.0,96749
10-08-2012,26.9,73.0,0.0,6.9,4.0,96749
11-08-2012,27.2,75.0,0.0,8.0,3.0,96749
12-08-2012,27.7,74.0,0.0,7.8,3.0,96749
13-08-2012,27.0,77.0,0.0,7.5,4.0,96749
14-08-2012,27.9,71.0,0.0,6.7,4.0,96749
15-08-2012,26.7,69.0,0.0,8.0,4.0,96749
16-08-2012,26.9,75.0,0.0,7.8,4.0,96749
17-08-2012,26.9,68.0,0.0,8.0,3.0,96749
18-08-2012,26.6,77.0,0.0,8.0,4.0,96749
19-08-2012,27.8,70.0,0.0,8.0,4.0,96749
20-08-2012,26.7,79.0,0.0,8.0,3.0,96749
21-08-2012,27.0,78.0,0.0,8.0,4.0,96749
22-08-2012,27.6,71.0,0.0,7.8,4.0,96749
23-08-2012,27.7,67.0,0.0,8.0,3.0,96749
24-08-2012,26.9,76.0,0.0,5.7,3.0,96749
25-08-2012,27.5,66.0,0.0,8.0,4.0,96749
26-08-2012,28.0,70.0,0.0,7.0,4.0,96749
27-08-2012,27.5,72.0,0.0,0.0,2.0,96749
28-08-2012,28.1,76.0,0.0,4.8,3.0,96749
29-08-2012,28.4,72.0,0.0,4.0,2.0,96749
30-08-2012,27.5,74.0,0.0,6.7,3.0,96749
31-08-2012,27.2,76.0,0.0,6.5,3.0,96749
01-09-2012,27.9,60.0,0.0,8.0,3.0,96749
02-09-2012,25.9,74.0,0.0,8.0,2.0,96749
03-09-2012,27.8,68.0,0.0,6.8,3.0,96749
04-09-2012,27.0,69.0,0.0,8.0,3.0,96749
05-09-2012,27.3,73.0,0.0,6.5,3.0,96749
06-09-2012,27.1,77.0,0.0,8.0,3.0,96749
07-09-2012,27.3,77.0,0.0,7.3,4.0,96749
08-09-2012,28.1,78.0,0.0,8.0,3.0,96749
09-09-2012,28.0,76.0,0.0,8.0,3.0,96749
10-09-2012,27.3,80.0,0.4,7.5,4.0,96749
11-09-2012,27.5,78.0,4.0,8.0,3.0,96749
12-09-2012,27.7,66.0,0.0,8.0,2.0,96749
13-09-2012,27.9,70.0,0.0,8.0,3.0,96749
14-09-2012,27.5,72.0,0.0,7.4,2.0,96749
15-09-2012,27.3,76.0,0.0,7.8,2.0,96749
16-09-2012,28.0,74.0,0.0,8.0,3.0,96749
17-09-2012,27.6,80.0,0.0,4.5,3.0,96749
19-09-2012,27.8,77.0,1.8,7.0,4.0,96749
20-09-2012,28.6,73.0,1.0,3.3,3.0,96749
21-09-2012,28.1,74.0,0.0,2.3,3.0,96749
22-09-2012,28.2,66.0,0.0,8.0,3.0,96749
23-09-2012,28.5,76.0,0.0,5.0,3.0,96749
25-09-2012,28.3,76.0,0.0,3.5,4.0,96749
26-09-2012,28.1,74.0,0.0,3.3,3.0,96749
27-09-2012,27.5,76.0,0.0,5.4,3.0,96749
28-09-2012,28.2,72.0,0.0,7.4,3.0,96749
29-09-2012,27.4,80.0,0.0,7.4,3.0,96749
30-09-2012,29.0,73.0,0.0,8.0,4.0,96749
01-10-2012,28.3,76.0,0.0,7.7,3.0,96749
03-10-2012,28.5,74.0,27.6,7.1,3.0,96749
04-10-2012,28.4,74.0,0.0,8.0,4.0,96749
05-10-2012,27.5,78.0,30.0,8.0,4.0,96749
06-10-2012,28.2,75.0,0.0,5.1,3.0,96749
07-10-2012,27.6,75.0,0.0,3.5,3.0,96749
08-10-2012,28.3,75.0,0.0,3.3,2.0,96749
09-10-2012,28.8,76.0,0.0,8.0,4.0,96749
10-10-2012,29.5,70.0,0.0,8.0,3.0,96749
11-10-2012,28.9,77.0,0.0,8.0,4.0,96749
12-10-2012,28.7,74.0,0.0,8.0,3.0,96749
13-10-2012,28.3,76.0,0.0,8.0,5.0,96749
14-10-2012,29.5,74.0,0.0,8.0,3.0,96749
15-10-2012,28.4,80.0,0.0,5.0,3.0,96749
16-10-2012,29.0,73.0,0.0,8.0,3.0,96749
17-10-2012,27.9,82.0,0.0,5.0,4.0,96749
18-10-2012,29.4,72.0,0.0,3.4,4.0,96749
19-10-2012,27.6,80.0,0.0,0.6,3.0,96749
20-10-2012,27.8,77.0,4.2,2.2,2.0,96749
21-10-2012,28.0,79.0,0.0,5.0,4.0,96749
22-10-2012,28.2,78.0,0.0,5.4,2.0,96749
23-10-2012,28.6,66.0,0.0,8.0,3.0,96749
24-10-2012,28.8,70.0,0.0,8.0,3.0,96749
25-10-2012,28.7,75.0,0.0,7.5,4.0,96749
26-10-2012,29.3,69.0,0.0,8.0,3.0,96749
27-10-2012,26.8,89.0,1.9,0.0,3.0,96749
28-10-2012,28.5,76.0,3.5,3.3,2.0,96749
29-10-2012,28.6,79.0,0.0,7.0,4.0,96749
30-10-2012,28.4,76.0,0.0,0.8,3.0,96749
31-10-2012,28.9,78.0,0.0,8.0,3.0,96749
01-11-2012,29.3,72.0,0.0,7.0,2.0,96749
02-11-2012,28.8,78.0,0.0,3.5,3.0,96749
04-11-2012,26.9,88.0,1.1,2.2,2.0,96749
05-11-2012,27.6,80.0,7.8,1.1,3.0,96749
06-11-2012,27.9,77.0,1.0,0.3,2.0,96749
07-11-2012,27.8,76.0,0.0,3.6,3.0,96749
08-11-2012,28.1,78.0,36.9,6.5,3.0,96749
09-11-2012,28.7,79.0,0.0,7.6,3.0,96749
10-11-2012,28.7,77.0,0.0,5.0,2.0,96749
11-11-2012,28.2,74.0,0.2,3.5,4.0,96749
13-11-2012,26.6,85.0,1.6,0.8,2.0,96749
14-11-2012,27.5,83.0,0.2,3.0,3.0,96749
15-11-2012,28.3,77.0,0.0,3.9,2.0,96749
16-11-2012,28.3,78.0,0.0,6.2,3.0,96749
17-11-2012,28.7,76.0,0.0,5.4,4.0,96749
18-11-2012,26.2,89.0,1.4,0.0,4.0,96749
19-11-2012,26.3,81.0,1.4,1.1,3.0,96749
20-11-2012,27.6,82.0,4.5,3.4,3.0,96749
21-11-2012,27.7,81.0,2.2,5.3,3.0,96749
22-11-2012,27.4,82.0,0.1,2.5,3.0,96749
24-11-2012,27.5,83.0,9.0,6.0,3.0,96749
25-11-2012,27.4,80.0,0.2,3.9,3.0,96749
26-11-2012,26.9,85.0,0.0,1.0,3.0,96749
27-11-2012,28.3,79.0,4.4,8.0,3.0,96749
28-11-2012,27.9,82.0,0.0,8.0,3.0,96749
29-11-2012,28.5,72.0,0.0,4.6,3.0,96749
30-11-2012,28.2,80.0,0.3,6.0,3.0,96749
01-12-2012,28.6,76.0,12.5,8.0,3.0,96749
02-12-2012,27.8,82.0,5.8,5.0,4.0,96749
04-12-2012,27.8,78.0,0.0,0.5,4.0,96749
05-12-2012,28.6,73.0,2.2,3.8,4.0,96749
06-12-2012,27.3,81.0,0.0,3.4,3.0,96749
07-12-2012,27.8,79.0,0.2,4.0,3.0,96749
08-12-2012,27.0,85.0,0.2,0.4,3.0,96749
09-12-2012,28.2,79.0,22.9,8.0,3.0,96749
10-12-2012,27.6,80.0,0.0,6.0,3.0,96749
11-12-2012,27.5,81.0,1.4,0.0,2.0,96749
12-12-2012,27.1,83.0,0.7,0.6,3.0,96749
13-12-2012,27.3,80.0,0.0,3.7,2.0,96749
15-12-2012,28.4,76.0,0.4,8.0,4.0,96749
18-12-2012,27.2,82.0,28.7,3.2,3.0,96749
19-12-2012,28.7,73.0,28.7,8.0,4.0,96749
20-12-2012,27.9,81.0,0.0,6.8,4.0,96749
22-12-2012,27.0,86.0,5.1,2.5,3.0,96749
23-12-2012,26.9,88.0,29.0,4.8,4.0,96749
24-12-2012,26.2,88.0,11.7,0.0,4.0,96749
25-12-2012,27.1,86.0,8.0,3.6,5.0,96749
26-12-2012,28.2,78.0,7.7,3.6,5.0,96749
27-12-2012,29.0,77.0,0.0,5.3,5.0,96749
28-12-2012,26.9,89.0,0.0,0.0,5.0,96749
29-12-2012,27.5,82.0,26.2,4.6,4.0,96749
30-12-2012,27.9,81.0,0.5,4.5,5.0,96749
31-12-2012,27.4,83.0,0.0,0.2,4.0,96749
01-01-2013,26.3,90.0,47.4,0.2,4.0,96749
02-01-2013,27.1,85.0,6.4,0.2,2.0,96749
03-01-2013,28.7,78.0,0.0,0.4,5.0,96749
05-01-2013,26.6,86.0,13.2,0.2,4.0,96749
06-01-2013,26.0,87.0,4.2,0.0,5.0,96749
07-01-2013,26.9,86.0,4.2,0.2,4.0,96749
08-01-2013,26.3,88.0,3.5,0.1,6.0,96749
10-01-2013,26.3,84.0,30.0,0.4,6.0,96749
11-01-2013,27.4,80.0,10.1,0.3,7.0,96749
12-01-2013,26.4,85.0,0.0,0.2,4.0,96749
13-01-2013,25.9,91.0,96.0,0.2,3.0,96749
15-01-2013,24.9,92.0,68.1,0.2,3.0,96749
18-01-2013,26.8,87.0,134.6,0.0,2.0,96749
19-01-2013,26.8,89.0,1.6,0.4,4.0,96749
21-01-2013,27.9,84.0,6.0,0.3,3.0,96749
22-01-2013,26.7,87.0,0.0,0.2,3.0,96749
23-01-2013,26.1,89.0,23.5,0.5,4.0,96749
24-01-2013,26.9,87.0,52.1,0.1,3.0,96749
26-01-2013,26.3,88.0,2.2,0.3,4.0,96749
27-01-2013,27.6,82.0,0.0,0.3,4.0,96749
28-01-2013,26.6,88.0,0.0,0.2,3.0,96749
30-01-2013,27.6,80.0,7.9,0.3,3.0,96749
31-01-2013,26.9,86.0,0.0,0.4,3.0,96749
01-02-2013,27.6,82.0,0.0,5.8,3.0,96749
02-02-2013,26.1,89.0,8.6,1.1,2.0,96749
03-02-2013,26.8,84.0,74.1,4.7,1.0,96749
04-02-2013,27.2,84.0,0.0,4.5,3.0,96749
05-02-2013,27.4,84.0,3.7,6.0,4.0,96749
07-02-2013,27.2,86.0,10.6,3.8,2.0,96749
08-02-2013,27.5,83.0,0.0,7.1,2.0,96749
09-02-2013,27.4,83.0,0.0,5.2,2.0,96749
10-02-2013,27.2,84.0,10.1,4.9,2.0,96749
11-02-2013,27.1,87.0,0.0,0.9,1.0,96749
12-02-2013,27.3,85.0,0.0,2.2,2.0,96749
13-02-2013,27.2,83.0,0.6,7.5,3.0,96749
14-02-2013,26.4,87.0,0.0,0.9,3.0,96749
15-02-2013,27.3,82.0,1.5,5.8,4.0,96749
16-02-2013,27.7,80.0,0.0,2.0,5.0,96749
17-02-2013,26.1,90.0,6.6,1.0,3.0,96749
18-02-2013,26.6,84.0,30.3,0.2,4.0,96749
19-02-2013,25.8,86.0,14.6,0.6,3.0,96749
21-02-2013,27.0,82.0,15.4,4.8,3.0,96749
22-02-2013,27.5,82.0,6.7,2.9,4.0,96749
23-02-2013,27.4,88.0,3.2,1.3,3.0,96749
24-02-2013,27.8,81.0,12.4,2.2,3.0,96749
25-02-2013,28.2,80.0,0.0,0.0,3.0,96749
26-02-2013,28.1,84.0,0.0,2.2,3.0,96749
27-02-2013,28.6,79.0,3.2,2.7,6.0,96749
28-02-2013,28.5,73.0,0.0,5.6,5.0,96749
01-03-2013,28.6,79.0,0.0,0.6,4.0,96749
02-03-2013,27.9,82.0,2.0,0.3,3.0,96749
03-03-2013,28.2,84.0,0.0,0.3,3.0,96749
04-03-2013,27.0,87.0,25.2,0.2,4.0,96749
05-03-2013,26.5,85.0,61.0,0.1,2.0,96749
08-03-2013,27.3,87.0,0.0,0.5,3.0,96749
09-03-2013,28.2,81.0,7.5,0.4,4.0,96749
10-03-2013,27.1,80.0,0.5,0.3,4.0,96749
12-03-2013,28.2,78.0,0.0,0.3,3.0,96749
13-03-2013,28.4,78.0,0.0,0.4,3.0,96749
14-03-2013,28.0,82.0,0.0,0.4,3.0,96749
15-03-2013,27.9,84.0,1.0,0.6,2.0,96749
16-03-2013,27.8,87.0,1.2,0.6,2.0,96749
17-03-2013,27.9,81.0,30.5,0.6,4.0,96749
18-03-2013,28.2,78.0,0.0,0.6,4.0,96749
19-03-2013,28.0,84.0,0.0,0.4,2.0,96749
20-03-2013,27.7,81.0,1.2,0.3,3.0,96749
21-03-2013,28.8,76.0,3.1,0.6,3.0,96749
22-03-2013,27.9,80.0,0.0,0.4,3.0,96749
23-03-2013,27.7,81.0,0.0,0.6,3.0,96749
24-03-2013,28.1,79.0,0.5,0.5,3.0,96749
25-03-2013,28.4,79.0,0.0,0.6,2.0,96749
26-03-2013,28.8,80.0,0.0,0.6,2.0,96749
27-03-2013,27.5,82.0,0.0,0.2,1.0,96749
29-03-2013,29.5,74.0,0.0,0.6,4.0,96749
30-03-2013,28.2,81.0,0.0,0.1,4.0,96749
31-03-2013,28.0,82.0,0.0,0.6,3.0,96749
01-04-2013,28.3,81.0,8.6,0.5,2.0,96749
02-04-2013,28.8,81.0,0.0,0.1,2.0,96749
06-04-2013,27.6,82.0,0.0,0.0,4.0,96749
07-04-2013,27.1,88.0,29.0,0.0,2.0,96749
08-04-2013,28.0,83.0,4.1,0.3,2.0,96749
10-04-2013,28.4,80.0,0.0,0.2,2.0,96749
11-04-2013,27.4,87.0,2.6,0.2,3.0,96749
12-04-2013,28.0,78.0,4.0,0.2,5.0,96749
13-04-2013,27.6,80.0,0.0,0.2,6.0,96749
14-04-2013,29.1,77.0,0.0,0.5,5.0,96749
15-04-2013,29.4,78.0,5.0,0.6,3.0,96749
16-04-2013,28.2,83.0,15.5,0.2,3.0,96749
17-04-2013,28.8,79.0,0.0,0.6,3.0,96749
18-04-2013,26.0,90.0,1.0,0.0,3.0,96749
19-04-2013,27.2,83.0,55.6,0.4,2.0,96749
20-04-2013,28.0,80.0,0.0,0.6,2.0,96749
21-04-2013,27.7,81.0,0.0,0.4,3.0,96749
23-04-2013,27.1,84.0,20.0,0.2,2.0,96749
24-04-2013,27.4,85.0,0.0,0.2,2.0,96749
26-04-2013,27.9,82.0,1.0,0.6,3.0,96749
27-04-2013,28.5,82.0,0.0,0.4,2.0,96749
29-04-2013,29.0,77.0,0.0,0.6,4.0,96749
02-05-2013,28.0,82.0,71.0,0.3,3.0,96749
03-05-2013,28.1,82.0,0.0,0.6,4.0,96749
04-05-2013,28.9,80.0,0.0,0.6,4.0,96749
05-05-2013,28.4,81.0,0.0,0.6,3.0,96749
08-05-2013,27.9,83.0,1.0,0.2,3.0,96749
09-05-2013,28.1,81.0,0.0,0.3,2.0,96749
10-05-2013,27.7,82.0,0.0,0.2,3.0,96749
12-05-2013,27.4,88.0,16.0,0.2,2.0,96749
13-05-2013,27.0,90.0,4.0,0.0,2.0,96749
15-05-2013,27.5,82.0,0.0,0.3,4.0,96749
16-05-2013,29.3,74.0,0.0,0.6,3.0,96749
20-05-2013,28.6,78.0,2.0,0.6,2.0,96749
22-05-2013,27.8,86.0,27.0,0.4,2.0,96749
23-05-2013,27.6,82.0,3.0,0.2,2.0,96749
24-05-2013,27.7,80.0,0.0,0.6,3.0,96749
25-05-2013,27.4,86.0,0.0,0.1,2.0,96749
26-05-2013,27.5,84.0,0.0,0.4,3.0,96749
28-05-2013,27.0,86.0,8.0,0.2,2.0,96749
30-05-2013,27.3,85.0,16.0,0.6,2.0,96749
31-05-2013,27.2,86.0,2.0,0.1,4.0,96749
01-08-2013,27.1,76.0,0.0,0.6,2.0,96749
02-08-2013,26.9,77.0,0.0,0.6,2.0,96749
03-08-2013,27.3,78.0,0.0,0.6,3.0,96749
04-08-2013,29.4,72.0,0.0,0.6,3.0,96749
05-08-2013,27.1,80.0,0.0,0.2,2.0,96749
07-08-2013,27.4,81.0,1.0,0.6,2.0,96749
08-08-2013,25.4,89.0,15.0,0.6,2.0,96749
09-08-2013,26.8,76.0,29.0,0.6,3.0,96749
10-08-2013,27.7,78.0,0.0,0.6,2.0,96749
13-08-2013,27.2,66.0,0.0,0.6,3.0,96749
14-08-2013,27.2,70.0,0.0,0.6,3.0,96749
16-08-2013,27.8,81.0,0.0,0.6,4.0,96749
18-08-2013,28.2,74.0,10.0,0.6,3.0,96749
19-08-2013,27.2,73.0,5.0,0.6,3.0,96749
20-08-2013,27.1,74.0,0.0,0.2,2.0,96749
21-08-2013,27.8,75.0,0.0,0.6,2.0,96749
22-08-2013,27.7,75.0,0.0,0.6,3.0,96749
23-08-2013,28.5,72.0,0.0,0.6,2.0,96749
24-08-2013,27.3,70.0,0.0,0.6,5.0,96749
25-08-2013,27.1,74.0,0.0,0.6,3.0,96749
26-08-2013,27.8,64.0,0.0,0.6,5.0,96749
27-08-2013,27.2,71.0,0.0,0.6,3.0,96749
28-08-2013,27.8,76.0,0.0,0.6,3.0,96749
29-08-2013,28.4,76.0,0.0,0.6,3.0,96749
31-08-2013,28.2,80.0,7.0,0.6,4.0,96749
01-09-2013,28.2,82.0,0.0,0.6,3.0,96749
02-09-2013,27.9,80.0,0.0,0.6,3.0,96749
03-09-2013,27.7,80.0,0.0,0.4,2.0,96749
04-09-2013,26.2,88.0,0.0,0.2,2.0,96749
05-09-2013,28.0,78.0,8.0,0.5,3.0,96749
06-09-2013,27.7,80.0,9.0,0.6,2.0,96749
07-09-2013,27.5,80.0,0.0,0.3,2.0,96749
08-09-2013,27.9,76.0,0.0,0.6,2.0,96749
14-09-2013,27.6,82.0,23.6,9.2,2.0,96749
20-09-2013,27.4,79.0,0.0,8.6,3.0,96749
01-10-2013,27.8,79.0,0.0,2.3,3.0,96749
02-10-2013,28.4,78.0,0.0,3.3,3.0,96749
03-10-2013,28.5,74.0,0.0,8.0,3.0,96749
04-10-2013,27.9,78.0,2.6,8.0,2.0,96749
05-10-2013,28.2,78.0,0.0,7.0,4.0,96749
06-10-2013,28.4,75.0,0.0,8.0,3.0,96749
07-10-2013,26.7,80.0,0.0,2.6,3.0,96749
09-10-2013,28.0,74.0,0.0,8.0,3.0,96749
10-10-2013,28.6,64.0,0.0,8.0,3.0,96749
11-10-2013,28.3,74.0,0.0,8.0,3.0,96749
12-10-2013,28.6,73.0,0.0,8.0,3.0,96749
13-10-2013,27.4,78.0,6.5,8.0,3.0,96749
14-10-2013,28.0,76.0,0.0,8.0,3.0,96749
15-10-2013,28.9,68.0,0.0,8.0,3.0,96749
16-10-2013,28.7,72.0,0.0,7.4,4.0,96749
17-10-2013,29.7,73.0,0.0,8.0,6.0,96749
18-10-2013,28.0,80.0,0.0,3.8,3.0,96749
19-10-2013,28.2,77.0,3.0,8.0,3.0,96749
20-10-2013,27.9,76.0,1.5,6.0,3.0,96749
21-10-2013,27.4,77.0,0.0,8.0,3.0,96749
22-10-2013,27.2,78.0,0.0,5.1,3.0,96749
24-10-2013,27.7,79.0,2.1,2.5,3.0,96749
25-10-2013,29.0,72.0,0.0,7.5,3.0,96749
26-10-2013,28.4,76.0,0.0,8.0,3.0,96749
27-10-2013,29.1,71.0,0.0,7.9,3.0,96749
28-10-2013,27.7,77.0,0.0,3.0,3.0,96749
29-10-2013,25.6,86.0,0.2,5.2,2.0,96749
30-10-2013,27.9,76.0,1.6,4.5,3.0,96749
31-10-2013,26.7,85.0,0.0,1.7,2.0,96749
01-11-2013,26.2,86.0,0.0,4.4,3.0,96749
02-11-2013,28.6,72.0,3.6,0.0,3.0,96749
03-11-2013,28.4,77.0,44.8,6.8,3.0,96749
04-11-2013,27.3,83.0,0.0,0.1,3.0,96749
05-11-2013,27.2,80.0,0.0,4.5,3.0,96749
06-11-2013,28.0,79.0,0.0,2.5,3.0,96749
07-11-2013,27.7,80.0,0.0,2.0,3.0,96749
08-11-2013,27.5,82.0,0.0,0.5,3.0,96749
09-11-2013,27.8,82.0,16.0,2.4,3.0,96749
10-11-2013,28.7,77.0,0.0,6.2,2.0,96749
11-11-2013,27.9,79.0,0.0,4.0,4.0,96749
12-11-2013,27.2,81.0,16.6,5.3,4.0,96749
13-11-2013,26.5,87.0,2.8,2.3,2.0,96749
14-11-2013,27.3,85.0,33.1,5.1,3.0,96749
15-11-2013,27.0,84.0,1.0,3.5,3.0,96749
16-11-2013,26.2,90.0,6.5,1.5,2.0,96749
17-11-2013,27.3,81.0,14.0,1.5,4.0,96749
18-11-2013,27.8,80.0,0.8,4.3,5.0,96749
19-11-2013,28.2,72.0,0.0,8.0,6.0,96749
20-11-2013,28.5,70.0,0.0,2.9,6.0,96749
21-11-2013,27.8,73.0,0.0,7.8,3.0,96749
22-11-2013,27.8,68.0,0.0,8.0,4.0,96749
23-11-2013,28.5,70.0,0.0,8.0,3.0,96749
24-11-2013,27.8,76.0,0.0,8.0,4.0,96749
25-11-2013,28.3,73.0,0.0,5.2,3.0,96749
26-11-2013,25.9,84.0,0.0,0.6,4.0,96749
27-11-2013,27.7,78.0,4.3,6.8,3.0,96749
28-11-2013,28.1,78.0,0.0,4.8,3.0,96749
29-11-2013,28.1,76.0,0.0,4.0,3.0,96749
30-11-2013,28.2,74.0,0.0,8.0,3.0,96749
01-12-2013,27.6,82.0,0.0,4.5,2.0,96749
02-12-2013,27.4,82.0,1.5,3.0,4.0,96749
03-12-2013,26.7,88.0,4.5,0.8,3.0,96749
06-12-2013,27.0,88.0,5.5,8.0,3.0,96749
07-12-2013,28.8,76.0,9.6,8.0,4.0,96749
09-12-2013,27.3,86.0,30.0,5.5,4.0,96749
10-12-2013,27.3,84.0,25.1,8.0,3.0,96749
11-12-2013,26.6,90.0,0.0,0.9,3.0,96749
14-12-2013,26.1,90.0,54.5,3.1,3.0,96749
15-12-2013,27.0,85.0,10.3,4.8,3.0,96749
16-12-2013,27.7,81.0,18.6,6.8,3.0,96749
17-12-2013,26.6,86.0,45.7,0.0,2.0,96749
18-12-2013,28.1,78.0,0.5,2.5,2.0,96749
19-12-2013,27.4,83.0,41.0,2.8,4.0,96749
20-12-2013,26.5,78.0,2.2,0.5,5.0,96749
21-12-2013,26.7,78.0,0.2,4.9,7.0,96749
22-12-2013,24.5,90.0,2.3,0.0,4.0,96749
23-12-2013,25.3,87.0,16.7,3.0,4.0,96749
24-12-2013,26.3,82.0,4.8,0.5,4.0,96749
25-12-2013,27.1,84.0,2.2,5.6,4.0,96749
27-12-2013,27.4,83.0,0.2,2.8,3.0,96749
28-12-2013,26.8,81.0,0.0,8.0,4.0,96749
29-12-2013,26.8,81.0,0.0,5.9,4.0,96749
30-12-2013,25.6,89.0,0.5,0.0,4.0,96749
31-12-2013,25.0,90.0,397.4,0.0,3.0,96749
01-01-2014,26.1,88.0,17.9,0.6,2.0,96749
02-01-2014,26.5,84.0,2.6,8.0,3.0,96749
03-01-2014,27.2,85.0,0.0,4.8,3.0,96749
04-01-2014,27.8,83.0,1.5,6.0,6.0,96749
05-01-2014,26.2,82.0,0.0,2.4,6.0,96749
06-01-2014,25.9,88.0,0.4,3.5,5.0,96749
07-01-2014,27.3,84.0,9.4,8.0,3.0,96749
08-01-2014,25.0,93.0,11.5,0.0,2.0,96749
09-01-2014,27.4,79.0,61.6,8.0,7.0,96749
10-01-2014,28.0,77.0,0.0,7.4,5.0,96749
11-01-2014,28.2,79.0,0.0,8.0,3.0,96749
12-01-2014,25.9,91.0,33.8,0.4,3.0,96749
13-01-2014,25.8,89.0,15.6,0.1,3.0,96749
14-01-2014,26.6,86.0,3.4,7.5,4.0,96749
15-01-2014,25.1,89.0,58.1,0.7,3.0,96749
16-01-2014,26.6,84.0,5.6,0.0,4.0,96749
17-01-2014,26.2,85.0,104.1,0.0,6.0,96749
18-01-2014,26.9,81.0,71.9,1.2,5.0,96749
19-01-2014,26.4,85.0,98.7,0.9,3.0,96749
20-01-2014,25.9,88.0,8.3,1.2,5.0,96749
21-01-2014,24.7,92.0,48.3,0.0,4.0,96749
22-01-2014,25.5,84.0,18.4,4.0,5.0,96749
23-01-2014,25.8,83.0,47.0,0.0,4.0,96749
24-01-2014,26.6,83.0,13.7,2.5,4.0,96749
25-01-2014,26.8,79.0,26.5,8.0,3.0,96749
26-01-2014,26.3,83.0,1.4,8.0,3.0,96749
27-01-2014,25.5,90.0,11.1,0.0,3.0,96749
28-01-2014,26.9,82.0,10.0,0.7,4.0,96749
29-01-2014,26.6,82.0,37.1,7.3,4.0,96749
30-01-2014,27.5,76.0,0.0,3.4,3.0,96749
31-01-2014,26.6,84.0,0.9,1.5,3.0,96749
01-02-2014,26.5,84.0,5.2,4.5,4.0,96749
02-02-2014,26.1,84.0,24.5,1.0,4.0,96749
03-02-2014,25.1,90.0,56.6,0.2,3.0,96749
04-02-2014,26.4,86.0,96.7,4.6,3.0,96749
05-02-2014,26.2,90.0,10.8,1.0,3.0,96749
06-02-2014,26.0,89.0,36.2,2.0,2.0,96749
07-02-2014,26.4,88.0,4.8,0.4,3.0,96749
08-02-2014,26.6,88.0,12.4,0.3,3.0,96749
09-02-2014,26.9,88.0,11.7,3.7,3.0,96749
10-02-2014,27.1,83.0,35.4,4.2,3.0,96749
11-02-2014,26.8,86.0,22.0,4.5,2.0,96749
12-02-2014,27.3,82.0,0.0,7.0,3.0,96749
14-02-2014,26.3,82.0,1.0,6.0,3.0,96749
15-02-2014,24.3,90.0,9.7,0.0,2.0,96749
16-02-2014,26.5,88.0,1.7,2.0,2.0,96749
17-02-2014,26.5,86.0,0.0,3.3,3.0,96749
18-02-2014,25.2,90.0,4.0,1.2,3.0,96749
19-02-2014,26.7,87.0,4.0,2.0,2.0,96749
20-02-2014,27.4,84.0,1.4,8.0,3.0,96749
21-02-2014,25.6,90.0,74.5,2.0,3.0,96749
22-02-2014,24.2,93.0,57.3,0.0,3.0,96749
23-02-2014,26.4,85.0,50.6,6.5,3.0,96749
24-02-2014,26.4,84.0,16.4,4.2,3.0,96749
25-02-2014,26.3,87.0,94.0,5.5,3.0,96749
26-02-2014,25.4,92.0,31.9,0.0,3.0,96749
27-02-2014,25.9,89.0,7.4,1.3,2.0,96749
28-02-2014,26.6,83.0,4.0,3.9,2.0,96749
01-03-2014,26.5,87.0,0.0,4.0,3.0,96749
02-03-2014,26.7,87.0,13.4,7.6,2.0,96749
03-03-2014,27.1,83.0,0.0,8.0,2.0,96749
04-03-2014,27.8,81.0,0.0,8.0,2.0,96749
05-03-2014,26.9,82.0,0.0,1.5,2.0,96749
06-03-2014,27.1,85.0,0.0,4.9,3.0,96749
07-03-2014,26.7,83.0,1.2,2.0,2.0,96749
10-03-2014,25.6,92.0,4.2,0.0,2.0,96749
11-03-2014,25.8,92.0,7.2,0.0,2.0,96749
12-03-2014,25.9,91.0,96.1,0.4,2.0,96749
13-03-2014,26.2,88.0,12.3,1.7,3.0,96749
14-03-2014,26.9,84.0,7.0,2.1,2.0,96749
15-03-2014,26.3,90.0,0.0,1.5,2.0,96749
16-03-2014,27.0,86.0,1.4,5.7,2.0,96749
17-03-2014,26.7,90.0,0.1,2.2,2.0,96749
18-03-2014,27.1,85.0,0.0,5.9,2.0,96749
19-03-2014,27.4,85.0,0.0,6.0,2.0,96749
20-03-2014,28.2,82.0,0.0,3.0,3.0,96749
21-03-2014,26.9,85.0,3.1,5.3,3.0,96749
22-03-2014,26.8,87.0,3.9,5.1,3.0,96749
23-03-2014,25.9,90.0,10.6,1.5,2.0,96749
24-03-2014,27.6,85.0,4.6,7.9,3.0,96749
26-03-2014,26.8,86.0,96.4,0.4,2.0,96749
27-03-2014,26.9,84.0,0.1,8.0,3.0,96749
28-03-2014,27.6,83.0,0.0,7.8,3.0,96749
29-03-2014,27.6,86.0,0.0,8.0,3.0,96749
30-03-2014,28.3,81.0,0.0,8.0,3.0,96749
31-03-2014,28.0,82.0,0.0,7.2,3.0,96749
01-04-2014,27.7,85.0,0.0,0.7,4.0,96749
02-04-2014,28.6,81.0,0.0,0.6,3.0,96749
04-04-2014,26.4,89.0,0.0,0.2,2.0,96749
05-04-2014,27.6,81.0,6.5,0.7,2.0,96749
06-04-2014,27.8,81.0,22.9,0.6,3.0,96749
07-04-2014,28.1,80.0,0.7,0.5,4.0,96749
09-04-2014,26.8,87.0,0.0,0.4,4.0,96749
10-04-2014,27.1,80.0,14.6,0.2,4.0,96749
11-04-2014,27.7,80.0,0.0,0.5,3.0,96749
12-04-2014,27.5,82.0,0.0,0.1,3.0,96749
14-04-2014,27.3,83.0,3.0,0.3,3.0,96749
15-04-2014,26.5,86.0,0.2,0.3,4.0,96749
16-04-2014,27.7,79.0,5.3,0.2,3.0,96749
17-04-2014,27.8,78.0,1.0,0.5,2.0,96749
18-04-2014,26.9,87.0,55.5,0.3,2.0,96749
19-04-2014,27.9,81.0,82.1,0.6,4.0,96749
20-04-2014,27.3,83.0,12.1,0.6,5.0,96749
21-04-2014,28.0,78.0,6.9,0.5,6.0,96749
22-04-2014,28.1,81.0,0.0,0.7,3.0,96749
23-04-2014,28.5,80.0,0.0,0.8,4.0,96749
24-04-2014,29.1,72.0,0.0,0.9,6.0,96749
25-04-2014,29.8,74.0,0.0,0.7,4.0,96749
27-04-2014,27.4,85.0,0.0,0.2,3.0,96749
28-04-2014,28.0,83.0,0.0,0.6,3.0,96749
29-04-2014,28.3,82.0,2.6,0.6,3.0,96749
30-04-2014,27.8,81.0,0.0,0.6,2.0,96749
01-05-2014,27.6,82.0,0.0,6.0,3.0,96749
02-05-2014,28.3,78.0,0.0,6.0,3.0,96749
03-05-2014,28.2,84.0,0.0,7.8,3.0,96749
04-05-2014,28.5,78.0,0.0,8.0,4.0,96749
06-05-2014,28.8,80.0,0.0,6.1,4.0,96749
07-05-2014,29.0,83.0,5.0,6.2,2.0,96749
08-05-2014,28.4,79.0,1.2,6.5,3.0,96749
09-05-2014,28.2,82.0,4.5,6.2,3.0,96749
10-05-2014,28.8,81.0,0.0,2.4,3.0,96749
11-05-2014,28.0,82.0,3.8,3.0,2.0,96749
12-05-2014,28.1,84.0,4.8,6.0,3.0,96749
14-05-2014,28.4,79.0,5.0,8.0,3.0,96749
15-05-2014,27.6,82.0,0.0,4.6,3.0,96749
16-05-2014,27.2,83.0,1.8,6.5,3.0,96749
17-05-2014,27.7,84.0,8.6,3.4,3.0,96749
18-05-2014,27.4,83.0,2.2,4.5,2.0,96749
19-05-2014,27.9,82.0,0.0,6.3,3.0,96749
20-05-2014,27.6,83.0,0.0,6.3,3.0,96749
21-05-2014,28.4,82.0,0.0,6.3,3.0,96749
22-05-2014,27.7,81.0,13.0,5.5,3.0,96749
23-05-2014,28.4,78.0,1.4,5.5,3.0,96749
24-05-2014,27.3,86.0,0.0,0.5,3.0,96749
25-05-2014,27.8,83.0,0.0,3.8,4.0,96749
26-05-2014,27.5,85.0,0.0,2.5,3.0,96749
27-05-2014,28.4,80.0,1.2,3.5,3.0,96749
28-05-2014,27.7,85.0,8.6,2.5,3.0,96749
29-05-2014,29.0,78.0,0.0,6.0,4.0,96749
30-05-2014,27.6,79.0,0.0,7.0,3.0,96749
01-06-2014,28.9,72.0,0.0,7.4,3.0,96749
02-06-2014,27.9,78.0,0.0,8.0,4.0,96749
03-06-2014,28.2,80.0,0.0,8.0,3.0,96749
04-06-2014,28.3,80.0,0.0,7.0,4.0,96749
06-06-2014,27.9,84.0,11.4,1.3,3.0,96749
07-06-2014,28.3,80.0,0.0,8.0,3.0,96749
08-06-2014,28.3,80.0,0.0,8.0,3.0,96749
09-06-2014,29.0,78.0,0.0,8.0,4.0,96749
10-06-2014,28.8,82.0,0.0,6.1,3.0,96749
11-06-2014,27.6,84.0,14.8,6.0,2.0,96749
12-06-2014,28.7,82.0,1.4,4.9,3.0,96749
13-06-2014,27.6,86.0,18.9,3.8,2.0,96749
14-06-2014,27.7,83.0,10.5,2.2,3.0,96749
15-06-2014,25.3,93.0,22.9,0.0,3.0,96749
16-06-2014,27.2,84.0,5.4,4.6,2.0,96749
17-06-2014,27.1,85.0,1.2,1.5,2.0,96749
18-06-2014,28.0,82.0,0.0,8.0,3.0,96749
20-06-2014,28.1,81.0,0.0,8.0,4.0,96749
21-06-2014,27.2,85.0,0.0,4.8,2.0,96749
22-06-2014,28.6,76.0,1.8,7.3,3.0,96749
23-06-2014,27.9,80.0,0.0,3.7,3.0,96749
24-06-2014,28.1,82.0,0.0,2.0,3.0,96749
25-06-2014,27.2,86.0,0.0,7.2,4.0,96749
26-06-2014,26.2,86.0,5.4,0.0,3.0,96749
27-06-2014,27.4,82.0,1.0,1.3,3.0,96749
28-06-2014,27.2,80.0,0.0,0.3,3.0,96749
29-06-2014,27.5,80.0,0.0,4.6,2.0,96749
30-06-2014,27.4,79.0,0.0,5.5,3.0,96749
01-07-2014,27.9,68.0,0.0,8.0,4.0,96749
02-07-2014,27.6,79.0,0.0,5.2,3.0,96749
03-07-2014,28.1,72.0,0.0,8.0,2.0,96749
04-07-2014,27.5,80.0,0.0,6.2,3.0,96749
05-07-2014,28.4,78.0,0.0,1.0,3.0,96749
06-07-2014,26.2,90.0,2.5,0.7,3.0,96749
07-07-2014,26.7,81.0,4.0,3.5,3.0,96749
08-07-2014,27.6,79.0,0.2,0.6,2.0,96749
09-07-2014,27.5,78.0,0.0,7.5,4.0,96749
10-07-2014,27.8,80.0,1.2,8.0,4.0,96749
11-07-2014,28.4,77.0,0.0,7.2,4.0,96749
12-07-2014,26.0,89.0,0.0,1.0,2.0,96749
13-07-2014,24.3,92.0,36.8,0.0,5.0,96749
14-07-2014,27.4,68.0,14.9,8.0,4.0,96749
15-07-2014,27.3,77.0,0.0,8.0,3.0,96749
16-07-2014,27.2,81.0,4.2,7.2,2.0,96749
17-07-2014,27.0,80.0,0.2,7.8,3.0,96749
18-07-2014,27.7,78.0,4.7,6.6,3.0,96749
19-07-2014,28.1,79.0,0.0,5.4,3.0,96749
20-07-2014,28.3,77.0,1.2,7.4,3.0,96749
21-07-2014,27.3,82.0,13.9,6.0,2.0,96749
22-07-2014,28.6,73.0,0.0,7.1,3.0,96749
23-07-2014,27.0,80.0,0.0,5.6,3.0,96749
24-07-2014,26.5,80.0,0.0,8.0,2.0,96749
25-07-2014,26.7,82.0,0.0,1.0,2.0,96749
26-07-2014,26.3,84.0,10.9,6.0,3.0,96749
27-07-2014,26.9,85.0,17.6,4.5,3.0,96749
28-07-2014,27.2,80.0,0.0,3.9,2.0,96749
29-07-2014,26.8,80.0,0.0,8.0,3.0,96749
30-07-2014,28.0,74.0,0.0,7.0,4.0,96749
31-07-2014,27.1,80.0,0.0,4.0,2.0,96749
01-08-2014,27.7,76.0,0.0,8.0,3.0,96749
02-08-2014,27.1,74.0,0.0,8.0,2.0,96749
03-08-2014,27.7,78.0,0.0,4.5,4.0,96749
04-08-2014,27.4,82.0,0.0,8.0,4.0,96749
05-08-2014,27.7,76.0,0.0,8.0,5.0,96749
06-08-2014,28.6,74.0,0.0,8.0,5.0,96749
07-08-2014,28.0,73.0,0.0,8.0,4.0,96749
08-08-2014,27.0,80.0,0.0,8.0,3.0,96749
09-08-2014,28.0,76.0,0.0,8.0,4.0,96749
10-08-2014,27.1,79.0,0.0,8.0,3.0,96749
11-08-2014,26.6,81.0,0.0,3.5,3.0,96749
12-08-2014,27.2,79.0,2.5,8.0,4.0,96749
13-08-2014,28.2,73.0,1.5,8.0,4.0,96749
14-08-2014,27.5,74.0,0.0,8.0,4.0,96749
15-08-2014,27.0,80.0,0.0,7.5,4.0,96749
16-08-2014,26.6,78.0,35.2,8.0,3.0,96749
17-08-2014,26.8,74.0,0.0,8.0,3.0,96749
18-08-2014,26.9,73.0,0.0,8.0,3.0,96749
19-08-2014,26.9,73.0,0.0,8.0,3.0,96749
20-08-2014,27.6,72.0,0.0,8.0,2.0,96749
21-08-2014,26.7,83.0,0.0,5.4,3.0,96749
22-08-2014,28.0,75.0,0.0,8.0,5.0,96749
23-08-2014,28.7,72.0,0.0,7.8,4.0,96749
24-08-2014,27.9,77.0,0.0,8.0,3.0,96749
25-08-2014,28.1,75.0,0.0,8.0,3.0,96749
26-08-2014,26.8,78.0,0.0,5.1,3.0,96749
27-08-2014,27.1,79.0,0.0,8.0,4.0,96749
28-08-2014,27.4,76.0,0.0,8.0,4.0,96749
29-08-2014,27.1,80.0,0.0,5.5,3.0,96749
30-08-2014,27.4,78.0,7.2,7.8,4.0,96749
31-08-2014,27.3,81.0,4.7,8.0,4.0,96749
03-09-2014,28.4,77.0,0.0,9.2,2.0,96749
04-09-2014,27.6,82.0,0.0,8.8,3.0,96749
05-09-2014,27.4,76.0,8.1,6.0,3.0,96749
07-09-2014,27.5,74.0,0.0,2.2,4.0,96749
08-09-2014,27.4,75.0,0.0,6.2,3.0,96749
09-09-2014,27.3,73.0,0.0,7.2,2.0,96749
10-09-2014,27.4,73.0,0.0,8.4,3.0,96749
12-09-2014,28.0,64.0,0.0,9.8,4.0,96749
13-09-2014,27.7,69.0,0.0,9.3,3.0,96749
14-09-2014,27.8,68.0,0.0,9.5,3.0,96749
15-09-2014,27.2,70.0,0.0,9.8,2.0,96749
16-09-2014,27.4,68.0,0.0,9.2,4.0,96749
17-09-2014,28.1,63.0,0.0,9.6,4.0,96749
19-09-2014,28.5,74.0,0.0,8.1,5.0,96749
20-09-2014,28.1,74.0,0.0,9.1,3.0,96749
21-09-2014,27.2,81.0,22.6,7.2,3.0,96749
22-09-2014,27.5,70.0,9.8,6.8,4.0,96749
23-09-2014,26.9,73.0,0.0,9.8,4.0,96749
24-09-2014,28.6,64.0,0.0,9.9,4.0,96749
25-09-2014,27.1,74.0,0.0,10.2,2.0,96749
26-09-2014,27.0,78.0,0.0,9.4,3.0,96749
27-09-2014,27.6,66.0,0.0,8.8,3.0,96749
28-09-2014,27.5,73.0,0.0,9.9,3.0,96749
29-09-2014,28.2,74.0,0.0,8.2,3.0,96749
30-09-2014,27.9,75.0,0.0,6.6,2.0,96749
01-10-2014,28.5,73.0,0.0,8.0,3.0,96749
02-10-2014,28.8,70.0,0.0,7.8,3.0,96749
03-10-2014,28.4,74.0,0.0,6.1,3.0,96749
04-10-2014,28.5,68.0,0.0,8.0,3.0,96749
05-10-2014,27.7,76.0,0.0,8.0,3.0,96749
06-10-2014,28.2,70.0,0.0,6.0,3.0,96749
07-10-2014,27.9,71.0,0.0,7.7,3.0,96749
08-10-2014,28.7,68.0,0.0,3.6,3.0,96749
09-10-2014,29.3,61.0,0.0,8.0,4.0,96749
10-10-2014,29.1,60.0,0.0,8.0,3.0,96749
11-10-2014,28.3,66.0,0.0,8.0,3.0,96749
12-10-2014,28.3,72.0,0.0,7.7,3.0,96749
13-10-2014,28.3,75.0,0.0,8.0,3.0,96749
14-10-2014,28.7,74.0,0.0,6.4,3.0,96749
15-10-2014,28.8,78.0,0.0,8.0,3.0,96749
16-10-2014,29.4,72.0,0.0,7.8,3.0,96749
18-10-2014,29.5,70.0,0.0,7.3,3.0,96749
19-10-2014,29.1,70.0,0.0,8.0,3.0,96749
20-10-2014,28.8,71.0,0.0,8.0,3.0,96749
21-10-2014,29.3,72.0,0.0,8.0,6.0,96749
22-10-2014,29.9,66.0,0.0,8.0,3.0,96749
23-10-2014,28.7,70.0,0.0,3.0,3.0,96749
24-10-2014,28.7,72.0,6.4,5.6,3.0,96749
25-10-2014,28.4,74.0,0.0,8.0,4.0,96749
26-10-2014,29.2,72.0,0.0,8.0,4.0,96749
27-10-2014,28.4,78.0,10.7,8.0,2.0,96749
28-10-2014,28.6,76.0,0.0,5.3,3.0,96749
29-10-2014,27.9,79.0,0.0,6.0,3.0,96749
30-10-2014,28.5,74.0,0.2,1.3,3.0,96749
31-10-2014,28.7,76.0,0.0,8.0,3.0,96749
01-11-2014,28.6,75.0,4.6,0.8,3.0,96749
02-11-2014,29.6,74.0,0.0,0.7,3.0,96749
03-11-2014,29.5,69.0,0.0,0.8,3.0,96749
04-11-2014,29.4,70.0,0.0,0.8,3.0,96749
05-11-2014,30.3,67.0,0.0,0.7,3.0,96749
06-11-2014,29.0,73.0,0.0,0.2,3.0,96749
08-11-2014,28.2,71.0,0.0,0.6,3.0,96749
09-11-2014,29.1,77.0,26.1,0.7,3.0,96749
10-11-2014,27.5,78.0,19.8,0.2,2.0,96749
11-11-2014,25.9,88.0,0.0,0.1,3.0,96749
12-11-2014,29.2,74.0,0.0,0.5,3.0,96749
13-11-2014,27.7,76.0,0.0,0.5,3.0,96749
15-11-2014,28.3,79.0,0.0,0.6,3.0,96749
16-11-2014,27.8,81.0,0.6,0.6,3.0,96749
17-11-2014,27.9,83.0,13.4,0.2,3.0,96749
18-11-2014,27.6,83.0,1.5,0.2,3.0,96749
20-11-2014,28.3,80.0,3.7,0.6,3.0,96749
21-11-2014,29.1,77.0,0.0,0.6,2.0,96749
23-11-2014,28.7,78.0,0.0,0.7,3.0,96749
24-11-2014,27.3,84.0,0.0,0.4,3.0,96749
25-11-2014,27.7,78.0,8.7,0.3,3.0,96749
26-11-2014,28.5,78.0,0.0,0.6,2.0,96749
27-11-2014,28.1,78.0,0.0,0.3,2.0,96749
28-11-2014,28.5,81.0,0.0,0.3,3.0,96749
29-11-2014,28.1,77.0,7.8,0.4,4.0,96749
30-11-2014,28.2,76.0,0.2,0.0,5.0,96749
01-12-2014,29.0,70.0,0.0,1.8,3.0,96749
02-12-2014,28.0,73.0,0.0,0.5,4.0,96749
03-12-2014,27.2,77.0,0.0,0.7,6.0,96749
04-12-2014,27.4,80.0,1.0,2.6,5.0,96749
05-12-2014,28.1,79.0,0.0,2.3,3.0,96749
06-12-2014,27.5,80.0,2.9,1.5,3.0,96749
07-12-2014,25.8,90.0,12.0,0.7,3.0,96749
08-12-2014,27.3,84.0,12.3,5.8,4.0,96749
09-12-2014,27.1,83.0,2.3,2.2,3.0,96749
10-12-2014,27.8,78.0,0.0,8.0,3.0,96749
11-12-2014,28.7,79.0,0.0,7.2,4.0,96749
12-12-2014,27.8,83.0,0.0,3.0,5.0,96749
13-12-2014,27.1,81.0,11.2,0.5,4.0,96749
14-12-2014,28.2,78.0,0.0,3.5,4.0,96749
15-12-2014,28.4,80.0,0.0,4.2,3.0,96749
16-12-2014,28.9,77.0,16.2,6.0,4.0,96749
17-12-2014,29.2,76.0,0.0,7.2,4.0,96749
18-12-2014,28.9,80.0,0.0,7.2,3.0,96749
19-12-2014,27.5,87.0,0.0,2.7,3.0,96749
20-12-2014,27.9,84.0,6.4,5.5,4.0,96749
21-12-2014,28.9,78.0,0.9,8.0,3.0,96749
22-12-2014,27.4,86.0,14.4,6.0,4.0,96749
23-12-2014,27.7,82.0,0.2,4.8,3.0,96749
24-12-2014,28.7,72.0,0.5,8.0,3.0,96749
25-12-2014,29.1,78.0,0.0,8.0,3.0,96749
26-12-2014,27.9,84.0,0.0,1.5,3.0,96749
27-12-2014,25.5,92.0,72.3,0.0,2.0,96749
28-12-2014,27.3,80.0,52.3,1.0,5.0,96749
29-12-2014,28.1,73.0,0.1,7.6,6.0,96749
30-12-2014,28.3,75.0,0.0,0.5,6.0,96749
31-12-2014,24.5,90.0,1.0,0.0,4.0,96749
01-01-2015,25.3,88.0,23.9,0.0,4.0,96749
02-01-2015,26.3,85.0,10.5,0.0,4.0,96749
03-01-2015,25.8,90.0,9.7,1.9,4.0,96749
05-01-2015,26.9,81.0,5.9,0.5,5.0,96749
06-01-2015,27.5,78.0,0.0,8.2,5.0,96749
07-01-2015,28.0,79.0,0.0,4.5,5.0,96749
09-01-2015,27.9,78.0,0.0,4.4,6.0,96749
11-01-2015,28.1,78.0,0.0,5.2,4.0,96749
13-01-2015,25.2,93.0,64.0,0.0,3.0,96749
15-01-2015,26.9,80.0,10.0,3.2,3.0,96749
17-01-2015,27.0,84.0,38.0,8.0,4.0,96749
18-01-2015,27.7,81.0,7.9,2.5,3.0,96749
19-01-2015,25.0,92.0,0.5,2.1,1.0,96749
20-01-2015,23.9,96.0,23.5,0.0,2.0,96749
23-01-2015,25.3,92.0,79.0,0.0,2.0,96749
24-01-2015,26.9,84.0,16.9,1.0,4.0,96749
25-01-2015,26.8,85.0,5.3,5.5,3.0,96749
26-01-2015,26.5,86.0,0.0,7.0,2.0,96749
27-01-2015,26.6,88.0,51.5,1.0,3.0,96749
28-01-2015,26.6,84.0,0.8,3.7,3.0,96749
29-01-2015,27.4,84.0,0.3,6.9,3.0,96749
30-01-2015,27.6,83.0,0.0,6.0,4.0,96749
31-01-2015,27.5,82.0,0.0,6.7,5.0,96749
01-02-2015,24.3,96.0,75.3,5.0,2.0,96749
02-02-2015,26.5,84.0,62.6,0.0,2.0,96749
03-02-2015,27.0,83.0,0.0,5.2,3.0,96749
04-02-2015,26.6,86.0,1.0,1.2,3.0,96749
05-02-2015,27.0,83.0,0.0,3.0,3.0,96749
06-02-2015,26.6,85.0,1.5,3.4,4.0,96749
07-02-2015,26.5,84.0,1.8,5.9,4.0,96749
08-02-2015,26.2,87.0,7.2,7.5,3.0,96749
09-02-2015,24.3,94.0,73.3,3.1,3.0,96749
10-02-2015,25.7,87.0,127.7,0.0,2.0,96749
11-02-2015,24.4,94.0,10.7,3.0,2.0,96749
12-02-2015,25.4,90.0,4.0,0.0,3.0,96749
13-02-2015,24.6,91.0,14.0,2.4,2.0,96749
15-02-2015,26.2,92.0,0.0,6.5,2.0,96749
16-02-2015,27.4,84.0,7.5,3.3,3.0,96749
17-02-2015,25.4,91.0,1.0,8.5,2.0,96749
18-02-2015,26.2,86.0,5.9,0.3,3.0,96749
19-02-2015,25.5,89.0,58.2,6.6,2.0,96749
21-02-2015,27.1,84.0,0.0,2.0,2.0,96749
22-02-2015,27.5,72.0,0.0,6.8,2.0,96749
23-02-2015,25.8,86.0,0.0,11.0,2.0,96749
24-02-2015,27.7,78.0,0.3,5.0,2.0,96749
27-02-2015,27.6,85.0,0.0,5.9,4.0,96749
01-03-2015,26.4,86.0,3.0,3.5,2.0,96749
02-03-2015,25.8,86.0,1.0,0.3,2.0,96749
03-03-2015,26.7,85.0,9.6,1.0,3.0,96749
04-03-2015,27.1,80.0,3.8,3.2,2.0,96749
05-03-2015,27.2,79.0,0.0,4.2,2.0,96749
06-03-2015,26.9,78.0,0.0,4.5,3.0,96749
07-03-2015,27.2,79.0,0.0,3.2,4.0,96749
08-03-2015,26.2,87.0,1.3,3.3,3.0,96749
09-03-2015,27.5,80.0,1.6,0.0,2.0,96749
10-03-2015,27.0,82.0,10.4,7.5,2.0,96749
11-03-2015,25.6,90.0,12.5,6.3,3.0,96749
12-03-2015,26.5,86.0,13.2,6.5,3.0,96749
13-03-2015,27.1,85.0,2.4,5.2,2.0,96749
14-03-2015,26.5,86.0,1.0,2.5,2.0,96749
15-03-2015,26.5,87.0,0.0,0.5,2.0,96749
16-03-2015,26.9,86.0,27.0,4.9,3.0,96749
17-03-2015,28.6,74.0,2.6,6.5,4.0,96749
18-03-2015,29.0,77.0,0.0,9.3,2.0,96749
19-03-2015,28.1,79.0,0.0,10.3,3.0,96749
20-03-2015,28.2,74.0,0.0,4.5,2.0,96749
21-03-2015,26.2,84.0,10.5,6.2,2.0,96749
22-03-2015,27.4,78.0,0.0,2.8,2.0,96749
23-03-2015,27.7,78.0,22.6,10.1,2.0,96749
24-03-2015,27.0,85.0,0.0,8.0,3.0,96749
25-03-2015,25.5,89.0,18.8,3.8,3.0,96749
27-03-2015,28.1,80.0,12.0,3.2,2.0,96749
28-03-2015,28.0,78.0,0.0,7.5,2.0,96749
29-03-2015,28.3,79.0,0.0,9.3,2.0,96749
30-03-2015,28.8,79.0,0.0,8.3,1.0,96749
01-04-2015,28.7,80.0,0.0,9.8,2.0,96749
04-04-2015,25.9,90.0,0.0,0.7,2.0,96749
07-04-2015,25.9,88.0,1.0,9.0,1.0,96749
09-04-2015,27.6,80.0,0.0,9.0,1.0,96749
10-04-2015,28.2,80.0,0.0,7.5,2.0,96749
11-04-2015,29.1,76.0,0.0,10.5,3.0,96749
12-04-2015,28.0,80.0,0.0,9.2,1.0,96749
13-04-2015,27.2,83.0,0.0,5.0,1.0,96749
14-04-2015,27.4,81.0,0.1,0.8,2.0,96749
15-04-2015,27.3,82.0,0.0,4.0,2.0,96749
16-04-2015,28.1,78.0,0.0,1.5,3.0,96749
17-04-2015,26.8,88.0,0.0,7.4,1.0,96749
18-04-2015,28.2,79.0,6.0,0.0,3.0,96749
19-04-2015,26.9,84.0,0.0,3.5,2.0,96749
20-04-2015,27.6,83.0,0.8,8.0,2.0,96749
21-04-2015,28.3,81.0,9.0,7.9,2.0,96749
22-04-2015,28.0,81.0,0.0,6.5,3.0,96749
25-04-2015,26.2,85.0,2.9,4.8,3.0,96749
26-04-2015,26.9,83.0,13.7,1.3,4.0,96749
30-04-2015,28.3,78.0,0.0,5.2,4.0,96749
01-05-2015,28.0,82.0,0.0,8.3,2.0,96749
02-05-2015,28.9,76.0,5.4,3.7,1.0,96749
03-05-2015,26.9,84.0,0.0,4.0,1.0,96749
04-05-2015,26.6,84.0,20.2,0.6,2.0,96749
05-05-2015,28.3,76.0,0.1,5.0,2.0,96749
06-05-2015,27.9,81.0,0.0,7.1,3.0,96749
07-05-2015,28.3,77.0,0.0,9.8,2.0,96749
08-05-2015,29.2,68.0,0.0,9.0,3.0,96749
09-05-2015,27.9,77.0,0.0,6.0,2.0,96749
10-05-2015,28.1,81.0,4.8,6.8,4.0,96749
14-05-2015,27.5,86.0,0.0,6.5,3.0,96749
16-05-2015,28.0,77.0,11.0,3.0,3.0,96749
17-05-2015,28.3,81.0,0.0,3.0,3.0,96749
18-05-2015,28.2,80.0,0.0,9.0,3.0,96749
19-05-2015,27.9,80.0,0.0,9.7,2.0,96749
20-05-2015,28.1,77.0,0.0,7.0,3.0,96749
21-05-2015,28.4,70.0,0.0,8.4,3.0,96749
22-05-2015,27.7,75.0,0.0,8.0,2.0,96749
24-05-2015,27.2,81.0,0.0,9.4,3.0,96749
27-05-2015,28.2,79.0,0.0,4.4,3.0,96749
28-05-2015,29.1,76.0,0.0,7.4,2.0,96749
29-05-2015,29.1,74.0,0.0,9.0,2.0,96749
30-05-2015,28.3,79.0,1.5,8.5,2.0,96749
31-05-2015,28.2,80.0,0.0,9.5,3.0,96749
02-06-2015,27.7,79.0,0.0,3.9,2.0,96749
03-06-2015,27.6,83.0,87.5,9.5,3.0,96749
04-06-2015,28.1,78.0,0.0,8.0,5.0,96749
05-06-2015,28.3,77.0,1.2,4.8,3.0,96749
06-06-2015,28.9,74.0,0.0,2.5,2.0,96749
07-06-2015,28.2,79.0,0.0,7.0,2.0,96749
08-06-2015,27.6,84.0,0.0,1.1,2.0,96749
09-06-2015,26.3,86.0,0.0,1.6,2.0,96749
10-06-2015,27.5,82.0,6.0,0.0,2.0,96749
11-06-2015,27.8,81.0,0.0,6.0,1.0,96749
12-06-2015,27.8,83.0,0.0,2.3,2.0,96749
13-06-2015,27.8,79.0,3.2,1.9,2.0,96749
14-06-2015,27.5,78.0,0.0,7.2,2.0,96749
15-06-2015,27.9,74.0,0.0,5.8,2.0,96749
16-06-2015,26.7,77.0,0.0,4.0,2.0,96749
18-06-2015,27.7,74.0,0.0,5.5,3.0,96749
19-06-2015,28.1,74.0,0.0,10.0,2.0,96749
20-06-2015,27.2,77.0,0.0,9.0,3.0,96749
21-06-2015,28.1,74.0,0.0,9.3,2.0,96749
22-06-2015,27.9,80.0,8.3,7.0,2.0,96749
24-06-2015,26.6,77.0,0.0,4.5,2.0,96749
25-06-2015,26.7,76.0,0.0,8.5,4.0,96749
27-06-2015,27.5,79.0,0.0,9.5,3.0,96749
28-06-2015,27.6,79.0,0.0,7.0,2.0,96749
29-06-2015,27.4,80.0,0.0,4.5,2.0,96749
01-07-2015,27.2,77.0,0.0,5.5,2.0,96749
02-07-2015,25.9,75.0,0.0,2.0,2.0,96749
03-07-2015,26.7,72.0,0.0,9.0,2.0,96749
04-07-2015,26.4,70.0,0.0,7.8,2.0,96749
05-07-2015,27.2,68.0,0.0,9.4,2.0,96749
06-07-2015,26.5,73.0,0.0,7.0,3.0,96749
07-07-2015,27.4,72.0,0.0,7.3,2.0,96749
08-07-2015,27.8,74.0,0.0,2.4,2.0,96749
09-07-2015,26.7,75.0,0.0,7.0,2.0,96749
10-07-2015,26.9,75.0,0.0,8.8,3.0,96749
11-07-2015,27.0,77.0,0.0,5.1,4.0,96749
12-07-2015,28.7,74.0,0.0,5.8,4.0,96749
13-07-2015,28.6,73.0,0.0,4.0,4.0,96749
14-07-2015,27.9,77.0,0.0,9.5,4.0,96749
15-07-2015,27.8,75.0,0.0,4.6,5.0,96749
16-07-2015,28.5,72.0,0.0,0.5,5.0,96749
17-07-2015,28.0,76.0,0.0,10.3,3.0,96749
18-07-2015,27.7,77.0,0.0,10.0,4.0,96749
19-07-2015,28.2,72.0,0.0,10.1,4.0,96749
20-07-2015,27.2,78.0,0.0,10.4,3.0,96749
21-07-2015,27.3,80.0,0.0,10.1,3.0,96749
22-07-2015,27.1,81.0,0.0,9.9,3.0,96749
23-07-2015,27.7,79.0,0.0,8.9,3.0,96749
24-07-2015,27.3,80.0,0.0,7.5,2.0,96749
25-07-2015,27.2,81.0,0.0,10.5,3.0,96749
26-07-2015,27.3,80.0,0.0,9.8,2.0,96749
27-07-2015,28.0,75.0,0.0,6.9,4.0,96749
28-07-2015,27.7,77.0,0.0,9.6,3.0,96749
29-07-2015,28.2,72.0,0.0,10.0,3.0,96749
30-07-2015,27.6,77.0,0.0,10.8,3.0,96749
31-07-2015,27.4,78.0,0.0,6.5,2.0,96749
02-08-2015,27.3,77.0,6.0,7.5,2.0,96749
03-08-2015,26.3,70.0,0.0,7.6,2.0,96749
05-08-2015,26.5,72.0,0.0,10.0,2.0,96749
06-08-2015,26.4,79.0,0.0,9.8,2.0,96749
07-08-2015,26.6,79.0,0.1,8.0,2.0,96749
08-08-2015,27.3,76.0,1.0,6.5,3.0,96749
09-08-2015,27.4,77.0,0.0,5.8,4.0,96749
10-08-2015,28.6,72.0,0.0,6.0,4.0,96749
11-08-2015,28.1,79.0,0.0,7.1,4.0,96749
12-08-2015,28.6,77.0,0.0,9.5,2.0,96749
14-08-2015,28.3,80.0,3.4,8.3,4.0,96749
15-08-2015,27.9,78.0,0.0,8.1,3.0,96749
16-08-2015,28.3,75.0,0.0,8.8,4.0,96749
17-08-2015,28.1,75.0,0.0,10.3,3.0,96749
18-08-2015,27.7,77.0,0.0,9.3,3.0,96749
19-08-2015,27.9,78.0,0.0,9.4,2.0,96749
20-08-2015,27.7,77.0,0.0,7.6,2.0,96749
21-08-2015,27.5,68.0,0.0,2.3,3.0,96749
23-08-2015,27.6,69.0,0.0,8.4,4.0,96749
24-08-2015,26.9,73.0,0.0,8.8,3.0,96749
27-08-2015,28.0,74.0,0.0,6.0,3.0,96749
28-08-2015,27.9,76.0,0.0,10.0,3.0,96749
29-08-2015,28.0,73.0,0.0,9.4,3.0,96749
30-08-2015,28.3,70.0,0.0,7.2,2.0,96749
31-08-2015,27.9,75.0,0.0,10.2,3.0,96749
01-09-2015,28.3,65.0,0.0,10.4,2.0,96749
02-09-2015,27.8,66.0,0.0,9.9,3.0,96749
03-09-2015,27.3,67.0,0.0,9.7,4.0,96749
04-09-2015,27.6,68.0,0.0,10.2,3.0,96749
05-09-2015,27.7,76.0,0.0,10.3,2.0,96749
06-09-2015,27.1,72.0,0.0,6.5,3.0,96749
07-09-2015,27.7,69.0,0.0,9.0,4.0,96749
08-09-2015,27.4,73.0,0.0,9.6,2.0,96749
09-09-2015,28.0,72.0,0.0,9.3,2.0,96749
10-09-2015,27.9,71.0,0.0,8.3,3.0,96749
11-09-2015,27.7,72.0,0.0,5.7,4.0,96749
12-09-2015,28.4,70.0,0.0,9.3,3.0,96749
13-09-2015,28.1,73.0,0.0,8.8,2.0,96749
14-09-2015,27.9,72.0,0.0,8.9,2.0,96749
15-09-2015,26.8,71.0,0.0,6.5,3.0,96749
16-09-2015,28.4,70.0,0.0,5.2,4.0,96749
19-09-2015,27.7,74.0,0.0,8.6,3.0,96749
20-09-2015,27.8,74.0,0.0,7.5,2.0,96749
21-09-2015,27.6,71.0,0.0,7.6,3.0,96749
22-09-2015,28.1,73.0,0.0,6.6,2.0,96749
23-09-2015,28.4,64.0,0.0,8.8,2.0,96749
24-09-2015,27.9,67.0,0.0,9.3,3.0,96749
26-09-2015,28.4,64.0,0.0,6.8,3.0,96749
27-09-2015,27.5,70.0,0.0,8.1,3.0,96749
28-09-2015,28.5,69.0,0.0,8.0,2.0,96749
29-09-2015,28.2,72.0,0.0,3.2,4.0,96749
30-09-2015,29.4,63.0,0.0,8.2,4.0,96749
01-10-2015,28.0,70.0,0.0,9.5,3.0,96749
02-10-2015,28.6,67.0,0.0,8.5,2.0,96749
03-10-2015,29.3,62.0,0.0,7.3,5.0,96749
04-10-2015,28.6,66.0,0.0,9.1,4.0,96749
05-10-2015,29.2,69.0,0.0,8.9,2.0,96749
06-10-2015,27.3,72.0,0.0,8.5,2.0,96749
07-10-2015,28.3,76.0,0.0,8.0,3.0,96749
10-10-2015,28.5,70.0,0.0,7.6,3.0,96749
11-10-2015,28.4,70.0,0.0,7.5,3.0,96749
12-10-2015,28.6,75.0,0.0,9.5,3.0,96749
13-10-2015,28.0,78.0,0.0,9.7,3.0,96749
14-10-2015,28.7,76.0,0.0,8.8,2.0,96749
15-10-2015,28.7,68.0,0.0,8.4,2.0,96749
16-10-2015,28.4,75.0,8.9,8.7,2.0,96749
17-10-2015,29.0,63.0,0.0,5.5,4.0,96749
18-10-2015,28.5,65.0,0.0,8.6,2.0,96749
19-10-2015,28.9,70.0,0.0,8.0,2.0,96749
20-10-2015,28.8,67.0,0.0,7.1,2.0,96749
21-10-2015,29.0,66.0,0.0,9.0,3.0,96749
22-10-2015,29.4,66.0,0.0,7.0,4.0,96749
23-10-2015,27.9,73.0,0.0,8.5,2.0,96749
24-10-2015,28.4,72.0,0.0,0.1,2.0,96749
26-10-2015,28.3,76.0,0.0,8.7,2.0,96749
28-10-2015,28.7,76.0,0.0,8.7,2.0,96749
30-10-2015,29.1,75.0,0.0,6.5,3.0,96749
31-10-2015,29.3,72.0,0.0,7.1,2.0,96749
01-11-2015,29.3,78.0,0.0,5.8,1.0,96749
02-11-2015,29.2,73.0,0.0,1.1,3.0,96749
04-11-2015,29.4,71.0,0.0,5.1,3.0,96749
05-11-2015,29.2,71.0,0.0,7.2,2.0,96749
06-11-2015,29.1,73.0,0.0,7.2,2.0,96749
07-11-2015,27.7,76.0,0.0,7.5,2.0,96749
08-11-2015,28.1,80.0,0.8,1.8,2.0,96749
09-11-2015,28.6,73.0,0.9,5.0,2.0,96749
10-11-2015,29.1,75.0,0.0,8.8,2.0,96749
11-11-2015,28.9,75.0,0.0,7.1,2.0,96749
13-11-2015,29.0,74.0,5.0,7.0,3.0,96749
14-11-2015,30.4,71.0,16.5,6.8,3.0,96749
15-11-2015,29.9,75.0,0.0,10.0,2.0,96749
16-11-2015,28.4,76.0,0.0,9.0,2.0,96749
17-11-2015,28.5,79.0,3.0,4.0,2.0,96749
18-11-2015,29.3,76.0,0.0,4.3,3.0,96749
19-11-2015,27.9,83.0,3.2,8.6,2.0,96749
20-11-2015,28.9,78.0,7.6,1.5,2.0,96749
21-11-2015,28.2,76.0,0.0,7.0,2.0,96749
22-11-2015,28.5,77.0,0.0,2.0,2.0,96749
24-11-2015,29.4,75.0,0.0,8.1,3.0,96749
25-11-2015,28.8,77.0,1.7,6.5,2.0,96749
26-11-2015,29.1,73.0,0.0,7.4,2.0,96749
27-11-2015,29.5,71.0,0.0,4.5,2.0,96749
28-11-2015,29.6,75.0,0.0,2.0,2.0,96749
30-11-2015,28.6,81.0,20.0,0.0,2.0,96749
02-12-2015,29.1,76.0,0.0,7.0,2.0,96749
03-12-2015,28.7,78.0,0.0,7.5,2.0,96749
04-12-2015,28.0,82.0,0.0,5.3,2.0,96749
05-12-2015,28.1,82.0,15.5,6.0,2.0,96749
06-12-2015,28.7,75.0,0.0,6.0,2.0,96749
07-12-2015,28.3,80.0,4.0,3.5,2.0,96749
08-12-2015,27.6,83.0,0.0,7.2,2.0,96749
09-12-2015,28.6,81.0,29.6,0.1,2.0,96749
10-12-2015,28.8,75.0,0.0,8.8,2.0,96749
11-12-2015,29.0,79.0,0.0,4.9,2.0,96749
13-12-2015,28.8,80.0,0.0,0.5,3.0,96749
14-12-2015,28.0,78.0,13.5,4.8,2.0,96749
15-12-2015,26.2,87.0,0.0,0.1,4.0,96749
17-12-2015,25.3,87.0,2.9,0.0,2.0,96749
18-12-2015,26.8,82.0,8.5,0.0,2.0,96749
19-12-2015,26.7,85.0,24.0,2.0,2.0,96749
20-12-2015,26.5,90.0,6.7,4.6,2.0,96749
21-12-2015,26.5,80.0,15.0,6.8,4.0,96749
22-12-2015,28.7,76.0,0.0,5.2,3.0,96749
23-12-2015,28.7,73.0,0.0,4.4,4.0,96749
24-12-2015,28.4,72.0,0.0,7.5,2.0,96749
25-12-2015,28.2,76.0,0.0,5.5,2.0,96749
26-12-2015,28.3,81.0,0.0,7.0,2.0,96749
27-12-2015,28.1,83.0,0.0,5.1,2.0,96749
28-12-2015,28.2,84.0,0.9,1.8,2.0,96749
29-12-2015,29.0,79.0,0.0,5.5,2.0,96749
30-12-2015,27.7,84.0,5.8,8.9,2.0,96749
31-12-2015,27.8,85.0,47.5,6.6,2.0,96749
01-01-2016,28.1,83.0,14.3,5.2,2.0,96749
02-01-2016,27.4,87.0,6.3,9.0,2.0,96749
03-01-2016,28.2,80.0,0.0,3.2,2.0,96749
04-01-2016,28.5,83.0,0.0,6.0,2.0,96749
05-01-2016,27.3,86.0,0.0,5.0,2.0,96749
07-01-2016,28.8,80.0,0.0,7.5,3.0,96749
08-01-2016,29.1,76.0,0.0,10.0,2.0,96749
09-01-2016,29.1,79.0,0.0,10.5,2.0,96749
10-01-2016,29.0,78.0,0.0,8.5,2.0,96749
11-01-2016,29.7,75.0,0.0,5.5,2.0,96749
12-01-2016,27.0,91.0,3.4,8.8,2.0,96749
13-01-2016,26.9,89.0,0.0,1.2,1.0,96749
14-01-2016,28.1,85.0,12.0,3.0,2.0,96749
16-01-2016,28.1,82.0,14.5,3.0,1.0,96749
18-01-2016,28.2,82.0,0.0,6.5,2.0,96749
19-01-2016,28.3,79.0,0.0,5.3,2.0,96749
20-01-2016,27.6,82.0,0.1,8.0,2.0,96749
22-01-2016,28.6,83.0,0.0,0.0,2.0,96749
23-01-2016,26.8,87.0,7.0,0.2,2.0,96749
24-01-2016,27.5,89.0,10.2,0.2,4.0,96749
25-01-2016,25.3,95.0,78.0,3.8,1.0,96749
26-01-2016,27.6,87.0,14.5,0.0,1.0,96749
27-01-2016,28.9,84.0,0.0,3.6,2.0,96749
28-01-2016,28.1,84.0,1.0,7.5,3.0,96749
31-01-2016,27.8,84.0,3.4,0.5,2.0,96749
01-02-2016,27.3,86.0,6.2,2.8,2.0,96749
02-02-2016,27.4,88.0,23.3,0.6,3.0,96749
03-02-2016,27.8,76.0,1.4,4.3,2.0,96749
04-02-2016,27.0,88.0,0.0,1.8,2.0,96749
05-02-2016,27.9,84.0,2.3,1.0,2.0,96749
06-02-2016,28.6,80.0,0.2,1.5,3.0,96749
07-02-2016,27.7,83.0,0.0,7.0,3.0,96749
08-02-2016,26.6,90.0,7.6,2.6,4.0,96749
09-02-2016,27.0,88.0,21.4,3.4,2.0,96749
10-02-2016,27.0,87.0,1.7,5.2,2.0,96749
11-02-2016,27.3,87.0,0.3,0.6,2.0,96749
12-02-2016,26.0,92.0,7.7,0.7,2.0,96749
13-02-2016,27.7,84.0,3.9,1.2,2.0,96749
14-02-2016,26.8,89.0,1.5,0.5,1.0,96749
15-02-2016,27.6,87.0,16.3,5.9,2.0,96749
16-02-2016,27.4,85.0,1.5,6.8,2.0,96749
17-02-2016,27.0,88.0,14.9,0.0,1.0,96749
18-02-2016,28.1,80.0,23.0,2.2,2.0,96749
19-02-2016,28.2,83.0,0.0,8.0,2.0,96749
20-02-2016,28.2,84.0,0.0,2.0,2.0,96749
21-02-2016,27.2,86.0,0.4,0.2,3.0,96749
22-02-2016,27.8,85.0,8.6,5.0,2.0,96749
23-02-2016,27.8,82.0,0.0,4.1,2.0,96749
25-02-2016,26.9,88.0,100.6,4.8,2.0,96749
26-02-2016,26.2,91.0,147.6,3.1,1.0,96749
27-02-2016,27.6,83.0,12.3,1.3,2.0,96749
28-02-2016,26.7,90.0,102.3,6.0,2.0,96749
29-02-2016,26.6,90.0,11.9,0.0,2.0,96749
01-03-2016,27.1,85.0,40.9,1.0,2.0,96749
02-03-2016,27.4,86.0,10.0,4.3,2.0,96749
03-03-2016,27.2,87.0,17.0,3.3,2.0,96749
04-03-2016,27.8,84.0,0.9,8.3,2.0,96749
05-03-2016,27.9,86.0,3.8,8.9,2.0,96749
06-03-2016,28.5,84.0,1.0,5.9,2.0,96749
07-03-2016,28.6,83.0,1.5,8.4,2.0,96749
08-03-2016,28.4,84.0,0.0,9.8,2.0,96749
09-03-2016,28.4,83.0,0.0,4.1,2.0,96749
11-03-2016,28.6,82.0,0.0,8.1,2.0,96749
12-03-2016,28.3,81.0,0.0,6.5,2.0,96749
13-03-2016,28.5,81.0,0.0,8.0,2.0,96749
14-03-2016,28.3,82.0,0.0,9.3,2.0,96749
15-03-2016,27.4,85.0,0.0,3.0,2.0,96749
16-03-2016,28.2,86.0,54.4,5.2,2.0,96749
17-03-2016,29.7,78.0,0.0,6.5,2.0,96749
21-03-2016,28.2,90.0,0.0,4.2,1.0,96749
22-03-2016,27.7,85.0,0.2,1.1,3.0,96749
24-03-2016,28.3,77.0,0.0,2.1,2.0,96749
25-03-2016,28.5,82.0,0.0,9.0,2.0,96749
26-03-2016,27.4,88.0,10.5,1.5,1.0,96749
27-03-2016,28.6,81.0,0.0,5.0,2.0,96749
28-03-2016,28.1,83.0,0.4,10.3,2.0,96749
29-03-2016,27.4,86.0,2.9,9.6,2.0,96749
30-03-2016,27.3,86.0,0.0,7.0,1.0,96749
31-03-2016,27.5,86.0,0.0,0.0,1.0,96749
01-04-2016,27.1,86.0,0.0,0.0,1.0,96749
02-04-2016,28.3,84.0,7.5,6.1,2.0,96749
03-04-2016,28.4,79.0,0.0,8.7,2.0,96749
04-04-2016,28.7,79.0,0.0,10.6,3.0,96749
05-04-2016,28.7,82.0,0.0,7.4,2.0,96749
06-04-2016,29.0,79.0,0.0,4.8,2.0,96749
07-04-2016,28.3,85.0,0.7,8.6,2.0,96749
08-04-2016,29.5,79.0,0.0,8.7,2.0,96749
09-04-2016,28.8,80.0,0.0,5.5,2.0,96749
10-04-2016,28.9,78.0,0.7,7.2,2.0,96749
11-04-2016,29.1,81.0,0.0,5.5,2.0,96749
12-04-2016,28.3,81.0,0.0,8.1,2.0,96749
15-04-2016,28.0,84.0,0.2,7.8,2.0,96749
17-04-2016,28.4,85.0,0.0,8.5,2.0,96749
18-04-2016,28.1,83.0,9.1,5.8,2.0,96749
19-04-2016,29.2,82.0,1.4,10.8,2.0,96749
21-04-2016,27.5,87.0,15.5,5.2,2.0,96749
22-04-2016,29.1,80.0,3.0,4.8,3.0,96749
25-04-2016,28.9,81.0,0.0,9.4,3.0,96749
26-04-2016,26.6,91.0,3.2,5.5,2.0,96749
27-04-2016,28.0,86.0,2.0,0.0,2.0,96749
30-04-2016,28.8,79.0,0.0,4.5,2.0,96749
01-05-2016,28.1,82.0,0.5,4.9,2.0,96749
02-05-2016,29.1,79.0,0.0,0.7,2.0,96749
03-05-2016,29.0,78.0,0.0,6.0,3.0,96749
04-05-2016,29.7,80.0,0.0,8.1,3.0,96749
05-05-2016,28.4,80.0,0.0,9.8,2.0,96749
06-05-2016,28.3,82.0,3.7,1.0,2.0,96749
07-05-2016,28.9,74.0,0.0,8.0,2.0,96749
08-05-2016,28.6,82.0,0.0,8.6,2.0,96749
09-05-2016,29.4,75.0,0.0,6.5,1.0,96749
10-05-2016,29.6,75.0,0.0,7.1,3.0,96749
11-05-2016,30.2,72.0,0.0,10.4,2.0,96749
12-05-2016,29.5,77.0,0.0,4.2,2.0,96749
13-05-2016,29.6,74.0,1.5,4.2,2.0,96749
14-05-2016,28.3,83.0,4.5,9.0,3.0,96749
15-05-2016,30.0,77.0,0.0,0.0,2.0,96749
16-05-2016,27.9,84.0,0.0,9.4,1.0,96749
17-05-2016,29.2,79.0,0.0,3.0,2.0,96749
18-05-2016,28.9,80.0,1.4,2.5,3.0,96749
19-05-2016,30.2,74.0,0.0,8.2,2.0,96749
20-05-2016,29.1,81.0,0.3,6.9,2.0,96749
21-05-2016,27.8,85.0,44.5,3.5,2.0,96749
22-05-2016,28.3,83.0,48.7,4.5,2.0,96749
24-05-2016,28.4,86.0,3.8,5.9,2.0,96749
25-05-2016,29.0,80.0,12.6,7.2,2.0,96749
26-05-2016,28.1,82.0,0.0,4.0,2.0,96749
28-05-2016,29.4,78.0,0.0,0.0,3.0,96749
29-05-2016,26.7,86.0,0.0,5.2,2.0,96749
30-05-2016,26.4,90.0,2.7,0.2,1.0,96749
31-05-2016,28.0,78.0,0.4,3.2,2.0,96749
01-06-2016,28.4,83.0,0.0,0.3,3.0,96749
02-06-2016,29.6,72.0,0.0,9.7,3.0,96749
03-06-2016,28.7,74.0,2.8,9.7,2.0,96749
04-06-2016,29.1,75.0,0.1,9.7,2.0,96749
06-06-2016,26.7,86.0,0.0,0.7,2.0,96749
07-06-2016,27.7,81.0,3.0,2.6,2.0,96749
08-06-2016,29.2,72.0,0.9,8.8,2.0,96749
10-06-2016,28.7,79.0,0.0,2.6,2.0,96749
11-06-2016,28.1,73.0,0.0,8.0,3.0,96749
12-06-2016,29.0,74.0,0.0,8.7,2.0,96749
13-06-2016,28.7,78.0,0.0,7.5,2.0,96749
14-06-2016,27.7,82.0,0.0,2.5,1.0,96749
15-06-2016,27.6,79.0,0.0,1.1,2.0,96749
16-06-2016,27.9,76.0,0.0,2.5,3.0,96749
18-06-2016,24.7,89.0,112.7,2.2,2.0,96749
19-06-2016,27.4,80.0,4.1,0.0,1.0,96749
20-06-2016,28.3,76.0,0.0,4.0,1.0,96749
24-06-2016,28.9,76.0,0.0,9.8,1.0,96749
26-06-2016,27.6,82.0,0.0,8.0,2.0,96749
27-06-2016,27.9,77.0,13.6,6.6,2.0,96749
28-06-2016,27.9,78.0,0.0,1.6,2.0,96749
29-06-2016,28.3,76.0,0.0,6.0,2.0,96749
30-06-2016,27.9,84.0,30.7,1.2,2.0,96749
01-07-2016,27.5,88.0,7.5,8.5,1.0,96749
03-07-2016,28.3,82.0,0.5,6.8,2.0,96749
04-07-2016,27.7,81.0,1.8,7.5,3.0,96749
06-07-2016,28.4,78.0,0.1,8.4,3.0,96749
07-07-2016,28.5,81.0,0.0,8.1,3.0,96749
08-07-2016,27.9,80.0,3.2,8.7,2.0,96749
09-07-2016,29.0,76.0,0.0,8.7,3.0,96749
11-07-2016,27.9,80.0,0.0,1.5,2.0,96749
13-07-2016,27.9,78.0,1.0,6.5,2.0,96749
14-07-2016,27.8,83.0,0.0,5.9,3.0,96749
15-07-2016,28.3,79.0,0.0,7.6,2.0,96749
16-07-2016,26.9,84.0,0.0,7.1,1.0,96749
17-07-2016,27.1,84.0,19.3,5.8,2.0,96749
18-07-2016,27.7,79.0,45.3,4.0,2.0,96749
19-07-2016,27.3,84.0,24.0,9.5,2.0,96749
20-07-2016,26.2,84.0,0.6,2.0,1.0,96749
21-07-2016,27.7,76.0,3.8,1.3,2.0,96749
22-07-2016,26.1,87.0,0.0,10.8,2.0,96749
24-07-2016,27.6,80.0,0.0,8.5,2.0,96749
26-07-2016,27.8,75.0,2.7,0.5,2.0,96749
27-07-2016,27.4,78.0,0.3,8.8,3.0,96749
30-07-2016,28.0,80.0,35.5,5.2,2.0,96749
31-07-2016,27.7,77.0,0.0,5.9,2.0,96749
01-08-2016,28.2,74.0,0.0,9.7,2.0,96749
02-08-2016,28.0,73.0,0.0,7.0,2.0,96749
03-08-2016,27.6,67.0,0.3,8.4,2.0,96749
04-08-2016,27.7,70.0,0.0,9.8,2.0,96749
05-08-2016,27.4,72.0,0.0,9.6,2.0,96749
06-08-2016,28.7,69.0,0.0,7.0,2.0,96749
07-08-2016,28.2,71.0,0.0,10.5,2.0,96749
08-08-2016,28.5,79.0,0.0,6.3,2.0,96749
09-08-2016,27.8,80.0,0.5,4.4,2.0,96749
12-08-2016,28.0,79.0,16.0,4.2,2.0,96749
15-08-2016,28.2,77.0,24.0,2.8,2.0,96749
16-08-2016,27.3,80.0,0.0,3.2,3.0,96749
17-08-2016,27.9,77.0,0.0,1.8,2.0,96749
18-08-2016,28.3,78.0,0.0,9.0,2.0,96749
19-08-2016,28.5,74.0,0.0,3.8,2.0,96749
20-08-2016,27.8,71.0,9.2,7.0,3.0,96749
22-08-2016,28.0,73.0,0.0,9.2,2.0,96749
23-08-2016,27.4,81.0,21.1,7.5,2.0,96749
24-08-2016,27.6,81.0,8.9,7.3,2.0,96749
25-08-2016,27.5,78.0,1.2,6.1,2.0,96749
26-08-2016,28.4,76.0,0.3,2.5,2.0,96749
27-08-2016,27.1,82.0,0.0,6.6,3.0,96749
30-08-2016,25.9,90.0,0.6,0.0,1.0,96749
31-08-2016,27.5,83.0,27.9,2.2,2.0,96749
01-09-2016,28.2,81.0,0.0,7.4,2.0,96749
03-09-2016,28.7,73.0,0.6,5.2,2.0,96749
04-09-2016,28.3,76.0,0.0,8.7,2.0,96749
06-09-2016,28.4,77.0,0.0,9.6,2.0,96749
07-09-2016,28.2,76.0,4.8,7.8,2.0,96749
08-09-2016,27.6,79.0,2.9,7.3,2.0,96749
09-09-2016,28.0,74.0,0.0,4.5,2.0,96749
10-09-2016,29.1,69.0,0.0,7.4,3.0,96749
12-09-2016,27.8,74.0,0.8,8.1,2.0,96749
14-09-2016,28.5,75.0,1.0,8.0,2.0,96749
16-09-2016,27.1,82.0,1.9,5.9,2.0,96749
17-09-2016,27.7,81.0,0.8,4.3,2.0,96749
18-09-2016,27.9,82.0,9.0,1.0,2.0,96749
20-09-2016,28.7,76.0,0.0,4.8,3.0,96749
21-09-2016,27.3,83.0,0.0,9.5,2.0,96749
22-09-2016,27.2,82.0,5.2,2.5,3.0,96749
24-09-2016,27.7,82.0,7.2,4.9,2.0,96749
25-09-2016,28.7,78.0,10.5,6.3,2.0,96749
26-09-2016,28.2,74.0,1.5,0.0,4.0,96749
27-09-2016,28.5,77.0,0.0,3.0,2.0,96749
28-09-2016,26.9,81.0,0.9,4.9,2.0,96749
29-09-2016,27.5,82.0,11.7,6.1,2.0,96749
30-09-2016,27.0,83.0,0.5,6.5,2.0,96749
01-10-2016,29.1,72.0,1.2,1.5,4.0,96749
02-10-2016,27.4,78.0,0.0,6.4,3.0,96749
03-10-2016,28.8,69.0,0.0,1.8,2.0,96749
04-10-2016,25.9,87.0,0.0,6.4,2.0,96749
05-10-2016,28.3,78.0,29.6,3.0,2.0,96749
06-10-2016,27.4,79.0,0.0,3.7,2.0,96749
07-10-2016,29.0,75.0,0.0,0.4,2.0,96749
09-10-2016,27.2,81.0,8.4,1.3,2.0,96749
10-10-2016,27.3,82.0,0.6,4.2,2.0,96749
11-10-2016,27.4,80.0,0.0,0.1,2.0,96749
13-10-2016,27.9,81.0,0.0,0.2,2.0,96749
14-10-2016,27.1,83.0,54.0,1.2,3.0,96749
16-10-2016,28.8,77.0,0.0,0.7,2.0,96749
17-10-2016,28.7,76.0,0.0,4.4,2.0,96749
18-10-2016,28.9,76.0,0.0,5.4,2.0,96749
19-10-2016,29.4,74.0,0.0,4.0,2.0,96749
22-10-2016,28.0,81.0,2.2,1.0,2.0,96749
23-10-2016,24.9,93.0,51.0,1.0,2.0,96749
24-10-2016,27.5,83.0,16.1,0.5,1.0,96749
25-10-2016,27.6,82.0,18.5,1.3,2.0,96749
26-10-2016,28.2,81.0,8.7,9.5,2.0,96749
27-10-2016,27.4,85.0,45.6,6.6,2.0,96749
28-10-2016,27.3,84.0,48.6,3.5,2.0,96749
29-10-2016,28.7,76.0,0.6,0.2,2.0,96749
30-10-2016,28.1,78.0,1.0,8.0,2.0,96749
31-10-2016,28.1,76.0,0.0,5.3,3.0,96749
02-11-2016,28.6,73.0,15.4,4.9,2.0,96749
06-11-2016,29.2,75.0,0.0,0.0,2.0,96749
07-11-2016,29.7,71.0,0.0,7.4,2.0,96749
08-11-2016,27.6,84.0,1.7,8.4,2.0,96749
09-11-2016,27.7,81.0,14.5,0.6,3.0,96749
10-11-2016,27.2,79.0,0.0,7.2,2.0,96749
11-11-2016,27.9,81.0,0.0,5.1,2.0,96749
12-11-2016,27.9,80.0,1.4,3.5,2.0,96749
13-11-2016,26.1,86.0,6.1,3.2,2.0,96749
14-11-2016,28.0,83.0,11.5,2.0,3.0,96749
15-11-2016,27.3,82.0,1.9,4.2,2.0,96749
16-11-2016,28.0,80.0,6.0,0.4,2.0,96749
18-11-2016,27.7,82.0,0.0,7.5,2.0,96749
19-11-2016,29.0,74.0,0.0,4.2,3.0,96749
20-11-2016,29.2,75.0,0.0,9.5,2.0,96749
21-11-2016,27.0,85.0,0.0,7.7,2.0,96749
23-11-2016,27.7,80.0,1.2,4.9,2.0,96749
24-11-2016,29.0,73.0,0.0,4.1,3.0,96749
26-11-2016,29.3,77.0,0.0,1.5,2.0,96749
27-11-2016,29.1,75.0,0.0,6.0,2.0,96749
28-11-2016,27.7,83.0,1.8,3.1,3.0,96749
30-11-2016,28.7,74.0,0.0,0.1,3.0,96749
02-12-2016,26.1,86.0,0.7,1.0,5.0,96749
03-12-2016,27.8,78.0,3.5,1.1,4.0,96749
04-12-2016,23.7,95.0,30.9,3.5,2.0,96749
05-12-2016,25.6,88.0,25.5,0.6,3.0,96749
07-12-2016,28.5,78.0,0.1,3.0,3.0,96749
08-12-2016,27.9,80.0,0.3,4.5,3.0,96749
09-12-2016,28.6,73.0,23.5,9.3,3.0,96749
10-12-2016,29.1,73.0,0.0,7.0,4.0,96749
11-12-2016,27.5,80.0,0.0,6.5,2.0,96749
12-12-2016,26.5,81.0,1.0,2.3,3.0,96749
13-12-2016,28.2,75.0,0.2,3.1,2.0,96749
14-12-2016,27.0,82.0,1.5,4.1,2.0,96749
15-12-2016,28.1,74.0,1.3,3.0,3.0,96749
16-12-2016,28.9,70.0,0.0,5.2,4.0,96749
17-12-2016,27.5,85.0,0.0,4.0,2.0,96749
18-12-2016,28.2,76.0,0.3,1.8,3.0,96749
19-12-2016,28.1,76.0,0.0,4.7,3.0,96749
20-12-2016,28.9,73.0,7.1,2.5,5.0,96749
21-12-2016,29.0,73.0,0.0,9.2,4.0,96749
22-12-2016,27.7,78.0,0.0,5.2,4.0,96749
23-12-2016,28.8,74.0,4.6,5.0,4.0,96749
24-12-2016,28.1,77.0,0.0,7.5,4.0,96749
27-12-2016,27.6,78.0,0.4,4.1,3.0,96749
28-12-2016,28.8,71.0,0.0,2.4,4.0,96749
02-01-2017,30.0,68.0,1.5,7.5,3.0,96749
04-01-2017,26.7,83.0,0.7,3.1,2.0,96749
06-01-2017,27.8,83.0,36.6,1.3,3.0,96749
07-01-2017,28.6,75.0,0.0,7.0,3.0,96749
08-01-2017,29.3,73.0,0.0,6.0,2.0,96749
09-01-2017,27.6,79.0,1.0,9.2,2.0,96749
10-01-2017,27.6,83.0,51.8,3.0,2.0,96749
11-01-2017,26.9,88.0,27.4,3.8,2.0,96749
13-01-2017,28.1,77.0,0.4,5.0,5.0,96749
15-01-2017,27.0,80.0,2.6,0.3,4.0,96749
17-01-2017,26.8,78.0,1.5,1.4,3.0,96749
18-01-2017,28.3,73.0,0.2,2.0,3.0,96749
19-01-2017,28.1,74.0,3.2,8.7,4.0,96749
20-01-2017,29.0,70.0,0.0,9.6,3.0,96749
22-01-2017,27.4,83.0,0.0,4.9,3.0,96749
23-01-2017,28.5,74.0,0.0,3.5,3.0,96749
25-01-2017,28.6,72.0,0.0,8.0,3.0,96749
26-01-2017,26.7,74.0,29.0,4.0,2.0,96749
27-01-2017,27.4,80.0,0.5,1.2,3.0,96749
28-01-2017,26.9,85.0,1.6,0.0,3.0,96749
29-01-2017,26.5,84.0,27.8,0.0,3.0,96749
30-01-2017,26.8,83.0,9.0,0.1,3.0,96749
01-02-2017,26.8,84.0,15.2,0.2,2.0,96749
02-02-2017,26.5,85.0,5.6,0.7,2.0,96749
03-02-2017,25.5,85.0,2.0,1.2,3.0,96749
05-02-2017,28.1,76.0,0.2,5.8,3.0,96749
06-02-2017,28.0,73.0,0.2,6.9,4.0,96749
07-02-2017,28.7,73.0,0.8,2.0,4.0,96749
08-02-2017,27.9,75.0,0.5,5.0,3.0,96749
09-02-2017,27.1,77.0,1.0,4.6,2.0,96749
10-02-2017,26.2,88.0,5.0,6.0,2.0,96749
11-02-2017,26.3,87.0,18.3,0.2,3.0,96749
12-02-2017,27.3,84.0,16.1,0.1,2.0,96749
13-02-2017,27.5,84.0,46.6,0.8,3.0,96749
14-02-2017,26.3,86.0,34.5,9.4,3.0,96749
16-02-2017,27.1,83.0,44.6,6.9,3.0,96749
17-02-2017,27.2,82.0,21.3,7.2,2.0,96749
19-02-2017,27.0,90.0,12.5,2.3,2.0,96749
20-02-2017,26.6,90.0,15.5,0.0,2.0,96749
21-02-2017,26.0,86.0,72.5,0.2,2.0,96749
22-02-2017,27.1,83.0,9.7,1.7,2.0,96749
24-02-2017,27.4,85.0,9.0,6.4,2.0,96749
25-02-2017,28.0,80.0,0.0,4.0,2.0,96749
26-02-2017,27.4,84.0,20.4,2.7,2.0,96749
28-02-2017,26.2,85.0,41.9,7.8,2.0,96749
01-03-2017,28.2,76.0,5.3,3.5,3.0,96749
02-03-2017,27.5,83.0,3.1,6.2,2.0,96749
03-03-2017,27.9,84.0,2.1,7.8,3.0,96749
04-03-2017,27.4,80.0,0.7,6.1,3.0,96749
05-03-2017,27.7,81.0,0.0,7.0,2.0,96749
07-03-2017,26.2,87.0,2.5,5.1,2.0,96749
08-03-2017,27.4,81.0,8.5,1.2,2.0,96749
09-03-2017,27.4,80.0,0.0,1.4,2.0,96749
13-03-2017,28.5,74.0,7.0,4.4,3.0,96749
14-03-2017,29.5,68.0,0.0,6.0,3.0,96749
16-03-2017,28.8,72.0,0.0,6.4,2.0,96749
18-03-2017,26.5,83.0,0.0,4.5,3.0,96749
19-03-2017,27.6,79.0,1.5,1.1,3.0,96749
20-03-2017,26.3,86.0,0.0,6.8,2.0,96749
21-03-2017,27.7,82.0,28.5,1.8,2.0,96749
22-03-2017,26.9,87.0,14.6,5.0,2.0,96749
23-03-2017,25.4,90.0,20.7,1.5,2.0,96749
25-03-2017,28.2,83.0,0.0,9.3,2.0,96749
26-03-2017,28.4,78.0,0.0,1.2,2.0,96749
27-03-2017,27.4,79.0,1.2,3.2,2.0,96749
28-03-2017,27.1,83.0,0.0,7.8,2.0,96749
29-03-2017,28.8,75.0,21.4,8.5,2.0,96749
30-03-2017,27.4,79.0,0.5,7.0,3.0,96749
31-03-2017,26.8,84.0,5.8,8.2,2.0,96749
01-04-2017,27.6,80.0,1.6,0.2,3.0,96749
02-04-2017,26.8,88.0,26.1,5.0,2.0,96749
03-04-2017,27.1,82.0,16.3,3.6,2.0,96749
04-04-2017,27.6,83.0,47.2,5.8,3.0,96749
05-04-2017,27.6,77.0,0.0,6.9,5.0,96749
06-04-2017,28.3,75.0,0.0,8.0,4.0,96749
07-04-2017,28.1,75.0,0.0,6.6,3.0,96749
08-04-2017,27.0,81.0,2.0,1.8,3.0,96749
09-04-2017,28.7,75.0,0.0,2.6,3.0,96749
10-04-2017,29.6,71.0,0.0,8.5,2.0,96749
11-04-2017,28.3,83.0,0.9,8.7,2.0,96749
12-04-2017,28.3,79.0,9.1,5.4,2.0,96749
13-04-2017,28.3,80.0,0.3,5.3,2.0,96749
14-04-2017,27.9,83.0,2.5,1.1,2.0,96749
17-04-2017,28.1,78.0,0.0,1.5,2.0,96749
18-04-2017,27.9,82.0,0.0,7.9,2.0,96749
21-04-2017,29.3,75.0,0.0,9.8,2.0,96749
22-04-2017,27.6,85.0,9.5,5.7,2.0,96749
24-04-2017,28.8,79.0,15.4,3.0,2.0,96749
26-04-2017,26.8,86.0,6.0,10.2,2.0,96749
27-04-2017,27.8,82.0,3.0,5.0,2.0,96749
28-04-2017,28.1,75.0,0.0,5.1,4.0,96749
01-05-2017,28.4,79.0,8.0,6.8,2.0,96749
02-05-2017,27.4,83.0,30.7,9.2,2.0,96749
03-05-2017,29.1,81.0,1.5,8.0,2.0,96749
04-05-2017,28.3,83.0,0.5,1.7,2.0,96749
06-05-2017,27.2,85.0,8.0,6.6,2.0,96749
07-05-2017,27.5,85.0,36.5,7.8,2.0,96749
09-05-2017,28.3,78.0,1.0,7.1,2.0,96749
11-05-2017,27.0,82.0,0.0,0.3,2.0,96749
13-05-2017,28.3,79.0,35.5,7.7,2.0,96749
14-05-2017,28.1,80.0,23.5,6.1,1.0,96749
15-05-2017,28.9,76.0,0.0,7.0,2.0,96749
16-05-2017,28.9,80.0,0.0,9.3,2.0,96749
18-05-2017,29.1,76.0,0.0,5.7,2.0,96749
19-05-2017,28.8,80.0,0.0,6.0,2.0,96749
20-05-2017,28.7,79.0,0.0,6.8,2.0,96749
21-05-2017,29.2,71.0,0.0,6.5,2.0,96749
22-05-2017,29.0,75.0,0.0,4.0,3.0,96749
23-05-2017,28.9,74.0,0.0,8.4,2.0,96749
25-05-2017,28.8,79.0,0.0,4.5,2.0,96749
26-05-2017,28.5,76.0,0.0,5.8,2.0,96749
29-05-2017,26.8,86.0,3.2,2.0,3.0,96749
30-05-2017,27.5,84.0,8.5,0.0,4.0,96749
01-06-2017,27.7,74.0,0.0,7.6,2.0,96749
03-06-2017,28.6,82.0,0.0,2.0,2.0,96749
04-06-2017,28.3,78.0,0.0,0.5,2.0,96749
05-06-2017,28.5,78.0,0.0,8.0,2.0,96749
06-06-2017,28.1,79.0,2.5,5.8,2.0,96749
08-06-2017,28.3,77.0,0.0,8.2,3.0,96749
09-06-2017,28.5,80.0,0.0,11.0,3.0,96749
10-06-2017,28.8,77.0,0.0,6.8,2.0,96749
11-06-2017,28.2,81.0,0.0,7.3,2.0,96749
12-06-2017,28.9,76.0,0.2,2.5,2.0,96749
13-06-2017,28.9,78.0,0.1,6.8,3.0,96749
14-06-2017,26.7,83.0,125.5,0.0,2.0,96749
15-06-2017,27.9,83.0,0.0,2.4,2.0,96749
16-06-2017,28.3,82.0,15.0,3.6,3.0,96749
17-06-2017,28.5,83.0,0.0,8.0,2.0,96749
18-06-2017,27.5,83.0,7.3,9.8,2.0,96749
19-06-2017,28.2,69.0,0.0,5.4,2.0,96749
21-06-2017,27.4,81.0,0.0,3.2,2.0,96749
22-06-2017,27.2,83.0,0.0,6.9,2.0,96749
23-06-2017,27.5,84.0,0.0,0.2,3.0,96749
24-06-2017,26.7,86.0,0.0,1.3,2.0,96749
26-06-2017,28.2,77.0,2.0,6.2,3.0,96749
27-06-2017,27.4,77.0,18.2,5.8,2.0,96749
28-06-2017,27.6,84.0,0.0,7.8,3.0,96749
29-06-2017,28.1,78.0,0.0,10.2,2.0,96749
30-06-2017,25.6,92.0,0.5,9.0,2.0,96749
01-07-2017,27.8,80.0,30.8,1.5,3.0,96749
02-07-2017,28.0,82.0,0.0,9.6,3.0,96749
03-07-2017,28.5,80.0,0.0,8.2,3.0,96749
04-07-2017,29.1,78.0,0.0,3.8,3.0,96749
05-07-2017,28.8,77.0,0.0,7.7,2.0,96749
06-07-2017,27.8,75.0,0.0,4.7,2.0,96749
07-07-2017,27.8,79.0,0.0,4.2,1.0,96749
08-07-2017,27.9,76.0,0.0,3.8,2.0,96749
09-07-2017,28.1,82.0,17.0,6.3,2.0,96749
10-07-2017,27.8,82.0,0.0,6.6,2.0,96749
11-07-2017,27.3,75.0,0.0,5.2,2.0,96749
12-07-2017,27.2,83.0,15.6,4.0,2.0,96749
16-07-2017,27.3,74.0,0.0,0.2,2.0,96749
17-07-2017,27.2,68.0,0.0,2.0,1.0,96749
19-07-2017,27.3,82.0,0.0,0.5,2.0,96749
20-07-2017,28.4,77.0,0.0,6.4,2.0,96749
21-07-2017,27.5,85.0,1.0,6.1,2.0,96749
22-07-2017,27.3,82.0,1.6,5.1,2.0,96749
23-07-2017,28.2,80.0,8.0,4.5,2.0,96749
24-07-2017,28.0,78.0,0.0,3.2,2.0,96749
25-07-2017,27.9,71.0,1.0,3.1,3.0,96749
26-07-2017,27.9,66.0,0.0,9.0,3.0,96749
27-07-2017,27.9,74.0,0.0,8.3,2.0,96749
28-07-2017,27.8,79.0,0.2,7.5,3.0,96749
29-07-2017,27.6,86.0,0.5,7.2,2.0,96749
30-07-2017,27.8,80.0,10.4,3.8,2.0,96749
31-07-2017,28.5,84.0,0.0,7.7,2.0,96749
02-08-2017,27.6,64.0,0.0,5.1,2.0,96749
04-08-2017,27.2,71.0,0.0,10.0,2.0,96749
08-08-2017,28.1,76.0,0.0,9.4,3.0,96749
09-08-2017,27.6,81.0,0.0,8.7,3.0,96749
10-08-2017,27.7,77.0,0.0,3.6,2.0,96749
11-08-2017,27.9,81.0,7.2,9.7,2.0,96749
12-08-2017,28.4,81.0,0.7,7.0,3.0,96749
13-08-2017,27.8,84.0,8.5,7.0,2.0,96749
14-08-2017,28.2,80.0,0.0,2.3,2.0,96749
15-08-2017,27.9,76.0,0.0,6.0,2.0,96749
16-08-2017,27.6,68.0,0.0,5.4,2.0,96749
17-08-2017,28.4,68.0,0.0,8.0,2.0,96749
18-08-2017,28.6,67.0,0.0,8.5,4.0,96749
20-08-2017,28.9,71.0,0.0,8.1,3.0,96749
21-08-2017,29.2,58.0,0.0,6.0,3.0,96749
22-08-2017,28.3,69.0,0.0,10.3,2.0,96749
24-08-2017,28.5,69.0,0.0,6.8,4.0,96749
25-08-2017,28.6,66.0,0.0,9.5,4.0,96749
26-08-2017,29.8,55.0,0.0,7.0,6.0,96749
28-08-2017,28.5,66.0,0.0,10.8,4.0,96749
30-08-2017,27.0,80.0,0.0,2.8,3.0,96749
02-09-2017,28.2,70.0,0.0,6.5,3.0,96749
03-09-2017,28.7,66.0,0.0,9.1,3.0,96749
04-09-2017,29.0,68.0,0.0,7.8,2.0,96749
05-09-2017,28.7,77.0,0.0,8.8,2.0,96749
06-09-2017,29.0,71.0,0.1,3.1,4.0,96749
07-09-2017,28.6,72.0,0.0,8.6,4.0,96749
08-09-2017,28.7,71.0,0.0,8.1,4.0,96749
09-09-2017,28.7,76.0,0.0,10.0,3.0,96749
11-09-2017,28.5,78.0,17.2,8.7,2.0,96749
12-09-2017,29.2,73.0,0.0,7.8,3.0,96749
13-09-2017,27.5,70.0,0.0,6.3,2.0,96749
14-09-2017,28.6,73.0,0.0,5.3,2.0,96749
15-09-2017,28.7,73.0,0.0,5.9,2.0,96749
16-09-2017,29.3,70.0,0.0,9.5,3.0,96749
17-09-2017,29.4,70.0,0.0,9.6,4.0,96749
18-09-2017,29.6,63.0,0.0,9.0,4.0,96749
20-09-2017,28.7,69.0,0.0,3.2,3.0,96749
21-09-2017,27.9,74.0,8.9,6.7,2.0,96749
22-09-2017,28.8,67.0,0.0,9.5,2.0,96749
23-09-2017,28.8,68.0,0.0,10.0,2.0,96749
24-09-2017,27.8,77.0,0.0,9.0,2.0,96749
25-09-2017,29.0,73.0,0.0,3.8,2.0,96749
26-09-2017,29.8,71.0,0.0,6.3,4.0,96749
27-09-2017,25.4,93.0,86.2,8.7,1.0,96749
28-09-2017,27.7,83.0,16.3,0.0,2.0,96749
29-09-2017,29.0,80.0,2.0,5.5,3.0,96749
30-09-2017,29.5,76.0,1.2,9.1,3.0,96749
01-10-2017,28.7,72.0,0.0,8.8,2.0,96749
02-10-2017,28.4,79.0,1.1,6.5,2.0,96749
03-10-2017,28.6,77.0,3.3,6.4,2.0,96749
04-10-2017,28.6,78.0,31.2,5.9,2.0,96749
05-10-2017,28.2,80.0,0.0,10.3,3.0,96749
06-10-2017,30.0,75.0,0.0,9.8,3.0,96749
07-10-2017,29.4,75.0,0.0,10.0,2.0,96749
08-10-2017,29.1,73.0,0.0,7.3,2.0,96749
09-10-2017,27.7,82.0,0.0,9.8,2.0,96749
10-10-2017,28.5,79.0,18.0,1.9,2.0,96749
11-10-2017,29.5,76.0,0.0,1.0,2.0,96749
12-10-2017,27.7,84.0,0.0,9.8,2.0,96749
13-10-2017,28.7,70.0,0.0,0.2,3.0,96749
15-10-2017,29.0,73.0,0.0,5.0,2.0,96749
16-10-2017,28.3,75.0,0.0,4.9,2.0,96749
17-10-2017,28.5,76.0,1.0,2.0,2.0,96749
18-10-2017,28.7,80.0,0.0,2.9,2.0,96749
19-10-2017,27.8,85.0,1.6,5.0,3.0,96749
20-10-2017,29.0,79.0,24.7,6.6,2.0,96749
21-10-2017,30.1,74.0,0.0,8.0,2.0,96749
22-10-2017,29.7,75.0,0.0,6.8,2.0,96749
23-10-2017,28.2,78.0,0.0,6.9,3.0,96749
24-10-2017,29.2,73.0,6.2,6.5,3.0,96749
26-10-2017,29.4,68.0,0.0,7.7,4.0,96749
28-10-2017,28.3,78.0,0.0,6.0,2.0,96749
29-10-2017,28.6,78.0,10.9,1.0,2.0,96749
30-10-2017,29.6,71.0,0.0,3.2,3.0,96749
31-10-2017,29.7,67.0,0.0,10.2,3.0,96749
01-11-2017,28.6,75.0,0.0,6.6,2.0,96749
02-11-2017,28.9,74.0,0.0,8.0,2.0,96749
03-11-2017,29.7,70.0,0.0,4.9,3.0,96749
04-11-2017,28.9,77.0,0.0,1.2,2.0,96749
05-11-2017,29.4,76.0,2.6,3.6,3.0,96749
06-11-2017,29.8,78.0,0.6,7.8,3.0,96749
07-11-2017,27.2,86.0,5.0,8.1,2.0,96749
08-11-2017,28.5,78.0,0.0,0.0,1.0,96749
09-11-2017,28.7,79.0,0.0,4.0,2.0,96749
11-11-2017,29.4,71.0,1.2,6.1,2.0,96749
12-11-2017,29.0,77.0,0.0,7.2,3.0,96749
13-11-2017,28.5,77.0,0.0,7.6,2.0,96749
14-11-2017,26.9,91.0,1.1,4.0,2.0,96749
16-11-2017,28.0,82.0,0.0,0.4,2.0,96749
17-11-2017,27.4,86.0,3.3,3.6,3.0,96749
19-11-2017,27.6,83.0,0.0,2.1,2.0,96749
20-11-2017,29.3,69.0,0.0,0.0,2.0,96749
21-11-2017,28.3,72.0,0.0,6.7,2.0,96749
22-11-2017,29.0,77.0,14.2,1.8,2.0,96749
23-11-2017,29.6,72.0,0.0,5.0,3.0,96749
25-11-2017,28.6,77.0,0.0,8.3,5.0,96749
26-11-2017,26.7,85.0,1.0,3.5,4.0,96749
28-11-2017,26.7,84.0,4.2,0.5,5.0,96749
29-11-2017,28.5,77.0,0.8,1.4,2.0,96749
30-11-2017,25.7,90.0,14.0,0.8,4.0,96749
01-12-2017,27.3,77.0,46.4,1.0,4.0,96749
02-12-2017,28.8,68.0,0.0,0.5,3.0,96749
03-12-2017,28.5,75.0,0.0,1.1,4.0,96749
04-12-2017,28.9,74.0,0.0,4.6,5.0,96749
05-12-2017,29.1,67.0,0.0,6.1,3.0,96749
06-12-2017,29.4,69.0,0.0,2.2,2.0,96749
07-12-2017,29.4,70.0,0.0,6.3,3.0,96749
08-12-2017,29.6,69.0,0.0,6.4,2.0,96749
09-12-2017,29.3,75.0,2.9,6.3,5.0,96749
10-12-2017,29.0,72.0,0.0,5.0,4.0,96749
12-12-2017,27.5,87.0,53.8,1.0,3.0,96749
13-12-2017,27.1,82.0,20.4,0.9,3.0,96749
14-12-2017,27.3,78.0,0.1,0.0,2.0,96749
15-12-2017,28.3,71.0,0.3,0.0,2.0,96749
17-12-2017,26.6,86.0,0.0,1.1,2.0,96749
18-12-2017,27.5,81.0,7.3,0.5,3.0,96749
19-12-2017,27.4,82.0,27.7,3.3,3.0,96749
20-12-2017,26.6,89.0,7.5,1.3,3.0,96749
21-12-2017,26.7,84.0,7.8,3.0,2.0,96749
22-12-2017,27.3,85.0,4.3,0.0,3.0,96749
23-12-2017,27.1,76.0,1.9,2.9,3.0,96749
24-12-2017,28.4,68.0,0.0,1.0,4.0,96749
25-12-2017,28.6,66.0,0.0,8.2,3.0,96749
26-12-2017,28.3,76.0,0.0,8.5,4.0,96749
27-12-2017,28.2,78.0,0.0,5.8,3.0,96749
28-12-2017,28.4,77.0,0.0,0.5,2.0,96749
29-12-2017,27.5,74.0,0.0,2.3,2.0,96749
30-12-2017,28.3,81.0,0.0,2.5,2.0,96749
01-01-2018,28.7,75.0,0.7,7.7,4.0,96749
02-01-2018,29.5,71.0,0.0,10.0,2.0,96749
03-01-2018,27.5,80.0,0.0,10.2,1.0,96749
04-01-2018,28.2,77.0,1.1,6.0,5.0,96749
05-01-2018,27.7,70.0,0.3,5.4,5.0,96749
06-01-2018,27.7,74.0,0.0,1.5,5.0,96749
07-01-2018,27.4,81.0,0.4,1.6,3.0,96749
08-01-2018,27.9,80.0,1.5,4.5,2.0,96749
09-01-2018,27.3,80.0,0.0,3.8,2.0,96749
10-01-2018,28.3,73.0,0.0,5.5,2.0,96749
11-01-2018,27.7,70.0,0.1,8.5,3.0,96749
12-01-2018,27.6,69.0,0.0,1.1,2.0,96749
13-01-2018,28.3,67.0,0.0,2.0,3.0,96749
14-01-2018,25.5,84.0,11.0,3.1,3.0,96749
15-01-2018,24.8,88.0,7.9,1.5,3.0,96749
16-01-2018,26.5,75.0,11.7,1.4,3.0,96749
18-01-2018,24.9,94.0,1.2,1.5,2.0,96749
19-01-2018,25.8,85.0,58.0,0.0,3.0,96749
20-01-2018,26.2,84.0,11.8,0.0,3.0,96749
21-01-2018,27.5,77.0,14.1,3.0,4.0,96749
22-01-2018,25.9,84.0,0.1,2.8,3.0,96749
23-01-2018,27.4,79.0,6.0,0.5,2.0,96749
24-01-2018,26.3,90.0,1.1,7.8,3.0,96749
25-01-2018,25.9,81.0,2.6,4.1,4.0,96749
26-01-2018,27.3,76.0,0.0,0.0,4.0,96749
27-01-2018,27.4,75.0,2.6,3.2,3.0,96749
28-01-2018,25.6,84.0,24.0,2.3,3.0,96749
29-01-2018,25.9,83.0,7.3,0.6,4.0,96749
30-01-2018,26.2,86.0,10.0,4.5,4.0,96749
31-01-2018,27.3,80.0,4.8,4.8,3.0,96749
01-02-2018,27.2,81.0,0.5,6.7,2.0,96749
03-02-2018,27.8,79.0,23.7,5.0,3.0,96749
04-02-2018,27.2,84.0,22.7,3.1,3.0,96749
05-02-2018,25.7,85.0,23.4,4.4,3.0,96749
06-02-2018,25.5,89.0,70.5,0.7,2.0,96749
07-02-2018,25.7,86.0,8.5,1.5,2.0,96749
08-02-2018,26.7,84.0,0.3,4.8,3.0,96749
09-02-2018,26.4,86.0,4.8,3.6,3.0,96749
10-02-2018,26.9,81.0,8.5,3.6,3.0,96749
11-02-2018,26.7,87.0,1.0,10.8,2.0,96749
12-02-2018,27.0,80.0,27.1,3.2,2.0,96749
14-02-2018,26.6,87.0,9.2,1.8,2.0,96749
15-02-2018,25.1,93.0,48.5,3.1,3.0,96749
16-02-2018,27.0,84.0,83.7,0.0,3.0,96749
17-02-2018,26.3,81.0,0.2,9.0,2.0,96749
18-02-2018,26.9,84.0,6.8,1.8,2.0,96749
19-02-2018,26.1,88.0,4.8,8.2,2.0,96749
20-02-2018,27.2,81.0,3.0,3.4,2.0,96749
21-02-2018,27.3,84.0,1.2,6.4,2.0,96749
22-02-2018,26.6,87.0,0.5,8.5,2.0,96749
23-02-2018,27.0,83.0,0.0,0.6,3.0,96749
24-02-2018,26.7,83.0,1.0,5.5,2.0,96749
25-02-2018,27.2,82.0,2.5,9.5,2.0,96749
26-02-2018,26.3,86.0,20.1,8.3,2.0,96749
27-02-2018,27.2,82.0,0.2,2.0,2.0,96749
01-03-2018,26.4,86.0,20.6,2.1,1.0,96749
04-03-2018,28.0,83.0,0.3,5.0,1.0,96749
05-03-2018,26.9,84.0,11.0,5.0,2.0,96749
06-03-2018,27.3,86.0,0.3,5.7,2.0,96749
07-03-2018,27.2,84.0,0.3,1.8,2.0,96749
08-03-2018,27.0,85.0,0.5,8.7,2.0,96749
09-03-2018,27.9,79.0,0.1,2.5,2.0,96749
10-03-2018,28.2,77.0,0.9,6.3,2.0,96749
11-03-2018,27.8,83.0,0.2,7.5,2.0,96749
12-03-2018,27.7,82.0,15.3,7.0,3.0,96749
13-03-2018,26.9,83.0,0.7,3.2,3.0,96749
14-03-2018,28.2,77.0,0.0,0.2,2.0,96749
15-03-2018,29.6,69.0,0.0,8.5,2.0,96749
16-03-2018,27.1,81.0,0.0,10.3,2.0,96749
17-03-2018,26.6,87.0,0.1,6.0,1.0,96749
18-03-2018,27.0,84.0,17.4,0.1,2.0,96749
19-03-2018,27.3,84.0,0.8,8.1,2.0,96749
20-03-2018,27.3,84.0,0.0,7.6,2.0,96749
21-03-2018,26.3,81.0,4.6,5.5,4.0,96749
22-03-2018,27.3,78.0,1.0,0.5,3.0,96749
25-03-2018,27.8,72.0,1.0,0.3,2.0,96749
26-03-2018,27.1,82.0,2.0,4.1,2.0,96749
27-03-2018,27.6,77.0,0.0,5.6,3.0,96749
28-03-2018,27.1,80.0,0.0,3.8,2.0,96749
29-03-2018,28.9,72.0,0.3,7.7,3.0,96749
30-03-2018,28.8,72.0,0.0,9.6,4.0,96749
31-03-2018,28.6,77.0,0.0,10.7,4.0,96749
01-04-2018,27.6,81.0,0.0,7.1,3.0,96749
02-04-2018,28.0,79.0,0.0,6.8,2.0,96749
03-04-2018,27.6,78.0,1.4,5.6,3.0,96749
04-04-2018,27.8,81.0,85.4,8.5,2.0,96749
05-04-2018,28.1,83.0,0.0,8.4,3.0,96749
06-04-2018,27.9,83.0,52.4,8.5,2.0,96749
07-04-2018,28.6,80.0,0.0,5.8,3.0,96749
08-04-2018,27.7,80.0,0.0,8.0,3.0,96749
09-04-2018,27.5,80.0,0.0,7.4,2.0,96749
10-04-2018,28.3,78.0,0.0,7.9,3.0,96749
11-04-2018,28.3,80.0,0.0,6.0,2.0,96749
12-04-2018,28.7,80.0,0.0,9.1,4.0,96749
13-04-2018,29.2,80.0,0.0,7.7,2.0,96749
16-04-2018,28.2,79.0,0.0,4.2,2.0,96749
17-04-2018,27.5,83.0,0.2,5.7,2.0,96749
18-04-2018,27.6,84.0,0.0,6.5,1.0,96749
19-04-2018,28.3,83.0,1.0,1.1,2.0,96749
20-04-2018,27.4,83.0,7.5,2.7,2.0,96749
21-04-2018,28.2,77.0,0.0,7.5,1.0,96749
22-04-2018,28.4,79.0,10.5,0.2,2.0,96749
24-04-2018,27.0,88.0,11.7,0.0,1.0,96749
25-04-2018,25.3,93.0,11.1,0.5,2.0,96749
26-04-2018,26.4,90.0,31.4,0.0,2.0,96749
27-04-2018,28.5,78.0,6.6,2.5,4.0,96749
28-04-2018,28.1,80.0,1.0,9.0,2.0,96749
29-04-2018,28.7,79.0,0.0,7.9,2.0,96749
30-04-2018,27.8,79.0,0.0,7.0,3.0,96749
01-05-2018,27.7,78.0,0.0,9.6,4.0,96749
02-05-2018,27.8,74.0,0.0,10.6,2.0,96749
04-05-2018,28.2,78.0,0.7,4.8,2.0,96749
05-05-2018,28.1,82.0,0.0,5.7,4.0,96749
06-05-2018,28.9,74.0,0.0,7.5,4.0,96749
07-05-2018,28.9,73.0,0.0,8.8,4.0,96749
08-05-2018,28.3,79.0,0.0,10.1,3.0,96749
10-05-2018,29.2,68.0,0.0,10.0,4.0,96749
11-05-2018,28.5,76.0,0.0,9.0,3.0,96749
12-05-2018,28.2,75.0,0.0,9.7,2.0,96749
13-05-2018,29.0,74.0,0.0,9.5,3.0,96749
14-05-2018,28.8,75.0,0.0,8.7,2.0,96749
15-05-2018,27.9,81.0,0.0,7.6,2.0,96749
16-05-2018,28.1,78.0,0.0,3.5,2.0,96749
17-05-2018,27.4,84.0,0.0,1.0,2.0,96749
18-05-2018,28.6,81.0,0.0,8.5,3.0,96749
19-05-2018,27.8,84.0,7.3,6.8,2.0,96749
20-05-2018,27.8,79.0,0.0,7.6,2.0,96749
22-05-2018,29.0,72.0,0.0,2.5,4.0,96749
23-05-2018,27.6,83.0,3.0,8.0,2.0,96749
25-05-2018,27.1,86.0,0.2,6.3,2.0,96749
27-05-2018,28.4,79.0,0.0,6.0,1.0,96749
01-06-2018,28.1,74.0,0.0,8.2,3.0,96749
02-06-2018,27.4,77.0,0.0,9.2,3.0,96749
03-06-2018,28.4,80.0,0.0,5.8,3.0,96749
05-06-2018,28.2,85.0,0.0,5.6,2.0,96749
06-06-2018,28.2,83.0,0.0,4.7,1.0,96749
08-06-2018,28.0,80.0,0.0,0.1,2.0,96749
09-06-2018,28.2,81.0,0.0,3.5,2.0,96749
10-06-2018,28.5,78.0,0.0,5.0,2.0,96749
11-06-2018,29.0,74.0,0.0,7.6,2.0,96749
12-06-2018,28.2,79.0,0.0,6.5,1.0,96749
13-06-2018,28.1,78.0,0.0,3.0,2.0,96749
16-06-2018,28.1,76.0,1.2,2.0,4.0,96749
17-06-2018,28.5,74.0,0.0,8.1,4.0,96749
18-06-2018,28.2,75.0,0.0,8.8,3.0,96749
20-06-2018,28.6,70.0,0.0,10.2,4.0,96749
21-06-2018,28.6,71.0,0.0,6.1,3.0,96749
22-06-2018,27.7,78.0,0.0,6.7,3.0,96749
23-06-2018,27.8,79.0,0.0,6.8,3.0,96749
24-06-2018,27.2,81.0,0.0,7.2,2.0,96749
25-06-2018,24.3,89.0,1.1,1.5,1.0,96749
27-06-2018,26.5,82.0,6.7,0.0,2.0,96749
28-06-2018,26.1,86.0,0.0,6.0,2.0,96749
29-06-2018,26.9,83.0,0.0,2.8,1.0,96749
02-07-2018,26.9,79.0,0.0,6.6,3.0,96749
04-07-2018,27.0,74.0,0.0,4.8,2.0,96749
06-07-2018,26.2,60.0,0.0,4.0,2.0,96749
07-07-2018,26.3,64.0,0.0,10.0,2.0,96749
08-07-2018,26.8,75.0,0.0,9.9,2.0,96749
09-07-2018,27.5,75.0,0.0,9.0,2.0,96749
12-07-2018,27.0,70.0,0.0,3.0,2.0,96749
13-07-2018,27.0,70.0,0.0,2.0,2.0,96749
14-07-2018,26.8,75.0,0.0,6.4,2.0,96749
15-07-2018,27.1,68.0,0.2,2.8,2.0,96749
16-07-2018,26.9,64.0,0.0,9.1,2.0,96749
18-07-2018,26.8,78.0,0.0,6.4,2.0,96749
19-07-2018,27.3,73.0,0.0,8.8,3.0,96749
20-07-2018,27.3,79.0,0.0,5.8,3.0,96749
21-07-2018,28.5,74.0,0.0,8.4,2.0,96749
22-07-2018,28.0,77.0,0.0,2.5,2.0,96749
23-07-2018,27.8,74.0,0.0,5.4,2.0,96749
24-07-2018,27.9,78.0,0.0,3.5,2.0,96749
25-07-2018,27.3,81.0,0.0,3.4,2.0,96749
27-07-2018,27.0,75.0,0.0,4.2,3.0,96749
28-07-2018,26.5,71.0,0.0,8.8,2.0,96749
29-07-2018,26.3,71.0,0.0,8.2,2.0,96749
30-07-2018,26.3,74.0,0.0,4.5,2.0,96749
31-07-2018,26.5,79.0,0.0,8.6,2.0,96749
01-08-2018,27.0,79.0,0.2,8.0,2.0,96749
02-08-2018,26.7,77.0,7.4,2.7,2.0,96749
03-08-2018,26.8,65.0,0.0,7.8,2.0,96749
04-08-2018,26.1,63.0,0.0,8.5,2.0,96749
06-08-2018,26.3,62.0,0.0,8.5,2.0,96749
08-08-2018,26.9,70.0,0.0,1.8,2.0,96749
09-08-2018,27.3,74.0,0.0,2.5,2.0,96749
10-08-2018,27.2,75.0,1.8,2.6,2.0,96749
11-08-2018,27.8,68.0,0.0,7.8,2.0,96749
12-08-2018,27.6,74.0,0.0,7.5,2.0,96749
13-08-2018,28.1,75.0,0.0,7.2,3.0,96749
14-08-2018,27.4,79.0,0.0,7.9,3.0,96749
15-08-2018,27.4,72.0,0.0,4.3,3.0,96749
17-08-2018,27.4,69.0,0.0,7.5,2.0,96749
18-08-2018,26.9,69.0,0.0,9.0,2.0,96749
19-08-2018,26.4,71.0,0.0,8.4,3.0,96749
21-08-2018,27.8,70.0,0.0,9.8,2.0,96749
23-08-2018,28.1,72.0,0.0,8.0,2.0,96749
26-08-2018,26.3,75.0,0.0,9.2,3.0,96749
27-08-2018,27.2,77.0,0.0,6.9,3.0,96749
28-08-2018,28.1,73.0,0.0,6.0,2.0,96749
29-08-2018,27.8,74.0,0.0,7.0,3.0,96749
30-08-2018,28.4,71.0,0.0,3.1,3.0,96749
01-09-2018,27.2,76.0,1.6,7.6,2.0,96749
02-09-2018,27.3,80.0,0.0,3.2,2.0,96749
03-09-2018,28.1,75.0,7.6,5.8,2.0,96749
04-09-2018,27.5,65.0,1.6,6.8,2.0,96749
07-09-2018,27.9,74.0,0.0,0.5,3.0,96749
09-09-2018,27.3,70.0,0.0,9.3,3.0,96749
10-09-2018,28.5,61.0,0.0,9.1,3.0,96749
12-09-2018,28.7,67.0,0.0,9.8,2.0,96749
14-09-2018,27.4,71.0,0.0,5.0,3.0,96749
15-09-2018,27.1,72.0,0.0,6.2,2.0,96749
16-09-2018,28.2,61.0,0.0,9.2,4.0,96749
17-09-2018,28.4,60.0,0.0,8.6,4.0,96749
18-09-2018,28.7,62.0,0.0,10.2,3.0,96749
19-09-2018,27.7,72.0,0.0,8.2,3.0,96749
23-09-2018,28.6,69.0,0.0,10.0,2.0,96749
24-09-2018,28.0,70.0,0.0,6.2,2.0,96749
25-09-2018,28.1,68.0,0.0,10.2,2.0,96749
26-09-2018,27.9,72.0,0.0,10.3,2.0,96749
27-09-2018,28.5,75.0,1.0,6.2,3.0,96749
28-09-2018,28.3,69.0,0.0,5.5,3.0,96749
29-09-2018,27.7,69.0,0.0,9.3,3.0,96749
30-09-2018,28.6,69.0,0.0,9.8,3.0,96749
01-10-2018,28.5,74.0,0.0,7.9,2.0,96749
04-10-2018,29.2,74.0,0.0,7.0,3.0,96749
05-10-2018,29.2,72.0,0.0,7.1,4.0,96749
06-10-2018,29.0,73.0,0.0,7.3,3.0,96749
07-10-2018,28.9,66.0,0.0,7.2,4.0,96749
08-10-2018,28.4,67.0,0.0,8.5,3.0,96749
11-10-2018,29.1,68.0,0.0,8.8,2.0,96749
12-10-2018,29.1,70.0,0.0,8.8,3.0,96749
13-10-2018,29.0,66.0,0.0,6.7,2.0,96749
15-10-2018,29.2,73.0,16.4,5.0,2.0,96749
16-10-2018,28.8,75.0,0.0,7.0,2.0,96749
17-10-2018,29.3,68.0,0.0,3.7,2.0,96749
19-10-2018,28.3,76.0,7.3,4.7,2.0,96749
20-10-2018,28.4,74.0,0.0,4.2,2.0,96749
21-10-2018,29.5,70.0,0.0,4.4,3.0,96749
22-10-2018,28.7,75.0,0.0,6.0,3.0,96749
23-10-2018,27.1,77.0,20.2,2.5,2.0,96749
25-10-2018,29.6,71.0,0.0,9.1,2.0,96749
26-10-2018,29.1,73.0,0.0,9.5,3.0,96749
27-10-2018,28.9,75.0,0.1,9.2,2.0,96749
28-10-2018,28.2,81.0,6.5,4.0,2.0,96749
29-10-2018,28.6,79.0,7.7,6.0,1.0,96749
30-10-2018,28.8,76.0,0.0,5.5,2.0,96749
01-11-2018,28.9,73.0,1.5,4.9,2.0,96749
02-11-2018,28.3,77.0,0.8,6.0,2.0,96749
03-11-2018,27.6,79.0,0.0,3.2,2.0,96749
04-11-2018,28.8,72.0,0.7,0.4,2.0,96749
06-11-2018,28.9,74.0,0.0,1.5,2.0,96749
07-11-2018,27.9,77.0,0.0,4.0,1.0,96749
08-11-2018,27.4,81.0,0.0,0.5,1.0,96749
09-11-2018,25.9,91.0,3.6,0.0,1.0,96749
10-11-2018,27.4,84.0,77.4,2.1,2.0,96749
11-11-2018,27.3,84.0,0.0,5.3,1.0,96749
12-11-2018,27.5,82.0,10.1,4.0,1.0,96749
13-11-2018,27.5,82.0,0.0,1.2,2.0,96749
14-11-2018,28.2,74.0,0.9,4.5,2.0,96749
15-11-2018,30.2,63.0,0.0,2.0,2.0,96749
17-11-2018,29.4,69.0,0.0,9.0,2.0,96749
18-11-2018,28.1,77.0,0.0,9.5,2.0,96749
19-11-2018,28.5,77.0,0.0,1.7,1.0,96749
20-11-2018,28.8,72.0,0.0,6.0,2.0,96749
21-11-2018,28.3,77.0,0.0,7.5,1.0,96749
22-11-2018,29.4,72.0,0.0,4.0,1.0,96749
23-11-2018,28.5,74.0,0.0,8.0,2.0,96749
24-11-2018,28.2,76.0,0.0,8.0,1.0,96749
25-11-2018,26.6,85.0,0.0,4.5,1.0,96749
26-11-2018,26.3,87.0,10.0,1.8,2.0,96749
27-11-2018,27.4,81.0,68.9,1.0,1.0,96749
28-11-2018,28.2,81.0,0.0,5.9,2.0,96749
30-11-2018,27.5,82.0,3.0,1.1,1.0,96749
01-12-2018,28.5,78.0,0.0,0.8,2.0,96749
02-12-2018,29.0,74.0,0.2,1.6,2.0,96749
03-12-2018,26.7,90.0,2.5,3.3,1.0,96749
04-12-2018,27.5,83.0,5.2,0.0,1.0,96749
07-12-2018,29.4,73.0,0.0,5.1,1.0,96749
08-12-2018,28.9,74.0,0.0,6.2,2.0,96749
09-12-2018,28.1,81.0,0.0,1.2,2.0,96749
10-12-2018,27.1,83.0,0.0,0.3,1.0,96749
12-12-2018,27.5,83.0,27.0,1.0,2.0,96749
13-12-2018,29.0,76.0,50.8,2.2,2.0,96749
15-12-2018,27.6,76.0,0.9,6.0,3.0,96749
16-12-2018,28.7,69.0,0.0,5.5,3.0,96749
17-12-2018,30.3,64.0,0.0,2.9,2.0,96749
19-12-2018,28.2,76.0,0.0,3.7,2.0,96749
21-12-2018,28.4,69.0,0.0,5.2,2.0,96749
22-12-2018,28.0,76.0,0.0,3.1,2.0,96749
24-12-2018,27.4,75.0,4.3,0.3,4.0,96749
25-12-2018,26.6,82.0,2.2,3.0,2.0,96749
26-12-2018,25.6,84.0,3.2,0.0,2.0,96749
27-12-2018,27.6,76.0,1.5,0.0,3.0,96749
28-12-2018,28.9,68.0,0.0,2.4,3.0,96749
30-12-2018,29.2,74.0,0.0,6.1,4.0,96749
31-12-2018,27.4,76.0,0.0,3.6,3.0,96749
01-01-2019,25.1,86.0,21.2,1.2,3.0,96749
02-01-2019,27.5,79.0,1.5,0.4,4.0,96749
03-01-2019,27.6,74.0,10.6,0.1,3.0,96749
04-01-2019,28.7,70.0,0.0,4.6,2.0,96749
05-01-2019,29.0,71.0,0.0,6.8,2.0,96749
06-01-2019,28.9,73.0,0.0,6.2,1.0,96749
07-01-2019,29.0,78.0,0.0,6.5,2.0,96749
10-01-2019,27.1,85.0,6.8,2.0,1.0,96749
11-01-2019,29.1,77.0,1.1,5.2,2.0,96749
13-01-2019,27.7,86.0,2.0,8.0,2.0,96749
14-01-2019,26.6,86.0,1.1,1.3,1.0,96749
15-01-2019,27.3,86.0,5.9,1.3,2.0,96749
16-01-2019,27.5,81.0,0.0,2.2,2.0,96749
18-01-2019,27.1,84.0,0.0,3.6,2.0,96749
19-01-2019,27.0,84.0,19.5,6.0,1.0,96749
20-01-2019,27.5,84.0,3.0,0.0,1.0,96749
21-01-2019,26.8,86.0,1.5,3.7,2.0,96749
22-01-2019,25.9,89.0,13.7,2.0,1.0,96749
23-01-2019,27.1,86.0,18.0,0.0,2.0,96749
24-01-2019,27.8,84.0,9.6,0.6,3.0,96749
25-01-2019,26.0,88.0,17.3,8.1,1.0,96749
26-01-2019,27.9,82.0,43.1,0.5,3.0,96749
27-01-2019,27.9,82.0,28.5,3.5,3.0,96749
28-01-2019,28.1,82.0,1.0,0.1,3.0,96749
29-01-2019,27.4,85.0,7.9,1.5,2.0,96749
30-01-2019,27.2,84.0,48.7,6.0,2.0,96749
31-01-2019,26.2,89.0,0.0,5.7,2.0,96749
01-02-2019,25.9,94.0,9.5,4.5,2.0,96749
02-02-2019,27.5,80.0,4.0,4.0,2.0,96749
03-02-2019,27.3,88.0,0.0,7.0,2.0,96749
04-02-2019,28.0,83.0,0.3,8.0,3.0,96749
05-02-2019,28.3,82.0,0.0,2.6,2.0,96749
06-02-2019,27.8,84.0,5.0,6.5,2.0,96749
07-02-2019,28.0,81.0,1.5,6.1,3.0,96749
08-02-2019,27.3,86.0,0.0,6.1,2.0,96749
10-02-2019,27.9,84.0,0.0,5.5,2.0,96749
11-02-2019,27.0,83.0,1.2,3.7,2.0,96749
12-02-2019,26.8,86.0,4.9,7.9,2.0,96749
13-02-2019,27.5,84.0,0.8,5.1,1.0,96749
14-02-2019,27.4,83.0,0.0,1.9,2.0,96749
16-02-2019,26.9,83.0,2.1,3.8,2.0,96749
17-02-2019,26.5,81.0,1.6,3.9,2.0,96749
19-02-2019,27.4,80.0,0.0,4.2,2.0,96749
20-02-2019,27.8,81.0,0.2,6.8,2.0,96749
22-02-2019,27.6,78.0,0.0,5.9,2.0,96749
23-02-2019,27.1,81.0,0.5,8.0,2.0,96749
24-02-2019,27.1,83.0,1.0,6.6,2.0,96749
25-02-2019,28.0,79.0,0.1,9.1,2.0,96749
27-02-2019,28.3,81.0,0.0,10.6,3.0,96749
28-02-2019,28.0,82.0,36.5,9.8,2.0,96749
01-03-2019,27.2,82.0,0.3,6.7,2.0,96749
02-03-2019,26.9,85.0,41.8,3.5,2.0,96749
03-03-2019,25.5,88.0,10.5,3.6,1.0,96749
04-03-2019,26.8,84.0,18.3,0.1,3.0,96749
05-03-2019,26.1,85.0,57.0,9.0,2.0,96749
06-03-2019,24.4,90.0,31.5,4.0,2.0,96749
07-03-2019,26.2,82.0,7.2,0.0,1.0,96749
08-03-2019,27.2,84.0,0.0,0.5,2.0,96749
09-03-2019,25.7,84.0,1.7,8.5,2.0,96749
10-03-2019,27.3,79.0,2.0,3.2,2.0,96749
12-03-2019,26.1,86.0,6.5,3.5,2.0,96749
13-03-2019,27.2,77.0,4.3,0.8,2.0,96749
14-03-2019,26.8,78.0,45.0,1.2,2.0,96749
15-03-2019,27.3,83.0,0.0,5.3,2.0,96749
16-03-2019,27.0,77.0,23.5,8.0,2.0,96749
17-03-2019,27.1,75.0,1.0,4.0,2.0,96749
18-03-2019,27.4,74.0,52.9,4.0,3.0,96749
19-03-2019,25.9,83.0,1.3,5.7,3.0,96749
20-03-2019,26.8,81.0,0.0,0.4,3.0,96749
21-03-2019,27.0,80.0,0.0,10.7,2.0,96749
23-03-2019,28.2,75.0,0.1,8.0,3.0,96749
24-03-2019,27.7,78.0,4.0,5.8,2.0,96749
25-03-2019,26.9,82.0,0.0,5.9,2.0,96749
26-03-2019,28.1,78.0,9.5,6.0,2.0,96749
27-03-2019,27.5,86.0,44.2,10.2,2.0,96749
28-03-2019,28.4,76.0,2.2,5.4,2.0,96749
30-03-2019,28.6,74.0,0.0,8.0,2.0,96749
01-04-2019,27.7,80.0,0.0,5.4,2.0,96749
02-04-2019,27.5,81.0,0.5,8.3,2.0,96749
03-04-2019,27.3,82.0,4.8,4.7,3.0,96749
04-04-2019,28.5,78.0,5.0,9.5,2.0,96749
06-04-2019,28.2,79.0,0.2,4.8,2.0,96749
07-04-2019,27.5,80.0,0.5,6.5,2.0,96749
08-04-2019,28.3,82.0,1.6,7.2,2.0,96749
10-04-2019,28.6,80.0,0.0,5.3,2.0,96749
11-04-2019,29.5,71.0,0.0,7.2,2.0,96749
12-04-2019,28.8,73.0,0.0,8.3,2.0,96749
13-04-2019,29.7,72.0,0.0,4.0,2.0,96749
15-04-2019,28.0,80.0,0.0,7.7,2.0,96749
17-04-2019,28.0,79.0,2.7,8.0,2.0,96749
18-04-2019,29.1,81.0,0.3,5.6,2.0,96749
19-04-2019,27.9,84.0,19.5,6.7,3.0,96749
20-04-2019,27.5,80.0,8.9,7.2,2.0,96749
22-04-2019,28.6,74.0,0.0,6.3,3.0,96749
23-04-2019,29.7,72.0,0.0,5.7,3.0,96749
24-04-2019,26.8,88.0,0.6,7.5,2.0,96749
25-04-2019,27.9,82.0,5.3,0.3,3.0,96749
26-04-2019,27.6,83.0,8.2,7.2,2.0,96749
27-04-2019,26.8,87.0,4.0,7.0,2.0,96749
28-04-2019,27.1,86.0,1.0,1.8,2.0,96749
30-04-2019,28.2,85.0,3.2,3.2,2.0,96749
01-05-2019,27.9,72.0,0.2,3.5,3.0,96749
02-05-2019,28.9,75.0,0.3,3.0,2.0,96749
03-05-2019,28.5,78.0,0.0,10.0,2.0,96749
05-05-2019,29.2,74.0,0.0,7.0,2.0,96749
06-05-2019,28.0,79.0,0.0,9.1,2.0,96749
08-05-2019,27.7,81.0,0.0,6.8,2.0,96749
09-05-2019,27.9,82.0,0.0,7.2,2.0,96749
10-05-2019,28.0,78.0,3.3,4.0,2.0,96749
11-05-2019,27.8,84.0,19.6,2.3,2.0,96749
12-05-2019,28.6,80.0,0.0,7.0,3.0,96749
15-05-2019,28.8,78.0,0.0,6.3,3.0,96749
16-05-2019,27.6,79.0,16.0,4.8,2.0,96749
17-05-2019,27.6,82.0,26.4,7.0,2.0,96749
18-05-2019,27.9,75.0,0.0,5.0,3.0,96749
19-05-2019,28.3,74.0,0.0,7.6,2.0,96749
20-05-2019,29.1,74.0,1.0,6.7,2.0,96749
22-05-2019,28.5,77.0,0.0,7.7,3.0,96749
23-05-2019,28.4,76.0,0.0,9.4,3.0,96749
25-05-2019,28.4,72.0,0.0,9.3,2.0,96749
26-05-2019,28.7,72.0,0.0,7.3,2.0,96749
28-05-2019,29.2,71.0,0.0,8.9,3.0,96749
29-05-2019,28.8,75.0,0.0,9.8,3.0,96749
30-05-2019,28.4,78.0,0.0,6.5,3.0,96749
31-05-2019,28.4,73.0,0.0,6.7,2.0,96749
01-06-2019,28.1,77.0,0.0,7.9,2.0,96749
02-06-2019,28.6,76.0,0.0,3.6,2.0,96749
03-06-2019,27.7,76.0,0.0,3.4,2.0,96749
04-06-2019,27.8,75.0,0.0,0.0,2.0,96749
05-06-2019,27.9,80.0,0.0,6.4,2.0,96749
06-06-2019,28.5,77.0,0.0,7.8,3.0,96749
07-06-2019,28.4,80.0,0.0,7.5,2.0,96749
08-06-2019,27.9,77.0,1.7,2.3,2.0,96749
09-06-2019,27.8,80.0,19.5,5.0,2.0,96749
10-06-2019,27.8,78.0,0.0,5.3,2.0,96749
11-06-2019,28.4,76.0,0.0,8.1,2.0,96749
12-06-2019,28.1,77.0,0.0,5.5,2.0,96749
14-06-2019,27.6,81.0,0.0,4.0,2.0,96749
15-06-2019,28.6,76.0,1.5,3.8,2.0,96749
16-06-2019,28.5,77.0,0.0,6.0,2.0,96749
17-06-2019,27.7,79.0,8.7,3.0,3.0,96749
18-06-2019,27.3,72.0,0.0,6.0,3.0,96749
19-06-2019,27.6,70.0,0.0,7.8,3.0,96749
20-06-2019,27.4,76.0,0.0,7.4,2.0,96749
21-06-2019,26.9,78.0,0.0,6.5,3.0,96749
22-06-2019,27.3,72.0,0.0,5.6,2.0,96749
23-06-2019,27.3,76.0,0.0,6.8,2.0,96749
25-06-2019,27.2,74.0,0.0,4.0,3.0,96749
26-06-2019,27.0,79.0,0.0,7.6,3.0,96749
27-06-2019,27.3,73.0,0.0,6.4,2.0,96749
28-06-2019,27.3,75.0,0.0,7.5,2.0,96749
30-06-2019,27.0,73.0,0.0,7.4,2.0,96749
01-07-2019,26.3,77.0,0.0,7.3,3.0,96749
02-07-2019,27.3,72.0,0.0,6.8,3.0,96749
03-07-2019,27.5,75.0,0.0,6.5,2.0,96749
04-07-2019,27.7,79.0,0.0,7.2,2.0,96749
06-07-2019,28.0,76.0,0.0,1.2,4.0,96749
07-07-2019,28.6,73.0,0.0,8.0,4.0,96749
09-07-2019,27.6,76.0,0.0,7.8,3.0,96749
10-07-2019,26.8,65.0,0.4,7.3,4.0,96749
11-07-2019,27.0,72.0,0.0,8.0,4.0,96749
12-07-2019,27.0,71.0,0.0,8.4,3.0,96749
13-07-2019,26.9,72.0,0.0,8.8,2.0,96749
14-07-2019,26.3,74.0,0.0,6.3,3.0,96749
16-07-2019,26.4,68.0,0.0,8.7,2.0,96749
18-07-2019,26.0,70.0,0.0,8.8,3.0,96749
19-07-2019,27.7,70.0,0.6,9.5,3.0,96749
20-07-2019,28.7,72.0,0.0,5.8,2.0,96749
22-07-2019,27.9,75.0,0.0,9.5,2.0,96749
23-07-2019,26.8,70.0,0.0,8.5,3.0,96749
24-07-2019,27.5,62.0,0.0,10.0,3.0,96749
25-07-2019,26.5,72.0,0.0,9.7,2.0,96749
26-07-2019,26.9,73.0,0.0,7.5,3.0,96749
27-07-2019,26.7,76.0,0.0,9.2,2.0,96749
28-07-2019,27.3,75.0,0.0,8.3,2.0,96749
29-07-2019,27.2,76.0,0.0,7.3,2.0,96749
30-07-2019,26.8,72.0,0.0,2.1,2.0,96749
31-07-2019,27.4,66.0,0.0,5.9,2.0,96749
01-08-2019,27.0,68.0,0.0,9.0,2.0,96749
02-08-2019,27.2,69.0,0.0,8.4,3.0,96749
03-08-2019,26.9,74.0,0.0,9.1,2.0,96749
04-08-2019,27.6,59.0,0.0,7.4,2.0,96749
05-08-2019,26.6,56.0,0.0,5.2,3.0,96749
06-08-2019,25.7,62.0,0.0,9.1,2.0,96749
07-08-2019,26.5,60.0,0.0,8.8,2.0,96749
08-08-2019,26.5,68.0,0.0,7.5,2.0,96749
09-08-2019,27.0,70.0,0.0,5.8,2.0,96749
10-08-2019,26.6,68.0,0.0,4.6,3.0,96749
11-08-2019,27.0,72.0,0.0,9.5,3.0,96749
12-08-2019,27.0,71.0,0.0,7.6,4.0,96749
13-08-2019,26.9,76.0,0.0,7.8,3.0,96749
14-08-2019,27.5,74.0,0.0,8.4,2.0,96749
15-08-2019,27.9,72.0,0.0,6.7,3.0,96749
16-08-2019,27.4,76.0,0.0,6.9,2.0,96749
17-08-2019,27.5,72.0,0.0,0.7,2.0,96749
18-08-2019,27.3,70.0,0.0,3.8,3.0,96749
19-08-2019,26.7,74.0,0.0,10.0,2.0,96749
20-08-2019,27.0,67.0,0.0,9.8,4.0,96749
21-08-2019,28.6,60.0,0.0,9.8,4.0,96749
23-08-2019,27.2,74.0,0.0,6.0,2.0,96749
24-08-2019,27.8,64.0,0.0,7.6,2.0,96749
25-08-2019,27.3,70.0,0.0,9.0,2.0,96749
26-08-2019,27.7,68.0,0.0,8.5,2.0,96749
27-08-2019,27.7,72.0,0.0,5.5,2.0,96749
29-08-2019,27.4,76.0,0.6,0.5,3.0,96749
30-08-2019,26.9,72.0,0.0,4.8,3.0,96749
31-08-2019,26.3,72.0,0.0,7.5,3.0,96749
01-09-2019,27.2,70.0,0.0,7.3,3.0,96749
02-09-2019,27.5,70.0,0.0,7.5,2.0,96749
04-09-2019,27.3,77.0,0.0,3.0,3.0,96749
05-09-2019,27.8,72.0,0.0,6.0,2.0,96749
06-09-2019,27.4,66.0,0.0,2.4,3.0,96749
08-09-2019,28.1,66.0,0.0,3.9,2.0,96749
09-09-2019,26.3,76.0,0.0,7.3,3.0,96749
10-09-2019,29.6,56.0,0.0,8.4,4.0,96749
11-09-2019,27.7,62.0,0.0,9.8,3.0,96749
12-09-2019,26.5,70.0,0.0,10.5,2.0,96749
13-09-2019,26.6,65.0,0.0,8.3,2.0,96749
14-09-2019,26.6,60.0,0.0,6.4,2.0,96749
15-09-2019,26.6,70.0,0.0,6.2,2.0,96749
16-09-2019,27.3,80.0,27.2,8.2,4.0,96749
17-09-2019,27.6,76.0,0.0,9.6,3.0,96749
18-09-2019,27.9,74.0,0.0,6.6,3.0,96749
19-09-2019,28.6,69.0,0.0,7.4,3.0,96749
21-09-2019,28.2,64.0,0.0,8.7,2.0,96749
22-09-2019,28.0,66.0,0.0,7.7,2.0,96749
23-09-2019,27.6,72.0,0.0,9.7,4.0,96749
25-09-2019,28.0,73.0,0.0,7.6,3.0,96749
26-09-2019,28.4,74.0,0.0,6.6,3.0,96749
27-09-2019,28.4,70.0,0.0,9.5,2.0,96749
28-09-2019,29.1,65.0,0.0,9.3,3.0,96749
29-09-2019,28.5,70.0,0.0,8.3,3.0,96749
30-09-2019,28.8,64.0,0.0,9.2,2.0,96749
02-10-2019,28.6,68.0,0.0,8.6,3.0,96749
03-10-2019,28.1,72.0,0.0,8.4,2.0,96749
04-10-2019,28.9,65.0,0.0,7.9,3.0,96749
05-10-2019,28.4,62.0,0.0,9.4,2.0,96749
06-10-2019,28.8,58.0,0.0,9.9,2.0,96749
07-10-2019,28.7,61.0,0.0,9.6,3.0,96749
08-10-2019,28.6,64.0,0.0,7.9,2.0,96749
09-10-2019,28.2,75.0,5.0,8.5,3.0,96749
11-10-2019,28.5,74.0,0.0,1.8,2.0,96749
12-10-2019,28.6,73.0,0.0,4.5,2.0,96749
13-10-2019,28.3,72.0,0.0,7.0,2.0,96749
14-10-2019,28.7,70.0,0.0,4.5,2.0,96749
15-10-2019,29.0,70.0,0.0,7.0,2.0,96749
16-10-2019,29.2,68.0,0.0,5.7,2.0,96749
17-10-2019,28.5,77.0,15.2,10.0,2.0,96749
18-10-2019,28.4,74.0,7.5,8.6,2.0,96749
19-10-2019,28.4,78.0,3.4,8.0,2.0,96749
20-10-2019,28.9,68.0,0.0,8.9,3.0,96749
21-10-2019,27.7,71.0,0.0,10.0,3.0,96749
23-10-2019,29.4,64.0,0.0,10.7,2.0,96749
24-10-2019,29.1,65.0,0.0,8.9,2.0,96749
25-10-2019,29.1,70.0,0.0,9.1,2.0,96749
28-10-2019,28.7,71.0,0.0,0.0,2.0,96749
29-10-2019,28.8,71.0,0.0,3.0,2.0,96749
30-10-2019,29.0,64.0,0.0,7.4,2.0,96749
31-10-2019,29.2,66.0,0.0,9.4,2.0,96749
01-11-2019,28.4,71.0,0.0,8.5,2.0,96749
02-11-2019,27.7,74.0,0.0,6.4,3.0,96749
04-11-2019,28.8,69.0,0.0,9.6,2.0,96749
05-11-2019,29.0,71.0,0.1,6.5,3.0,96749
07-11-2019,28.2,68.0,0.0,8.0,3.0,96749
08-11-2019,29.1,63.0,0.0,10.9,3.0,96749
10-11-2019,28.8,69.0,0.0,10.6,2.0,96749
11-11-2019,29.7,68.0,0.0,9.5,2.0,96749
12-11-2019,29.1,73.0,0.0,9.5,2.0,96749
13-11-2019,28.8,73.0,0.0,4.2,2.0,96749
15-11-2019,29.3,69.0,0.0,0.0,2.0,96749
16-11-2019,29.7,64.0,0.0,7.7,2.0,96749
18-11-2019,29.3,70.0,0.0,10.8,3.0,96749
19-11-2019,29.6,69.0,0.0,9.0,2.0,96749
20-11-2019,29.2,71.0,0.0,10.8,2.0,96749
22-11-2019,27.9,78.0,1.4,6.3,1.0,96749
23-11-2019,29.0,74.0,17.1,2.7,2.0,96749
25-11-2019,28.9,71.0,0.6,6.5,2.0,96749
26-11-2019,29.2,71.0,0.0,6.3,2.0,96749
28-11-2019,29.7,71.0,0.0,4.1,2.0,96749
30-11-2019,28.2,80.0,1.8,8.0,2.0,96749
01-12-2019,29.8,72.0,21.8,6.0,2.0,96749
02-12-2019,29.6,74.0,18.0,9.7,2.0,96749
03-12-2019,29.3,74.0,0.0,7.3,2.0,96749
04-12-2019,29.5,73.0,0.0,7.1,3.0,96749
05-12-2019,29.2,74.0,1.0,9.5,3.0,96749
06-12-2019,28.0,84.0,0.5,6.7,2.0,96749
07-12-2019,27.2,83.0,5.3,0.0,2.0,96749
08-12-2019,28.1,80.0,11.7,0.5,2.0,96749
09-12-2019,28.9,73.0,0.0,4.6,2.0,96749
10-12-2019,26.9,84.0,0.0,5.8,1.0,96749
11-12-2019,27.2,79.0,20.2,0.0,2.0,96749
12-12-2019,26.1,84.0,0.1,6.4,2.0,96749
13-12-2019,28.2,78.0,3.0,0.0,2.0,96749
14-12-2019,28.7,71.0,0.0,5.1,2.0,96749
15-12-2019,28.2,78.0,0.0,3.7,2.0,96749
16-12-2019,27.9,79.0,0.0,1.2,2.0,96749
18-12-2019,28.3,76.0,10.1,2.4,2.0,96749
19-12-2019,28.1,79.0,0.0,6.4,2.0,96749
20-12-2019,28.7,74.0,0.0,3.8,2.0,96749
21-12-2019,29.2,77.0,0.0,6.1,2.0,96749
22-12-2019,27.3,86.0,16.6,2.7,2.0,96749
23-12-2019,27.7,81.0,14.4,2.1,2.0,96749
24-12-2019,28.6,75.0,0.0,4.8,2.0,96749
25-12-2019,25.8,90.0,11.8,5.5,2.0,96749
26-12-2019,26.9,83.0,35.8,0.0,2.0,96749
27-12-2019,26.9,86.0,4.3,3.8,2.0,96749
28-12-2019,26.7,86.0,10.8,4.5,2.0,96749
29-12-2019,26.5,87.0,7.0,2.1,1.0,96749
30-12-2019,28.4,80.0,0.5,0.6,2.0,96749
31-12-2019,27.2,84.0,0.0,8.1,3.0,96749
01-01-2020,26.7,88.0,147.9,0.5,2.0,96749
02-01-2020,27.6,81.0,40.2,0.0,3.0,96749
03-01-2020,27.6,84.0,0.3,4.8,2.0,96749
04-01-2020,28.2,80.0,9.2,3.0,3.0,96749
05-01-2020,27.0,88.0,4.5,1.0,2.0,96749
06-01-2020,26.6,89.0,14.6,0.0,2.0,96749
07-01-2020,27.0,88.0,12.6,2.0,2.0,96749
08-01-2020,27.3,83.0,0.2,2.7,2.0,96749
09-01-2020,28.0,82.0,7.1,0.0,4.0,96749
10-01-2020,25.5,89.0,42.7,0.0,2.0,96749
11-01-2020,26.8,84.0,10.8,0.0,3.0,96749
12-01-2020,28.3,78.0,3.5,5.4,3.0,96749
13-01-2020,27.1,87.0,1.0,8.8,2.0,96749
14-01-2020,28.3,79.0,6.3,1.9,3.0,96749
15-01-2020,27.2,84.0,33.5,9.0,2.0,96749
17-01-2020,28.0,83.0,0.0,4.9,3.0,96749
18-01-2020,27.2,80.0,7.3,7.2,2.0,96749
19-01-2020,27.7,84.0,0.0,2.3,2.0,96749
20-01-2020,28.6,80.0,0.0,9.8,2.0,96749
21-01-2020,27.5,84.0,3.6,5.1,2.0,96749
22-01-2020,27.7,83.0,5.0,6.8,2.0,96749
23-01-2020,28.0,83.0,40.0,4.8,2.0,96749
24-01-2020,26.2,93.0,5.5,6.3,2.0,96749
25-01-2020,26.7,88.0,105.3,1.7,2.0,96749
26-01-2020,27.7,84.0,1.7,1.0,2.0,96749
27-01-2020,27.9,83.0,4.9,8.2,2.0,96749
30-01-2020,26.6,84.0,13.9,8.7,2.0,96749
31-01-2020,27.7,84.0,0.0,2.9,3.0,96749
01-02-2020,25.5,92.0,111.0,4.0,2.0,96749
02-02-2020,25.8,92.0,11.4,0.6,1.0,96749
03-02-2020,25.8,92.0,5.3,0.8,1.0,96749
04-02-2020,26.4,89.0,25.9,0.3,2.0,96749
05-02-2020,27.1,84.0,19.7,3.0,2.0,96749
07-02-2020,26.0,92.0,0.5,0.0,2.0,96749
08-02-2020,26.6,83.0,39.8,0.5,2.0,96749
09-02-2020,26.1,85.0,9.1,6.5,2.0,96749
10-02-2020,28.2,72.0,11.0,1.2,3.0,96749
11-02-2020,28.7,74.0,0.0,7.5,3.0,96749
12-02-2020,28.2,76.0,0.0,7.5,2.0,96749
13-02-2020,27.7,83.0,0.0,6.5,2.0,96749
14-02-2020,27.0,88.0,0.0,2.2,2.0,96749
15-02-2020,27.7,84.0,1.6,3.1,2.0,96749
16-02-2020,25.6,91.0,0.0,7.0,3.0,96749
17-02-2020,27.7,83.0,57.9,1.0,2.0,96749
18-02-2020,27.0,84.0,41.5,0.8,2.0,96749
19-02-2020,27.2,82.0,1.0,7.3,3.0,96749
20-02-2020,26.9,87.0,34.4,2.5,2.0,96749
21-02-2020,27.7,81.0,51.6,2.0,2.0,96749
22-02-2020,27.9,83.0,39.1,8.7,3.0,96749
23-02-2020,28.4,80.0,9.6,8.7,4.0,96749
24-02-2020,28.7,77.0,0.3,8.2,4.0,96749
25-02-2020,27.4,86.0,99.6,7.5,2.0,96749
26-02-2020,27.3,84.0,3.5,0.7,2.0,96749
27-02-2020,27.0,86.0,40.0,5.9,2.0,96749
28-02-2020,27.6,85.0,8.3,2.1,2.0,96749
29-02-2020,27.0,89.0,0.2,6.0,2.0,96749
01-03-2020,27.6,89.0,27.8,8.0,2.0,96749
02-03-2020,28.2,80.0,8.9,0.8,2.0,96749
03-03-2020,28.1,79.0,0.0,9.1,2.0,96749
04-03-2020,27.4,85.0,0.0,8.9,3.0,96749
05-03-2020,27.8,77.0,1.4,2.1,2.0,96749
06-03-2020,28.2,80.0,1.9,1.5,3.0,96749
08-03-2020,27.4,80.0,0.0,4.0,3.0,96749
11-03-2020,28.4,82.0,2.0,11.3,2.0,96749
12-03-2020,26.7,88.0,12.2,5.3,2.0,96749
13-03-2020,27.3,79.0,2.9,1.7,2.0,96749
14-03-2020,28.7,82.0,0.0,7.7,2.0,96749
15-03-2020,28.6,80.0,0.6,8.6,2.0,96749
17-03-2020,28.1,79.0,5.4,5.4,2.0,96749
18-03-2020,26.4,92.0,20.3,9.4,1.0,96749
19-03-2020,27.2,87.0,17.9,0.0,2.0,96749
20-03-2020,25.4,93.0,33.9,2.7,2.0,96749
21-03-2020,27.4,83.0,15.0,2.1,2.0,96749
22-03-2020,26.1,87.0,16.7,7.0,1.0,96749
23-03-2020,27.1,85.0,3.4,1.5,2.0,96749
24-03-2020,27.8,83.0,3.0,1.7,2.0,96749
26-03-2020,27.7,83.0,2.0,6.2,2.0,96749
28-03-2020,28.2,82.0,0.0,2.5,2.0,96749
29-03-2020,27.9,83.0,0.0,3.1,2.0,96749
30-03-2020,26.9,87.0,0.0,7.2,2.0,96749
31-03-2020,28.4,80.0,6.4,3.1,2.0,96749
02-04-2020,29.2,74.0,0.0,6.5,3.0,96749
03-04-2020,28.6,77.0,0.0,9.5,2.0,96749
04-04-2020,28.7,78.0,0.0,8.2,2.0,96749
06-04-2020,27.5,83.0,6.3,6.5,2.0,96749
07-04-2020,28.1,80.0,10.3,4.8,3.0,96749
08-04-2020,27.9,81.0,0.0,8.6,2.0,96749
09-04-2020,28.2,82.0,0.1,8.5,2.0,96749
10-04-2020,27.6,85.0,0.0,2.5,2.0,96749
11-04-2020,28.7,80.0,4.0,5.0,2.0,96749
12-04-2020,28.8,81.0,0.0,3.1,2.0,96749
13-04-2020,27.8,86.0,2.6,8.5,2.0,96749
14-04-2020,28.0,84.0,2.0,4.1,2.0,96749
16-04-2020,28.5,79.0,0.0,3.0,2.0,96749
17-04-2020,29.1,77.0,0.0,8.5,2.0,96749
19-04-2020,28.3,81.0,0.0,5.0,2.0,96749
24-04-2020,28.7,76.0,0.0,7.3,3.0,96749
25-04-2020,27.7,79.0,0.0,4.8,2.0,96749
27-04-2020,27.4,85.0,2.5,6.3,2.0,96749
28-04-2020,27.2,84.0,3.8,2.4,2.0,96749
29-04-2020,27.5,83.0,0.0,2.8,2.0,96749
30-04-2020,27.7,86.0,0.0,5.3,2.0,96749
01-05-2020,27.9,84.0,2.0,1.0,2.0,96749
02-05-2020,25.9,86.0,2.0,0.0,2.0,96749
03-05-2020,28.6,81.0,0.7,0.0,3.0,96749
04-05-2020,27.9,83.0,1.0,6.4,3.0,96749
05-05-2020,28.8,80.0,6.0,0.9,3.0,96749
06-05-2020,28.6,83.0,1.2,9.0,2.0,96749
07-05-2020,28.8,79.0,0.0,5.0,2.0,96749
08-05-2020,28.4,81.0,0.0,9.9,2.0,96749
09-05-2020,27.4,85.0,0.4,4.8,2.0,96749
10-05-2020,28.2,82.0,0.8,0.0,2.0,96749
11-05-2020,28.7,80.0,0.0,8.0,2.0,96749
12-05-2020,29.0,78.0,0.0,7.0,2.0,96749
13-05-2020,28.1,88.0,34.5,8.5,3.0,96749
14-05-2020,28.6,79.0,3.0,2.6,3.0,96749
15-05-2020,28.3,79.0,0.0,7.3,4.0,96749
16-05-2020,28.6,76.0,0.0,9.5,3.0,96749
17-05-2020,28.5,79.0,0.0,9.7,2.0,96749
18-05-2020,26.8,86.0,0.2,8.4,2.0,96749
19-05-2020,27.7,85.0,17.7,5.2,2.0,96749
20-05-2020,28.0,85.0,0.0,4.8,4.0,96749
21-05-2020,28.4,80.0,15.4,8.5,2.0,96749
22-05-2020,28.9,84.0,0.0,2.5,3.0,96749
23-05-2020,28.7,77.0,3.6,9.4,2.0,96749
24-05-2020,29.9,72.0,0.0,8.3,3.0,96749
25-05-2020,30.3,70.0,0.0,8.5,3.0,96749
26-05-2020,28.2,79.0,0.0,9.5,3.0,96749
27-05-2020,28.4,76.0,0.0,4.4,2.0,96749
28-05-2020,28.4,80.0,0.0,2.2,2.0,96749
29-05-2020,28.4,83.0,13.0,2.9,2.0,96749
30-05-2020,27.9,80.0,0.0,5.5,2.0,96749
31-05-2020,28.4,79.0,0.0,9.3,2.0,96749
01-06-2020,27.5,82.0,0.0,4.6,2.0,96749
02-06-2020,28.7,76.0,0.0,6.0,2.0,96749
03-06-2020,28.0,76.0,0.0,9.2,3.0,96749
04-06-2020,28.1,76.0,5.0,7.4,4.0,96749
05-06-2020,27.8,81.0,0.0,9.0,1.0,96749
06-06-2020,27.6,78.0,0.3,0.0,1.0,96749
07-06-2020,28.5,76.0,0.0,3.2,2.0,96749
08-06-2020,28.5,80.0,0.0,5.3,2.0,96749
09-06-2020,27.4,74.0,1.0,9.5,2.0,96749
10-06-2020,28.3,82.0,0.0,3.0,3.0,96749
11-06-2020,29.0,76.0,0.0,9.8,3.0,96749
13-06-2020,28.2,76.0,0.0,9.5,2.0,96749
14-06-2020,27.9,78.0,0.0,8.5,3.0,96749
15-06-2020,28.9,80.0,0.0,8.8,2.0,96749
16-06-2020,29.3,76.0,0.0,0.0,4.0,96749
17-06-2020,28.8,75.0,0.0,7.2,2.0,96749
18-06-2020,28.6,78.0,0.0,9.0,2.0,96749
20-06-2020,28.1,75.0,1.0,0.0,2.0,96749
21-06-2020,27.8,80.0,0.0,8.9,2.0,96749
22-06-2020,27.4,83.0,0.2,3.0,2.0,96749
23-06-2020,27.1,84.0,3.5,2.0,2.0,96749
24-06-2020,27.1,81.0,0.0,3.0,2.0,96749
25-06-2020,27.5,80.0,0.0,2.8,2.0,96749
26-06-2020,27.6,80.0,0.0,8.5,2.0,96749
27-06-2020,28.2,78.0,0.6,8.0,3.0,96749
29-06-2020,28.6,72.0,0.0,5.8,3.0,96749
30-06-2020,27.9,78.0,0.0,8.4,2.0,96749
01-07-2020,28.1,76.0,0.0,9.0,2.0,96749
02-07-2020,26.8,82.0,0.0,7.8,2.0,96749
03-07-2020,27.6,80.0,1.5,3.0,2.0,96749
05-07-2020,28.6,66.0,0.0,1.8,4.0,96749
06-07-2020,28.0,72.0,0.0,10.8,3.0,96749
07-07-2020,27.6,80.0,0.3,9.9,3.0,96749
10-07-2020,27.1,79.0,0.0,2.9,2.0,96749
11-07-2020,27.3,82.0,5.0,0.3,2.0,96749
12-07-2020,28.0,78.0,0.0,9.0,2.0,96749
13-07-2020,27.5,80.0,0.0,8.5,2.0,96749
15-07-2020,27.1,77.0,7.9,3.7,4.0,96749
16-07-2020,27.8,80.0,0.0,0.6,2.0,96749
17-07-2020,28.0,78.0,0.3,0.4,2.0,96749
18-07-2020,27.5,82.0,4.2,9.0,2.0,96749
19-07-2020,27.8,78.0,0.0,6.0,2.0,96749
20-07-2020,27.6,78.0,0.0,9.0,2.0,96749
21-07-2020,27.6,79.0,0.0,7.2,2.0,96749
22-07-2020,27.8,80.0,0.0,7.7,2.0,96749
23-07-2020,28.1,78.0,0.0,9.5,2.0,96749
26-07-2020,27.3,66.0,0.0,7.9,3.0,96749
27-07-2020,27.0,72.0,0.0,9.6,2.0,96749
28-07-2020,27.1,74.0,0.0,9.5,2.0,96749
29-07-2020,27.2,70.0,0.0,8.4,2.0,96749
30-07-2020,27.3,72.0,0.0,8.3,2.0,96749
31-07-2020,27.0,59.0,0.0,3.1,2.0,96749
01-08-2020,26.0,71.0,0.0,2.6,2.0,96749
02-08-2020,27.0,73.0,0.0,9.0,2.0,96749
03-08-2020,27.7,74.0,0.0,8.3,3.0,96749
04-08-2020,28.5,72.0,0.2,8.5,2.0,96749
05-08-2020,27.3,76.0,0.0,2.2,2.0,96749
06-08-2020,28.0,77.0,0.0,6.6,2.0,96749
07-08-2020,27.7,81.0,0.0,5.0,2.0,96749
08-08-2020,27.5,83.0,32.4,7.9,2.0,96749
09-08-2020,27.6,82.0,11.5,3.2,2.0,96749
10-08-2020,28.0,81.0,0.6,9.0,3.0,96749
11-08-2020,28.3,76.0,0.0,8.8,2.0,96749
12-08-2020,28.0,78.0,0.1,6.5,3.0,96749
14-08-2020,26.6,84.0,70.4,2.0,2.0,96749
15-08-2020,27.2,82.0,0.0,4.6,3.0,96749
16-08-2020,27.8,80.0,0.0,8.3,2.0,96749
17-08-2020,27.5,80.0,30.5,8.2,2.0,96749
18-08-2020,27.2,80.0,9.6,9.3,2.0,96749
19-08-2020,27.2,81.0,0.6,5.4,3.0,96749
20-08-2020,28.1,78.0,0.2,8.7,4.0,96749
21-08-2020,28.2,72.0,0.0,7.9,4.0,96749
23-08-2020,27.6,76.0,0.0,9.9,3.0,96749
25-08-2020,27.5,70.0,0.0,8.7,4.0,96749
26-08-2020,27.2,74.0,0.0,9.7,3.0,96749
30-08-2020,28.2,75.0,0.0,7.5,3.0,96749
01-09-2020,27.8,70.0,0.0,9.8,2.0,96749
02-09-2020,27.9,73.0,0.0,8.3,2.0,96749
03-09-2020,27.2,80.0,5.3,4.4,2.0,96749
04-09-2020,28.4,77.0,0.0,3.6,3.0,96749
05-09-2020,28.5,78.0,0.0,7.5,2.0,96749
06-09-2020,27.6,78.0,0.0,7.7,2.0,96749
07-09-2020,28.4,72.0,0.0,5.3,2.0,96749
08-09-2020,28.7,68.0,0.0,9.4,3.0,96749
09-09-2020,29.0,68.0,0.0,9.3,3.0,96749
10-09-2020,28.5,76.0,0.0,7.0,2.0,96749
11-09-2020,28.1,73.0,0.0,5.0,3.0,96749
12-09-2020,28.4,76.0,0.0,1.6,2.0,96749
13-09-2020,28.4,71.0,0.0,5.7,2.0,96749
14-09-2020,27.9,73.0,0.0,6.3,3.0,96749
28-09-2020,28.1,74.0,0.0,5.5,3.0,96749
29-09-2020,28.3,70.0,0.0,8.9,2.0,96749
30-09-2020,28.6,73.0,0.0,7.5,3.0,96749
01-10-2020,28.8,76.0,0.0,10.7,3.0,96749
03-10-2020,26.6,86.0,5.9,6.7,2.0,96749
04-10-2020,28.0,78.0,7.8,0.3,3.0,96749
05-10-2020,28.0,72.0,32.5,7.4,2.0,96749
06-10-2020,28.0,72.0,0.0,10.0,2.0,96749
07-10-2020,28.2,72.0,0.0,9.8,2.0,96749
08-10-2020,28.8,72.0,0.0,9.9,2.0,96749
09-10-2020,27.3,80.0,7.2,4.4,2.0,96749
10-10-2020,27.8,79.0,0.2,0.7,2.0,96749
11-10-2020,27.5,84.0,50.0,3.0,2.0,96749
13-10-2020,28.8,75.0,0.0,5.7,2.0,96749
14-10-2020,28.9,75.0,0.0,6.6,2.0,96749
15-10-2020,28.5,75.0,0.0,6.9,2.0,96749
16-10-2020,27.1,82.0,0.0,8.5,2.0,96749
17-10-2020,28.7,76.0,3.8,3.3,2.0,96749
18-10-2020,28.8,74.0,0.0,9.3,2.0,96749
19-10-2020,27.6,80.0,0.0,6.7,2.0,96749
20-10-2020,28.0,78.0,0.0,5.0,3.0,96749
21-10-2020,27.4,81.0,0.0,8.5,2.0,96749
22-10-2020,28.2,76.0,0.9,5.5,5.0,96749
24-10-2020,28.3,72.0,0.0,6.7,3.0,96749
25-10-2020,27.6,81.0,0.0,9.9,2.0,96749
26-10-2020,26.3,86.0,0.0,4.5,2.0,96749
27-10-2020,26.9,82.0,5.1,3.0,2.0,96749
29-10-2020,29.0,76.0,0.0,5.2,3.0,96749
30-10-2020,28.6,76.0,0.0,10.6,3.0,96749
31-10-2020,27.7,78.0,0.0,5.0,2.0,96749
01-11-2020,26.3,88.0,3.8,4.8,4.0,96749
02-11-2020,27.3,78.0,2.7,4.8,4.0,96749
03-11-2020,28.1,75.0,0.0,3.3,3.0,96749
04-11-2020,28.6,70.0,0.0,9.4,2.0,96749
05-11-2020,26.3,86.0,1.0,4.0,2.0,96749
06-11-2020,26.3,91.0,6.0,0.0,2.0,96749
07-11-2020,28.0,82.0,5.5,0.4,3.0,96749
08-11-2020,27.6,79.0,0.0,6.3,2.0,96749
10-11-2020,28.5,79.0,0.0,8.7,2.0,96749
11-11-2020,29.0,69.0,0.0,3.7,3.0,96749
12-11-2020,29.2,77.0,0.0,9.0,3.0,96749
13-11-2020,30.1,74.0,0.0,5.9,3.0,96749
14-11-2020,29.9,74.0,0.0,11.0,2.0,96749
15-11-2020,29.6,70.0,0.0,8.8,3.0,96749
17-11-2020,28.6,79.0,0.0,7.0,2.0,96749
19-11-2020,29.4,74.0,0.0,3.4,2.0,96749
20-11-2020,28.7,76.0,0.0,7.8,3.0,96749
21-11-2020,28.6,76.0,0.0,4.5,2.0,96749
23-11-2020,26.8,83.0,0.2,3.6,3.0,96749
24-11-2020,28.1,71.0,0.6,0.6,4.0,96749
25-11-2020,29.3,70.0,0.1,6.5,3.0,96749
27-11-2020,29.1,68.0,0.0,8.2,3.0,96749
28-11-2020,28.2,73.0,1.5,2.8,3.0,96749
29-11-2020,27.3,78.0,0.0,4.3,5.0,96749
30-11-2020,26.9,81.0,4.3,1.3,4.0,96749
01-12-2020,28.0,73.0,0.1,0.5,4.0,96749
02-12-2020,28.8,72.0,0.0,9.8,4.0,96749
03-12-2020,26.1,83.0,13.2,6.5,2.0,96749
04-12-2020,26.7,84.0,5.7,3.0,3.0,96749
05-12-2020,27.4,76.0,18.2,4.1,3.0,96749
06-12-2020,26.0,87.0,22.8,3.4,3.0,96749
07-12-2020,25.5,89.0,18.5,0.0,3.0,96749
08-12-2020,27.8,80.0,18.8,2.0,4.0,96749
09-12-2020,28.6,71.0,10.5,7.2,4.0,96749
10-12-2020,27.3,80.0,0.8,6.2,2.0,96749
11-12-2020,27.6,80.0,1.7,3.0,3.0,96749
12-12-2020,27.4,77.0,3.1,3.4,3.0,96749
13-12-2020,27.1,80.0,0.0,2.2,3.0,96749
15-12-2020,26.8,80.0,0.0,0.4,4.0,96749
16-12-2020,27.5,76.0,0.5,1.1,4.0,96749
17-12-2020,26.7,82.0,2.2,5.0,4.0,96749
18-12-2020,26.9,80.0,0.0,1.8,4.0,96749
19-12-2020,27.8,75.0,5.2,1.7,3.0,96749
20-12-2020,25.9,86.0,1.0,1.2,4.0,96749
21-12-2020,26.6,80.0,6.5,2.0,3.0,96749
23-12-2020,27.6,76.0,0.0,1.6,4.0,96749
24-12-2020,27.3,76.0,0.0,3.6,4.0,96749
26-12-2020,27.6,75.0,1.2,4.4,4.0,96749
27-12-2020,28.8,68.0,0.2,4.9,4.0,96749
28-12-2020,28.1,74.0,0.0,6.1,4.0,96749
29-12-2020,27.1,75.0,0.2,3.2,4.0,96749
31-12-2020,26.1,86.0,15.5,0.5,3.0,96749
01-01-2010,21.8,82.0,7.0,3.8,1.0,96751
02-01-2010,22.9,76.0,0.0,2.9,1.0,96751
03-01-2010,21.8,86.0,0.0,3.4,1.0,96751
04-01-2010,21.7,85.0,2.0,1.3,1.0,96751
05-01-2010,21.5,87.0,12.0,1.8,0.0,96751
06-01-2010,21.6,85.0,2.0,1.6,1.0,96751
07-01-2010,19.9,86.0,13.0,0.9,1.0,96751
08-01-2010,19.8,93.0,20.0,2.8,0.0,96751
09-01-2010,20.3,91.0,4.0,1.5,0.0,96751
10-01-2010,19.8,94.0,56.0,0.0,0.0,96751
11-01-2010,20.5,91.0,2.0,0.0,0.0,96751
12-01-2010,20.3,96.0,20.0,0.5,1.0,96751
13-01-2010,19.3,99.0,5.0,0.0,1.0,96751
14-01-2010,19.4,98.0,27.0,0.0,1.0,96751
15-01-2010,19.3,92.0,18.0,0.0,1.0,96751
16-01-2010,18.8,99.0,9.0,0.0,0.0,96751
17-01-2010,19.7,98.0,24.0,0.0,1.0,96751
18-01-2010,21.0,80.0,24.0,0.0,0.0,96751
19-01-2010,19.9,96.0,0.0,2.7,1.0,96751
20-01-2010,20.1,88.0,48.0,0.0,1.0,96751
21-01-2010,20.5,85.0,6.0,0.5,0.0,96751
22-01-2010,19.5,93.0,4.0,1.9,1.0,96751
23-01-2010,21.6,85.0,30.0,3.0,1.0,96751
24-01-2010,20.9,90.0,2.0,3.3,1.0,96751
25-01-2010,20.7,88.0,1.0,1.7,0.0,96751
26-01-2010,20.6,94.0,1.0,1.4,0.0,96751
28-01-2010,20.4,90.0,3.0,3.5,1.0,96751
29-01-2010,21.0,89.0,26.0,2.3,0.0,96751
30-01-2010,21.1,92.0,23.0,0.0,1.0,96751
31-01-2010,21.2,92.0,28.0,0.0,0.0,96751
01-02-2010,21.5,87.0,0.0,0.1,0.0,96751
02-02-2010,20.8,88.0,4.0,0.5,1.0,96751
03-02-2010,21.4,90.0,40.0,0.3,0.0,96751
04-02-2010,21.2,92.0,5.0,2.9,0.0,96751
05-02-2010,20.8,93.0,7.0,1.7,0.0,96751
06-02-2010,21.2,91.0,14.0,1.4,0.0,96751
07-02-2010,21.8,86.0,2.0,2.1,0.0,96751
08-02-2010,21.6,89.0,10.0,4.2,0.0,96751
09-02-2010,21.0,90.0,1.0,0.9,1.0,96751
10-02-2010,21.7,87.0,44.0,2.7,1.0,96751
11-02-2010,21.2,90.0,33.0,3.5,0.0,96751
12-02-2010,20.8,89.0,4.0,2.2,2.0,96751
13-02-2010,20.9,91.0,115.0,3.7,1.0,96751
14-02-2010,20.4,96.0,2.0,0.6,0.0,96751
15-02-2010,21.4,87.0,46.0,0.9,2.0,96751
16-02-2010,21.4,90.0,5.0,2.1,0.0,96751
17-02-2010,21.4,91.0,34.0,1.9,1.0,96751
18-02-2010,20.5,97.0,46.0,1.6,0.0,96751
19-02-2010,20.7,94.0,30.0,0.9,1.0,96751
20-02-2010,21.6,84.0,30.0,0.0,0.0,96751
21-02-2010,21.5,88.0,8.0,1.8,0.0,96751
23-02-2010,22.2,85.0,13.0,2.1,0.0,96751
24-02-2010,21.2,92.0,20.0,3.7,0.0,96751
25-02-2010,21.2,88.0,10.0,1.5,1.0,96751
27-02-2010,22.1,85.0,0.0,4.1,1.0,96751
01-03-2010,21.5,86.0,2.0,1.7,0.0,96751
02-03-2010,21.5,80.0,11.0,1.4,0.0,96751
03-03-2010,22.0,84.0,50.0,3.8,0.0,96751
04-03-2010,22.0,90.0,23.0,3.7,1.0,96751
05-03-2010,21.5,92.0,10.0,2.4,1.0,96751
06-03-2010,22.7,84.0,0.0,1.0,1.0,96751
07-03-2010,22.1,86.0,3.0,3.4,1.0,96751
08-03-2010,22.5,88.0,0.0,4.2,1.0,96751
09-03-2010,21.7,90.0,10.0,1.5,1.0,96751
10-03-2010,21.1,94.0,0.0,2.3,0.0,96751
11-03-2010,20.0,97.0,30.0,0.5,0.0,96751
12-03-2010,21.3,91.0,60.0,0.1,1.0,96751
14-03-2010,22.1,83.0,0.0,2.6,0.0,96751
15-03-2010,20.6,88.0,3.0,4.1,1.0,96751
16-03-2010,20.9,91.0,58.0,2.5,1.0,96751
18-03-2010,20.9,88.0,79.0,0.7,1.0,96751
19-03-2010,21.3,86.0,19.0,2.1,0.0,96751
20-03-2010,21.3,91.0,15.0,2.3,0.0,96751
21-03-2010,21.3,92.0,6.0,2.5,0.0,96751
22-03-2010,21.6,82.0,10.0,1.5,0.0,96751
23-03-2010,21.3,88.0,1.0,2.8,1.0,96751
24-03-2010,21.3,90.0,18.0,2.5,0.0,96751
25-03-2010,22.5,87.0,5.0,2.6,1.0,96751
26-03-2010,22.8,83.0,18.0,6.1,1.0,96751
27-03-2010,22.7,81.0,0.0,1.9,1.0,96751
28-03-2010,20.8,90.0,8.0,4.1,0.0,96751
29-03-2010,21.1,82.0,3.0,0.4,2.0,96751
30-03-2010,20.5,90.0,3.0,2.7,1.0,96751
31-03-2010,21.9,84.0,30.0,0.0,0.0,96751
01-04-2010,22.9,77.0,1.0,0.4,1.0,96751
02-04-2010,23.2,76.0,0.0,6.6,1.0,96751
03-04-2010,21.7,86.0,3.0,5.9,2.0,96751
04-04-2010,23.0,78.0,1.0,1.5,1.0,96751
05-04-2010,22.2,81.0,5.0,4.5,2.0,96751
06-04-2010,22.7,68.0,1.0,4.7,1.0,96751
08-04-2010,22.6,82.0,0.0,3.4,1.0,96751
09-04-2010,22.7,79.0,0.0,3.3,1.0,96751
10-04-2010,22.4,78.0,0.0,3.5,1.0,96751
11-04-2010,21.0,88.0,8.0,4.3,2.0,96751
12-04-2010,22.5,75.0,18.0,1.1,1.0,96751
13-04-2010,22.3,75.0,6.0,5.5,2.0,96751
14-04-2010,21.9,89.0,1.0,4.9,1.0,96751
15-04-2010,22.9,86.0,10.0,2.4,1.0,96751
17-04-2010,22.6,82.0,3.0,1.6,2.0,96751
18-04-2010,21.8,73.0,0.0,2.9,1.0,96751
19-04-2010,22.4,76.0,0.0,3.6,1.0,96751
20-04-2010,22.7,72.0,0.0,5.8,1.0,96751
21-04-2010,22.5,80.0,3.0,4.1,1.0,96751
22-04-2010,23.0,87.0,13.0,4.5,2.0,96751
23-04-2010,23.1,82.0,0.0,2.9,1.0,96751
24-04-2010,22.8,84.0,1.0,2.5,1.0,96751
25-04-2010,23.2,73.0,0.0,2.7,1.0,96751
26-04-2010,23.1,78.0,0.0,4.3,1.0,96751
27-04-2010,22.6,78.0,0.0,5.4,2.0,96751
28-04-2010,22.6,84.0,0.0,3.3,2.0,96751
29-04-2010,22.2,84.0,8.0,2.7,2.0,96751
30-04-2010,22.2,86.0,2.0,2.9,2.0,96751
01-05-2010,23.5,81.0,0.0,4.8,1.0,96751
02-05-2010,23.1,81.0,0.0,3.6,2.0,96751
03-05-2010,22.9,81.0,0.0,3.1,2.0,96751
05-05-2010,23.2,80.0,0.0,3.5,1.0,96751
06-05-2010,24.4,67.0,0.0,1.1,2.0,96751
07-05-2010,23.1,84.0,0.0,5.3,2.0,96751
08-05-2010,21.3,92.0,13.0,3.4,0.0,96751
09-05-2010,22.1,85.0,30.0,1.1,0.0,96751
10-05-2010,21.7,91.0,19.0,2.6,0.0,96751
11-05-2010,22.0,90.0,56.0,2.8,1.0,96751
12-05-2010,22.2,84.0,4.0,3.1,1.0,96751
13-05-2010,21.3,93.0,2.0,2.4,2.0,96751
14-05-2010,21.3,90.0,11.0,0.8,0.0,96751
15-05-2010,22.7,85.0,33.0,2.1,0.0,96751
16-05-2010,21.1,91.0,5.0,3.6,1.0,96751
17-05-2010,23.4,85.0,21.0,0.0,1.0,96751
18-05-2010,23.4,80.0,0.0,4.0,0.0,96751
19-05-2010,23.1,82.0,0.0,5.9,2.0,96751
20-05-2010,21.3,92.0,7.0,4.7,0.0,96751
21-05-2010,22.7,79.0,19.0,1.7,0.0,96751
22-05-2010,22.4,82.0,7.0,3.8,1.0,96751
23-05-2010,22.0,88.0,3.0,5.8,1.0,96751
24-05-2010,21.7,91.0,16.0,2.3,1.0,96751
25-05-2010,22.3,83.0,3.0,2.6,2.0,96751
26-05-2010,22.7,86.0,1.0,3.4,1.0,96751
27-05-2010,21.3,87.0,21.0,4.5,1.0,96751
28-05-2010,22.1,86.0,0.0,0.0,1.0,96751
29-05-2010,21.8,82.0,0.0,4.5,1.0,96751
31-05-2010,22.5,85.0,20.0,3.6,2.0,96751
01-06-2010,21.9,90.0,8.0,4.3,1.0,96751
02-06-2010,22.5,88.0,6.0,2.1,1.0,96751
03-06-2010,22.4,89.0,0.0,3.2,1.0,96751
04-06-2010,21.4,92.0,37.0,4.5,1.0,96751
05-06-2010,21.4,92.0,8.0,1.8,1.0,96751
06-06-2010,21.0,90.0,7.0,0.7,1.0,96751
08-06-2010,20.5,94.0,1.0,0.1,1.0,96751
09-06-2010,21.5,80.0,119.0,0.7,0.0,96751
10-06-2010,21.4,82.0,0.0,0.3,1.0,96751
11-06-2010,22.4,73.0,0.0,0.4,1.0,96751
12-06-2010,21.0,89.0,0.0,5.6,2.0,96751
13-06-2010,21.7,77.0,12.0,0.5,1.0,96751
14-06-2010,22.2,86.0,0.0,4.2,2.0,96751
16-06-2010,19.8,91.0,19.0,1.4,1.0,96751
17-06-2010,20.3,88.0,4.0,0.0,0.0,96751
18-06-2010,21.1,84.0,0.0,0.0,1.0,96751
19-06-2010,22.2,78.0,8.0,3.8,1.0,96751
20-06-2010,23.1,82.0,0.0,3.0,1.0,96751
21-06-2010,22.2,83.0,0.0,4.9,2.0,96751
22-06-2010,21.6,78.0,0.0,3.9,1.0,96751
23-06-2010,21.1,82.0,0.0,3.6,1.0,96751
24-06-2010,21.2,89.0,0.0,3.1,2.0,96751
25-06-2010,21.4,94.0,11.0,1.2,1.0,96751
27-06-2010,22.3,88.0,5.0,3.2,2.0,96751
28-06-2010,21.1,91.0,0.0,5.6,2.0,96751
29-06-2010,20.5,91.0,0.0,1.0,1.0,96751
30-06-2010,21.6,89.0,10.0,1.4,1.0,96751
02-07-2010,21.1,87.0,1.0,1.7,1.0,96751
03-07-2010,20.7,87.0,0.0,3.5,2.0,96751
04-07-2010,21.9,82.0,19.0,0.3,1.0,96751
05-07-2010,22.0,80.0,1.0,0.0,1.0,96751
06-07-2010,21.8,86.0,1.0,2.3,1.0,96751
07-07-2010,21.0,89.0,3.0,2.4,1.0,96751
08-07-2010,19.8,86.0,1.0,1.5,0.0,96751
09-07-2010,20.6,88.0,2.0,2.3,2.0,96751
10-07-2010,21.3,84.0,10.0,2.4,1.0,96751
11-07-2010,21.7,84.0,0.0,2.7,2.0,96751
12-07-2010,21.4,89.0,0.0,5.0,0.0,96751
13-07-2010,21.1,86.0,5.0,4.2,0.0,96751
14-07-2010,21.4,80.0,0.0,3.5,1.0,96751
15-07-2010,22.5,75.0,0.0,2.3,2.0,96751
16-07-2010,21.4,81.0,0.0,3.7,1.0,96751
18-07-2010,20.5,90.0,3.0,0.9,0.0,96751
19-07-2010,20.0,93.0,29.0,1.9,1.0,96751
20-07-2010,21.3,87.0,33.0,0.7,1.0,96751
22-07-2010,21.4,75.0,0.0,4.2,2.0,96751
23-07-2010,20.8,79.0,0.0,4.2,1.0,96751
24-07-2010,21.1,82.0,0.0,5.7,1.0,96751
25-07-2010,21.6,82.0,0.0,5.8,1.0,96751
26-07-2010,21.7,89.0,0.0,1.6,2.0,96751
27-07-2010,19.8,96.0,7.0,2.1,2.0,96751
28-07-2010,21.1,86.0,4.0,0.0,1.0,96751
29-07-2010,22.4,86.0,13.0,2.5,1.0,96751
30-07-2010,22.7,73.0,6.0,2.9,2.0,96751
31-07-2010,23.0,80.0,0.0,6.3,2.0,96751
01-08-2010,21.6,82.0,0.0,4.2,2.0,96751
02-08-2010,20.8,88.0,0.0,4.0,2.0,96751
03-08-2010,21.0,83.0,0.0,2.8,0.0,96751
04-08-2010,20.5,90.0,31.0,2.5,1.0,96751
05-08-2010,21.0,94.0,4.0,0.4,0.0,96751
06-08-2010,20.7,88.0,4.0,0.7,0.0,96751
07-08-2010,21.1,85.0,19.0,0.7,0.0,96751
08-08-2010,20.7,86.0,0.0,1.4,1.0,96751
09-08-2010,20.3,91.0,4.0,3.1,0.0,96751
10-08-2010,21.5,82.0,28.0,3.0,0.0,96751
11-08-2010,22.3,80.0,0.0,3.0,1.0,96751
12-08-2010,22.2,81.0,0.0,3.7,1.0,96751
13-08-2010,22.8,78.0,0.0,2.3,1.0,96751
14-08-2010,22.2,86.0,0.0,3.5,2.0,96751
15-08-2010,21.0,91.0,0.0,3.8,1.0,96751
16-08-2010,20.7,92.0,1.0,0.2,1.0,96751
17-08-2010,20.3,94.0,7.0,1.1,0.0,96751
18-08-2010,20.7,90.0,19.0,1.1,0.0,96751
19-08-2010,21.5,84.0,2.0,1.7,0.0,96751
20-08-2010,20.8,87.0,4.0,2.5,1.0,96751
21-08-2010,21.9,85.0,10.0,1.6,1.0,96751
22-08-2010,21.9,81.0,6.0,1.4,0.0,96751
24-08-2010,21.2,90.0,0.0,2.1,0.0,96751
25-08-2010,21.5,88.0,34.0,1.6,0.0,96751
26-08-2010,22.9,79.0,69.0,3.0,1.0,96751
27-08-2010,19.7,88.0,7.0,5.1,1.0,96751
28-08-2010,20.7,88.0,49.0,2.4,1.0,96751
29-08-2010,21.5,82.0,8.0,1.9,0.0,96751
30-08-2010,22.1,76.0,0.0,4.3,0.0,96751
31-08-2010,21.7,80.0,0.0,6.1,1.0,96751
01-09-2010,20.5,86.0,0.0,3.3,1.0,96751
02-09-2010,20.8,89.0,70.0,1.7,0.0,96751
03-09-2010,21.1,91.0,20.0,4.1,0.0,96751
04-09-2010,22.3,84.0,39.0,2.4,1.0,96751
05-09-2010,21.2,86.0,0.0,5.5,1.0,96751
06-09-2010,20.5,92.0,7.0,0.7,1.0,96751
07-09-2010,20.3,86.0,9.0,0.0,0.0,96751
08-09-2010,20.1,89.0,7.0,1.9,0.0,96751
09-09-2010,21.7,80.0,18.0,0.5,0.0,96751
10-09-2010,20.3,87.0,9.0,3.3,1.0,96751
11-09-2010,21.0,81.0,12.0,2.1,1.0,96751
12-09-2010,21.5,82.0,8.0,4.7,1.0,96751
13-09-2010,21.0,88.0,0.0,2.1,1.0,96751
14-09-2010,21.9,84.0,21.0,2.0,1.0,96751
15-09-2010,20.7,90.0,3.0,1.8,1.0,96751
16-09-2010,21.0,84.0,1.0,1.1,1.0,96751
17-09-2010,20.7,87.0,2.0,1.4,1.0,96751
18-09-2010,21.2,86.0,29.0,1.7,1.0,96751
19-09-2010,22.5,82.0,0.0,1.9,1.0,96751
20-09-2010,22.0,86.0,1.0,3.3,1.0,96751
21-09-2010,21.2,90.0,2.0,2.3,0.0,96751
22-09-2010,20.2,88.0,5.0,1.4,0.0,96751
23-09-2010,20.7,86.0,33.0,2.4,1.0,96751
24-09-2010,20.7,90.0,20.0,2.2,0.0,96751
25-09-2010,21.0,84.0,30.0,1.9,0.0,96751
26-09-2010,22.0,80.0,7.0,0.3,1.0,96751
27-09-2010,21.2,91.0,2.0,3.0,1.0,96751
28-09-2010,22.0,84.0,16.0,1.3,1.0,96751
29-09-2010,22.0,84.0,0.0,5.0,0.0,96751
30-09-2010,21.7,86.0,4.0,3.8,0.0,96751
01-10-2010,22.0,86.0,0.0,4.3,1.0,96751
02-10-2010,21.2,91.0,4.0,2.8,0.0,96751
03-10-2010,21.9,82.0,5.0,3.4,1.0,96751
04-10-2010,23.0,71.0,12.0,1.6,2.0,96751
05-10-2010,21.6,87.0,0.0,1.1,1.0,96751
06-10-2010,21.3,92.0,0.0,0.0,0.0,96751
07-10-2010,21.1,85.0,38.0,3.2,0.0,96751
08-10-2010,20.5,88.0,9.0,2.8,0.0,96751
09-10-2010,20.9,87.0,18.0,1.9,0.0,96751
10-10-2010,20.6,68.0,0.0,2.7,0.0,96751
11-10-2010,21.5,59.0,0.0,6.5,0.0,96751
12-10-2010,22.2,70.0,0.0,6.1,0.0,96751
13-10-2010,21.6,88.0,2.0,5.7,1.0,96751
14-10-2010,21.0,86.0,0.0,2.3,1.0,96751
15-10-2010,22.2,80.0,40.0,3.0,0.0,96751
17-10-2010,22.5,78.0,1.0,4.5,0.0,96751
19-10-2010,20.7,88.0,30.0,0.7,0.0,96751
20-10-2010,21.0,95.0,7.0,2.8,0.0,96751
21-10-2010,22.0,84.0,78.0,0.0,0.0,96751
22-10-2010,20.7,90.0,5.0,3.9,1.0,96751
23-10-2010,22.7,80.0,16.0,2.1,0.0,96751
24-10-2010,20.7,95.0,6.0,3.0,1.0,96751
25-10-2010,20.8,91.0,12.0,1.5,0.0,96751
26-10-2010,20.4,95.0,19.0,1.6,0.0,96751
27-10-2010,21.0,88.0,27.0,2.2,0.0,96751
28-10-2010,20.5,92.0,2.0,2.9,0.0,96751
29-10-2010,20.1,95.0,19.0,0.5,0.0,96751
30-10-2010,19.9,94.0,10.0,1.7,0.0,96751
31-10-2010,21.9,82.0,67.0,5.3,0.0,96751
01-11-2010,22.1,84.0,0.0,1.7,0.0,96751
02-11-2010,22.2,82.0,0.0,0.7,0.0,96751
04-11-2010,20.7,88.0,1.0,3.3,1.0,96751
05-11-2010,21.8,87.0,30.0,0.7,0.0,96751
06-11-2010,22.6,78.0,1.0,0.3,0.0,96751
07-11-2010,21.4,84.0,0.0,1.7,0.0,96751
08-11-2010,20.8,89.0,2.0,0.5,0.0,96751
09-11-2010,21.6,87.0,3.0,0.0,1.0,96751
10-11-2010,21.9,85.0,6.0,4.4,0.0,96751
11-11-2010,23.3,72.0,0.0,3.2,0.0,96751
13-11-2010,20.5,92.0,5.0,2.3,2.0,96751
14-11-2010,20.8,89.0,57.0,0.9,0.0,96751
15-11-2010,21.3,85.0,6.0,0.3,0.0,96751
16-11-2010,20.5,87.0,2.0,1.1,0.0,96751
17-11-2010,21.3,86.0,17.0,0.7,0.0,96751
18-11-2010,21.7,86.0,0.0,1.7,0.0,96751
19-11-2010,21.8,89.0,6.0,1.5,0.0,96751
20-11-2010,21.9,89.0,4.0,1.1,0.0,96751
21-11-2010,21.2,89.0,7.0,3.9,0.0,96751
22-11-2010,22.0,83.0,9.0,1.5,0.0,96751
23-11-2010,21.0,95.0,1.0,3.0,0.0,96751
24-11-2010,21.8,88.0,1.0,0.3,0.0,96751
25-11-2010,20.6,92.0,28.0,1.3,1.0,96751
26-11-2010,21.1,92.0,53.0,1.3,0.0,96751
27-11-2010,20.7,90.0,1.0,0.0,0.0,96751
28-11-2010,20.7,92.0,14.0,2.5,1.0,96751
29-11-2010,21.6,86.0,30.0,1.8,0.0,96751
30-11-2010,21.6,86.0,2.0,2.6,0.0,96751
01-12-2010,21.0,86.0,5.0,2.2,1.0,96751
02-12-2010,22.1,86.0,38.0,2.4,0.0,96751
04-12-2010,20.6,92.0,8.0,2.4,0.0,96751
05-12-2010,21.8,90.0,28.0,1.7,1.0,96751
06-12-2010,20.9,90.0,9.0,2.1,0.0,96751
07-12-2010,20.6,92.0,38.0,0.1,0.0,96751
08-12-2010,21.1,86.0,5.0,0.5,1.0,96751
09-12-2010,21.8,78.0,13.0,1.8,1.0,96751
10-12-2010,20.8,87.0,3.0,0.9,2.0,96751
11-12-2010,19.3,92.0,9.0,0.7,1.0,96751
12-12-2010,19.8,91.0,5.0,0.0,1.0,96751
13-12-2010,21.4,82.0,1.0,0.2,2.0,96751
14-12-2010,20.4,89.0,0.0,2.0,1.0,96751
15-12-2010,21.0,86.0,19.0,0.0,0.0,96751
16-12-2010,19.5,92.0,5.0,1.6,1.0,96751
17-12-2010,20.5,87.0,23.0,0.0,1.0,96751
18-12-2010,21.3,79.0,13.0,0.0,1.0,96751
19-12-2010,21.9,76.0,16.0,2.2,0.0,96751
20-12-2010,19.8,91.0,3.0,3.3,0.0,96751
21-12-2010,19.9,92.0,1.0,0.0,0.0,96751
22-12-2010,20.0,86.0,7.0,0.9,2.0,96751
23-12-2010,20.4,90.0,9.0,0.2,1.0,96751
24-12-2010,21.6,86.0,2.0,2.4,1.0,96751
26-12-2010,20.3,82.0,2.0,3.3,0.0,96751
27-12-2010,20.2,81.0,6.0,0.2,0.0,96751
28-12-2010,20.0,90.0,8.0,0.0,1.0,96751
31-12-2010,20.8,90.0,15.0,0.0,1.0,96751
01-01-2011,21.0,85.0,1.0,0.3,1.0,96751
02-01-2011,21.1,81.0,7.0,0.2,1.0,96751
03-01-2011,19.8,92.0,0.0,0.9,2.0,96751
04-01-2011,20.3,90.0,10.0,0.0,1.0,96751
05-01-2011,20.8,90.0,6.0,0.6,1.0,96751
06-01-2011,20.6,90.0,10.0,0.0,0.0,96751
07-01-2011,20.2,94.0,10.0,0.7,0.0,96751
09-01-2011,20.0,95.0,1.0,0.0,0.0,96751
10-01-2011,20.5,85.0,99.0,0.0,0.0,96751
11-01-2011,19.8,90.0,1.0,1.2,2.0,96751
12-01-2011,20.1,88.0,10.0,0.0,2.0,96751
13-01-2011,20.4,88.0,19.0,0.0,1.0,96751
14-01-2011,21.5,72.0,45.0,0.8,1.0,96751
15-01-2011,20.6,82.0,0.0,1.1,1.0,96751
16-01-2011,20.0,87.0,7.0,0.0,1.0,96751
17-01-2011,19.8,95.0,4.0,0.0,0.0,96751
18-01-2011,19.7,93.0,14.0,0.0,0.0,96751
19-01-2011,20.7,90.0,3.0,0.0,0.0,96751
21-01-2011,20.0,88.0,1.0,0.4,0.0,96751
22-01-2011,20.4,90.0,1.0,0.0,0.0,96751
23-01-2011,19.9,91.0,5.0,0.7,0.0,96751
24-01-2011,20.1,87.0,68.0,0.1,0.0,96751
25-01-2011,20.5,91.0,1.0,1.3,1.0,96751
26-01-2011,20.3,90.0,0.0,0.7,1.0,96751
27-01-2011,20.6,89.0,24.0,2.9,0.0,96751
28-01-2011,20.1,96.0,34.0,2.5,1.0,96751
29-01-2011,20.2,90.0,4.0,0.0,0.0,96751
30-01-2011,21.9,74.0,4.0,0.4,1.0,96751
31-01-2011,21.8,83.0,0.0,4.8,1.0,96751
01-02-2011,19.7,92.0,0.0,4.2,1.0,96751
02-02-2011,20.4,86.0,34.0,0.9,0.0,96751
03-02-2011,20.4,90.0,12.0,2.6,0.0,96751
04-02-2011,19.3,96.0,8.0,0.0,0.0,96751
05-02-2011,22.2,93.0,30.0,0.0,1.0,96751
06-02-2011,20.4,90.0,8.0,0.0,0.0,96751
07-02-2011,19.8,94.0,10.0,1.1,1.0,96751
08-02-2011,20.9,88.0,6.0,0.0,1.0,96751
09-02-2011,21.6,66.0,15.0,1.7,0.0,96751
10-02-2011,22.2,75.0,0.0,4.2,0.0,96751
11-02-2011,21.4,79.0,0.0,2.8,1.0,96751
12-02-2011,21.5,84.0,0.0,4.5,1.0,96751
13-02-2011,21.4,82.0,5.0,3.3,1.0,96751
14-02-2011,20.9,89.0,19.0,4.8,0.0,96751
15-02-2011,20.5,88.0,19.0,0.3,1.0,96751
16-02-2011,20.6,88.0,0.0,0.0,0.0,96751
17-02-2011,21.2,84.0,19.0,2.0,0.0,96751
19-02-2011,22.0,83.0,3.0,4.7,1.0,96751
20-02-2011,22.0,68.0,0.0,5.6,0.0,96751
21-02-2011,21.9,78.0,0.0,6.6,1.0,96751
22-02-2011,21.4,81.0,0.0,3.7,1.0,96751
23-02-2011,21.3,80.0,0.0,0.8,1.0,96751
24-02-2011,20.6,82.0,0.0,5.2,1.0,96751
26-02-2011,21.2,85.0,4.0,0.0,0.0,96751
27-02-2011,19.5,94.0,8.0,0.1,1.0,96751
28-02-2011,18.9,97.0,65.0,0.5,0.0,96751
01-03-2011,21.8,70.0,20.0,0.0,1.0,96751
02-03-2011,22.3,56.0,1.0,0.5,1.0,96751
03-03-2011,20.2,88.0,0.0,0.3,2.0,96751
04-03-2011,20.4,90.0,10.0,1.2,0.0,96751
05-03-2011,19.4,95.0,7.0,1.1,0.0,96751
06-03-2011,20.7,86.0,15.0,0.2,1.0,96751
07-03-2011,21.8,79.0,15.0,2.1,0.0,96751
08-03-2011,20.1,89.0,0.0,3.9,0.0,96751
09-03-2011,21.3,89.0,14.0,1.1,0.0,96751
10-03-2011,20.9,88.0,16.0,2.3,0.0,96751
11-03-2011,21.5,84.0,3.0,1.9,0.0,96751
12-03-2011,22.0,74.0,10.0,1.1,0.0,96751
14-03-2011,23.0,68.0,6.0,2.6,1.0,96751
15-03-2011,21.0,84.0,0.0,2.9,2.0,96751
16-03-2011,21.8,78.0,3.0,1.7,0.0,96751
17-03-2011,22.2,78.0,0.0,6.2,1.0,96751
18-03-2011,21.8,84.0,25.0,4.5,1.0,96751
19-03-2011,21.1,88.0,3.0,4.5,0.0,96751
20-03-2011,21.2,90.0,7.0,2.9,0.0,96751
21-03-2011,21.0,86.0,3.0,0.7,1.0,96751
22-03-2011,21.2,82.0,1.0,1.2,0.0,96751
23-03-2011,20.9,86.0,0.0,0.4,1.0,96751
25-03-2011,20.5,91.0,8.0,3.0,1.0,96751
26-03-2011,20.4,92.0,19.0,0.5,1.0,96751
27-03-2011,20.9,88.0,4.0,0.0,1.0,96751
28-03-2011,21.1,85.0,4.0,0.5,0.0,96751
29-03-2011,21.0,84.0,0.0,0.3,0.0,96751
30-03-2011,19.3,97.0,10.0,1.7,1.0,96751
31-03-2011,20.4,86.0,21.0,0.0,1.0,96751
01-04-2011,21.6,85.0,8.0,1.3,2.0,96751
02-04-2011,22.7,76.0,0.0,0.8,0.0,96751
03-04-2011,22.1,78.0,0.0,5.7,0.0,96751
04-04-2011,21.8,83.0,4.0,1.4,0.0,96751
05-04-2011,21.8,80.0,6.0,3.8,1.0,96751
06-04-2011,21.5,84.0,6.0,3.3,0.0,96751
07-04-2011,21.8,82.0,2.0,5.2,0.0,96751
08-04-2011,21.8,83.0,0.0,4.2,0.0,96751
09-04-2011,21.5,86.0,3.0,2.5,1.0,96751
10-04-2011,21.9,84.0,0.0,1.0,1.0,96751
11-04-2011,20.9,84.0,1.0,3.7,0.0,96751
12-04-2011,21.3,86.0,8.0,1.7,1.0,96751
13-04-2011,21.5,82.0,4.0,0.4,0.0,96751
14-04-2011,20.7,84.0,0.0,2.3,1.0,96751
15-04-2011,20.9,83.0,20.0,2.2,0.0,96751
16-04-2011,21.3,81.0,0.0,2.7,1.0,96751
17-04-2011,21.4,83.0,1.0,2.4,0.0,96751
18-04-2011,20.1,86.0,0.0,3.5,0.0,96751
19-04-2011,22.0,82.0,1.0,3.4,0.0,96751
20-04-2011,21.5,87.0,0.0,2.4,1.0,96751
21-04-2011,21.0,89.0,9.0,1.9,1.0,96751
22-04-2011,20.5,91.0,29.0,1.3,0.0,96751
23-04-2011,20.6,92.0,10.0,0.0,1.0,96751
24-04-2011,20.8,93.0,13.0,0.4,0.0,96751
25-04-2011,20.9,90.0,19.0,0.0,0.0,96751
26-04-2011,20.5,92.0,17.0,2.8,0.0,96751
27-04-2011,21.1,92.0,9.0,1.7,0.0,96751
28-04-2011,21.6,86.0,8.0,0.7,0.0,96751
29-04-2011,21.0,89.0,7.0,0.3,0.0,96751
30-04-2011,21.0,91.0,34.0,1.1,1.0,96751
01-05-2011,21.0,88.0,10.0,0.0,0.0,96751
02-05-2011,21.6,84.0,12.0,0.0,0.0,96751
03-05-2011,21.3,85.0,2.0,0.1,1.0,96751
04-05-2011,22.7,73.0,0.0,3.2,0.0,96751
05-05-2011,21.2,86.0,1.0,5.4,1.0,96751
06-05-2011,21.5,86.0,10.0,0.0,0.0,96751
07-05-2011,20.1,95.0,25.0,1.4,0.0,96751
08-05-2011,20.7,95.0,30.0,0.0,0.0,96751
09-05-2011,21.9,82.0,2.0,0.5,0.0,96751
10-05-2011,21.7,87.0,0.0,4.7,0.0,96751
11-05-2011,22.4,84.0,4.0,2.5,1.0,96751
12-05-2011,22.2,84.0,1.0,4.1,0.0,96751
13-05-2011,22.0,84.0,0.0,4.8,1.0,96751
14-05-2011,21.7,89.0,6.0,4.1,1.0,96751
15-05-2011,21.8,82.0,9.0,1.3,0.0,96751
16-05-2011,21.9,82.0,5.0,4.0,0.0,96751
17-05-2011,21.6,77.0,2.0,4.5,0.0,96751
18-05-2011,21.2,88.0,0.0,3.7,1.0,96751
21-05-2011,21.2,88.0,30.0,3.5,0.0,96751
22-05-2011,21.0,87.0,0.0,3.0,0.0,96751
23-05-2011,21.4,86.0,9.0,2.5,1.0,96751
24-05-2011,22.2,89.0,2.0,3.3,1.0,96751
25-05-2011,21.4,89.0,0.0,1.7,1.0,96751
26-05-2011,21.1,90.0,8.0,3.2,0.0,96751
27-05-2011,21.4,94.0,4.0,1.7,0.0,96751
28-05-2011,21.4,88.0,3.0,0.1,1.0,96751
29-05-2011,21.2,80.0,0.0,0.2,0.0,96751
30-05-2011,21.6,80.0,0.0,2.8,0.0,96751
31-05-2011,20.9,90.0,0.0,3.0,0.0,96751
01-06-2011,22.0,87.0,0.0,1.9,0.0,96751
02-06-2011,22.4,83.0,6.0,4.3,0.0,96751
03-06-2011,22.2,69.0,0.0,4.0,1.0,96751
04-06-2011,20.8,82.0,6.0,4.8,1.0,96751
05-06-2011,21.8,80.0,38.0,0.9,0.0,96751
06-06-2011,21.5,73.0,0.0,2.3,0.0,96751
07-06-2011,21.5,74.0,0.0,4.1,0.0,96751
09-06-2011,21.6,70.0,0.0,4.5,1.0,96751
10-06-2011,21.6,76.0,1.0,4.7,0.0,96751
11-06-2011,20.9,66.0,0.0,4.1,0.0,96751
12-06-2011,20.5,78.0,23.0,4.8,0.0,96751
13-06-2011,21.9,78.0,0.0,2.9,0.0,96751
14-06-2011,21.8,79.0,0.0,5.4,1.0,96751
15-06-2011,21.3,78.0,0.0,3.3,0.0,96751
16-06-2011,21.0,75.0,0.0,6.1,0.0,96751
17-06-2011,20.7,72.0,0.0,5.3,1.0,96751
18-06-2011,19.9,72.0,0.0,6.5,0.0,96751
19-06-2011,20.4,80.0,0.0,4.8,0.0,96751
20-06-2011,20.6,75.0,0.0,5.9,0.0,96751
21-06-2011,21.4,79.0,0.0,2.5,0.0,96751
22-06-2011,21.5,77.0,0.0,4.3,1.0,96751
23-06-2011,21.7,73.0,0.0,4.5,0.0,96751
24-06-2011,21.4,77.0,0.0,5.4,0.0,96751
25-06-2011,20.9,80.0,0.0,4.2,1.0,96751
26-06-2011,22.4,67.0,0.0,5.5,0.0,96751
27-06-2011,21.7,84.0,0.0,6.1,1.0,96751
28-06-2011,20.5,95.0,60.0,0.7,1.0,96751
29-06-2011,20.7,87.0,6.0,1.5,1.0,96751
30-06-2011,20.3,93.0,0.0,1.5,0.0,96751
01-07-2011,20.2,86.0,23.0,0.6,0.0,96751
02-07-2011,20.5,87.0,0.0,0.0,0.0,96751
03-07-2011,20.8,87.0,0.0,2.3,0.0,96751
04-07-2011,21.0,88.0,0.0,4.1,1.0,96751
05-07-2011,20.5,88.0,0.0,2.4,1.0,96751
06-07-2011,21.3,82.0,0.0,3.9,0.0,96751
07-07-2011,20.9,80.0,0.0,3.7,1.0,96751
08-07-2011,20.7,83.0,0.0,3.2,0.0,96751
09-07-2011,21.5,84.0,0.0,5.3,0.0,96751
10-07-2011,21.4,76.0,0.0,4.1,0.0,96751
11-07-2011,21.2,80.0,0.0,4.1,0.0,96751
12-07-2011,21.2,83.0,0.0,4.1,0.0,96751
13-07-2011,20.8,90.0,0.0,3.6,0.0,96751
14-07-2011,21.3,83.0,3.0,3.4,1.0,96751
15-07-2011,21.7,83.0,0.0,5.5,0.0,96751
16-07-2011,20.7,83.0,0.0,4.2,0.0,96751
17-07-2011,19.8,86.0,2.0,3.1,0.0,96751
18-07-2011,20.4,89.0,8.0,2.7,0.0,96751
19-07-2011,20.8,88.0,0.0,3.5,1.0,96751
20-07-2011,21.1,84.0,0.0,3.5,0.0,96751
21-07-2011,20.8,84.0,0.0,2.9,1.0,96751
22-07-2011,21.1,77.0,0.0,3.6,1.0,96751
23-07-2011,21.4,82.0,0.0,3.5,1.0,96751
24-07-2011,21.2,82.0,0.0,3.1,1.0,96751
25-07-2011,20.7,78.0,0.0,6.5,1.0,96751
26-07-2011,20.8,70.0,0.0,5.2,1.0,96751
27-07-2011,20.4,78.0,0.0,5.4,1.0,96751
28-07-2011,20.5,75.0,0.0,5.4,1.0,96751
29-07-2011,21.3,76.0,0.0,5.3,0.0,96751
30-07-2011,20.6,78.0,0.0,4.9,1.0,96751
31-07-2011,20.4,71.0,0.0,4.7,0.0,96751
01-08-2011,21.6,76.0,0.0,4.9,1.0,96751
02-08-2011,23.0,66.0,0.0,5.7,1.0,96751
03-08-2011,21.6,78.0,0.0,5.9,2.0,96751
04-08-2011,20.8,78.0,0.0,6.1,1.0,96751
06-08-2011,20.4,78.0,0.0,3.8,2.0,96751
07-08-2011,19.8,80.0,0.0,5.5,0.0,96751
08-08-2011,20.9,77.0,0.0,2.9,1.0,96751
09-08-2011,21.3,70.0,0.0,5.5,1.0,96751
10-08-2011,21.3,68.0,0.0,4.9,1.0,96751
11-08-2011,20.9,80.0,0.0,3.3,1.0,96751
12-08-2011,20.9,74.0,0.0,3.9,1.0,96751
13-08-2011,21.3,72.0,0.0,3.7,1.0,96751
14-08-2011,21.4,77.0,0.0,6.1,1.0,96751
16-08-2011,20.7,81.0,0.0,4.7,0.0,96751
17-08-2011,21.2,76.0,0.0,4.7,0.0,96751
18-08-2011,20.6,89.0,0.0,3.1,0.0,96751
19-08-2011,20.8,84.0,3.0,1.5,0.0,96751
20-08-2011,21.5,77.0,0.0,3.9,1.0,96751
21-08-2011,21.0,76.0,0.0,3.7,0.0,96751
22-08-2011,20.6,75.0,0.0,5.5,0.0,96751
23-08-2011,20.5,78.0,0.0,5.2,0.0,96751
24-08-2011,21.0,73.0,0.0,3.3,1.0,96751
25-08-2011,21.0,70.0,0.0,5.9,1.0,96751
26-08-2011,20.1,70.0,0.0,5.4,1.0,96751
27-08-2011,20.6,60.0,0.0,3.7,0.0,96751
28-08-2011,22.4,65.0,0.0,6.4,0.0,96751
29-08-2011,20.9,73.0,0.0,4.4,0.0,96751
30-08-2011,20.3,76.0,0.0,4.3,0.0,96751
31-08-2011,22.3,74.0,5.0,4.8,1.0,96751
01-09-2011,22.1,86.0,3.0,2.8,0.0,96751
03-09-2011,20.6,76.0,0.0,5.5,1.0,96751
05-09-2011,20.6,82.0,0.0,2.7,0.0,96751
06-09-2011,21.1,80.0,0.0,3.8,1.0,96751
07-09-2011,21.1,80.0,0.0,4.5,0.0,96751
08-09-2011,20.2,76.0,0.0,4.2,1.0,96751
09-09-2011,20.7,70.0,0.0,4.7,0.0,96751
10-09-2011,20.5,77.0,0.0,4.5,0.0,96751
11-09-2011,22.1,70.0,0.0,5.5,0.0,96751
12-09-2011,22.2,72.0,0.0,5.5,2.0,96751
13-09-2011,22.3,75.0,0.0,5.1,0.0,96751
14-09-2011,22.0,78.0,0.0,5.1,1.0,96751
15-09-2011,20.2,90.0,0.0,3.8,0.0,96751
16-09-2011,21.4,82.0,11.0,2.5,0.0,96751
17-09-2011,20.3,90.0,0.0,3.9,0.0,96751
18-09-2011,19.7,92.0,19.0,0.9,0.0,96751
19-09-2011,20.9,89.0,17.0,2.3,0.0,96751
20-09-2011,21.0,82.0,2.0,3.7,1.0,96751
21-09-2011,20.2,84.0,0.0,3.3,0.0,96751
22-09-2011,20.7,82.0,3.0,2.8,0.0,96751
23-09-2011,21.6,79.0,0.0,4.7,0.0,96751
24-09-2011,21.2,75.0,0.0,4.0,1.0,96751
25-09-2011,21.3,79.0,0.0,5.8,0.0,96751
26-09-2011,21.7,74.0,0.0,1.7,0.0,96751
27-09-2011,20.8,79.0,0.0,5.2,0.0,96751
28-09-2011,21.0,74.0,0.0,6.7,1.0,96751
29-09-2011,21.2,70.0,3.0,5.5,0.0,96751
30-09-2011,20.8,76.0,0.0,6.4,0.0,96751
01-10-2011,21.4,78.0,6.0,5.9,1.0,96751
02-10-2011,22.1,80.0,0.0,5.4,1.0,96751
03-10-2011,21.5,80.0,0.0,3.9,1.0,96751
04-10-2011,21.3,80.0,0.0,6.5,1.0,96751
05-10-2011,21.2,83.0,0.0,5.4,1.0,96751
06-10-2011,20.9,80.0,1.0,3.9,0.0,96751
07-10-2011,22.4,80.0,0.0,2.0,0.0,96751
08-10-2011,20.5,88.0,8.0,5.0,0.0,96751
09-10-2011,21.7,77.0,6.0,0.0,0.0,96751
10-10-2011,21.4,84.0,0.0,4.1,1.0,96751
11-10-2011,21.6,84.0,27.0,1.1,0.0,96751
12-10-2011,21.2,84.0,8.0,4.7,0.0,96751
13-10-2011,22.0,77.0,27.0,3.3,0.0,96751
14-10-2011,21.7,80.0,0.0,4.8,1.0,96751
15-10-2011,22.5,65.0,0.0,6.4,1.0,96751
16-10-2011,23.7,70.0,0.0,5.5,1.0,96751
17-10-2011,21.9,80.0,0.0,6.1,1.0,96751
18-10-2011,23.0,73.0,0.0,4.0,1.0,96751
19-10-2011,22.0,78.0,0.0,4.8,1.0,96751
20-10-2011,21.5,80.0,0.0,5.9,1.0,96751
21-10-2011,23.1,70.0,13.0,1.9,1.0,96751
23-10-2011,21.1,90.0,10.0,3.3,0.0,96751
24-10-2011,23.1,78.0,26.0,2.7,0.0,96751
25-10-2011,21.5,88.0,0.0,5.8,1.0,96751
26-10-2011,21.8,84.0,9.0,3.7,0.0,96751
27-10-2011,22.9,78.0,5.0,3.0,0.0,96751
28-10-2011,21.2,92.0,52.0,1.9,1.0,96751
29-10-2011,22.7,80.0,20.0,0.9,0.0,96751
30-10-2011,21.5,92.0,53.0,5.3,1.0,96751
31-10-2011,21.2,90.0,13.0,5.3,0.0,96751
01-11-2011,21.0,90.0,50.0,3.4,1.0,96751
02-11-2011,21.2,88.0,7.0,1.3,1.0,96751
03-11-2011,21.5,88.0,40.0,1.2,1.0,96751
04-11-2011,20.1,81.0,2.0,3.4,0.0,96751
05-11-2011,20.8,83.0,0.0,0.0,0.0,96751
06-11-2011,20.9,84.0,0.0,0.1,0.0,96751
07-11-2011,21.4,65.0,0.0,1.3,0.0,96751
08-11-2011,19.9,88.0,2.0,2.7,0.0,96751
09-11-2011,20.5,88.0,3.0,0.1,0.0,96751
10-11-2011,21.2,86.0,0.0,0.2,0.0,96751
11-11-2011,21.8,84.0,0.0,0.6,0.0,96751
12-11-2011,21.6,84.0,3.0,5.4,1.0,96751
13-11-2011,20.8,87.0,13.0,3.5,0.0,96751
14-11-2011,20.4,88.0,7.0,2.2,1.0,96751
15-11-2011,20.6,88.0,20.0,2.9,0.0,96751
16-11-2011,21.4,86.0,2.0,1.9,0.0,96751
17-11-2011,20.1,94.0,3.0,2.4,0.0,96751
18-11-2011,21.4,90.0,118.0,2.1,0.0,96751
19-11-2011,21.8,86.0,24.0,4.2,1.0,96751
20-11-2011,21.1,92.0,29.0,1.3,0.0,96751
22-11-2011,20.7,90.0,17.0,2.4,1.0,96751
23-11-2011,21.3,84.0,3.0,1.7,1.0,96751
24-11-2011,22.0,87.0,7.0,1.9,0.0,96751
25-11-2011,21.2,95.0,18.0,2.3,0.0,96751
26-11-2011,23.0,79.0,2.0,0.0,0.0,96751
27-11-2011,21.8,88.0,0.0,5.9,0.0,96751
28-11-2011,20.8,91.0,6.0,2.9,0.0,96751
29-11-2011,21.7,91.0,10.0,1.0,1.0,96751
30-11-2011,21.5,92.0,8.0,0.8,0.0,96751
01-12-2011,22.8,88.0,50.0,0.7,0.0,96751
02-12-2011,20.7,94.0,0.0,1.0,0.0,96751
03-12-2011,21.0,80.0,23.0,0.2,1.0,96751
04-12-2011,21.0,80.0,0.0,0.3,0.0,96751
05-12-2011,21.9,80.0,9.0,3.5,1.0,96751
06-12-2011,21.4,83.0,0.0,2.9,0.0,96751
07-12-2011,21.3,80.0,0.0,0.5,0.0,96751
08-12-2011,21.1,82.0,18.0,3.0,0.0,96751
09-12-2011,21.5,81.0,10.0,2.0,1.0,96751
10-12-2011,20.5,86.0,1.0,0.5,0.0,96751
11-12-2011,21.3,85.0,6.0,0.9,0.0,96751
12-12-2011,21.1,85.0,7.0,1.9,0.0,96751
14-12-2011,21.1,91.0,9.0,1.9,1.0,96751
15-12-2011,21.1,89.0,2.0,1.6,0.0,96751
16-12-2011,21.6,88.0,9.0,2.1,0.0,96751
17-12-2011,21.6,88.0,0.0,0.9,0.0,96751
18-12-2011,21.4,89.0,1.0,1.1,0.0,96751
19-12-2011,21.2,86.0,0.0,0.7,1.0,96751
20-12-2011,20.9,91.0,1.0,1.8,1.0,96751
21-12-2011,22.4,80.0,1.0,1.4,0.0,96751
22-12-2011,22.4,81.0,2.0,3.8,1.0,96751
23-12-2011,22.5,84.0,1.0,1.7,0.0,96751
25-12-2011,22.0,92.0,4.0,0.5,0.0,96751
26-12-2011,20.7,94.0,25.0,0.1,0.0,96751
27-12-2011,21.4,94.0,7.0,0.0,0.0,96751
28-12-2011,22.1,86.0,58.0,0.0,0.0,96751
30-12-2011,22.4,80.0,1.0,1.2,0.0,96751
31-12-2011,22.1,84.0,7.0,3.7,1.0,96751
01-01-2012,20.6,90.0,4.0,1.3,1.0,96751
02-01-2012,20.4,92.0,27.0,0.0,1.0,96751
03-01-2012,20.8,95.0,4.0,0.4,0.0,96751
04-01-2012,22.0,87.0,14.0,0.0,0.0,96751
05-01-2012,21.3,86.0,0.0,2.0,1.0,96751
06-01-2012,20.5,93.0,10.0,3.3,1.0,96751
07-01-2012,19.8,88.0,26.0,0.3,1.0,96751
08-01-2012,20.5,88.0,18.0,0.0,1.0,96751
09-01-2012,21.4,82.0,8.0,0.0,1.0,96751
10-01-2012,19.8,96.0,1.0,0.5,1.0,96751
11-01-2012,20.0,97.0,9.0,0.0,1.0,96751
12-01-2012,19.4,93.0,7.0,0.1,1.0,96751
13-01-2012,19.4,97.0,23.0,0.0,1.0,96751
14-01-2012,19.2,97.0,27.0,0.0,0.0,96751
15-01-2012,20.5,92.0,11.0,0.0,1.0,96751
16-01-2012,20.5,84.0,4.0,1.1,0.0,96751
17-01-2012,21.8,85.0,21.0,3.7,0.0,96751
18-01-2012,21.3,88.0,25.0,1.7,0.0,96751
19-01-2012,21.0,84.0,7.0,2.4,0.0,96751
20-01-2012,20.8,84.0,0.0,2.8,1.0,96751
21-01-2012,21.5,81.0,6.0,1.9,0.0,96751
22-01-2012,21.4,85.0,7.0,0.7,0.0,96751
23-01-2012,19.6,94.0,0.0,1.5,0.0,96751
24-01-2012,20.9,86.0,15.0,0.0,1.0,96751
25-01-2012,19.7,93.0,3.0,2.4,1.0,96751
26-01-2012,20.1,97.0,16.0,0.0,0.0,96751
27-01-2012,21.4,86.0,35.0,0.0,1.0,96751
28-01-2012,20.1,92.0,1.0,4.2,1.0,96751
29-01-2012,19.5,95.0,24.0,0.0,1.0,96751
30-01-2012,20.4,91.0,0.0,0.0,0.0,96751
31-01-2012,21.0,82.0,31.0,1.0,1.0,96751
01-02-2012,21.6,85.0,3.0,0.1,1.0,96751
02-02-2012,20.9,89.0,18.0,3.7,0.0,96751
03-02-2012,20.9,85.0,12.0,0.7,1.0,96751
04-02-2012,21.0,92.0,15.0,0.5,0.0,96751
05-02-2012,21.1,84.0,2.0,0.0,0.0,96751
06-02-2012,20.4,84.0,11.0,3.5,0.0,96751
07-02-2012,21.2,82.0,23.0,1.6,0.0,96751
08-02-2012,21.6,87.0,0.0,5.1,0.0,96751
09-02-2012,21.1,90.0,1.0,2.6,1.0,96751
10-02-2012,20.1,90.0,13.0,2.3,1.0,96751
11-02-2012,20.1,88.0,10.0,3.9,0.0,96751
12-02-2012,20.8,88.0,5.0,2.2,1.0,96751
13-02-2012,21.6,85.0,33.0,4.9,1.0,96751
14-02-2012,21.4,88.0,7.0,3.9,0.0,96751
15-02-2012,21.3,87.0,1.0,1.8,0.0,96751
16-02-2012,21.1,90.0,6.0,4.7,1.0,96751
17-02-2012,20.3,93.0,10.0,0.1,0.0,96751
18-02-2012,21.4,86.0,43.0,1.9,0.0,96751
19-02-2012,20.4,94.0,15.0,1.2,0.0,96751
20-02-2012,20.1,92.0,4.0,0.0,0.0,96751
21-02-2012,21.2,86.0,8.0,0.5,0.0,96751
22-02-2012,21.7,85.0,0.0,3.4,0.0,96751
23-02-2012,21.8,88.0,3.0,2.2,0.0,96751
24-02-2012,21.4,90.0,25.0,4.1,1.0,96751
25-02-2012,21.5,88.0,1.0,3.5,0.0,96751
26-02-2012,22.3,89.0,30.0,2.8,1.0,96751
27-02-2012,21.2,90.0,20.0,0.5,0.0,96751
28-02-2012,21.5,88.0,2.0,0.3,0.0,96751
29-02-2012,19.9,96.0,27.0,1.5,0.0,96751
01-03-2012,20.4,92.0,16.0,0.5,2.0,96751
02-03-2012,20.7,92.0,15.0,1.3,1.0,96751
03-03-2012,22.3,73.0,33.0,0.3,0.0,96751
04-03-2012,19.6,90.0,0.0,2.3,1.0,96751
05-03-2012,21.1,87.0,17.0,0.1,0.0,96751
06-03-2012,21.9,85.0,5.0,1.9,1.0,96751
07-03-2012,21.6,84.0,0.0,2.9,0.0,96751
08-03-2012,20.8,80.0,36.0,2.7,1.0,96751
09-03-2012,21.3,88.0,1.0,0.0,1.0,96751
10-03-2012,20.5,88.0,3.0,0.3,1.0,96751
11-03-2012,20.8,90.0,19.0,0.3,2.0,96751
12-03-2012,20.9,84.0,2.0,0.3,1.0,96751
13-03-2012,20.4,83.0,2.0,0.3,1.0,96751
14-03-2012,21.0,81.0,6.0,0.0,1.0,96751
15-03-2012,20.9,84.0,1.0,1.3,1.0,96751
16-03-2012,21.6,82.0,0.0,1.2,1.0,96751
17-03-2012,20.8,82.0,0.0,0.9,1.0,96751
18-03-2012,21.3,78.0,3.0,0.0,1.0,96751
19-03-2012,20.4,86.0,4.0,0.0,0.0,96751
20-03-2012,21.0,82.0,15.0,0.4,0.0,96751
21-03-2012,22.2,74.0,7.0,1.2,0.0,96751
22-03-2012,22.3,76.0,2.0,3.7,1.0,96751
23-03-2012,22.7,74.0,1.0,4.7,1.0,96751
24-03-2012,22.3,79.0,0.0,5.4,2.0,96751
25-03-2012,22.1,80.0,0.0,5.9,1.0,96751
26-03-2012,21.5,86.0,10.0,4.1,1.0,96751
27-03-2012,20.7,90.0,2.0,1.9,0.0,96751
28-03-2012,20.5,83.0,12.0,2.4,1.0,96751
29-03-2012,20.6,88.0,15.0,4.0,1.0,96751
30-03-2012,20.5,94.0,11.0,1.7,0.0,96751
31-03-2012,21.2,88.0,2.0,2.1,1.0,96751
01-04-2012,21.1,91.0,4.0,2.6,0.0,96751
02-04-2012,20.7,89.0,2.0,1.9,0.0,96751
03-04-2012,19.9,94.0,44.0,2.0,0.0,96751
04-04-2012,21.4,84.0,49.0,1.7,2.0,96751
06-04-2012,20.8,87.0,19.0,0.9,0.0,96751
07-04-2012,21.3,88.0,1.0,3.9,1.0,96751
09-04-2012,19.9,94.0,48.0,0.8,1.0,96751
10-04-2012,22.5,69.0,23.0,1.8,2.0,96751
11-04-2012,20.6,80.0,0.0,5.9,2.0,96751
12-04-2012,21.4,86.0,11.0,1.6,1.0,96751
13-04-2012,20.6,93.0,9.0,2.3,0.0,96751
14-04-2012,21.7,83.0,15.0,2.4,0.0,96751
15-04-2012,21.7,88.0,46.0,1.8,1.0,96751
16-04-2012,22.4,84.0,0.0,2.2,0.0,96751
17-04-2012,21.1,89.0,0.0,3.9,0.0,96751
18-04-2012,21.7,86.0,2.0,2.1,0.0,96751
19-04-2012,21.5,92.0,2.0,3.2,0.0,96751
20-04-2012,21.5,90.0,0.0,3.4,0.0,96751
21-04-2012,21.1,93.0,0.0,1.5,1.0,96751
22-04-2012,21.1,90.0,5.0,0.7,0.0,96751
23-04-2012,22.2,85.0,2.0,0.7,0.0,96751
24-04-2012,22.5,85.0,0.0,5.2,1.0,96751
25-04-2012,21.8,79.0,0.0,5.9,1.0,96751
26-04-2012,21.5,82.0,0.0,5.4,0.0,96751
27-04-2012,21.8,88.0,4.0,3.0,1.0,96751
28-04-2012,22.1,86.0,0.0,1.1,0.0,96751
29-04-2012,21.2,94.0,10.0,3.3,1.0,96751
30-04-2012,21.0,92.0,22.0,0.4,0.0,96751
01-05-2012,21.6,86.0,25.0,0.2,0.0,96751
02-05-2012,22.3,84.0,7.0,1.5,0.0,96751
04-05-2012,21.2,80.0,10.0,2.9,0.0,96751
05-05-2012,21.2,87.0,0.0,4.3,0.0,96751
06-05-2012,21.6,88.0,1.0,3.2,0.0,96751
07-05-2012,20.2,94.0,11.0,1.0,0.0,96751
09-05-2012,21.6,90.0,1.0,1.8,0.0,96751
10-05-2012,21.9,85.0,0.0,1.7,1.0,96751
11-05-2012,21.9,83.0,0.0,4.2,1.0,96751
12-05-2012,21.8,76.0,0.0,4.8,0.0,96751
13-05-2012,21.3,81.0,0.0,5.9,0.0,96751
14-05-2012,21.9,88.0,4.0,5.1,1.0,96751
15-05-2012,21.4,87.0,7.0,2.7,0.0,96751
16-05-2012,21.6,88.0,0.0,2.7,1.0,96751
17-05-2012,22.1,86.0,3.0,1.2,1.0,96751
18-05-2012,21.0,90.0,3.0,1.4,0.0,96751
19-05-2012,23.3,66.0,13.0,4.0,1.0,96751
20-05-2012,22.7,81.0,0.0,6.5,1.0,96751
22-05-2012,21.7,76.0,15.0,4.0,0.0,96751
23-05-2012,21.6,74.0,0.0,5.5,0.0,96751
24-05-2012,22.0,87.0,1.0,4.1,0.0,96751
25-05-2012,21.8,78.0,1.0,2.3,0.0,96751
26-05-2012,21.7,74.0,0.0,5.5,1.0,96751
27-05-2012,22.8,71.0,0.0,5.9,1.0,96751
28-05-2012,22.0,78.0,0.0,6.3,1.0,96751
29-05-2012,21.8,84.0,2.0,3.5,0.0,96751
30-05-2012,21.3,90.0,39.0,1.5,0.0,96751
31-05-2012,19.5,83.0,1.0,2.1,0.0,96751
01-06-2012,21.0,86.0,4.0,0.5,1.0,96751
02-06-2012,21.5,84.0,0.0,0.8,0.0,96751
03-06-2012,21.4,85.0,3.0,4.3,0.0,96751
04-06-2012,21.3,90.0,0.0,4.5,1.0,96751
05-06-2012,21.5,89.0,0.0,2.5,0.0,96751
06-06-2012,22.2,88.0,2.0,0.0,1.0,96751
07-06-2012,21.6,88.0,33.0,1.2,0.0,96751
08-06-2012,22.5,85.0,9.0,4.5,0.0,96751
09-06-2012,21.4,84.0,7.0,4.5,0.0,96751
10-06-2012,21.7,90.0,0.0,0.1,0.0,96751
11-06-2012,21.8,86.0,0.0,0.6,0.0,96751
12-06-2012,22.1,85.0,2.0,2.1,0.0,96751
13-06-2012,22.5,85.0,0.0,4.9,0.0,96751
14-06-2012,22.2,85.0,0.0,1.3,0.0,96751
15-06-2012,21.1,86.0,0.0,5.6,1.0,96751
16-06-2012,21.9,75.0,0.0,3.3,0.0,96751
17-06-2012,20.2,73.0,0.0,6.0,1.0,96751
18-06-2012,22.0,76.0,0.0,5.7,0.0,96751
19-06-2012,23.5,66.0,0.0,5.0,1.0,96751
20-06-2012,22.2,76.0,0.0,6.3,1.0,96751
21-06-2012,22.3,74.0,0.0,6.3,0.0,96751
22-06-2012,21.4,86.0,0.0,6.0,0.0,96751
23-06-2012,21.1,86.0,4.0,2.7,0.0,96751
24-06-2012,21.5,79.0,0.0,4.6,0.0,96751
25-06-2012,21.3,72.0,0.0,4.5,0.0,96751
26-06-2012,20.7,77.0,0.0,4.1,0.0,96751
27-06-2012,20.4,76.0,0.0,5.3,0.0,96751
28-06-2012,21.0,75.0,0.0,5.6,0.0,96751
29-06-2012,20.9,82.0,0.0,3.1,0.0,96751
30-06-2012,21.0,81.0,0.0,3.2,0.0,96751
01-07-2012,21.1,72.0,0.0,5.8,0.0,96751
02-07-2012,21.8,66.0,0.0,5.9,1.0,96751
03-07-2012,20.6,86.0,0.0,5.6,0.0,96751
04-07-2012,20.3,89.0,25.0,3.5,1.0,96751
05-07-2012,20.5,84.0,7.0,1.7,0.0,96751
06-07-2012,20.7,89.0,2.0,2.3,0.0,96751
08-07-2012,21.1,85.0,0.0,4.6,0.0,96751
09-07-2012,21.1,86.0,1.0,3.1,1.0,96751
10-07-2012,21.2,84.0,0.0,2.3,0.0,96751
11-07-2012,20.5,87.0,0.0,2.5,0.0,96751
12-07-2012,21.4,76.0,0.0,2.3,0.0,96751
13-07-2012,21.4,82.0,2.0,3.9,0.0,96751
14-07-2012,20.5,84.0,0.0,4.7,1.0,96751
15-07-2012,21.0,86.0,0.0,3.1,0.0,96751
16-07-2012,21.7,80.0,0.0,2.9,0.0,96751
17-07-2012,20.4,86.0,2.0,3.7,0.0,96751
18-07-2012,20.4,85.0,0.0,2.5,0.0,96751
19-07-2012,21.2,84.0,0.0,4.3,0.0,96751
20-07-2012,20.7,86.0,1.0,5.2,0.0,96751
21-07-2012,21.3,83.0,1.0,2.5,1.0,96751
22-07-2012,20.9,83.0,0.0,4.9,0.0,96751
23-07-2012,20.5,76.0,0.0,5.5,1.0,96751
24-07-2012,20.4,84.0,0.0,5.9,0.0,96751
25-07-2012,20.5,82.0,0.0,4.7,0.0,96751
26-07-2012,20.4,82.0,0.0,5.1,0.0,96751
27-07-2012,21.8,75.0,0.0,4.7,0.0,96751
28-07-2012,21.1,77.0,0.0,3.9,1.0,96751
29-07-2012,20.6,82.0,0.0,4.5,1.0,96751
30-07-2012,21.0,78.0,0.0,6.1,0.0,96751
31-07-2012,20.7,75.0,0.0,4.6,0.0,96751
02-08-2012,20.3,76.0,0.0,4.1,0.0,96751
03-08-2012,20.3,74.0,0.0,5.0,0.0,96751
04-08-2012,21.7,78.0,0.0,4.9,1.0,96751
05-08-2012,22.5,75.0,0.0,3.9,1.0,96751
06-08-2012,21.2,83.0,0.0,6.1,0.0,96751
07-08-2012,21.0,86.0,10.0,3.1,0.0,96751
08-08-2012,20.7,80.0,0.0,3.4,0.0,96751
09-08-2012,20.3,81.0,0.0,5.9,0.0,96751
10-08-2012,21.1,76.0,0.0,5.5,0.0,96751
11-08-2012,22.0,76.0,0.0,6.3,2.0,96751
12-08-2012,21.0,83.0,0.0,3.5,0.0,96751
13-08-2012,22.0,82.0,0.0,2.3,0.0,96751
14-08-2012,20.9,78.0,0.0,3.8,0.0,96751
15-08-2012,20.7,74.0,0.0,4.2,1.0,96751
16-08-2012,19.9,73.0,0.0,4.9,0.0,96751
17-08-2012,20.7,76.0,0.0,4.2,0.0,96751
18-08-2012,21.1,72.0,0.0,6.1,0.0,96751
19-08-2012,21.4,75.0,0.0,4.1,2.0,96751
20-08-2012,21.1,73.0,0.0,5.3,1.0,96751
21-08-2012,21.2,73.0,0.0,5.2,1.0,96751
22-08-2012,20.8,78.0,0.0,4.5,1.0,96751
24-08-2012,20.9,79.0,0.0,4.2,0.0,96751
25-08-2012,21.0,75.0,0.0,3.5,0.0,96751
26-08-2012,21.1,74.0,0.0,5.1,1.0,96751
27-08-2012,21.2,78.0,0.0,5.8,1.0,96751
29-08-2012,21.4,86.0,1.0,2.5,0.0,96751
30-08-2012,21.3,79.0,1.0,2.5,2.0,96751
31-08-2012,20.4,80.0,0.0,3.3,1.0,96751
01-09-2012,21.0,65.0,0.0,4.1,0.0,96751
02-09-2012,20.8,69.0,0.0,6.1,1.0,96751
03-09-2012,20.4,71.0,0.0,4.0,1.0,96751
04-09-2012,20.6,71.0,0.0,4.7,1.0,96751
05-09-2012,20.9,76.0,1.0,4.5,0.0,96751
06-09-2012,21.2,76.0,0.0,5.0,1.0,96751
07-09-2012,20.9,78.0,27.0,4.0,1.0,96751
08-09-2012,22.1,72.0,0.0,5.9,2.0,96751
09-09-2012,21.4,77.0,0.0,4.7,1.0,96751
10-09-2012,21.0,84.0,4.0,4.0,1.0,96751
11-09-2012,21.7,78.0,36.0,4.1,1.0,96751
12-09-2012,20.5,64.0,0.0,5.4,1.0,96751
13-09-2012,20.8,78.0,0.0,6.5,0.0,96751
14-09-2012,21.6,76.0,0.0,6.5,1.0,96751
15-09-2012,22.7,77.0,0.0,4.3,1.0,96751
16-09-2012,21.8,80.0,3.0,3.9,0.0,96751
17-09-2012,21.1,87.0,0.0,4.9,0.0,96751
18-09-2012,22.2,81.0,2.0,4.0,0.0,96751
19-09-2012,21.7,83.0,0.0,5.6,0.0,96751
20-09-2012,21.4,84.0,0.0,4.3,1.0,96751
21-09-2012,21.6,88.0,17.0,2.9,1.0,96751
22-09-2012,21.7,73.0,1.0,2.2,0.0,96751
23-09-2012,21.7,84.0,0.0,4.7,0.0,96751
24-09-2012,22.0,81.0,9.0,3.5,0.0,96751
25-09-2012,21.3,80.0,0.0,5.1,0.0,96751
26-09-2012,21.3,75.0,0.0,3.2,0.0,96751
27-09-2012,22.0,76.0,0.0,4.7,2.0,96751
28-09-2012,21.7,73.0,0.0,4.1,0.0,96751
29-09-2012,21.5,83.0,0.0,5.3,0.0,96751
30-09-2012,21.7,84.0,22.0,4.8,0.0,96751
01-10-2012,22.0,83.0,0.0,4.5,0.0,96751
02-10-2012,21.3,89.0,0.0,2.7,0.0,96751
03-10-2012,22.2,80.0,9.0,1.3,1.0,96751
04-10-2012,20.9,87.0,0.0,3.5,0.0,96751
05-10-2012,20.7,88.0,5.0,2.8,0.0,96751
06-10-2012,21.2,82.0,22.0,2.8,0.0,96751
07-10-2012,20.1,93.0,2.0,1.2,0.0,96751
08-10-2012,21.1,86.0,3.0,1.7,0.0,96751
09-10-2012,21.0,90.0,8.0,2.3,0.0,96751
10-10-2012,21.7,82.0,19.0,1.4,1.0,96751
11-10-2012,22.2,79.0,50.0,5.5,1.0,96751
12-10-2012,21.8,88.0,0.0,5.9,1.0,96751
13-10-2012,22.0,78.0,0.0,4.5,2.0,96751
14-10-2012,22.3,79.0,0.0,6.1,1.0,96751
15-10-2012,21.6,85.0,0.0,5.1,1.0,96751
16-10-2012,22.7,81.0,1.0,2.2,1.0,96751
17-10-2012,21.6,84.0,0.0,5.2,1.0,96751
18-10-2012,21.8,84.0,18.0,3.1,1.0,96751
19-10-2012,21.9,86.0,20.0,4.4,1.0,96751
20-10-2012,21.5,86.0,1.0,3.6,1.0,96751
21-10-2012,20.6,90.0,22.0,0.9,1.0,96751
22-10-2012,21.5,88.0,35.0,2.4,0.0,96751
23-10-2012,22.0,72.0,0.0,4.8,1.0,96751
24-10-2012,21.8,78.0,0.0,5.9,0.0,96751
25-10-2012,21.8,82.0,0.0,5.5,0.0,96751
26-10-2012,22.4,88.0,8.0,4.7,0.0,96751
27-10-2012,21.2,92.0,33.0,4.1,1.0,96751
28-10-2012,21.4,89.0,0.0,1.2,0.0,96751
29-10-2012,22.6,83.0,0.0,1.9,0.0,96751
31-10-2012,21.8,88.0,4.0,1.5,0.0,96751
01-11-2012,22.3,83.0,14.0,5.8,0.0,96751
02-11-2012,21.7,85.0,0.0,7.6,2.0,96751
03-11-2012,21.4,93.0,10.0,4.3,0.0,96751
04-11-2012,20.8,92.0,5.0,0.0,0.0,96751
05-11-2012,21.2,90.0,5.0,2.2,0.0,96751
06-11-2012,21.2,90.0,8.0,1.9,0.0,96751
07-11-2012,21.5,86.0,2.0,3.1,0.0,96751
08-11-2012,21.7,89.0,0.0,4.6,1.0,96751
09-11-2012,21.8,92.0,7.0,5.2,0.0,96751
10-11-2012,21.6,88.0,1.0,0.4,0.0,96751
11-11-2012,20.9,89.0,7.0,5.2,0.0,96751
12-11-2012,21.6,88.0,20.0,2.4,0.0,96751
13-11-2012,21.7,88.0,1.0,1.1,0.0,96751
14-11-2012,20.6,94.0,15.0,3.2,1.0,96751
15-11-2012,21.8,88.0,14.0,0.5,0.0,96751
16-11-2012,21.7,88.0,2.0,3.4,0.0,96751
17-11-2012,22.7,85.0,24.0,3.9,0.0,96751
18-11-2012,20.0,94.0,13.0,2.4,0.0,96751
19-11-2012,20.4,92.0,48.0,0.6,0.0,96751
20-11-2012,20.8,92.0,35.0,0.1,0.0,96751
21-11-2012,20.6,92.0,6.0,0.0,0.0,96751
22-11-2012,20.9,90.0,14.0,1.9,0.0,96751
23-11-2012,21.3,90.0,13.0,0.2,0.0,96751
24-11-2012,19.4,90.0,42.0,3.4,1.0,96751
25-11-2012,21.4,84.0,24.0,3.4,2.0,96751
26-11-2012,20.5,92.0,10.0,6.9,0.0,96751
27-11-2012,22.0,84.0,9.0,3.3,0.0,96751
28-11-2012,21.1,90.0,15.0,4.2,1.0,96751
29-11-2012,21.6,86.0,1.0,4.2,0.0,96751
30-11-2012,20.8,92.0,1.0,3.3,0.0,96751
01-12-2012,21.8,89.0,11.0,2.8,0.0,96751
02-12-2012,22.4,85.0,23.0,5.0,1.0,96751
03-12-2012,21.4,87.0,1.0,3.3,0.0,96751
04-12-2012,21.3,88.0,0.0,2.4,0.0,96751
05-12-2012,22.4,82.0,7.0,1.8,1.0,96751
06-12-2012,21.2,86.0,0.0,2.3,1.0,96751
07-12-2012,21.5,88.0,12.0,1.5,0.0,96751
08-12-2012,21.0,93.0,4.0,5.1,1.0,96751
09-12-2012,22.1,88.0,63.0,0.6,0.0,96751
10-12-2012,20.7,93.0,22.0,7.0,0.0,96751
11-12-2012,22.0,90.0,55.0,1.8,0.0,96751
12-12-2012,20.5,89.0,0.0,2.7,0.0,96751
13-12-2012,21.0,90.0,21.0,2.5,0.0,96751
14-12-2012,20.4,93.0,0.0,1.9,0.0,96751
15-12-2012,21.8,87.0,17.0,1.5,1.0,96751
16-12-2012,21.2,89.0,2.0,7.0,0.0,96751
17-12-2012,20.6,91.0,10.0,2.5,0.0,96751
18-12-2012,20.6,94.0,16.0,2.7,0.0,96751
19-12-2012,21.8,84.0,3.0,1.2,1.0,96751
20-12-2012,21.2,87.0,1.0,5.9,1.0,96751
21-12-2012,20.5,88.0,11.0,2.7,0.0,96751
22-12-2012,21.1,89.0,8.0,2.1,0.0,96751
23-12-2012,20.7,90.0,43.0,1.1,0.0,96751
24-12-2012,21.3,86.0,62.0,3.2,0.0,96751
25-12-2012,20.9,90.0,0.0,4.6,0.0,96751
26-12-2012,22.0,86.0,17.0,2.0,1.0,96751
27-12-2012,22.0,89.0,1.0,2.4,0.0,96751
28-12-2012,21.7,90.0,2.0,3.0,0.0,96751
29-12-2012,21.8,91.0,4.0,1.5,0.0,96751
30-12-2012,21.2,93.0,3.0,1.5,0.0,96751
31-12-2012,19.9,94.0,4.0,2.1,0.0,96751
01-01-2013,21.3,89.0,10.0,1.4,1.0,96751
02-01-2013,21.6,90.0,47.0,5.2,0.0,96751
03-01-2013,21.4,89.0,0.0,2.2,1.0,96751
04-01-2013,20.0,97.0,0.0,2.0,1.0,96751
05-01-2013,20.8,85.0,26.0,0.0,2.0,96751
06-01-2013,20.0,94.0,42.0,3.4,1.0,96751
07-01-2013,20.4,91.0,8.0,0.0,1.0,96751
08-01-2013,20.3,92.0,9.0,0.0,0.0,96751
09-01-2013,19.3,98.0,71.0,0.5,2.0,96751
10-01-2013,21.8,83.0,66.0,0.0,2.0,96751
11-01-2013,20.6,93.0,2.0,3.6,1.0,96751
12-01-2013,19.8,92.0,21.0,0.0,1.0,96751
13-01-2013,19.8,98.0,26.0,0.1,2.0,96751
14-01-2013,19.8,97.0,33.0,0.0,0.0,96751
15-01-2013,19.2,98.0,100.0,0.0,0.0,96751
16-01-2013,19.6,100.0,54.0,0.0,2.0,96751
17-01-2013,19.6,98.0,70.0,0.0,1.0,96751
18-01-2013,19.6,98.0,98.0,0.0,1.0,96751
19-01-2013,20.6,93.0,24.0,0.0,0.0,96751
20-01-2013,21.2,88.0,8.0,0.0,0.0,96751
21-01-2013,21.3,94.0,7.0,0.8,0.0,96751
22-01-2013,20.2,92.0,0.0,0.8,1.0,96751
23-01-2013,19.6,95.0,42.0,1.4,1.0,96751
24-01-2013,20.3,90.0,27.0,0.5,0.0,96751
25-01-2013,21.1,92.0,12.0,0.0,0.0,96751
26-01-2013,21.2,88.0,5.0,0.6,0.0,96751
27-01-2013,20.6,88.0,24.0,2.8,0.0,96751
28-01-2013,20.7,90.0,3.0,2.4,1.0,96751
29-01-2013,21.7,89.0,2.0,1.2,1.0,96751
30-01-2013,21.1,92.0,0.0,3.0,0.0,96751
31-01-2013,20.1,92.0,14.0,0.6,0.0,96751
01-02-2013,21.4,84.0,69.0,1.6,2.0,96751
03-02-2013,21.1,86.0,28.0,1.0,4.0,96751
05-02-2013,20.6,94.0,13.0,1.4,2.0,96751
06-02-2013,21.0,90.0,24.0,2.0,3.0,96751
07-02-2013,21.2,89.0,9.0,2.1,3.0,96751
08-02-2013,21.2,88.0,16.0,5.0,3.0,96751
09-02-2013,21.1,88.0,0.0,7.4,3.0,96751
10-02-2013,20.7,90.0,4.0,3.3,1.0,96751
11-02-2013,21.4,92.0,2.0,1.4,2.0,96751
13-02-2013,20.6,88.0,70.0,1.2,2.0,96751
14-02-2013,20.5,94.0,16.0,3.8,3.0,96751
15-02-2013,21.1,85.0,7.0,1.6,2.0,96751
17-02-2013,19.8,96.0,27.0,0.0,4.0,96751
18-02-2013,20.0,96.0,9.0,0.2,5.0,96751
19-02-2013,20.1,95.0,12.0,0.0,3.0,96751
20-02-2013,20.9,90.0,3.0,0.4,3.0,96751
21-02-2013,20.5,94.0,9.0,0.8,4.0,96751
22-02-2013,20.1,92.0,2.0,1.0,6.0,96751
23-02-2013,20.0,95.0,3.0,0.0,3.0,96751
24-02-2013,21.3,84.0,15.0,0.1,4.0,96751
26-02-2013,22.2,80.0,0.0,2.1,4.0,96751
01-03-2013,21.7,90.0,7.0,3.0,1.0,96751
02-03-2013,22.4,85.0,2.0,3.0,2.0,96751
03-03-2013,21.8,84.0,4.0,5.4,0.0,96751
04-03-2013,20.5,97.0,15.0,4.8,2.0,96751
05-03-2013,19.4,90.0,130.0,0.0,0.0,96751
06-03-2013,21.7,89.0,34.0,0.2,0.0,96751
07-03-2013,22.3,76.0,0.0,4.4,1.0,96751
08-03-2013,21.9,84.0,0.0,7.8,0.0,96751
09-03-2013,20.8,92.0,2.0,5.2,0.0,96751
10-03-2013,21.4,89.0,15.0,3.2,0.0,96751
11-03-2013,22.4,82.0,3.0,1.0,0.0,96751
13-03-2013,22.7,82.0,25.0,4.6,1.0,96751
15-03-2013,21.3,81.0,1.0,3.2,1.0,96751
16-03-2013,21.3,83.0,12.0,5.0,0.0,96751
17-03-2013,21.4,82.0,16.0,4.4,0.0,96751
18-03-2013,21.6,82.0,0.0,4.6,0.0,96751
19-03-2013,21.5,86.0,1.0,3.8,1.0,96751
20-03-2013,21.3,89.0,13.0,4.2,1.0,96751
21-03-2013,20.6,88.0,8.0,3.0,0.0,96751
22-03-2013,21.4,90.0,51.0,4.5,0.0,96751
23-03-2013,21.2,90.0,2.0,2.8,0.0,96751
24-03-2013,21.5,92.0,2.0,2.9,0.0,96751
25-03-2013,21.5,92.0,5.0,4.2,0.0,96751
26-03-2013,21.6,89.0,1.0,0.2,1.0,96751
27-03-2013,21.1,92.0,1.0,3.8,0.0,96751
28-03-2013,22.1,79.0,3.0,3.0,0.0,96751
29-03-2013,22.6,84.0,4.0,5.4,2.0,96751
30-03-2013,22.1,86.0,0.0,7.3,1.0,96751
31-03-2013,22.1,86.0,48.0,3.4,1.0,96751
01-04-2013,21.2,84.0,2.0,6.8,0.0,96751
02-04-2013,21.6,94.0,60.0,1.4,0.0,96751
03-04-2013,22.3,92.0,33.0,2.4,0.0,96751
04-04-2013,21.8,90.0,4.0,2.4,0.0,96751
05-04-2013,22.4,90.0,5.0,2.4,0.0,96751
06-04-2013,21.8,89.0,2.0,3.8,1.0,96751
07-04-2013,21.8,90.0,24.0,0.2,0.0,96751
08-04-2013,22.6,83.0,12.0,1.4,0.0,96751
10-04-2013,22.2,89.0,4.0,4.5,0.0,96751
11-04-2013,21.1,91.0,1.0,2.2,0.0,96751
12-04-2013,21.9,83.0,30.0,4.4,0.0,96751
13-04-2013,21.9,90.0,6.0,1.7,0.0,96751
14-04-2013,22.7,86.0,0.0,0.1,0.0,96751
15-04-2013,23.1,86.0,4.0,3.6,1.0,96751
16-04-2013,22.1,85.0,5.0,2.9,0.0,96751
17-04-2013,21.8,91.0,17.0,4.2,0.0,96751
18-04-2013,20.2,95.0,19.0,2.0,0.0,96751
19-04-2013,20.7,88.0,24.0,0.6,1.0,96751
20-04-2013,22.2,84.0,10.0,4.9,0.0,96751
21-04-2013,21.6,94.0,0.0,6.2,0.0,96751
22-04-2013,20.6,94.0,24.0,0.0,0.0,96751
23-04-2013,21.4,90.0,18.0,0.6,0.0,96751
26-04-2013,22.0,91.0,6.0,3.2,0.0,96751
27-04-2013,21.2,85.0,0.0,3.0,0.0,96751
28-04-2013,22.7,84.0,34.0,4.6,1.0,96751
29-04-2013,22.5,86.0,0.0,6.9,0.0,96751
30-04-2013,22.5,88.0,0.0,6.2,0.0,96751
01-05-2013,21.7,87.0,0.0,6.2,1.0,96751
02-05-2013,21.4,86.0,27.0,3.7,0.0,96751
03-05-2013,22.0,81.0,0.0,3.3,0.0,96751
04-05-2013,22.8,82.0,1.0,5.3,0.0,96751
05-05-2013,23.3,84.0,0.0,7.6,0.0,96751
06-05-2013,22.7,85.0,0.0,7.0,0.0,96751
08-05-2013,21.9,90.0,34.0,3.1,0.0,96751
09-05-2013,20.9,93.0,2.0,3.8,0.0,96751
10-05-2013,21.7,91.0,9.0,2.0,0.0,96751
11-05-2013,21.6,91.0,58.0,2.6,1.0,96751
12-05-2013,21.5,91.0,21.0,2.4,0.0,96751
13-05-2013,21.7,90.0,9.0,2.5,1.0,96751
14-05-2013,22.0,83.0,0.0,0.9,0.0,96751
16-05-2013,23.5,82.0,0.0,2.8,0.0,96751
17-05-2013,22.3,84.0,0.0,5.0,0.0,96751
18-05-2013,22.8,82.0,4.0,5.8,0.0,96751
19-05-2013,21.7,83.0,1.0,3.8,1.0,96751
20-05-2013,21.9,85.0,92.0,4.4,0.0,96751
21-05-2013,21.8,92.0,7.0,7.0,0.0,96751
22-05-2013,21.5,90.0,6.0,0.1,0.0,96751
23-05-2013,22.0,86.0,7.0,4.6,0.0,96751
24-05-2013,21.9,86.0,20.0,4.9,0.0,96751
25-05-2013,21.3,94.0,71.0,5.6,0.0,96751
26-05-2013,21.2,89.0,65.0,0.2,0.0,96751
27-05-2013,21.1,92.0,9.0,3.0,0.0,96751
28-05-2013,22.1,86.0,0.0,0.0,0.0,96751
29-05-2013,22.0,84.0,4.0,2.0,1.0,96751
30-05-2013,21.0,92.0,17.0,5.3,1.0,96751
31-05-2013,20.9,93.0,30.0,3.6,0.0,96751
01-06-2013,22.2,88.0,0.0,0.9,0.0,96751
02-06-2013,22.2,81.0,0.0,3.2,0.0,96751
03-06-2013,21.9,79.0,1.0,5.0,0.0,96751
04-06-2013,21.6,87.0,1.0,0.6,0.0,96751
05-06-2013,21.5,90.0,3.0,2.9,0.0,96751
06-06-2013,21.1,92.0,7.0,3.0,0.0,96751
07-06-2013,22.1,82.0,4.0,0.0,1.0,96751
08-06-2013,22.1,84.0,0.0,4.1,0.0,96751
09-06-2013,22.1,80.0,1.0,3.3,0.0,96751
10-06-2013,21.7,87.0,9.0,6.2,0.0,96751
12-06-2013,20.7,92.0,6.0,4.6,0.0,96751
13-06-2013,20.1,90.0,16.0,0.0,0.0,96751
14-06-2013,22.7,81.0,35.0,0.0,0.0,96751
15-06-2013,21.8,85.0,0.0,2.2,1.0,96751
16-06-2013,21.9,86.0,21.0,4.0,1.0,96751
17-06-2013,21.4,89.0,17.0,6.6,0.0,96751
18-06-2013,21.9,87.0,1.0,0.2,1.0,96751
20-06-2013,21.9,82.0,0.0,3.0,0.0,96751
21-06-2013,22.0,82.0,0.0,3.7,0.0,96751
24-06-2013,22.5,77.0,0.0,4.5,0.0,96751
25-06-2013,22.2,79.0,0.0,7.7,0.0,96751
26-06-2013,22.1,82.0,0.0,7.2,0.0,96751
27-06-2013,21.6,78.0,0.0,7.4,1.0,96751
28-06-2013,21.1,84.0,0.0,7.7,0.0,96751
30-06-2013,21.5,87.0,1.0,6.1,1.0,96751
01-07-2013,22.4,83.0,3.0,5.7,1.0,96751
02-07-2013,19.8,93.0,0.0,3.0,0.0,96751
03-07-2013,20.7,92.0,12.0,1.0,0.0,96751
04-07-2013,19.7,91.0,10.0,1.2,1.0,96751
05-07-2013,21.2,82.0,2.0,0.4,2.0,96751
06-07-2013,21.5,79.0,2.0,0.0,1.0,96751
07-07-2013,21.0,82.0,0.0,3.0,0.0,96751
08-07-2013,21.3,76.0,0.0,7.4,0.0,96751
09-07-2013,20.9,87.0,0.0,6.1,0.0,96751
10-07-2013,20.6,92.0,22.0,3.0,0.0,96751
11-07-2013,20.9,88.0,0.0,1.8,0.0,96751
12-07-2013,21.0,92.0,19.0,3.3,1.0,96751
13-07-2013,19.7,94.0,20.0,5.0,1.0,96751
14-07-2013,21.5,81.0,76.0,1.2,0.0,96751
16-07-2013,21.9,80.0,4.0,2.1,0.0,96751
17-07-2013,20.6,87.0,0.0,6.6,0.0,96751
18-07-2013,20.9,88.0,1.0,3.7,0.0,96751
19-07-2013,21.3,83.0,0.0,1.8,0.0,96751
20-07-2013,20.8,86.0,0.0,6.1,0.0,96751
21-07-2013,20.4,94.0,32.0,1.4,0.0,96751
22-07-2013,19.3,95.0,26.0,2.6,0.0,96751
23-07-2013,22.4,80.0,34.0,0.0,1.0,96751
25-07-2013,22.5,74.0,3.0,3.0,2.0,96751
26-07-2013,22.0,85.0,1.0,3.3,0.0,96751
27-07-2013,21.1,86.0,0.0,6.8,0.0,96751
28-07-2013,21.7,89.0,7.0,3.8,0.0,96751
29-07-2013,20.9,86.0,0.0,1.0,0.0,96751
30-07-2013,20.7,86.0,0.0,2.5,1.0,96751
31-07-2013,20.4,90.0,1.0,4.6,0.0,96751
01-08-2013,20.8,90.0,26.0,2.6,0.0,96751
02-08-2013,20.9,89.0,10.0,5.8,1.0,96751
03-08-2013,21.1,89.0,32.0,5.7,0.0,96751
04-08-2013,20.9,82.0,0.0,6.2,0.0,96751
05-08-2013,20.9,84.0,0.0,4.9,0.0,96751
06-08-2013,21.5,88.0,0.0,1.2,0.0,96751
08-08-2013,21.5,82.0,11.0,2.0,1.0,96751
09-08-2013,21.3,79.0,0.0,7.4,0.0,96751
10-08-2013,21.5,79.0,0.0,7.0,1.0,96751
12-08-2013,21.3,86.0,4.0,7.3,1.0,96751
13-08-2013,19.8,74.0,0.0,8.0,0.0,96751
14-08-2013,20.1,78.0,0.0,8.0,1.0,96751
15-08-2013,22.2,77.0,0.0,7.9,1.0,96751
16-08-2013,21.8,82.0,0.0,7.7,0.0,96751
17-08-2013,21.3,87.0,2.0,7.7,0.0,96751
18-08-2013,21.4,86.0,7.0,4.2,0.0,96751
19-08-2013,20.1,79.0,3.0,6.0,1.0,96751
20-08-2013,21.0,80.0,0.0,8.0,0.0,96751
21-08-2013,21.2,78.0,0.0,6.6,0.0,96751
22-08-2013,21.2,76.0,0.0,6.2,0.0,96751
23-08-2013,22.0,74.0,0.0,8.0,0.0,96751
24-08-2013,21.3,74.0,0.0,8.0,0.0,96751
25-08-2013,20.9,76.0,0.0,7.8,0.0,96751
26-08-2013,21.1,74.0,0.0,7.4,0.0,96751
27-08-2013,21.5,78.0,0.0,8.0,0.0,96751
28-08-2013,21.8,81.0,0.0,8.0,1.0,96751
29-08-2013,21.1,87.0,0.0,6.1,0.0,96751
30-08-2013,21.1,90.0,2.0,4.0,0.0,96751
31-08-2013,21.2,89.0,34.0,6.1,0.0,96751
01-09-2013,22.4,76.0,1.0,5.8,0.0,96751
02-09-2013,22.1,82.0,0.0,7.3,0.0,96751
03-09-2013,21.6,78.0,0.0,6.4,0.0,96751
07-09-2013,20.6,83.0,0.0,4.2,0.0,96751
08-09-2013,20.9,82.0,1.0,4.2,0.0,96751
13-09-2013,21.6,84.0,0.0,9.3,1.0,96751
16-09-2013,20.7,91.0,6.6,4.5,1.0,96751
17-09-2013,20.5,90.0,7.2,2.5,0.0,96751
18-09-2013,21.2,90.0,0.5,4.5,0.0,96751
19-09-2013,21.1,91.0,7.3,3.2,1.0,96751
20-09-2013,20.6,91.0,12.9,4.8,1.0,96751
21-09-2013,21.9,87.0,2.4,4.4,1.0,96751
22-09-2013,21.5,82.0,5.2,6.8,0.0,96751
26-09-2013,21.9,76.0,0.0,8.9,0.0,96751
27-09-2013,21.7,85.0,2.4,7.8,1.0,96751
28-09-2013,21.6,86.0,1.5,6.2,1.0,96751
29-09-2013,21.3,84.0,0.0,3.8,1.0,96751
30-09-2013,20.6,87.0,19.1,8.9,0.0,96751
02-10-2013,21.6,90.0,2.6,4.2,1.0,96751
03-10-2013,20.7,87.0,15.7,5.3,0.0,96751
04-10-2013,21.0,80.0,14.7,7.1,1.0,96751
06-10-2013,22.0,81.0,0.5,7.4,1.0,96751
07-10-2013,20.8,86.0,4.2,8.3,1.0,96751
09-10-2013,21.3,80.0,4.5,6.2,1.0,96751
12-10-2013,22.0,84.0,9.5,8.0,1.0,96751
13-10-2013,20.3,92.0,0.6,7.0,0.0,96751
14-10-2013,20.9,83.0,39.0,1.0,1.0,96751
19-10-2013,21.9,88.0,5.6,9.2,1.0,96751
20-10-2013,21.5,90.0,32.7,4.8,0.0,96751
22-10-2013,21.4,85.0,0.9,4.7,0.0,96751
24-10-2013,20.9,88.0,5.6,5.2,0.0,96751
25-10-2013,22.3,82.0,1.3,4.6,1.0,96751
28-10-2013,20.8,91.0,7.0,6.2,0.0,96751
30-10-2013,21.6,86.0,4.1,5.8,1.0,96751
31-10-2013,21.0,90.0,4.5,6.2,0.0,96751
01-11-2013,21.3,88.0,0.5,2.1,1.0,96751
04-11-2013,21.4,90.0,36.7,6.1,1.0,96751
05-11-2013,21.6,91.0,25.0,3.2,0.0,96751
06-11-2013,21.9,89.0,3.4,3.5,1.0,96751
07-11-2013,21.3,90.0,0.0,5.2,0.0,96751
09-11-2013,23.2,75.0,8.0,3.6,1.0,96751
11-11-2013,21.5,89.0,19.0,3.1,0.0,96751
12-11-2013,21.1,88.0,2.0,3.1,0.0,96751
13-11-2013,19.8,91.0,14.2,2.9,1.0,96751
15-11-2013,21.4,89.0,32.0,2.7,1.0,96751
18-11-2013,21.5,79.0,44.5,0.5,1.0,96751
19-11-2013,20.6,72.0,0.6,5.8,1.0,96751
24-11-2013,22.3,85.0,0.0,9.8,1.0,96751
25-11-2013,21.5,88.0,0.5,6.2,0.0,96751
26-11-2013,19.9,90.0,1.6,2.9,1.0,96751
27-11-2013,22.5,80.0,1.3,0.0,1.0,96751
02-12-2013,21.6,91.0,10.3,2.7,0.0,96751
03-12-2013,22.0,86.0,2.1,0.3,0.0,96751
07-12-2013,22.1,88.0,40.6,2.0,0.0,96751
09-12-2013,21.3,89.0,3.5,0.8,0.0,96751
10-12-2013,20.7,92.0,16.8,3.1,0.0,96751
11-12-2013,20.6,96.0,56.0,3.1,0.0,96751
12-12-2013,20.9,92.0,25.3,2.1,0.0,96751
13-12-2013,20.5,93.0,5.9,1.5,1.0,96751
16-12-2013,21.3,90.0,5.2,2.8,1.0,96751
19-12-2013,20.6,88.0,114.2,0.7,0.0,96751
20-12-2013,21.0,84.0,8.5,0.7,1.0,96751
22-12-2013,19.3,98.0,1.2,4.1,1.0,96751
23-12-2013,19.7,96.0,55.4,0.0,1.0,96751
24-12-2013,21.0,88.0,5.3,0.0,1.0,96751
25-12-2013,20.6,93.0,27.5,3.7,1.0,96751
26-12-2013,21.9,82.0,9.0,2.9,1.0,96751
31-12-2013,19.9,93.0,29.0,0.0,1.0,96751
01-01-2014,20.7,92.0,6.0,0.0,0.0,96751
02-01-2014,20.9,92.0,2.2,0.0,0.0,96751
03-01-2014,22.1,83.0,21.6,5.0,1.0,96751
08-01-2014,20.1,92.0,1.2,2.7,1.0,96751
09-01-2014,22.3,78.0,6.0,0.1,1.0,96751
11-01-2014,20.7,92.0,23.9,5.5,1.0,96751
14-01-2014,20.4,94.0,13.4,0.0,1.0,96751
15-01-2014,20.1,91.0,37.3,3.0,1.0,96751
18-01-2014,19.0,100.0,140.6,0.0,1.0,96751
20-01-2014,19.1,100.0,16.5,0.0,1.0,96751
22-01-2014,18.3,99.0,78.3,0.0,1.0,96751
23-01-2014,18.4,100.0,48.8,0.0,2.0,96751
24-01-2014,18.9,100.0,54.6,0.0,1.0,96751
25-01-2014,19.8,95.0,25.0,0.0,1.0,96751
26-01-2014,20.3,92.0,1.6,3.2,1.0,96751
27-01-2014,19.2,96.0,17.3,2.5,0.0,96751
30-01-2014,19.1,100.0,192.8,0.0,0.0,96751
01-02-2014,20.3,96.0,4.7,0.0,1.0,96751
02-02-2014,19.1,100.0,32.6,1.1,0.0,96751
03-02-2014,19.4,100.0,34.2,0.0,0.0,96751
04-02-2014,19.8,99.0,78.7,0.0,0.0,96751
05-02-2014,20.3,98.0,26.3,0.0,0.0,96751
06-02-2014,20.4,95.0,11.6,1.2,0.0,96751
07-02-2014,20.5,96.0,25.5,3.3,0.0,96751
09-02-2014,19.6,98.0,42.3,0.0,1.0,96751
10-02-2014,20.5,94.0,33.2,0.0,0.0,96751
11-02-2014,21.7,90.0,2.5,0.1,0.0,96751
12-02-2014,21.5,90.0,0.1,3.2,1.0,96751
15-02-2014,20.7,92.0,0.0,3.5,0.0,96751
16-02-2014,20.5,88.0,0.5,0.2,1.0,96751
17-02-2014,21.4,85.0,21.6,1.9,0.0,96751
20-02-2014,21.3,81.0,12.8,4.3,1.0,96751
21-02-2014,19.8,94.0,0.5,7.0,1.0,96751
22-02-2014,19.2,98.0,23.4,0.0,1.0,96751
23-02-2014,19.4,95.0,95.7,0.0,0.0,96751
24-02-2014,18.8,97.0,35.9,0.1,0.0,96751
25-02-2014,19.3,97.0,71.1,0.0,1.0,96751
26-02-2014,19.7,96.0,33.4,0.0,0.0,96751
27-02-2014,19.8,95.0,7.1,0.0,0.0,96751
28-02-2014,20.7,93.0,10.7,0.0,0.0,96751
01-03-2014,20.4,91.0,0.3,0.0,0.0,96751
02-03-2014,20.7,89.0,11.2,1.5,1.0,96751
03-03-2014,20.9,88.0,29.4,3.5,1.0,96751
05-03-2014,20.5,93.0,1.3,8.2,0.0,96751
06-03-2014,21.7,84.0,16.5,1.3,1.0,96751
07-03-2014,20.9,91.0,14.6,6.5,1.0,96751
08-03-2014,21.3,96.0,6.0,1.6,0.0,96751
10-03-2014,19.9,94.0,16.0,0.9,0.0,96751
15-03-2014,21.3,88.0,0.0,2.4,0.0,96751
17-03-2014,21.4,89.0,0.0,2.2,0.0,96751
19-03-2014,20.8,90.0,18.9,2.6,0.0,96751
20-03-2014,21.0,86.0,4.6,3.1,0.0,96751
21-03-2014,21.7,82.0,1.8,2.3,0.0,96751
23-03-2014,21.2,92.0,0.0,1.5,0.0,96751
24-03-2014,21.2,95.0,0.1,0.3,0.0,96751
25-03-2014,20.7,95.0,8.5,1.4,0.0,96751
26-03-2014,21.3,92.0,3.7,1.0,0.0,96751
28-03-2014,21.9,89.0,46.9,2.8,1.0,96751
30-03-2014,22.6,88.0,2.0,4.0,0.0,96751
01-04-2014,22.0,79.0,7.2,3.8,1.0,96751
02-04-2014,21.1,88.0,0.3,6.9,0.0,96751
03-04-2014,22.3,84.0,3.0,4.5,0.0,96751
04-04-2014,21.6,90.0,3.0,7.0,0.0,96751
05-04-2014,21.5,90.0,4.0,3.7,0.0,96751
06-04-2014,20.3,96.0,30.3,4.2,0.0,96751
07-04-2014,22.3,82.0,99.2,1.0,0.0,96751
08-04-2014,22.6,82.0,0.0,6.3,0.0,96751
09-04-2014,22.3,81.0,0.0,5.8,0.0,96751
10-04-2014,21.4,92.0,26.8,4.3,0.0,96751
11-04-2014,21.0,88.0,1.8,2.2,0.0,96751
12-04-2014,21.9,87.0,7.8,1.6,0.0,96751
13-04-2014,21.1,86.0,0.0,3.0,0.0,96751
14-04-2014,21.7,86.0,23.0,2.4,1.0,96751
15-04-2014,21.0,87.0,37.1,4.2,0.0,96751
16-04-2014,21.5,87.0,1.8,4.5,0.0,96751
17-04-2014,21.7,84.0,80.0,3.3,0.0,96751
18-04-2014,20.8,91.0,2.4,6.8,0.0,96751
19-04-2014,21.7,88.0,18.5,4.2,0.0,96751
20-04-2014,21.9,84.0,0.0,2.8,0.0,96751
21-04-2014,22.4,88.0,0.1,4.6,0.0,96751
22-04-2014,23.2,77.0,2.2,4.0,0.0,96751
24-04-2014,23.2,78.0,1.7,7.7,1.0,96751
25-04-2014,22.7,86.0,0.0,8.5,0.0,96751
26-04-2014,21.5,89.0,34.4,5.5,0.0,96751
27-04-2014,21.0,92.0,3.6,3.5,0.0,96751
28-04-2014,21.7,88.0,4.8,2.7,0.0,96751
29-04-2014,21.9,90.0,1.9,4.6,0.0,96751
30-04-2014,21.6,88.0,8.9,3.0,0.0,96751
01-05-2014,21.2,89.0,0.5,4.5,0.0,96751
02-05-2014,22.1,89.0,0.7,2.6,0.0,96751
03-05-2014,22.2,83.0,3.8,4.6,0.0,96751
09-05-2014,22.9,89.0,21.4,5.0,1.0,96751
10-05-2014,22.4,92.0,0.7,5.2,1.0,96751
11-05-2014,21.4,92.0,0.0,2.5,0.0,96751
12-05-2014,21.4,90.0,19.8,1.5,1.0,96751
13-05-2014,22.4,82.0,0.3,3.7,1.0,96751
14-05-2014,22.0,89.0,1.0,7.2,0.0,96751
15-05-2014,21.2,90.0,6.9,5.1,0.0,96751
16-05-2014,21.4,89.0,52.4,4.6,0.0,96751
17-05-2014,21.2,92.0,18.7,4.2,1.0,96751
18-05-2014,21.6,90.0,0.5,2.4,1.0,96751
19-05-2014,20.8,87.0,0.9,3.4,1.0,96751
20-05-2014,21.4,90.0,14.0,2.7,0.0,96751
21-05-2014,22.2,84.0,19.6,3.3,0.0,96751
22-05-2014,21.3,91.0,1.7,5.2,0.0,96751
23-05-2014,21.5,87.0,43.7,2.4,0.0,96751
24-05-2014,21.7,86.0,8.0,3.4,0.0,96751
25-05-2014,22.4,85.0,0.0,4.0,0.0,96751
26-05-2014,21.7,92.0,1.8,4.4,0.0,96751
27-05-2014,22.6,91.0,0.7,1.0,0.0,96751
28-05-2014,22.3,92.0,1.9,4.0,1.0,96751
29-05-2014,24.0,69.0,0.0,0.7,1.0,96751
30-05-2014,21.8,87.0,0.0,7.4,0.0,96751
31-05-2014,21.0,91.0,0.9,3.4,0.0,96751
01-06-2014,21.8,83.0,9.7,0.9,0.0,96751
02-06-2014,21.5,85.0,0.0,3.2,1.0,96751
03-06-2014,21.5,78.0,0.0,1.0,1.0,96751
04-06-2014,22.3,85.0,0.0,4.5,0.0,96751
05-06-2014,21.9,91.0,6.1,3.3,0.0,96751
06-06-2014,21.5,89.0,0.9,0.2,0.0,96751
07-06-2014,22.3,86.0,0.0,0.9,1.0,96751
08-06-2014,22.6,85.0,0.0,4.9,0.0,96751
09-06-2014,22.8,82.0,0.0,5.6,0.0,96751
10-06-2014,21.8,88.0,0.0,6.0,0.0,96751
11-06-2014,23.1,87.0,0.4,0.6,1.0,96751
12-06-2014,22.6,88.0,0.0,4.5,1.0,96751
13-06-2014,21.2,93.0,0.2,3.7,0.0,96751
14-06-2014,21.7,90.0,84.6,0.0,1.0,96751
15-06-2014,21.0,89.0,11.6,2.6,1.0,96751
16-06-2014,22.2,84.0,10.3,0.5,1.0,96751
17-06-2014,22.4,89.0,30.2,2.9,0.0,96751
18-06-2014,21.9,86.0,2.7,3.2,1.0,96751
19-06-2014,21.2,90.0,9.6,4.8,0.0,96751
20-06-2014,22.9,82.0,0.0,0.1,1.0,96751
21-06-2014,21.7,87.0,0.5,6.3,1.0,96751
22-06-2014,22.0,86.0,10.2,3.0,0.0,96751
23-06-2014,22.3,86.0,4.7,5.9,1.0,96751
24-06-2014,22.5,83.0,0.0,4.0,0.0,96751
25-06-2014,21.6,91.0,0.0,2.1,0.0,96751
26-06-2014,21.3,92.0,16.4,0.3,0.0,96751
27-06-2014,20.6,92.0,1.0,0.4,1.0,96751
28-06-2014,21.1,87.0,0.0,0.0,0.0,96751
29-06-2014,21.7,84.0,0.0,1.1,0.0,96751
30-06-2014,21.6,77.0,0.0,2.7,0.0,96751
01-07-2014,21.2,79.0,0.0,3.4,0.0,96751
02-07-2014,20.6,88.0,0.0,7.0,0.0,96751
03-07-2014,21.5,79.0,1.2,0.8,1.0,96751
04-07-2014,22.0,81.0,0.0,5.1,0.0,96751
05-07-2014,21.6,90.0,0.0,5.2,0.0,96751
06-07-2014,21.4,92.0,34.5,1.6,0.0,96751
07-07-2014,20.7,90.0,1.5,1.3,0.0,96751
08-07-2014,21.0,90.0,0.6,1.4,0.0,96751
09-07-2014,21.7,88.0,17.5,0.0,0.0,96751
10-07-2014,22.0,89.0,2.6,2.4,0.0,96751
11-07-2014,20.8,93.0,7.2,3.5,0.0,96751
12-07-2014,20.6,94.0,6.5,3.6,0.0,96751
13-07-2014,19.2,97.0,54.7,1.2,1.0,96751
14-07-2014,23.3,63.0,23.6,0.0,1.0,96751
15-07-2014,22.2,77.0,0.0,9.3,1.0,96751
16-07-2014,21.5,82.0,0.0,8.5,1.0,96751
17-07-2014,21.9,78.0,0.0,6.8,1.0,96751
18-07-2014,21.6,85.0,0.0,6.9,1.0,96751
19-07-2014,21.6,84.0,0.0,7.4,1.0,96751
20-07-2014,20.7,92.0,70.5,5.4,1.0,96751
21-07-2014,20.9,90.0,54.5,5.5,0.0,96751
22-07-2014,22.2,86.0,0.6,5.4,1.0,96751
23-07-2014,20.9,88.0,0.8,7.3,0.0,96751
24-07-2014,21.6,79.0,0.4,1.2,0.0,96751
25-07-2014,21.5,84.0,0.0,5.0,0.0,96751
26-07-2014,19.7,94.0,0.1,2.3,0.0,96751
27-07-2014,20.5,92.0,66.4,2.1,0.0,96751
28-07-2014,20.9,84.0,0.8,1.1,0.0,96751
29-07-2014,21.7,85.0,0.0,8.0,0.0,96751
30-07-2014,21.4,85.0,0.1,6.9,1.0,96751
31-07-2014,21.2,80.0,0.0,6.6,1.0,96751
01-08-2014,21.4,81.0,0.0,4.2,0.0,96751
02-08-2014,20.8,83.0,0.0,8.9,0.0,96751
03-08-2014,20.7,89.0,2.8,6.0,1.0,96751
04-08-2014,20.7,91.0,7.4,4.2,1.0,96751
05-08-2014,21.9,82.0,59.0,4.8,1.0,96751
06-08-2014,23.1,73.0,0.0,6.7,1.0,96751
07-08-2014,21.8,83.0,0.0,8.8,0.0,96751
08-08-2014,21.2,83.0,0.0,8.8,0.0,96751
09-08-2014,21.8,81.0,0.0,5.3,1.0,96751
10-08-2014,20.8,87.0,0.0,7.2,0.0,96751
11-08-2014,20.1,95.0,10.4,3.0,0.0,96751
12-08-2014,19.9,89.0,24.2,2.3,1.0,96751
13-08-2014,20.6,89.0,35.3,4.2,0.0,96751
14-08-2014,20.6,85.0,0.3,5.7,0.0,96751
15-08-2014,20.7,89.0,9.0,5.4,0.0,96751
16-08-2014,20.8,83.0,0.2,4.8,0.0,96751
17-08-2014,20.7,82.0,0.0,6.2,1.0,96751
18-08-2014,20.4,83.0,0.0,7.0,0.0,96751
19-08-2014,20.6,81.0,0.0,4.2,1.0,96751
20-08-2014,20.2,78.0,0.0,5.2,1.0,96751
21-08-2014,20.8,84.0,9.8,7.6,0.0,96751
22-08-2014,21.9,77.0,0.3,6.0,0.0,96751
23-08-2014,21.9,86.0,0.0,9.1,0.0,96751
24-08-2014,20.9,90.0,6.0,6.1,0.0,96751
25-08-2014,21.2,87.0,5.4,3.8,0.0,96751
26-08-2014,20.5,86.0,23.8,3.9,1.0,96751
27-08-2014,20.6,85.0,2.2,6.7,0.0,96751
28-08-2014,19.9,83.0,0.0,5.7,1.0,96751
29-08-2014,19.9,92.0,26.5,4.4,0.0,96751
30-08-2014,20.6,84.0,26.9,3.2,1.0,96751
31-08-2014,20.8,87.0,0.3,4.1,0.0,96751
01-09-2014,20.7,90.0,0.0,6.1,0.0,96751
02-09-2014,21.5,87.0,0.8,3.0,1.0,96751
03-09-2014,21.9,83.0,0.0,5.4,1.0,96751
04-09-2014,21.2,78.0,0.0,7.6,0.0,96751
05-09-2014,20.8,68.0,0.0,4.4,0.0,96751
06-09-2014,21.0,83.0,0.0,7.4,0.0,96751
07-09-2014,22.3,82.0,0.0,7.2,0.0,96751
08-09-2014,21.1,82.0,0.0,6.7,0.0,96751
09-09-2014,21.8,77.0,0.0,5.8,0.0,96751
10-09-2014,20.9,81.0,0.0,5.5,1.0,96751
11-09-2014,20.6,80.0,0.0,7.0,1.0,96751
12-09-2014,21.5,77.0,0.0,6.1,0.0,96751
13-09-2014,21.1,81.0,0.0,6.6,0.0,96751
14-09-2014,21.4,78.0,0.0,8.0,0.0,96751
15-09-2014,21.0,72.0,0.0,8.6,0.0,96751
16-09-2014,21.0,69.0,0.0,6.5,0.0,96751
17-09-2014,21.8,73.0,0.0,7.6,0.0,96751
18-09-2014,22.7,74.0,0.0,9.6,1.0,96751
19-09-2014,23.7,72.0,0.0,9.2,0.0,96751
20-09-2014,21.1,88.0,0.0,6.6,0.0,96751
21-09-2014,21.3,82.0,32.4,3.6,0.0,96751
22-09-2014,22.0,69.0,0.0,8.5,1.0,96751
23-09-2014,21.8,72.0,0.0,8.9,1.0,96751
24-09-2014,22.9,58.0,0.0,9.2,1.0,96751
25-09-2014,21.6,74.0,0.0,9.7,0.0,96751
26-09-2014,21.0,65.0,0.0,5.4,0.0,96751
27-09-2014,21.6,62.0,0.0,6.6,0.0,96751
28-09-2014,21.8,73.0,0.0,8.0,0.0,96751
29-09-2014,21.1,87.0,0.0,5.9,1.0,96751
30-09-2014,21.2,79.0,0.4,6.4,0.0,96751
01-10-2014,21.1,84.0,0.0,5.6,1.0,96751
02-10-2014,21.3,85.0,0.0,3.8,0.0,96751
03-10-2014,21.2,82.0,0.0,4.8,0.0,96751
04-10-2014,21.9,76.0,0.0,4.9,0.0,96751
05-10-2014,20.9,78.0,0.0,7.0,0.0,96751
07-10-2014,21.9,77.0,0.0,0.7,0.0,96751
08-10-2014,21.2,83.0,2.5,3.9,1.0,96751
09-10-2014,22.3,72.0,5.9,1.5,1.0,96751
10-10-2014,22.0,66.0,0.0,7.1,1.0,96751
11-10-2014,23.8,61.0,0.0,8.4,0.0,96751
12-10-2014,22.7,76.0,0.0,8.0,0.0,96751
13-10-2014,21.5,82.0,0.0,6.0,0.0,96751
14-10-2014,21.5,87.0,14.3,4.5,1.0,96751
15-10-2014,20.9,89.0,0.0,2.3,0.0,96751
16-10-2014,22.4,85.0,18.8,3.9,1.0,96751
17-10-2014,21.7,85.0,0.4,7.4,1.0,96751
18-10-2014,23.1,76.0,0.0,8.4,1.0,96751
19-10-2014,22.3,79.0,0.0,6.3,0.0,96751
20-10-2014,22.9,75.0,0.0,3.8,1.0,96751
21-10-2014,22.7,78.0,0.0,7.6,1.0,96751
22-10-2014,22.7,80.0,0.0,4.7,1.0,96751
23-10-2014,20.9,88.0,5.3,5.9,0.0,96751
24-10-2014,21.6,84.0,10.5,3.3,1.0,96751
25-10-2014,21.2,85.0,0.3,6.1,0.0,96751
26-10-2014,21.9,87.0,9.5,5.4,0.0,96751
27-10-2014,20.9,90.0,21.5,4.9,1.0,96751
28-10-2014,21.4,84.0,0.0,7.0,0.0,96751
29-10-2014,21.0,88.0,0.2,4.1,0.0,96751
30-10-2014,21.8,88.0,5.0,3.4,0.0,96751
31-10-2014,24.1,86.0,0.0,1.2,0.0,96751
01-11-2014,22.7,84.0,26.0,3.4,0.0,96751
02-11-2014,22.5,81.0,0.8,6.9,1.0,96751
03-11-2014,22.4,84.0,26.0,7.2,1.0,96751
04-11-2014,22.5,82.0,0.0,7.7,0.0,96751
05-11-2014,21.5,89.0,41.0,7.6,1.0,96751
06-11-2014,21.4,85.0,3.6,0.0,0.0,96751
07-11-2014,20.6,92.0,6.9,7.3,0.0,96751
08-11-2014,20.2,89.0,0.3,0.7,0.0,96751
09-11-2014,21.6,89.0,20.8,3.5,0.0,96751
10-11-2014,21.6,88.0,11.1,3.7,0.0,96751
11-11-2014,20.1,96.0,50.0,4.5,0.0,96751
12-11-2014,21.8,86.0,25.8,0.6,1.0,96751
13-11-2014,20.3,88.0,33.4,4.1,0.0,96751
14-11-2014,21.1,90.0,49.6,3.1,0.0,96751
15-11-2014,22.3,82.0,0.2,1.2,0.0,96751
16-11-2014,21.6,88.0,0.0,6.5,0.0,96751
17-11-2014,20.8,92.0,49.3,2.1,0.0,96751
18-11-2014,20.2,95.0,35.9,2.4,0.0,96751
19-11-2014,21.1,91.0,2.0,1.8,0.0,96751
20-11-2014,22.5,85.0,86.5,4.6,1.0,96751
21-11-2014,21.8,90.0,0.0,6.7,0.0,96751
22-11-2014,21.5,89.0,1.0,3.0,1.0,96751
23-11-2014,22.3,85.0,1.3,6.1,0.0,96751
24-11-2014,20.9,91.0,5.7,7.3,1.0,96751
25-11-2014,20.8,92.0,17.9,3.3,0.0,96751
26-11-2014,20.8,93.0,27.5,4.9,0.0,96751
27-11-2014,22.2,86.0,6.8,1.8,0.0,96751
29-11-2014,21.4,88.0,3.9,3.1,0.0,96751
30-11-2014,21.9,82.0,15.0,1.7,1.0,96751
01-12-2014,23.1,74.0,0.0,0.8,0.0,96751
02-12-2014,20.8,89.0,0.0,2.3,0.0,96751
03-12-2014,21.1,88.0,0.4,0.0,0.0,96751
05-12-2014,21.0,90.0,0.0,0.6,0.0,96751
06-12-2014,21.2,88.0,2.7,0.3,0.0,96751
07-12-2014,20.6,90.0,3.3,0.8,0.0,96751
09-12-2014,21.3,90.0,2.5,2.6,1.0,96751
10-12-2014,21.4,84.0,0.0,0.9,1.0,96751
11-12-2014,22.2,84.0,1.4,3.5,1.0,96751
13-12-2014,21.4,89.0,3.7,0.4,0.0,96751
17-12-2014,22.4,84.0,3.3,2.9,0.0,96751
19-12-2014,21.4,90.0,7.8,1.6,1.0,96751
20-12-2014,20.7,93.0,75.2,2.2,0.0,96751
22-12-2014,20.9,95.0,91.5,3.2,0.0,96751
24-12-2014,21.1,87.0,26.7,4.6,0.0,96751
25-12-2014,21.7,90.0,33.5,4.7,0.0,96751
26-12-2014,21.4,91.0,6.9,2.7,0.0,96751
29-12-2014,22.0,83.0,4.9,0.0,0.0,96751
31-12-2014,20.3,94.0,1.5,0.9,1.0,96751
01-01-2015,20.8,88.0,6.2,0.2,1.0,96751
02-01-2015,21.2,87.0,4.0,0.1,0.0,96751
04-01-2015,19.6,94.0,13.2,0.2,1.0,96751
05-01-2015,21.5,85.0,25.2,0.0,1.0,96751
06-01-2015,20.6,86.0,0.0,3.8,0.0,96751
07-01-2015,21.0,90.0,2.8,1.9,0.0,96751
08-01-2015,22.4,79.0,7.8,3.5,1.0,96751
12-01-2015,20.5,92.0,0.4,4.2,0.0,96751
13-01-2015,20.7,92.0,5.5,3.5,0.0,96751
14-01-2015,20.5,90.0,24.5,1.0,0.0,96751
15-01-2015,21.8,85.0,11.5,1.1,0.0,96751
17-01-2015,20.4,92.0,9.3,1.8,0.0,96751
19-01-2015,19.4,97.0,1.8,0.0,0.0,96751
20-01-2015,19.5,94.0,6.8,0.0,0.0,96751
23-01-2015,19.2,96.0,32.8,0.7,0.0,96751
24-01-2015,19.8,95.0,0.5,0.0,0.0,96751
25-01-2015,20.2,93.0,22.7,0.6,0.0,96751
26-01-2015,20.1,93.0,10.4,1.6,0.0,96751
28-01-2015,20.5,92.0,5.0,0.7,1.0,96751
29-01-2015,20.9,88.0,36.2,3.4,1.0,96751
09-02-2015,19.4,98.0,37.0,1.3,0.0,96751
11-02-2015,19.0,98.0,4.9,0.6,0.0,96751
12-02-2015,19.8,95.0,1.7,0.0,1.0,96751
16-02-2015,20.3,93.0,7.0,4.2,0.0,96751
21-02-2015,22.4,68.0,0.0,2.0,0.0,96751
24-02-2015,22.4,79.0,2.7,3.4,0.0,96751
25-02-2015,21.9,80.0,0.0,7.1,0.0,96751
27-02-2015,21.0,89.0,0.0,4.7,0.0,96751
01-03-2015,20.5,93.0,52.0,1.0,0.0,96751
02-03-2015,19.7,94.0,10.6,2.1,1.0,96751
05-03-2015,20.7,87.0,0.0,1.1,0.0,96751
06-03-2015,21.7,84.0,2.4,1.3,0.0,96751
08-03-2015,19.9,91.0,0.1,0.3,0.0,96751
09-03-2015,20.8,84.0,15.9,0.0,0.0,96751
10-03-2015,20.8,87.0,6.2,4.2,1.0,96751
13-03-2015,20.9,91.0,2.4,3.0,0.0,96751
14-03-2015,20.8,90.0,4.8,2.7,1.0,96751
17-03-2015,21.7,82.0,0.0,6.2,0.0,96751
18-03-2015,21.6,86.0,0.0,7.8,0.0,96751
19-03-2015,21.2,91.0,10.9,4.0,0.0,96751
20-03-2015,21.8,85.0,67.8,3.6,0.0,96751
23-03-2015,21.3,84.0,37.0,4.5,0.0,96751
27-03-2015,21.7,87.0,6.5,2.7,1.0,96751
28-03-2015,21.6,85.0,0.8,6.8,0.0,96751
31-03-2015,21.4,93.0,35.7,3.3,0.0,96751
01-04-2015,21.8,94.0,32.0,4.5,1.0,96751
02-04-2015,21.6,92.0,2.2,4.0,0.0,96751
03-04-2015,21.6,91.0,11.5,0.6,0.0,96751
04-04-2015,21.0,89.0,2.6,2.7,0.0,96751
05-04-2015,21.3,91.0,13.7,2.1,1.0,96751
06-04-2015,22.3,85.0,0.0,4.7,1.0,96751
09-04-2015,21.7,90.0,1.3,5.5,1.0,96751
10-04-2015,22.6,85.0,0.3,5.2,0.0,96751
11-04-2015,22.7,85.0,0.0,7.6,0.0,96751
12-04-2015,21.1,91.0,14.4,4.2,0.0,96751
15-04-2015,20.4,93.0,20.9,2.1,0.0,96751
17-04-2015,21.7,91.0,1.1,3.4,0.0,96751
23-04-2015,22.0,84.0,45.1,4.7,0.0,96751
27-04-2015,20.9,89.0,18.1,5.8,1.0,96751
28-04-2015,22.7,82.0,7.2,3.2,1.0,96751
01-05-2015,21.2,87.0,0.0,0.5,0.0,96751
02-05-2015,21.6,87.0,12.0,2.8,0.0,96751
03-05-2015,20.3,93.0,1.7,0.7,0.0,96751
05-05-2015,20.0,90.0,2.9,2.4,0.0,96751
06-05-2015,21.7,86.0,42.0,2.9,1.0,96751
07-05-2015,21.9,89.0,25.4,4.5,0.0,96751
08-05-2015,21.5,90.0,0.1,2.8,0.0,96751
16-05-2015,22.1,89.0,4.2,2.0,0.0,96751
18-05-2015,21.9,87.0,0.1,3.9,0.0,96751
19-05-2015,21.7,87.0,0.0,6.7,0.0,96751
21-05-2015,21.2,80.0,0.0,7.8,0.0,96751
01-06-2015,21.3,86.0,0.0,8.8,0.0,96751
02-06-2015,22.1,86.0,7.0,2.1,0.0,96751
03-06-2015,22.3,87.0,0.3,6.1,0.0,96751
08-06-2015,22.5,86.0,5.7,4.0,1.0,96751
17-06-2015,20.9,82.0,0.0,9.3,0.0,96751
21-06-2015,22.2,78.0,0.0,7.3,0.0,96751
22-06-2015,22.1,79.0,0.0,7.7,0.0,96751
25-06-2015,20.8,81.0,0.0,8.5,0.0,96751
01-09-2015,20.6,76.0,0.0,7.2,0.0,96751
02-09-2015,21.3,75.0,0.0,7.7,2.0,96751
09-09-2015,21.6,81.0,0.0,6.5,1.0,96751
17-09-2015,22.1,77.0,0.0,8.3,1.0,96751
21-09-2015,21.8,76.0,0.0,6.6,1.0,96751
23-09-2015,21.8,69.0,0.0,7.6,1.0,96751
27-09-2015,21.9,80.0,0.0,5.0,1.0,96751
28-09-2015,21.2,88.0,0.0,7.0,1.0,96751
29-09-2015,21.8,83.0,1.6,4.3,0.0,96751
01-10-2015,22.5,69.0,0.0,5.3,0.0,96751
08-10-2015,20.9,82.0,11.0,4.5,0.0,96751
10-10-2015,21.4,79.0,1.0,4.0,1.0,96751
12-10-2015,22.3,71.0,0.0,6.4,1.0,96751
16-10-2015,21.4,81.0,0.0,6.9,1.0,96751
17-10-2015,22.8,68.0,0.0,4.2,1.0,96751
18-10-2015,23.3,65.0,0.0,9.3,1.0,96751
27-10-2015,23.3,72.0,0.0,6.8,1.0,96751
28-10-2015,23.7,68.0,0.0,7.2,1.0,96751
01-11-2015,22.1,83.0,0.0,7.6,1.0,96751
03-11-2015,22.2,89.0,1.7,5.7,1.0,96751
06-11-2015,22.5,84.0,3.9,3.2,1.0,96751
08-11-2015,20.2,92.0,13.7,2.0,1.0,96751
10-11-2015,21.5,88.0,31.2,3.2,0.0,96751
12-11-2015,21.7,88.0,12.0,3.5,1.0,96751
16-11-2015,21.2,93.0,31.9,6.6,0.0,96751
17-11-2015,22.2,89.0,86.6,2.0,0.0,96751
21-11-2015,21.9,90.0,6.0,5.3,1.0,96751
22-11-2015,21.9,86.0,0.3,1.8,1.0,96751
23-11-2015,23.6,76.0,30.8,5.5,1.0,96751
25-11-2015,21.6,85.0,44.6,4.5,1.0,96751
29-11-2015,22.4,88.0,10.1,7.6,0.0,96751
30-11-2015,22.7,86.0,2.1,0.0,1.0,96751
01-12-2015,22.0,89.0,3.2,5.1,0.0,96751
03-12-2015,22.4,88.0,6.3,6.0,1.0,96751
09-12-2015,21.8,88.0,16.5,0.2,1.0,96751
10-12-2015,22.3,85.0,39.0,4.7,0.0,96751
11-12-2015,21.3,91.0,9.1,4.8,0.0,96751
12-12-2015,20.9,95.0,33.4,1.1,0.0,96751
13-12-2015,21.5,93.0,24.5,0.0,0.0,96751
17-12-2015,19.8,94.0,42.8,0.0,0.0,96751
18-12-2015,20.3,88.0,3.2,0.0,0.0,96751
19-12-2015,20.7,96.0,16.0,0.7,0.0,96751
20-12-2015,20.3,94.0,2.8,0.3,1.0,96751
23-12-2015,21.9,79.0,0.0,3.6,1.0,96751
30-12-2015,21.4,88.0,31.4,2.0,1.0,96751
31-12-2015,21.2,96.0,2.4,2.2,0.0,96751
01-01-2016,21.5,90.0,1.2,0.1,0.0,96751
03-01-2016,21.6,89.0,43.9,1.4,0.0,96751
06-01-2016,22.3,84.0,33.2,1.8,0.0,96751
07-01-2016,22.6,83.0,9.0,5.1,0.0,96751
11-01-2016,21.5,91.0,0.0,3.5,0.0,96751
12-01-2016,21.6,92.0,13.8,2.9,0.0,96751
13-01-2016,20.9,92.0,23.3,2.3,0.0,96751
15-01-2016,23.2,78.0,0.0,6.8,0.0,96751
17-01-2016,22.2,85.0,0.0,4.9,1.0,96751
18-01-2016,22.0,91.0,0.0,4.0,0.0,96751
19-01-2016,21.6,88.0,20.9,1.0,0.0,96751
21-01-2016,21.6,91.0,6.1,1.0,0.0,96751
22-01-2016,21.4,91.0,2.3,2.4,1.0,96751
23-01-2016,20.6,91.0,0.9,0.9,0.0,96751
24-01-2016,21.8,88.0,3.4,0.0,0.0,96751
25-01-2016,21.1,92.0,16.8,0.5,0.0,96751
29-01-2016,22.3,83.0,1.0,5.6,0.0,96751
30-01-2016,22.1,88.0,5.4,6.8,0.0,96751
31-01-2016,21.5,89.0,9.9,2.1,0.0,96751
01-02-2016,21.1,94.0,13.1,0.0,0.0,96751
02-02-2016,20.8,98.0,60.7,0.0,1.0,96751
06-02-2016,23.1,83.0,7.8,1.4,1.0,96751
07-02-2016,21.9,91.0,0.0,7.1,0.0,96751
09-02-2016,21.1,95.0,40.6,1.4,0.0,96751
10-02-2016,20.5,95.0,20.5,1.3,0.0,96751
11-02-2016,21.1,95.0,64.9,0.3,0.0,96751
12-02-2016,20.7,90.0,6.1,0.0,0.0,96751
13-02-2016,22.6,84.0,5.7,0.5,0.0,96751
16-02-2016,21.9,84.0,0.1,5.2,0.0,96751
17-02-2016,21.6,88.0,4.0,4.5,0.0,96751
18-02-2016,21.1,91.0,4.0,0.4,0.0,96751
19-02-2016,22.0,90.0,6.4,1.9,1.0,96751
23-02-2016,21.4,85.0,42.5,1.5,0.0,96751
24-02-2016,21.2,92.0,0.2,1.6,0.0,96751
25-02-2016,20.8,92.0,13.6,2.7,0.0,96751
26-02-2016,20.1,95.0,9.9,1.0,0.0,96751
27-02-2016,20.1,94.0,16.3,0.0,0.0,96751
28-02-2016,20.7,95.0,7.0,0.3,0.0,96751
29-02-2016,20.5,98.0,9.0,0.0,1.0,96751
02-03-2016,20.4,98.0,21.9,0.0,0.0,96751
03-03-2016,21.5,95.0,22.0,0.0,0.0,96751
04-03-2016,21.1,93.0,14.0,1.7,1.0,96751
05-03-2016,21.0,95.0,32.2,1.2,1.0,96751
07-03-2016,22.8,86.0,6.1,4.5,1.0,96751
08-03-2016,21.7,88.0,40.4,8.3,0.0,96751
10-03-2016,22.4,90.0,29.0,3.0,1.0,96751
13-03-2016,22.3,86.0,9.5,3.3,1.0,96751
14-03-2016,22.4,92.0,19.4,5.1,1.0,96751
16-03-2016,22.7,81.0,0.0,6.4,0.0,96751
18-03-2016,22.9,91.0,43.1,7.5,1.0,96751
19-03-2016,23.0,85.0,0.0,3.2,0.0,96751
20-03-2016,23.4,87.0,0.0,0.8,1.0,96751
21-03-2016,22.1,94.0,3.9,2.5,0.0,96751
22-03-2016,21.6,91.0,1.2,2.5,1.0,96751
24-03-2016,22.7,83.0,6.9,5.4,0.0,96751
26-03-2016,21.7,94.0,14.4,3.3,0.0,96751
27-03-2016,21.7,88.0,22.3,1.7,0.0,96751
29-03-2016,20.8,89.0,21.5,2.4,0.0,96751
30-03-2016,21.4,91.0,45.3,3.1,0.0,96751
01-04-2016,21.6,90.0,1.1,1.7,1.0,96751
02-04-2016,21.3,88.0,27.3,5.5,1.0,96751
03-04-2016,21.9,88.0,51.7,5.4,0.0,96751
04-04-2016,23.0,86.0,6.4,7.0,1.0,96751
05-04-2016,22.1,92.0,3.5,6.7,0.0,96751
06-04-2016,22.2,87.0,46.1,2.1,0.0,96751
07-04-2016,22.6,86.0,18.4,3.7,0.0,96751
08-04-2016,22.4,89.0,9.2,6.3,0.0,96751
12-04-2016,22.6,89.0,14.2,6.7,1.0,96751
14-04-2016,22.9,85.0,2.0,3.4,0.0,96751
15-04-2016,22.0,92.0,1.7,2.8,0.0,96751
17-04-2016,23.3,85.0,1.4,7.0,1.0,96751
18-04-2016,22.8,85.0,17.0,1.9,0.0,96751
19-04-2016,21.9,92.0,9.5,6.2,0.0,96751
20-04-2016,22.3,92.0,18.2,3.4,0.0,96751
21-04-2016,22.4,90.0,17.8,1.5,1.0,96751
23-04-2016,24.0,80.0,1.0,7.0,1.0,96751
24-04-2016,24.0,79.0,1.5,5.9,1.0,96751
26-04-2016,21.4,93.0,23.5,2.9,0.0,96751
27-04-2016,21.5,92.0,3.1,0.0,0.0,96751
29-04-2016,21.0,94.0,47.7,3.7,0.0,96751
30-04-2016,21.8,90.0,20.2,1.2,0.0,96751
01-05-2016,22.6,82.0,28.8,3.0,1.0,96751
02-05-2016,22.6,89.0,0.0,6.0,1.0,96751
03-05-2016,24.1,78.0,19.5,4.7,1.0,96751
04-05-2016,23.9,78.0,0.2,5.8,1.0,96751
06-05-2016,22.9,82.0,0.0,3.1,0.0,96751
09-05-2016,21.7,87.0,4.7,4.0,0.0,96751
10-05-2016,23.6,84.0,12.6,4.8,1.0,96751
13-05-2016,22.9,89.0,42.2,1.8,0.0,96751
14-05-2016,23.7,85.0,1.3,4.3,1.0,96751
15-05-2016,23.7,82.0,0.0,2.6,1.0,96751
16-05-2016,22.4,90.0,10.0,8.0,0.0,96751
17-05-2016,21.8,92.0,0.7,1.3,0.0,96751
18-05-2016,22.9,88.0,23.7,2.1,0.0,96751
19-05-2016,22.9,88.0,0.0,6.8,0.0,96751
20-05-2016,22.9,90.0,2.1,3.5,0.0,96751
21-05-2016,21.6,93.0,17.7,4.8,0.0,96751
23-05-2016,22.5,89.0,14.7,2.2,0.0,96751
24-05-2016,22.0,92.0,3.5,3.3,0.0,96751
25-05-2016,22.6,89.0,4.0,3.0,1.0,96751
28-05-2016,23.6,78.0,0.2,1.9,1.0,96751
31-05-2016,23.3,81.0,0.0,5.4,0.0,96751
02-06-2016,22.7,85.0,0.0,5.7,0.0,96751
03-06-2016,22.1,85.0,0.8,1.2,0.0,96751
04-06-2016,22.8,78.0,0.1,4.8,1.0,96751
07-06-2016,21.9,87.0,0.0,3.0,0.0,96751
08-06-2016,20.9,92.0,38.0,4.4,0.0,96751
09-06-2016,21.6,93.0,13.0,4.4,0.0,96751
10-06-2016,23.0,82.0,5.0,0.8,1.0,96751
13-06-2016,21.8,86.0,0.0,2.7,0.0,96751
14-06-2016,21.7,84.0,0.0,3.0,0.0,96751
15-06-2016,21.2,84.0,0.0,0.9,1.0,96751
16-06-2016,23.2,82.0,0.2,3.7,0.0,96751
17-06-2016,22.9,81.0,0.0,2.4,1.0,96751
18-06-2016,20.5,92.0,80.5,6.6,0.0,96751
19-06-2016,22.2,77.0,8.8,0.0,0.0,96751
22-06-2016,22.5,78.0,0.2,9.0,0.0,96751
23-06-2016,23.1,74.0,0.0,5.0,1.0,96751
24-06-2016,22.0,74.0,0.0,7.0,0.0,96751
25-06-2016,21.5,77.0,0.0,9.2,1.0,96751
26-06-2016,21.3,89.0,0.0,6.9,0.0,96751
27-06-2016,21.0,84.0,10.5,3.8,0.0,96751
29-06-2016,21.4,89.0,0.0,0.0,1.0,96751
30-06-2016,22.2,84.0,44.4,2.5,1.0,96751
01-07-2016,21.3,84.0,1.1,7.3,1.0,96751
02-07-2016,22.7,82.0,1.1,5.0,1.0,96751
04-07-2016,21.9,87.0,55.8,2.6,0.0,96751
06-07-2016,22.1,88.0,1.5,3.3,1.0,96751
07-07-2016,21.6,84.0,0.0,7.7,0.0,96751
09-07-2016,21.9,85.0,14.6,5.6,0.0,96751
12-07-2016,21.7,89.0,10.6,6.7,0.0,96751
14-07-2016,22.0,90.0,0.6,5.7,1.0,96751
15-07-2016,23.1,78.0,0.0,4.8,1.0,96751
16-07-2016,21.2,89.0,0.7,7.6,0.0,96751
17-07-2016,20.9,92.0,22.3,3.7,0.0,96751
18-07-2016,20.8,91.0,12.0,3.0,0.0,96751
19-07-2016,20.7,90.0,25.4,3.7,0.0,96751
21-07-2016,21.6,86.0,0.0,4.8,1.0,96751
22-07-2016,19.7,91.0,16.8,7.4,0.0,96751
23-07-2016,20.8,87.0,55.3,1.7,0.0,96751
24-07-2016,21.0,88.0,2.5,3.9,0.0,96751
25-07-2016,21.5,87.0,2.8,4.0,0.0,96751
26-07-2016,21.7,74.0,0.0,6.0,0.0,96751
27-07-2016,22.2,75.0,0.0,8.3,1.0,96751
28-07-2016,21.4,83.0,0.0,9.5,0.0,96751
30-07-2016,20.9,85.0,1.1,4.6,0.0,96751
31-07-2016,21.6,81.0,1.0,5.1,1.0,96751
01-08-2016,22.0,86.0,0.0,5.8,1.0,96751
02-08-2016,20.7,73.0,0.1,6.5,1.0,96751
03-08-2016,20.6,76.0,0.0,8.5,0.0,96751
05-08-2016,20.9,79.0,0.0,7.3,1.0,96751
07-08-2016,21.4,83.0,0.0,8.8,1.0,96751
08-08-2016,21.9,91.0,0.2,2.4,0.0,96751
09-08-2016,22.1,78.0,6.8,1.4,1.0,96751
10-08-2016,21.5,74.0,0.8,6.2,1.0,96751
11-08-2016,21.6,88.0,0.2,6.7,0.0,96751
13-08-2016,21.2,95.0,11.0,3.8,0.0,96751
14-08-2016,20.6,91.0,14.0,0.0,0.0,96751
15-08-2016,21.2,91.0,7.0,0.1,1.0,96751
16-08-2016,20.9,87.0,0.0,2.2,0.0,96751
18-08-2016,21.6,92.0,2.7,6.7,0.0,96751
19-08-2016,21.5,86.0,1.0,1.5,1.0,96751
20-08-2016,21.6,83.0,0.0,7.8,1.0,96751
23-08-2016,21.5,86.0,0.0,5.8,1.0,96751
25-08-2016,20.4,85.0,0.8,6.4,0.0,96751
26-08-2016,21.4,86.0,3.8,3.2,1.0,96751
28-08-2016,21.5,87.0,9.1,5.6,0.0,96751
30-08-2016,21.1,91.0,10.0,0.5,0.0,96751
31-08-2016,21.0,90.0,11.6,1.8,0.0,96751
01-09-2016,21.7,90.0,7.6,5.3,0.0,96751
02-09-2016,21.5,92.0,6.5,5.5,0.0,96751
04-09-2016,22.1,87.0,45.0,4.6,1.0,96751
05-09-2016,21.9,86.0,18.4,7.0,0.0,96751
06-09-2016,21.6,86.0,0.0,3.4,0.0,96751
07-09-2016,21.2,89.0,2.5,6.0,1.0,96751
08-09-2016,20.8,91.0,22.0,4.1,0.0,96751
09-09-2016,21.6,73.0,15.5,1.3,0.0,96751
11-09-2016,21.4,89.0,16.4,3.3,0.0,96751
13-09-2016,21.9,80.0,0.4,5.9,1.0,96751
15-09-2016,21.2,90.0,39.6,4.5,0.0,96751
18-09-2016,21.1,94.0,0.1,1.9,0.0,96751
19-09-2016,21.1,92.0,48.1,2.2,0.0,96751
20-09-2016,22.0,89.0,20.7,1.5,0.0,96751
22-09-2016,22.0,90.0,7.2,1.2,0.0,96751
23-09-2016,21.0,90.0,11.0,0.2,0.0,96751
24-09-2016,21.5,90.0,0.4,2.5,0.0,96751
25-09-2016,22.0,87.0,22.8,1.6,0.0,96751
26-09-2016,22.5,79.0,22.7,2.2,0.0,96751
29-09-2016,21.5,91.0,14.8,1.0,0.0,96751
30-09-2016,20.9,93.0,9.5,2.1,0.0,96751
01-10-2016,21.9,86.0,20.7,0.4,0.0,96751
02-10-2016,21.4,87.0,0.5,7.3,1.0,96751
03-10-2016,22.3,78.0,6.1,0.6,0.0,96751
04-10-2016,20.6,92.0,0.8,2.7,0.0,96751
05-10-2016,21.0,91.0,32.2,2.5,0.0,96751
06-10-2016,21.1,93.0,5.8,2.5,0.0,96751
07-10-2016,22.2,87.0,2.7,5.2,1.0,96751
08-10-2016,20.6,95.0,32.7,8.1,0.0,96751
10-10-2016,20.0,97.0,18.9,1.4,0.0,96751
11-10-2016,20.9,92.0,69.0,0.3,0.0,96751
12-10-2016,22.4,87.0,1.0,1.1,0.0,96751
13-10-2016,21.9,87.0,4.4,0.7,0.0,96751
17-10-2016,22.1,73.0,0.0,0.0,1.0,96751
18-10-2016,21.9,90.0,0.6,6.2,0.0,96751
19-10-2016,22.2,90.0,16.2,3.2,0.0,96751
20-10-2016,22.1,83.0,0.4,3.5,0.0,96751
21-10-2016,21.8,89.0,0.4,4.2,0.0,96751
23-10-2016,20.5,96.0,14.1,1.2,0.0,96751
24-10-2016,22.1,86.0,12.3,0.1,0.0,96751
25-10-2016,21.6,88.0,6.2,2.7,0.0,96751
26-10-2016,21.2,87.0,14.9,6.3,0.0,96751
27-10-2016,21.2,92.0,2.7,4.1,0.0,96751
28-10-2016,20.3,93.0,16.6,1.0,0.0,96751
30-10-2016,20.7,89.0,9.6,3.9,0.0,96751
31-10-2016,21.6,86.0,38.0,1.2,0.0,96751
01-11-2016,21.5,90.0,2.5,5.0,0.0,96751
02-11-2016,21.4,86.0,3.1,2.5,0.0,96751
03-11-2016,21.0,92.0,2.4,2.2,0.0,96751
04-11-2016,22.5,83.0,3.4,1.2,0.0,96751
05-11-2016,22.4,84.0,0.4,2.0,0.0,96751
06-11-2016,22.0,88.0,0.8,4.0,0.0,96751
07-11-2016,22.7,89.0,78.4,3.8,0.0,96751
08-11-2016,21.5,89.0,3.5,5.5,0.0,96751
09-11-2016,21.3,88.0,41.3,2.8,0.0,96751
10-11-2016,21.9,80.0,0.8,1.9,1.0,96751
11-11-2016,21.4,88.0,16.7,4.3,0.0,96751
12-11-2016,21.5,92.0,13.1,2.7,0.0,96751
13-11-2016,21.6,95.0,2.3,1.6,0.0,96751
14-11-2016,21.6,88.0,15.3,0.1,0.0,96751
15-11-2016,21.9,86.0,2.4,0.7,0.0,96751
16-11-2016,21.3,86.0,8.4,0.4,0.0,96751
17-11-2016,22.2,89.0,14.9,3.1,0.0,96751
18-11-2016,20.9,94.0,16.9,4.5,0.0,96751
19-11-2016,21.9,89.0,15.4,2.3,0.0,96751
20-11-2016,21.9,92.0,1.4,4.4,0.0,96751
21-11-2016,21.2,94.0,11.9,2.5,0.0,96751
22-11-2016,20.7,89.0,9.4,0.5,0.0,96751
23-11-2016,21.6,88.0,12.5,2.5,0.0,96751
24-11-2016,22.5,86.0,11.0,3.1,1.0,96751
25-11-2016,21.2,89.0,1.0,3.4,0.0,96751
27-11-2016,22.4,87.0,17.5,2.6,0.0,96751
28-11-2016,21.2,93.0,1.7,3.2,0.0,96751
29-11-2016,21.8,90.0,1.2,0.0,0.0,96751
01-12-2016,21.9,84.0,3.6,0.0,2.0,96751
02-12-2016,20.7,91.0,9.0,0.2,2.0,96751
03-12-2016,23.2,74.0,12.5,0.0,2.0,96751
05-12-2016,21.1,88.0,13.1,1.0,1.0,96751
06-12-2016,20.7,95.0,2.2,0.5,1.0,96751
07-12-2016,21.1,93.0,0.1,0.0,1.0,96751
08-12-2016,21.3,92.0,0.9,0.1,1.0,96751
10-12-2016,21.9,85.0,3.8,2.8,1.0,96751
11-12-2016,20.9,86.0,3.1,5.0,1.0,96751
12-12-2016,21.0,90.0,36.0,0.3,1.0,96751
13-12-2016,21.4,87.0,0.8,0.0,1.0,96751
14-12-2016,20.6,87.0,2.6,0.1,1.0,96751
15-12-2016,21.9,81.0,17.1,1.2,1.0,96751
19-12-2016,20.7,92.0,2.4,2.3,2.0,96751
20-12-2016,22.7,72.0,11.1,0.0,1.0,96751
21-12-2016,22.5,72.0,0.0,8.2,1.0,96751
22-12-2016,23.0,75.0,0.2,6.4,1.0,96751
23-12-2016,23.0,78.0,0.4,7.5,2.0,96751
26-12-2016,22.1,82.0,2.5,0.1,1.0,96751
28-12-2016,23.2,78.0,0.8,1.4,1.0,96751
29-12-2016,21.3,88.0,0.1,3.2,1.0,96751
30-12-2016,21.3,85.0,0.2,2.7,1.0,96751
31-12-2016,21.4,86.0,9.3,1.0,0.0,96751
01-01-2017,22.2,78.0,14.7,3.4,1.0,96751
02-01-2017,21.6,82.0,2.1,6.3,1.0,96751
03-01-2017,23.4,76.0,2.3,4.8,1.0,96751
04-01-2017,20.9,87.0,14.0,2.2,1.0,96751
05-01-2017,21.4,89.0,4.2,0.6,1.0,96751
06-01-2017,21.3,87.0,30.6,0.0,1.0,96751
07-01-2017,21.7,84.0,3.9,2.8,1.0,96751
08-01-2017,21.7,85.0,0.0,1.7,1.0,96751
10-01-2017,21.4,92.0,4.0,2.1,0.0,96751
11-01-2017,21.2,92.0,5.0,0.0,1.0,96751
12-01-2017,21.2,91.0,20.9,0.8,1.0,96751
13-01-2017,22.5,83.0,2.0,2.2,1.0,96751
14-01-2017,20.5,88.0,3.0,1.8,2.0,96751
15-01-2017,22.2,76.0,16.5,0.0,1.0,96751
16-01-2017,20.4,89.0,1.7,2.1,1.0,96751
17-01-2017,20.9,87.0,6.5,0.0,1.0,96751
18-01-2017,20.7,89.0,5.4,2.7,1.0,96751
21-01-2017,21.9,83.0,1.8,6.7,1.0,96751
22-01-2017,20.5,88.0,7.1,3.0,1.0,96751
23-01-2017,21.9,86.0,58.4,3.1,1.0,96751
24-01-2017,20.8,91.0,1.1,5.1,1.0,96751
25-01-2017,21.6,80.0,12.7,2.5,1.0,96751
27-01-2017,21.3,89.0,0.0,0.0,1.0,96751
28-01-2017,20.4,92.0,7.7,0.0,0.0,96751
29-01-2017,19.5,97.0,9.5,0.4,1.0,96751
30-01-2017,20.1,92.0,19.3,0.0,1.0,96751
31-01-2017,20.2,94.0,6.6,0.0,1.0,96751
01-02-2017,19.4,94.0,51.5,0.2,1.0,96751
02-02-2017,20.3,86.0,10.4,0.0,1.0,96751
03-02-2017,20.5,85.0,1.4,0.1,1.0,96751
04-02-2017,19.8,96.0,24.6,0.0,2.0,96751
05-02-2017,21.8,82.0,28.2,0.0,2.0,96751
06-02-2017,21.2,88.0,45.4,5.1,1.0,96751
07-02-2017,20.9,84.0,3.3,0.4,2.0,96751
08-02-2017,19.3,99.0,20.4,1.7,1.0,96751
09-02-2017,19.0,98.0,50.4,0.0,1.0,96751
10-02-2017,19.4,99.0,31.3,0.0,1.0,96751
11-02-2017,19.2,99.0,39.0,0.0,1.0,96751
12-02-2017,19.6,100.0,63.7,0.0,1.0,96751
13-02-2017,20.2,95.0,34.8,0.0,1.0,96751
14-02-2017,20.1,97.0,4.8,0.0,1.0,96751
15-02-2017,19.6,98.0,36.3,0.0,0.0,96751
16-02-2017,19.2,96.0,44.0,0.0,0.0,96751
17-02-2017,20.5,96.0,27.5,0.0,1.0,96751
18-02-2017,20.7,89.0,2.0,1.5,1.0,96751
19-02-2017,20.6,96.0,0.0,1.1,1.0,96751
20-02-2017,20.1,97.0,4.5,1.4,0.0,96751
21-02-2017,20.3,92.0,32.2,0.0,0.0,96751
22-02-2017,20.2,93.0,7.0,0.0,0.0,96751
23-02-2017,21.3,88.0,28.8,3.4,1.0,96751
24-02-2017,21.1,89.0,10.0,3.0,1.0,96751
25-02-2017,20.4,91.0,38.2,2.6,0.0,96751
26-02-2017,21.5,89.0,20.0,3.5,1.0,96751
27-02-2017,20.5,92.0,11.4,4.6,1.0,96751
28-02-2017,20.3,94.0,17.4,2.8,0.0,96751
01-03-2017,21.0,94.0,0.9,1.5,0.0,96751
02-03-2017,20.6,92.0,14.0,1.9,0.0,96751
03-03-2017,21.1,91.0,2.1,2.3,0.0,96751
04-03-2017,20.8,89.0,4.2,3.0,0.0,96751
05-03-2017,21.7,85.0,21.3,4.9,1.0,96751
06-03-2017,21.5,94.0,9.0,7.0,0.0,96751
07-03-2017,20.6,91.0,21.9,0.9,1.0,96751
08-03-2017,22.2,79.0,66.2,1.2,0.0,96751
09-03-2017,21.9,77.0,21.0,5.6,0.0,96751
10-03-2017,20.9,92.0,0.2,5.6,0.0,96751
11-03-2017,21.1,85.0,11.4,2.3,1.0,96751
12-03-2017,21.9,75.0,0.7,6.9,1.0,96751
13-03-2017,23.3,70.0,1.0,4.7,0.0,96751
14-03-2017,22.3,80.0,0.0,7.9,0.0,96751
15-03-2017,21.4,86.0,0.3,1.2,0.0,96751
16-03-2017,21.5,88.0,8.7,2.3,0.0,96751
17-03-2017,21.8,86.0,0.1,4.3,0.0,96751
18-03-2017,20.6,95.0,22.2,4.5,0.0,96751
19-03-2017,21.9,78.0,16.7,0.0,0.0,96751
21-03-2017,21.6,84.0,7.3,0.0,0.0,96751
22-03-2017,21.1,94.0,10.4,3.3,0.0,96751
23-03-2017,21.7,93.0,11.3,0.0,0.0,96751
24-03-2017,21.6,87.0,0.3,0.0,0.0,96751
25-03-2017,22.1,88.0,18.2,5.0,0.0,96751
26-03-2017,21.4,87.0,0.0,1.5,0.0,96751
27-03-2017,20.7,88.0,8.0,0.2,0.0,96751
28-03-2017,21.9,83.0,4.3,4.6,0.0,96751
29-03-2017,21.8,85.0,0.0,7.5,0.0,96751
30-03-2017,21.7,86.0,0.7,4.1,0.0,96751
31-03-2017,21.6,89.0,1.3,6.5,0.0,96751
01-04-2017,21.8,88.0,1.1,0.0,0.0,96751
02-04-2017,20.9,91.0,6.2,2.7,0.0,96751
03-04-2017,20.6,89.0,34.6,2.4,0.0,96751
04-04-2017,20.7,90.0,0.7,0.7,0.0,96751
05-04-2017,21.8,87.0,2.0,3.4,1.0,96751
06-04-2017,21.8,85.0,0.8,5.5,1.0,96751
07-04-2017,22.0,84.0,0.0,4.2,0.0,96751
08-04-2017,21.6,85.0,2.7,1.0,1.0,96751
09-04-2017,21.7,84.0,0.1,1.0,1.0,96751
10-04-2017,21.7,85.0,6.8,3.8,0.0,96751
11-04-2017,21.7,90.0,36.7,6.0,0.0,96751
12-04-2017,21.7,90.0,11.4,2.2,0.0,96751
13-04-2017,22.1,91.0,12.5,1.6,0.0,96751
14-04-2017,22.3,89.0,39.2,3.5,0.0,96751
15-04-2017,22.1,90.0,0.0,5.0,0.0,96751
16-04-2017,21.5,92.0,34.5,2.8,0.0,96751
17-04-2017,22.5,83.0,24.9,1.9,0.0,96751
18-04-2017,22.0,82.0,0.0,5.6,1.0,96751
19-04-2017,20.9,90.0,31.0,6.6,0.0,96751
20-04-2017,22.2,85.0,51.6,3.7,0.0,96751
21-04-2017,22.5,87.0,0.2,5.5,0.0,96751
22-04-2017,21.1,91.0,5.2,3.0,0.0,96751
23-04-2017,21.5,85.0,35.3,1.8,1.0,96751
24-04-2017,22.5,84.0,5.5,5.6,0.0,96751
25-04-2017,22.7,81.0,0.4,5.2,0.0,96751
26-04-2017,20.7,93.0,19.4,5.1,0.0,96751
27-04-2017,21.4,88.0,13.1,0.5,0.0,96751
28-04-2017,21.6,86.0,22.5,1.0,0.0,96751
29-04-2017,22.1,80.0,1.0,5.0,0.0,96751
30-04-2017,22.1,83.0,1.4,5.7,0.0,96751
01-05-2017,21.5,88.0,1.0,4.5,0.0,96751
02-05-2017,20.1,94.0,48.5,3.5,0.0,96751
03-05-2017,22.1,92.0,34.2,2.2,0.0,96751
04-05-2017,21.6,94.0,31.6,0.9,0.0,96751
05-05-2017,21.2,93.0,10.6,3.2,0.0,96751
06-05-2017,20.9,90.0,18.5,2.1,0.0,96751
07-05-2017,21.0,92.0,16.5,0.2,0.0,96751
08-05-2017,21.2,91.0,1.8,0.0,0.0,96751
09-05-2017,21.3,91.0,27.9,3.0,0.0,96751
11-05-2017,21.1,89.0,13.3,0.0,0.0,96751
12-05-2017,21.7,88.0,0.0,3.2,0.0,96751
13-05-2017,21.9,86.0,0.3,3.9,0.0,96751
14-05-2017,23.1,81.0,0.3,3.2,1.0,96751
15-05-2017,22.8,85.0,0.0,6.6,1.0,96751
16-05-2017,22.5,85.0,0.0,3.0,0.0,96751
18-05-2017,22.5,82.0,0.0,5.4,1.0,96751
19-05-2017,22.3,82.0,0.0,5.5,0.0,96751
20-05-2017,21.9,83.0,0.0,3.8,1.0,96751
21-05-2017,22.6,83.0,0.0,4.6,1.0,96751
23-05-2017,22.4,83.0,0.0,7.3,0.0,96751
24-05-2017,22.0,86.0,0.3,5.5,0.0,96751
25-05-2017,22.2,87.0,15.8,4.8,1.0,96751
26-05-2017,22.4,73.0,0.0,6.6,0.0,96751
27-05-2017,22.8,83.0,0.0,8.0,1.0,96751
28-05-2017,21.6,91.0,0.0,4.4,1.0,96751
29-05-2017,22.1,85.0,4.8,1.2,0.0,96751
30-05-2017,22.6,81.0,0.5,0.0,1.0,96751
31-05-2017,23.5,81.0,0.0,3.0,0.0,96751
01-06-2017,21.3,91.0,7.2,5.5,0.0,96751
02-06-2017,21.9,86.0,9.3,1.1,0.0,96751
03-06-2017,21.9,83.0,0.0,2.3,1.0,96751
04-06-2017,22.0,89.0,0.8,5.3,1.0,96751
05-06-2017,21.5,90.0,4.0,4.5,0.0,96751
06-06-2017,21.7,90.0,30.7,3.0,0.0,96751
07-06-2017,22.4,80.0,0.0,2.5,1.0,96751
08-06-2017,23.0,74.0,0.0,8.2,1.0,96751
09-06-2017,22.5,72.0,0.0,8.2,0.0,96751
10-06-2017,22.0,88.0,0.4,7.0,0.0,96751
11-06-2017,21.9,88.0,0.2,1.9,0.0,96751
12-06-2017,22.0,88.0,2.9,0.7,0.0,96751
14-06-2017,21.6,91.0,0.2,2.1,0.0,96751
15-06-2017,21.3,90.0,8.4,2.5,1.0,96751
16-06-2017,23.7,72.0,0.0,2.5,1.0,96751
17-06-2017,21.9,83.0,0.0,8.5,0.0,96751
18-06-2017,21.4,85.0,0.0,6.6,0.0,96751
19-06-2017,20.8,84.0,1.2,5.4,1.0,96751
20-06-2017,21.9,76.0,0.0,8.0,0.0,96751
21-06-2017,21.2,81.0,0.0,1.6,0.0,96751
22-06-2017,21.1,90.0,0.0,4.0,0.0,96751
23-06-2017,20.6,91.0,5.4,1.8,0.0,96751
24-06-2017,20.8,86.0,0.3,1.0,1.0,96751
26-06-2017,21.3,84.0,2.0,5.4,2.0,96751
27-06-2017,21.6,88.0,12.4,2.3,1.0,96751
28-06-2017,20.8,90.0,0.0,3.1,0.0,96751
29-06-2017,21.1,89.0,10.6,3.1,0.0,96751
30-06-2017,20.4,94.0,34.8,2.3,1.0,96751
01-07-2017,21.3,81.0,5.2,1.2,0.0,96751
02-07-2017,21.8,87.0,0.0,4.8,0.0,96751
03-07-2017,21.3,89.0,0.0,5.7,0.0,96751
04-07-2017,21.7,87.0,8.6,3.6,0.0,96751
05-07-2017,21.4,87.0,3.3,5.8,1.0,96751
06-07-2017,21.4,85.0,0.4,5.4,0.0,96751
07-07-2017,21.5,83.0,0.0,7.4,0.0,96751
08-07-2017,21.6,86.0,0.0,7.2,0.0,96751
12-07-2017,20.7,82.0,0.0,4.6,0.0,96751
13-07-2017,21.6,87.0,0.0,5.4,0.0,96751
14-07-2017,21.3,87.0,0.0,2.9,0.0,96751
15-07-2017,20.7,88.0,0.0,0.7,0.0,96751
16-07-2017,20.6,82.0,0.0,0.9,0.0,96751
17-07-2017,20.7,79.0,0.0,4.5,0.0,96751
18-07-2017,20.6,84.0,0.0,5.7,0.0,96751
21-07-2017,22.1,83.0,0.0,5.2,0.0,96751
22-07-2017,20.9,88.0,0.1,4.8,0.0,96751
23-07-2017,21.1,94.0,1.1,4.1,0.0,96751
24-07-2017,21.8,90.0,28.2,1.4,1.0,96751
25-07-2017,21.6,82.0,0.0,4.2,0.0,96751
26-07-2017,20.5,78.0,0.0,8.4,0.0,96751
27-07-2017,20.6,85.0,0.0,9.3,0.0,96751
28-07-2017,22.2,82.0,37.9,4.4,1.0,96751
29-07-2017,21.6,92.0,1.0,4.5,1.0,96751
30-07-2017,21.8,89.0,1.0,2.2,0.0,96751
02-08-2017,20.9,75.0,0.0,8.9,1.0,96751
03-08-2017,20.5,81.0,0.0,6.8,0.0,96751
04-08-2017,20.7,77.0,0.0,7.8,0.0,96751
05-08-2017,21.3,74.0,0.0,6.7,1.0,96751
06-08-2017,21.5,80.0,0.0,6.5,1.0,96751
07-08-2017,21.5,84.0,0.0,7.3,1.0,96751
08-08-2017,21.1,79.0,0.0,8.2,0.0,96751
09-08-2017,21.5,83.0,4.6,5.1,1.0,96751
10-08-2017,21.7,87.0,24.0,4.9,0.0,96751
11-08-2017,21.1,90.0,1.9,5.7,0.0,96751
12-08-2017,21.3,89.0,2.0,3.5,0.0,96751
13-08-2017,21.4,87.0,0.0,2.5,0.0,96751
14-08-2017,21.6,84.0,0.0,4.5,1.0,96751
16-08-2017,20.7,78.0,0.0,7.7,1.0,96751
17-08-2017,21.1,78.0,0.0,6.7,1.0,96751
18-08-2017,21.7,82.0,0.0,8.0,0.0,96751
19-08-2017,22.1,85.0,0.0,1.9,1.0,96751
20-08-2017,21.8,86.0,0.0,4.0,0.0,96751
21-08-2017,21.7,83.0,0.0,3.5,0.0,96751
22-08-2017,20.7,81.0,0.0,6.5,1.0,96751
23-08-2017,21.9,79.0,0.0,5.1,1.0,96751
24-08-2017,22.2,78.0,0.0,8.0,1.0,96751
25-08-2017,21.7,79.0,0.0,7.0,1.0,96751
26-08-2017,22.8,71.0,0.0,9.4,1.0,96751
27-08-2017,21.8,66.0,0.0,6.6,1.0,96751
28-08-2017,22.7,63.0,0.0,10.0,1.0,96751
29-08-2017,21.4,81.0,0.0,8.8,1.0,96751
30-08-2017,21.4,88.0,16.8,5.5,1.0,96751
31-08-2017,21.2,83.0,0.0,6.4,0.0,96751
01-09-2017,21.6,82.0,0.0,5.9,1.0,96751
02-09-2017,21.4,81.0,0.0,6.1,0.0,96751
03-09-2017,21.6,82.0,0.0,7.0,0.0,96751
04-09-2017,22.2,81.0,0.0,7.5,0.0,96751
05-09-2017,21.6,85.0,0.0,6.0,0.0,96751
06-09-2017,21.1,91.0,0.0,4.8,1.0,96751
07-09-2017,21.6,82.0,0.6,5.5,1.0,96751
09-09-2017,22.6,80.0,0.0,8.8,1.0,96751
10-09-2017,21.9,85.0,0.2,8.4,0.0,96751
11-09-2017,21.8,81.0,2.1,7.0,0.0,96751
12-09-2017,21.2,82.0,0.0,9.3,0.0,96751
13-09-2017,21.6,77.0,0.0,5.6,1.0,96751
14-09-2017,21.3,83.0,0.0,8.3,0.0,96751
15-09-2017,22.4,82.0,0.0,4.7,1.0,96751
16-09-2017,22.7,80.0,0.0,7.2,1.0,96751
17-09-2017,23.1,74.0,0.0,8.3,1.0,96751
18-09-2017,24.0,64.0,0.0,9.1,1.0,96751
19-09-2017,22.0,84.0,0.0,7.1,0.0,96751
20-09-2017,21.4,84.0,0.0,5.4,0.0,96751
21-09-2017,21.3,74.0,0.0,5.5,1.0,96751
22-09-2017,22.6,70.0,0.0,8.0,1.0,96751
23-09-2017,22.5,75.0,0.0,7.9,1.0,96751
24-09-2017,21.0,88.0,0.0,6.4,0.0,96751
25-09-2017,20.8,93.0,5.2,0.6,0.0,96751
26-09-2017,22.3,83.0,3.9,2.7,1.0,96751
27-09-2017,20.7,92.0,1.7,5.1,0.0,96751
28-09-2017,22.6,84.0,8.6,0.0,1.0,96751
29-09-2017,21.4,85.0,0.0,5.6,0.0,96751
30-09-2017,21.8,87.0,11.4,5.4,1.0,96751
02-10-2017,20.9,94.0,7.9,3.1,0.0,96751
03-10-2017,20.9,89.0,22.5,3.0,0.0,96751
04-10-2017,21.3,88.0,13.4,3.9,1.0,96751
05-10-2017,21.7,90.0,26.9,6.8,0.0,96751
06-10-2017,23.0,86.0,0.3,6.5,1.0,96751
07-10-2017,21.2,86.0,0.0,9.1,0.0,96751
08-10-2017,21.8,85.0,40.3,5.5,0.0,96751
09-10-2017,21.1,89.0,2.6,6.2,0.0,96751
10-10-2017,21.0,95.0,32.0,3.6,0.0,96751
11-10-2017,22.2,86.0,6.1,0.6,1.0,96751
12-10-2017,20.9,95.0,26.3,5.5,0.0,96751
13-10-2017,21.8,85.0,3.0,1.9,0.0,96751
14-10-2017,21.8,86.0,0.9,6.3,0.0,96751
15-10-2017,22.2,82.0,0.0,7.5,1.0,96751
16-10-2017,21.1,89.0,0.4,6.9,0.0,96751
17-10-2017,21.1,91.0,3.8,0.6,0.0,96751
18-10-2017,21.9,91.0,11.9,1.1,0.0,96751
19-10-2017,20.1,91.0,33.3,1.5,0.0,96751
20-10-2017,21.3,90.0,18.7,3.2,0.0,96751
21-10-2017,22.9,87.0,15.5,4.1,0.0,96751
22-10-2017,22.9,84.0,0.5,5.5,0.0,96751
23-10-2017,21.8,83.0,0.0,7.0,0.0,96751
25-10-2017,21.7,86.0,0.3,6.6,0.0,96751
26-10-2017,21.6,90.0,60.0,4.0,0.0,96751
27-10-2017,21.9,86.0,1.3,5.0,0.0,96751
28-10-2017,21.6,95.0,0.6,3.5,0.0,96751
29-10-2017,22.1,83.0,22.9,0.7,1.0,96751
30-10-2017,21.6,85.0,0.0,4.2,0.0,96751
31-10-2017,22.0,83.0,16.0,5.6,0.0,96751
01-11-2017,22.3,76.0,11.3,5.0,0.0,96751
02-11-2017,21.9,83.0,0.0,7.9,0.0,96751
03-11-2017,22.2,82.0,0.0,5.6,1.0,96751
05-11-2017,21.5,91.0,7.8,1.9,0.0,96751
06-11-2017,21.7,90.0,18.9,3.8,0.0,96751
07-11-2017,21.4,88.0,35.7,3.6,0.0,96751
08-11-2017,21.8,84.0,7.5,0.6,0.0,96751
09-11-2017,20.7,92.0,17.5,4.1,0.0,96751
10-11-2017,20.8,88.0,15.6,0.7,0.0,96751
11-11-2017,21.8,85.0,34.5,2.8,0.0,96751
12-11-2017,21.1,89.0,7.9,5.0,0.0,96751
13-11-2017,21.3,88.0,3.3,2.9,0.0,96751
14-11-2017,22.4,84.0,2.5,1.2,0.0,96751
15-11-2017,21.6,90.0,14.6,1.0,0.0,96751
17-11-2017,20.6,92.0,57.7,3.4,0.0,96751
18-11-2017,21.0,92.0,90.0,1.2,0.0,96751
19-11-2017,21.0,88.0,1.6,0.5,0.0,96751
20-11-2017,21.6,81.0,4.0,0.8,0.0,96751
21-11-2017,21.8,86.0,0.0,8.1,0.0,96751
22-11-2017,21.9,91.0,11.6,0.1,0.0,96751
23-11-2017,22.1,80.0,0.1,2.4,0.0,96751
24-11-2017,22.0,79.0,0.0,8.2,1.0,96751
25-11-2017,22.9,72.0,0.0,6.2,0.0,96751
27-11-2017,21.8,86.0,21.5,2.0,0.0,96751
28-11-2017,21.0,88.0,44.5,0.0,1.0,96751
29-11-2017,21.4,84.0,2.7,0.0,2.0,96751
30-11-2017,19.2,98.0,10.0,0.3,2.0,96751
01-12-2017,20.1,94.0,41.0,0.0,1.0,96751
02-12-2017,22.0,78.0,10.7,0.0,2.0,96751
03-12-2017,22.8,84.0,0.0,3.3,1.0,96751
04-12-2017,22.5,79.0,0.0,8.6,1.0,96751
05-12-2017,22.5,74.0,0.0,7.6,1.0,96751
06-12-2017,22.4,76.0,0.0,3.6,0.0,96751
07-12-2017,22.6,83.0,1.5,6.1,0.0,96751
08-12-2017,22.3,87.0,3.5,5.6,0.0,96751
09-12-2017,21.6,86.0,5.1,4.3,0.0,96751
10-12-2017,23.2,80.0,14.6,2.8,1.0,96751
11-12-2017,20.4,93.0,0.2,2.3,0.0,96751
12-12-2017,20.9,89.0,48.2,0.2,0.0,96751
13-12-2017,20.4,94.0,36.4,0.3,0.0,96751
14-12-2017,20.7,91.0,5.6,0.1,0.0,96751
15-12-2017,21.3,90.0,3.4,0.0,0.0,96751
16-12-2017,20.1,91.0,6.2,1.9,0.0,96751
17-12-2017,21.0,89.0,2.7,3.1,0.0,96751
18-12-2017,20.6,90.0,20.6,0.3,0.0,96751
19-12-2017,19.8,98.0,23.4,3.0,0.0,96751
20-12-2017,19.5,96.0,32.2,0.0,1.0,96751
21-12-2017,20.0,92.0,11.4,0.0,0.0,96751
22-12-2017,21.8,88.0,36.8,0.0,1.0,96751
25-12-2017,20.8,66.0,0.0,6.8,1.0,96751
26-12-2017,21.7,81.0,0.0,8.1,1.0,96751
27-12-2017,21.5,83.0,0.0,3.5,0.0,96751
28-12-2017,21.1,78.0,0.2,0.5,1.0,96751
29-12-2017,21.3,78.0,0.0,4.2,0.0,96751
30-12-2017,21.9,90.0,10.0,5.8,0.0,96751
31-12-2017,22.4,82.0,7.0,2.6,0.0,96751
02-01-2018,21.8,81.0,0.6,6.8,0.0,96751
03-01-2018,21.0,88.0,0.5,0.0,0.0,96751
04-01-2018,22.2,87.0,20.0,2.0,0.0,96751
05-01-2018,22.0,80.0,0.4,2.9,0.0,96751
06-01-2018,21.7,82.0,21.2,0.0,1.0,96751
08-01-2018,22.0,83.0,5.3,0.0,0.0,96751
09-01-2018,21.0,88.0,22.2,5.4,0.0,96751
10-01-2018,21.7,84.0,7.2,2.0,0.0,96751
11-01-2018,21.0,70.0,0.1,5.2,0.0,96751
12-01-2018,21.3,76.0,6.1,0.7,1.0,96751
13-01-2018,21.0,84.0,1.0,0.7,1.0,96751
14-01-2018,19.7,92.0,15.1,0.4,1.0,96751
15-01-2018,20.3,89.0,9.5,0.1,1.0,96751
16-01-2018,18.5,97.0,17.1,3.1,1.0,96751
17-01-2018,20.0,85.0,8.4,0.0,1.0,96751
18-01-2018,21.1,85.0,1.6,0.0,1.0,96751
19-01-2018,20.6,87.0,1.5,0.2,1.0,96751
20-01-2018,21.5,80.0,2.3,0.9,1.0,96751
21-01-2018,21.0,84.0,1.6,0.6,1.0,96751
22-01-2018,20.1,96.0,21.2,0.1,1.0,96751
23-01-2018,20.4,89.0,39.4,0.0,1.0,96751
24-01-2018,21.6,85.0,14.0,1.5,1.0,96751
25-01-2018,20.2,88.0,13.7,3.6,1.0,96751
26-01-2018,19.9,94.0,11.3,0.0,1.0,96751
27-01-2018,20.3,90.0,30.6,0.0,2.0,96751
28-01-2018,19.1,99.0,3.8,1.7,1.0,96751
29-01-2018,20.8,85.0,17.4,0.0,1.0,96751
30-01-2018,20.3,92.0,4.5,2.9,1.0,96751
31-01-2018,20.1,94.0,35.5,0.1,0.0,96751
02-02-2018,21.8,82.0,1.3,1.7,1.0,96751
03-02-2018,20.6,94.0,24.7,6.1,0.0,96751
04-02-2018,20.5,97.0,26.7,0.0,1.0,96751
05-02-2018,19.0,98.0,152.0,0.0,1.0,96751
06-02-2018,19.1,98.0,164.1,0.0,1.0,96751
07-02-2018,20.2,95.0,46.5,0.0,0.0,96751
12-02-2018,19.9,97.0,15.1,0.2,1.0,96751
13-02-2018,19.6,96.0,18.7,0.0,0.0,96751
14-02-2018,20.1,93.0,3.4,0.0,0.0,96751
15-02-2018,20.3,90.0,33.6,1.9,0.0,96751
16-02-2018,20.8,91.0,18.4,0.0,1.0,96751
17-02-2018,21.8,78.0,4.6,1.1,0.0,96751
18-02-2018,21.0,86.0,0.2,8.3,0.0,96751
19-02-2018,21.2,89.0,0.8,4.5,0.0,96751
20-02-2018,20.5,90.0,31.5,3.3,1.0,96751
21-02-2018,21.4,88.0,8.6,5.2,0.0,96751
22-02-2018,21.5,86.0,7.5,3.3,1.0,96751
23-02-2018,20.9,89.0,2.4,6.9,1.0,96751
24-02-2018,20.7,91.0,5.6,3.2,0.0,96751
25-02-2018,20.7,90.0,8.0,3.5,0.0,96751
26-02-2018,20.8,92.0,21.5,4.6,0.0,96751
27-02-2018,20.4,96.0,33.0,0.6,0.0,96751
28-02-2018,21.0,92.0,43.3,1.8,0.0,96751
01-03-2018,20.6,91.0,6.0,0.5,0.0,96751
02-03-2018,22.0,86.0,18.1,2.1,0.0,96751
03-03-2018,21.6,91.0,4.0,5.8,0.0,96751
04-03-2018,22.2,88.0,63.1,2.6,0.0,96751
06-03-2018,21.5,89.0,0.2,0.1,1.0,96751
07-03-2018,21.2,89.0,6.0,3.0,0.0,96751
08-03-2018,21.6,90.0,0.5,4.4,0.0,96751
09-03-2018,21.3,88.0,4.7,3.0,0.0,96751
10-03-2018,21.1,89.0,48.9,3.0,1.0,96751
11-03-2018,20.8,91.0,11.3,3.1,1.0,96751
12-03-2018,20.4,96.0,9.1,3.3,0.0,96751
13-03-2018,20.4,93.0,78.8,0.4,0.0,96751
14-03-2018,21.9,87.0,0.1,2.9,1.0,96751
16-03-2018,21.8,84.0,0.0,10.0,0.0,96751
17-03-2018,20.7,90.0,0.4,3.6,0.0,96751
18-03-2018,22.3,74.0,19.5,0.8,0.0,96751
19-03-2018,22.0,85.0,6.0,7.7,1.0,96751
20-03-2018,21.4,83.0,9.5,7.1,0.0,96751
21-03-2018,20.4,91.0,21.4,5.3,1.0,96751
22-03-2018,20.1,90.0,28.4,3.0,0.0,96751
23-03-2018,21.7,85.0,47.4,2.5,0.0,96751
24-03-2018,20.7,90.0,6.2,4.2,0.0,96751
25-03-2018,21.1,86.0,23.1,0.0,0.0,96751
26-03-2018,20.8,90.0,15.9,3.4,0.0,96751
27-03-2018,20.8,90.0,1.3,0.3,0.0,96751
28-03-2018,22.0,81.0,0.8,0.4,1.0,96751
29-03-2018,21.9,80.0,0.0,8.7,0.0,96751
30-03-2018,21.0,82.0,0.0,7.8,0.0,96751
31-03-2018,22.3,84.0,1.3,5.2,0.0,96751
01-04-2018,21.9,84.0,0.1,7.9,0.0,96751
02-04-2018,21.4,88.0,13.3,5.5,0.0,96751
03-04-2018,21.2,88.0,46.0,5.3,0.0,96751
04-04-2018,22.1,86.0,18.4,3.0,0.0,96751
05-04-2018,21.9,86.0,5.4,6.1,1.0,96751
06-04-2018,22.4,83.0,18.6,7.3,0.0,96751
07-04-2018,21.5,86.0,2.5,2.3,0.0,96751
08-04-2018,21.5,84.0,40.6,5.2,1.0,96751
09-04-2018,21.4,86.0,3.7,5.2,1.0,96751
10-04-2018,22.9,75.0,48.0,5.0,0.0,96751
11-04-2018,23.2,76.0,0.0,8.2,1.0,96751
12-04-2018,23.8,73.0,0.0,8.1,1.0,96751
13-04-2018,22.9,78.0,0.0,6.9,0.0,96751
14-04-2018,22.1,94.0,2.7,6.3,0.0,96751
15-04-2018,21.8,90.0,7.5,4.2,0.0,96751
16-04-2018,21.8,87.0,15.9,6.4,1.0,96751
17-04-2018,21.0,91.0,0.0,6.3,0.0,96751
18-04-2018,21.8,91.0,17.1,3.1,0.0,96751
19-04-2018,22.2,89.0,1.4,3.4,0.0,96751
20-04-2018,21.6,93.0,1.7,1.4,0.0,96751
21-04-2018,21.4,89.0,2.3,1.2,0.0,96751
22-04-2018,21.9,91.0,2.9,2.4,0.0,96751
23-04-2018,21.3,95.0,3.4,4.5,0.0,96751
24-04-2018,21.9,85.0,11.9,0.0,0.0,96751
25-04-2018,19.7,95.0,1.4,0.6,0.0,96751
26-04-2018,21.4,85.0,9.3,0.0,1.0,96751
27-04-2018,22.6,77.0,13.2,2.6,1.0,96751
28-04-2018,22.4,83.0,3.5,6.7,0.0,96751
29-04-2018,22.5,84.0,0.0,5.3,0.0,96751
01-05-2018,22.0,76.0,0.0,7.1,0.0,96751
03-05-2018,21.6,84.0,0.0,8.5,0.0,96751
04-05-2018,21.8,83.0,1.2,5.4,0.0,96751
05-05-2018,22.2,88.0,0.2,5.1,0.0,96751
06-05-2018,22.1,80.0,0.5,4.6,1.0,96751
07-05-2018,23.3,75.0,0.0,6.3,1.0,96751
08-05-2018,22.5,75.0,0.0,9.3,0.0,96751
10-05-2018,21.6,80.0,0.0,8.3,0.0,96751
11-05-2018,22.2,76.0,0.0,3.8,1.0,96751
12-05-2018,22.7,73.0,0.0,6.3,1.0,96751
13-05-2018,22.8,76.0,0.0,6.6,0.0,96751
14-05-2018,22.7,79.0,0.0,7.5,0.0,96751
15-05-2018,22.3,81.0,0.0,7.6,0.0,96751
16-05-2018,22.2,87.0,0.2,5.3,0.0,96751
17-05-2018,21.5,90.0,9.8,2.2,0.0,96751
18-05-2018,21.4,93.0,2.0,1.8,1.0,96751
19-05-2018,20.3,94.0,16.8,4.2,0.0,96751
20-05-2018,21.4,89.0,18.5,2.4,0.0,96751
21-05-2018,21.7,90.0,32.9,1.2,0.0,96751
23-05-2018,22.7,84.0,6.5,8.4,0.0,96751
24-05-2018,22.0,90.0,15.3,3.8,0.0,96751
25-05-2018,22.0,89.0,0.0,5.7,0.0,96751
27-05-2018,22.0,91.0,4.0,6.3,0.0,96751
29-05-2018,21.8,78.0,0.1,4.0,0.0,96751
30-05-2018,22.3,79.0,0.0,5.8,1.0,96751
31-05-2018,22.7,76.0,0.0,6.4,1.0,96751
01-06-2018,22.0,68.0,0.0,9.0,0.0,96751
02-06-2018,22.2,72.0,0.0,8.9,0.0,96751
03-06-2018,22.4,83.0,0.0,7.1,0.0,96751
04-06-2018,22.3,83.0,0.0,4.8,0.0,96751
05-06-2018,22.6,85.0,0.0,5.5,0.0,96751
06-06-2018,22.5,83.0,0.0,1.4,0.0,96751
07-06-2018,22.1,86.0,0.0,5.3,0.0,96751
08-06-2018,21.7,87.0,0.1,4.6,0.0,96751
09-06-2018,22.6,80.0,0.0,3.9,1.0,96751
10-06-2018,22.5,83.0,0.0,5.1,0.0,96751
11-06-2018,22.0,85.0,0.0,5.4,0.0,96751
12-06-2018,21.9,86.0,0.8,4.9,0.0,96751
13-06-2018,22.2,86.0,3.8,3.7,0.0,96751
15-06-2018,21.5,83.0,0.0,5.8,0.0,96751
16-06-2018,21.7,84.0,0.0,4.0,0.0,96751
17-06-2018,22.3,80.0,0.0,3.8,0.0,96751
18-06-2018,21.7,81.0,0.0,5.2,0.0,96751
19-06-2018,21.4,76.0,0.0,4.9,0.0,96751
20-06-2018,23.3,73.0,0.0,5.0,1.0,96751
21-06-2018,22.5,82.0,0.5,6.1,1.0,96751
22-06-2018,21.7,88.0,0.0,3.2,0.0,96751
23-06-2018,20.9,89.0,12.9,3.2,0.0,96751
24-06-2018,20.7,88.0,58.0,4.7,0.0,96751
25-06-2018,18.9,98.0,50.2,4.0,0.0,96751
26-06-2018,19.6,91.0,17.8,0.0,0.0,96751
27-06-2018,21.1,85.0,8.3,0.5,0.0,96751
28-06-2018,21.2,81.0,0.0,2.2,0.0,96751
29-06-2018,21.2,83.0,0.0,4.3,0.0,96751
30-06-2018,21.4,84.0,0.0,5.6,0.0,96751
01-07-2018,21.5,81.0,0.2,5.4,1.0,96751
02-07-2018,21.1,82.0,0.0,6.0,0.0,96751
03-07-2018,20.8,77.0,0.0,5.2,0.0,96751
04-07-2018,20.9,80.0,0.0,7.4,0.0,96751
05-07-2018,20.5,81.0,0.0,4.5,1.0,96751
06-07-2018,20.3,62.0,0.0,7.4,0.0,96751
07-07-2018,20.8,67.0,0.0,7.0,1.0,96751
08-07-2018,21.2,77.0,0.0,7.3,1.0,96751
09-07-2018,21.9,79.0,0.0,6.4,0.0,96751
10-07-2018,21.2,81.0,0.0,5.4,0.0,96751
11-07-2018,21.6,79.0,0.0,1.8,1.0,96751
12-07-2018,20.8,78.0,0.0,8.6,0.0,96751
13-07-2018,20.3,76.0,0.0,6.0,0.0,96751
14-07-2018,20.3,82.0,0.0,5.0,0.0,96751
15-07-2018,20.8,73.0,0.0,2.6,1.0,96751
16-07-2018,20.5,77.0,0.0,9.5,0.0,96751
17-07-2018,20.3,78.0,1.0,6.5,1.0,96751
19-07-2018,21.5,77.0,0.0,9.0,1.0,96751
20-07-2018,21.3,82.0,0.0,7.1,0.0,96751
21-07-2018,21.7,82.0,0.0,6.5,0.0,96751
22-07-2018,22.1,82.0,3.0,1.4,0.0,96751
23-07-2018,21.8,82.0,4.8,6.1,0.0,96751
25-07-2018,21.0,79.0,0.0,5.8,1.0,96751
26-07-2018,21.1,77.0,0.0,5.0,0.0,96751
27-07-2018,21.5,71.0,0.0,7.2,0.0,96751
28-07-2018,20.9,76.0,0.0,8.0,1.0,96751
29-07-2018,20.4,74.0,0.0,7.0,0.0,96751
30-07-2018,20.2,73.0,0.0,5.5,0.0,96751
31-07-2018,21.1,80.0,0.0,4.5,1.0,96751
01-08-2018,21.0,76.0,0.0,5.5,0.0,96751
02-08-2018,20.3,65.0,0.0,6.8,1.0,96751
03-08-2018,20.0,75.0,0.0,6.4,0.0,96751
04-08-2018,19.2,77.0,0.0,9.0,0.0,96751
05-08-2018,20.6,76.0,0.0,9.1,0.0,96751
06-08-2018,19.9,68.0,0.0,8.2,0.0,96751
07-08-2018,21.1,78.0,0.0,8.7,0.0,96751
08-08-2018,21.0,80.0,0.0,2.0,1.0,96751
09-08-2018,21.2,79.0,0.0,3.6,0.0,96751
10-08-2018,21.8,76.0,0.0,3.8,0.0,96751
11-08-2018,21.5,77.0,0.0,8.0,1.0,96751
12-08-2018,21.2,82.0,0.0,5.9,1.0,96751
13-08-2018,20.8,85.0,11.5,4.8,1.0,96751
14-08-2018,21.3,82.0,0.0,4.2,0.0,96751
15-08-2018,21.7,77.0,0.0,5.5,0.0,96751
16-08-2018,21.2,77.0,0.0,8.0,1.0,96751
17-08-2018,21.6,73.0,0.0,5.4,0.0,96751
18-08-2018,20.5,65.0,0.0,8.8,0.0,96751
19-08-2018,21.0,66.0,0.0,9.0,0.0,96751
20-08-2018,21.9,74.0,0.0,9.5,1.0,96751
21-08-2018,21.9,78.0,0.0,7.6,1.0,96751
22-08-2018,21.6,79.0,0.0,6.9,1.0,96751
23-08-2018,21.7,79.0,0.1,7.2,0.0,96751
24-08-2018,21.5,82.0,0.2,7.8,1.0,96751
25-08-2018,21.4,79.0,0.0,6.6,0.0,96751
26-08-2018,21.4,81.0,0.0,7.5,0.0,96751
27-08-2018,21.9,82.0,0.0,1.8,0.0,96751
28-08-2018,21.4,83.0,0.0,4.3,1.0,96751
29-08-2018,21.1,81.0,0.0,6.4,0.0,96751
30-08-2018,21.2,86.0,0.0,3.4,0.0,96751
31-08-2018,20.4,86.0,8.7,4.4,0.0,96751
01-09-2018,21.5,84.0,4.3,5.4,1.0,96751
02-09-2018,19.9,92.0,0.0,5.0,0.0,96751
03-09-2018,21.6,78.0,14.9,2.5,0.0,96751
04-09-2018,20.4,79.0,0.0,8.6,1.0,96751
05-09-2018,20.0,85.0,0.0,8.7,0.0,96751
06-09-2018,22.5,77.0,0.0,4.0,0.0,96751
07-09-2018,20.7,86.0,0.1,7.0,1.0,96751
08-09-2018,20.6,91.0,50.0,6.5,0.0,96751
09-09-2018,21.8,72.0,0.2,5.1,0.0,96751
10-09-2018,22.2,73.0,0.0,6.3,1.0,96751
11-09-2018,22.6,72.0,0.0,9.5,1.0,96751
12-09-2018,21.4,76.0,0.0,7.8,1.0,96751
13-09-2018,21.1,74.0,0.1,9.5,1.0,96751
14-09-2018,20.6,79.0,0.0,6.8,0.0,96751
15-09-2018,20.4,81.0,0.0,4.2,1.0,96751
16-09-2018,21.1,67.0,0.0,5.9,0.0,96751
17-09-2018,22.1,66.0,0.0,8.8,1.0,96751
18-09-2018,21.1,83.0,0.0,9.4,0.0,96751
19-09-2018,21.4,84.0,0.0,6.3,1.0,96751
20-09-2018,21.3,84.0,0.4,1.7,0.0,96751
21-09-2018,20.4,92.0,20.8,1.4,0.0,96751
22-09-2018,21.2,87.0,3.9,0.0,0.0,96751
23-09-2018,20.8,86.0,0.5,5.4,0.0,96751
24-09-2018,20.8,82.0,29.6,6.5,1.0,96751
25-09-2018,22.3,70.0,0.0,6.0,1.0,96751
26-09-2018,22.1,75.0,0.0,7.1,1.0,96751
27-09-2018,21.4,86.0,0.9,6.7,0.0,96751
28-09-2018,21.6,76.0,36.0,4.8,1.0,96751
29-09-2018,20.9,76.0,0.0,9.0,1.0,96751
30-09-2018,21.8,77.0,0.0,8.3,0.0,96751
01-10-2018,21.6,84.0,0.0,6.3,1.0,96751
02-10-2018,22.6,81.0,0.0,4.3,1.0,96751
03-10-2018,21.5,84.0,0.0,6.0,0.0,96751
04-10-2018,22.1,88.0,2.1,4.3,0.0,96751
05-10-2018,22.4,77.0,0.1,4.0,0.0,96751
06-10-2018,22.3,76.0,0.0,7.2,0.0,96751
07-10-2018,22.3,72.0,0.0,6.2,1.0,96751
08-10-2018,23.4,66.0,0.0,5.0,1.0,96751
09-10-2018,22.6,72.0,0.0,9.2,1.0,96751
10-10-2018,22.1,76.0,0.0,5.5,1.0,96751
11-10-2018,22.1,81.0,0.4,6.3,0.0,96751
12-10-2018,22.0,80.0,0.0,6.8,1.0,96751
14-10-2018,21.5,83.0,0.0,3.9,0.0,96751
16-10-2018,21.9,86.0,0.9,6.9,0.0,96751
17-10-2018,21.6,84.0,0.5,5.5,1.0,96751
19-10-2018,21.2,87.0,25.0,4.9,0.0,96751
20-10-2018,20.9,83.0,0.8,4.5,1.0,96751
21-10-2018,22.4,77.0,19.6,5.5,1.0,96751
22-10-2018,21.7,83.0,0.0,7.8,1.0,96751
23-10-2018,21.2,91.0,50.1,6.4,0.0,96751
24-10-2018,21.1,86.0,6.1,0.4,0.0,96751
25-10-2018,22.0,86.0,2.9,6.8,0.0,96751
26-10-2018,21.7,86.0,7.4,7.0,0.0,96751
27-10-2018,22.0,88.0,2.5,7.5,1.0,96751
28-10-2018,22.1,92.0,3.7,2.8,0.0,96751
29-10-2018,22.2,90.0,5.6,2.7,1.0,96751
31-10-2018,22.2,86.0,2.7,1.6,0.0,96751
01-11-2018,21.1,92.0,2.0,0.0,0.0,96751
02-11-2018,22.6,86.0,15.6,3.9,1.0,96751
03-11-2018,21.2,91.0,5.0,5.4,1.0,96751
04-11-2018,22.0,90.0,8.9,1.0,0.0,96751
05-11-2018,22.1,92.0,3.9,2.4,0.0,96751
06-11-2018,21.2,92.0,2.4,2.2,0.0,96751
07-11-2018,21.5,92.0,10.9,0.7,0.0,96751
08-11-2018,21.8,91.0,12.7,0.3,0.0,96751
09-11-2018,21.5,92.0,9.5,0.1,0.0,96751
10-11-2018,21.2,92.0,2.4,0.4,0.0,96751
11-11-2018,20.2,95.0,26.0,2.6,0.0,96751
12-11-2018,22.4,83.0,35.6,1.0,1.0,96751
13-11-2018,21.5,89.0,6.5,1.1,0.0,96751
14-11-2018,21.7,86.0,10.2,1.9,0.0,96751
15-11-2018,23.2,81.0,0.3,0.0,1.0,96751
16-11-2018,24.3,72.0,0.9,6.7,1.0,96751
17-11-2018,22.5,83.0,0.0,8.3,0.0,96751
18-11-2018,22.1,90.0,3.1,6.4,0.0,96751
19-11-2018,22.4,87.0,0.0,1.9,1.0,96751
20-11-2018,21.5,89.0,13.0,4.2,0.0,96751
21-11-2018,21.2,89.0,5.6,2.2,0.0,96751
22-11-2018,22.1,83.0,52.6,3.2,1.0,96751
23-11-2018,20.8,90.0,0.0,8.6,0.0,96751
24-11-2018,20.9,90.0,6.2,2.6,0.0,96751
25-11-2018,21.0,93.0,41.2,3.6,0.0,96751
26-11-2018,20.9,92.0,9.8,0.4,0.0,96751
27-11-2018,20.4,94.0,38.3,0.1,0.0,96751
28-11-2018,21.8,91.0,28.3,2.0,0.0,96751
30-11-2018,21.6,91.0,31.2,1.2,0.0,96751
01-12-2018,21.5,90.0,2.8,1.8,0.0,96751
02-12-2018,21.5,86.0,0.7,0.1,0.0,96751
03-12-2018,21.4,92.0,3.0,2.0,0.0,96751
04-12-2018,20.5,97.0,16.0,0.1,0.0,96751
05-12-2018,21.3,93.0,24.5,0.0,1.0,96751
06-12-2018,21.2,92.0,11.5,3.3,0.0,96751
07-12-2018,21.1,93.0,10.8,1.7,1.0,96751
08-12-2018,21.7,91.0,4.3,2.5,0.0,96751
09-12-2018,22.5,88.0,1.4,1.3,0.0,96751
13-12-2018,21.6,87.0,8.3,0.9,1.0,96751
14-12-2018,22.1,84.0,20.6,4.7,0.0,96751
15-12-2018,20.6,95.0,23.0,3.8,1.0,96751
16-12-2018,22.0,77.0,27.7,0.0,1.0,96751
17-12-2018,22.2,83.0,3.5,1.3,0.0,96751
18-12-2018,21.8,82.0,0.0,3.5,0.0,96751
20-12-2018,21.7,88.0,3.5,2.5,0.0,96751
21-12-2018,21.8,84.0,0.0,2.5,0.0,96751
24-12-2018,22.8,76.0,0.0,2.0,1.0,96751
25-12-2018,21.1,90.0,0.0,4.6,1.0,96751
26-12-2018,20.2,93.0,31.0,0.3,0.0,96751
27-12-2018,21.8,87.0,0.9,0.0,1.0,96751
29-12-2018,21.8,83.0,0.0,4.0,2.0,96751
30-12-2018,22.3,79.0,2.1,4.2,1.0,96751
31-12-2018,21.1,76.0,0.1,5.0,0.0,96751
01-01-2019,20.2,94.0,23.5,0.5,1.0,96751
02-01-2019,21.2,89.0,23.3,0.3,1.0,96751
03-01-2019,21.8,82.0,8.8,1.5,1.0,96751
04-01-2019,22.2,75.0,0.0,5.9,0.0,96751
05-01-2019,22.1,79.0,2.2,4.2,0.0,96751
07-01-2019,21.9,88.0,0.0,4.5,1.0,96751
08-01-2019,21.5,90.0,30.8,3.4,0.0,96751
09-01-2019,21.3,91.0,9.3,0.0,0.0,96751
10-01-2019,21.4,94.0,0.7,1.1,0.0,96751
11-01-2019,21.1,90.0,9.2,1.0,1.0,96751
12-01-2019,21.4,90.0,31.2,2.3,0.0,96751
13-01-2019,20.8,91.0,20.2,1.6,0.0,96751
14-01-2019,20.6,92.0,29.1,2.6,0.0,96751
15-01-2019,21.1,90.0,2.3,0.2,1.0,96751
16-01-2019,21.3,89.0,1.4,0.7,1.0,96751
17-01-2019,20.9,94.0,0.1,0.2,1.0,96751
18-01-2019,20.4,92.0,4.6,0.0,0.0,96751
19-01-2019,20.2,96.0,15.7,0.0,0.0,96751
20-01-2019,21.1,92.0,5.4,0.0,0.0,96751
21-01-2019,20.6,96.0,80.3,0.0,0.0,96751
22-01-2019,19.5,94.0,6.3,0.6,0.0,96751
23-01-2019,20.7,95.0,18.2,0.0,1.0,96751
24-01-2019,20.7,96.0,3.0,0.3,1.0,96751
25-01-2019,20.7,93.0,46.9,1.0,1.0,96751
26-01-2019,21.5,88.0,11.4,0.0,1.0,96751
27-01-2019,20.5,91.0,0.8,2.1,0.0,96751
28-01-2019,21.0,94.0,1.0,0.0,1.0,96751
29-01-2019,20.5,93.0,11.4,0.0,1.0,96751
30-01-2019,20.5,96.0,6.7,0.0,0.0,96751
31-01-2019,19.3,88.0,4.5,0.0,0.0,96751
01-02-2019,20.1,91.0,10.0,0.1,0.0,96751
02-02-2019,21.2,87.0,21.5,3.0,1.0,96751
04-02-2019,21.4,84.0,1.3,2.8,1.0,96751
05-02-2019,22.1,85.0,0.0,6.1,1.0,96751
06-02-2019,20.9,92.0,0.1,4.8,0.0,96751
07-02-2019,21.6,87.0,35.3,3.3,0.0,96751
10-02-2019,21.8,88.0,23.5,5.4,1.0,96751
11-02-2019,21.1,87.0,8.0,5.0,0.0,96751
12-02-2019,20.9,90.0,32.9,3.8,0.0,96751
14-02-2019,21.4,88.0,0.0,1.8,0.0,96751
15-02-2019,21.4,94.0,65.9,4.7,0.0,96751
16-02-2019,20.9,93.0,87.4,0.6,0.0,96751
17-02-2019,20.6,94.0,7.5,1.7,1.0,96751
18-02-2019,21.4,90.0,11.1,2.2,0.0,96751
20-02-2019,20.5,94.0,30.8,3.9,0.0,96751
21-02-2019,20.8,92.0,37.0,2.0,1.0,96751
22-02-2019,21.6,88.0,4.4,3.4,1.0,96751
23-02-2019,21.4,86.0,0.7,4.4,0.0,96751
24-02-2019,21.9,88.0,17.6,4.2,1.0,96751
25-02-2019,22.0,87.0,3.4,2.6,1.0,96751
26-02-2019,23.7,78.0,29.5,4.8,1.0,96751
27-02-2019,24.0,76.0,0.0,8.7,0.0,96751
28-02-2019,21.6,87.0,0.0,4.9,0.0,96751
01-03-2019,21.1,96.0,8.5,4.3,0.0,96751
02-03-2019,21.4,90.0,15.2,1.0,0.0,96751
03-03-2019,21.7,90.0,14.1,0.6,0.0,96751
04-03-2019,22.2,81.0,2.1,3.0,1.0,96751
06-03-2019,18.9,94.0,15.8,0.2,0.0,96751
07-03-2019,21.2,84.0,20.0,0.0,1.0,96751
08-03-2019,21.5,79.0,0.0,0.0,0.0,96751
09-03-2019,22.0,84.0,10.6,2.2,0.0,96751
10-03-2019,21.4,79.0,2.0,1.6,0.0,96751
12-03-2019,20.7,92.0,5.4,0.0,0.0,96751
13-03-2019,21.6,84.0,14.4,0.1,0.0,96751
14-03-2019,21.8,83.0,1.1,3.7,0.0,96751
15-03-2019,22.2,77.0,0.0,2.7,0.0,96751
16-03-2019,20.9,92.0,8.4,3.3,0.0,96751
17-03-2019,20.7,88.0,0.0,0.5,0.0,96751
18-03-2019,21.0,84.0,7.5,0.0,0.0,96751
19-03-2019,20.6,94.0,9.6,2.5,0.0,96751
20-03-2019,21.1,91.0,7.1,0.7,0.0,96751
21-03-2019,21.6,85.0,3.9,3.9,0.0,96751
22-03-2019,22.1,86.0,1.6,5.1,0.0,96751
23-03-2019,22.1,86.0,3.1,4.8,1.0,96751
24-03-2019,22.4,82.0,1.4,3.6,0.0,96751
25-03-2019,21.7,88.0,0.2,3.4,1.0,96751
26-03-2019,21.7,85.0,5.7,4.1,1.0,96751
27-03-2019,21.3,91.0,25.4,2.5,1.0,96751
28-03-2019,21.3,93.0,15.5,2.9,0.0,96751
29-03-2019,22.1,82.0,3.7,1.2,1.0,96751
31-03-2019,21.8,87.0,8.5,4.4,0.0,96751
01-04-2019,21.6,88.0,1.6,2.9,0.0,96751
02-04-2019,21.8,86.0,5.0,1.7,1.0,96751
04-04-2019,21.7,89.0,1.0,5.0,1.0,96751
05-04-2019,21.7,89.0,15.2,6.5,0.0,96751
06-04-2019,22.3,84.0,1.7,3.3,1.0,96751
07-04-2019,22.4,82.0,0.0,5.7,1.0,96751
08-04-2019,22.6,88.0,5.5,7.7,0.0,96751
09-04-2019,23.1,84.0,0.3,5.2,0.0,96751
10-04-2019,22.5,83.0,0.5,6.3,1.0,96751
11-04-2019,22.7,83.0,0.0,5.3,1.0,96751
12-04-2019,22.0,85.0,0.9,5.1,1.0,96751
13-04-2019,22.9,86.0,2.6,4.8,0.0,96751
14-04-2019,22.2,86.0,35.0,5.4,1.0,96751
15-04-2019,21.7,92.0,29.0,4.2,0.0,96751
16-04-2019,20.2,92.0,27.0,2.8,0.0,96751
17-04-2019,21.9,91.0,25.5,2.7,0.0,96751
18-04-2019,22.2,90.0,6.0,3.6,1.0,96751
19-04-2019,23.0,85.0,4.1,3.9,1.0,96751
20-04-2019,21.8,92.0,26.9,4.2,0.0,96751
21-04-2019,22.7,80.0,1.1,0.2,1.0,96751
22-04-2019,23.1,77.0,0.0,5.6,0.0,96751
23-04-2019,22.5,86.0,0.3,5.8,1.0,96751
24-04-2019,20.9,92.0,120.5,6.3,0.0,96751
25-04-2019,22.6,86.0,55.9,0.2,0.0,96751
26-04-2019,21.7,91.0,68.5,5.2,0.0,96751
27-04-2019,21.0,95.0,11.0,3.7,0.0,96751
28-04-2019,21.5,90.0,14.5,0.8,0.0,96751
29-04-2019,21.7,92.0,3.1,1.0,0.0,96751
30-04-2019,21.8,94.0,0.3,2.2,0.0,96751
01-05-2019,22.1,91.0,3.1,0.9,0.0,96751
02-05-2019,22.4,86.0,1.5,1.6,1.0,96751
03-05-2019,23.7,79.0,1.1,5.0,1.0,96751
05-05-2019,22.0,87.0,0.0,6.2,0.0,96751
06-05-2019,21.8,88.0,39.6,4.7,0.0,96751
07-05-2019,22.2,87.0,0.0,5.7,0.0,96751
08-05-2019,21.1,92.0,26.2,4.9,0.0,96751
09-05-2019,21.1,93.0,12.4,2.8,0.0,96751
10-05-2019,21.8,91.0,10.4,2.7,0.0,96751
11-05-2019,21.8,92.0,0.0,1.7,0.0,96751
12-05-2019,21.4,94.0,0.9,3.7,0.0,96751
13-05-2019,22.6,86.0,16.4,1.4,0.0,96751
15-05-2019,22.1,87.0,0.0,6.2,0.0,96751
16-05-2019,22.0,89.0,53.4,3.9,1.0,96751
18-05-2019,21.5,80.0,0.0,8.1,0.0,96751
19-05-2019,22.2,78.0,0.0,5.5,0.0,96751
20-05-2019,22.4,84.0,0.1,7.7,0.0,96751
21-05-2019,22.8,83.0,0.0,6.0,1.0,96751
22-05-2019,21.8,82.0,0.0,7.4,0.0,96751
23-05-2019,22.5,75.0,0.5,3.3,1.0,96751
24-05-2019,22.9,74.0,0.0,8.5,1.0,96751
25-05-2019,22.2,80.0,0.0,9.2,1.0,96751
26-05-2019,21.5,80.0,0.0,6.3,0.0,96751
28-05-2019,23.0,84.0,1.3,4.2,1.0,96751
29-05-2019,22.8,84.0,0.0,7.7,0.0,96751
31-05-2019,22.5,80.0,0.5,3.0,0.0,96751
01-06-2019,21.4,86.0,0.0,6.6,0.0,96751
03-06-2019,21.0,87.0,9.3,4.1,0.0,96751
04-06-2019,21.7,82.0,5.3,1.0,0.0,96751
05-06-2019,22.5,83.0,0.0,4.8,1.0,96751
06-06-2019,22.4,79.0,0.0,8.5,1.0,96751
08-06-2019,21.6,84.0,38.8,3.7,0.0,96751
09-06-2019,21.6,82.0,1.5,0.0,0.0,96751
10-06-2019,21.7,81.0,0.5,5.4,0.0,96751
11-06-2019,22.7,83.0,0.0,4.5,1.0,96751
12-06-2019,22.9,78.0,0.0,5.5,1.0,96751
13-06-2019,22.8,82.0,0.0,6.0,0.0,96751
14-06-2019,22.4,86.0,0.0,5.6,0.0,96751
15-06-2019,22.2,90.0,4.8,3.4,0.0,96751
16-06-2019,21.8,88.0,0.0,4.2,0.0,96751
17-06-2019,21.1,87.0,1.7,3.2,1.0,96751
18-06-2019,21.4,76.0,0.0,3.3,0.0,96751
19-06-2019,21.5,69.0,0.0,6.8,0.0,96751
20-06-2019,21.8,71.0,0.0,7.2,1.0,96751
21-06-2019,20.9,74.0,0.0,6.3,1.0,96751
22-06-2019,21.2,72.0,0.0,6.0,1.0,96751
23-06-2019,21.1,74.0,0.0,5.3,0.0,96751
24-06-2019,20.5,79.0,0.0,3.5,0.0,96751
25-06-2019,21.3,73.0,0.0,3.6,0.0,96751
26-06-2019,22.1,72.0,0.0,7.0,1.0,96751
27-06-2019,21.8,74.0,0.0,5.6,0.0,96751
28-06-2019,22.2,78.0,0.0,7.1,0.0,96751
29-06-2019,21.9,80.0,0.0,5.2,1.0,96751
30-06-2019,21.5,78.0,0.0,6.8,1.0,96751
01-07-2019,21.3,72.0,0.0,5.0,1.0,96751
02-07-2019,21.4,75.0,0.0,7.6,1.0,96751
03-07-2019,22.2,78.0,0.0,6.0,1.0,96751
04-07-2019,21.1,80.0,0.0,5.2,1.0,96751
05-07-2019,21.1,86.0,0.3,3.9,0.0,96751
06-07-2019,22.1,84.0,22.3,1.7,1.0,96751
07-07-2019,22.4,82.0,0.0,7.2,0.0,96751
08-07-2019,21.2,89.0,2.0,4.5,0.0,96751
09-07-2019,20.8,88.0,9.3,5.1,0.0,96751
10-07-2019,20.5,87.0,1.5,3.4,0.0,96751
11-07-2019,20.3,80.0,0.0,2.6,0.0,96751
12-07-2019,20.6,81.0,0.0,8.0,1.0,96751
13-07-2019,21.2,74.0,0.0,6.4,1.0,96751
14-07-2019,20.4,78.0,0.0,7.0,1.0,96751
15-07-2019,19.5,76.0,0.0,3.6,0.0,96751
16-07-2019,20.8,72.0,0.0,3.5,0.0,96751
17-07-2019,19.9,76.0,0.0,9.5,1.0,96751
18-07-2019,20.9,74.0,0.0,8.5,1.0,96751
19-07-2019,22.8,74.0,0.0,8.1,1.0,96751
21-07-2019,22.6,81.0,0.0,1.9,1.0,96751
23-07-2019,21.5,73.0,0.0,6.2,1.0,96751
24-07-2019,21.6,73.0,0.0,8.9,1.0,96751
25-07-2019,21.2,74.0,0.0,9.0,1.0,96751
26-07-2019,21.0,77.0,0.0,8.0,1.0,96751
27-07-2019,20.8,80.0,0.0,9.0,1.0,96751
28-07-2019,21.6,80.0,0.0,6.4,0.0,96751
29-07-2019,20.9,82.0,0.0,6.5,1.0,96751
30-07-2019,20.6,80.0,0.0,5.9,1.0,96751
31-07-2019,20.9,78.0,0.0,7.1,1.0,96751
01-08-2019,21.1,77.0,0.0,8.4,1.0,96751
02-08-2019,21.2,78.0,0.0,6.3,1.0,96751
03-08-2019,20.7,81.0,0.0,6.0,1.0,96751
04-08-2019,20.8,75.0,0.0,3.0,0.0,96751
05-08-2019,20.1,74.0,0.0,7.0,0.0,96751
06-08-2019,19.4,73.0,0.0,9.3,0.0,96751
07-08-2019,20.0,72.0,0.0,5.7,1.0,96751
08-08-2019,20.5,76.0,0.0,6.7,1.0,96751
09-08-2019,20.8,80.0,0.0,7.4,1.0,96751
11-08-2019,21.3,77.0,0.0,7.8,1.0,96751
12-08-2019,20.9,78.0,0.0,6.8,1.0,96751
13-08-2019,21.5,78.0,0.0,5.0,1.0,96751
14-08-2019,21.0,83.0,0.0,4.9,1.0,96751
15-08-2019,20.7,85.0,0.0,3.5,0.0,96751
16-08-2019,20.9,81.0,0.0,3.6,1.0,96751
17-08-2019,21.4,82.0,0.7,4.6,0.0,96751
18-08-2019,21.2,74.0,0.0,3.5,0.0,96751
19-08-2019,21.2,72.0,0.0,5.7,0.0,96751
20-08-2019,20.9,76.0,0.0,6.4,1.0,96751
21-08-2019,23.1,70.0,0.0,4.3,1.0,96751
22-08-2019,21.0,82.0,0.0,8.1,0.0,96751
23-08-2019,21.5,77.0,0.6,5.1,1.0,96751
24-08-2019,20.6,79.0,0.0,6.1,1.0,96751
25-08-2019,20.7,77.0,0.0,4.5,1.0,96751
26-08-2019,21.3,81.0,0.0,7.4,1.0,96751
27-08-2019,21.2,85.0,0.0,2.6,0.0,96751
28-08-2019,20.7,90.0,11.5,2.2,0.0,96751
29-08-2019,21.4,81.0,6.0,2.7,1.0,96751
30-08-2019,21.8,72.0,0.0,4.2,1.0,96751
01-09-2019,21.1,81.0,0.0,5.8,1.0,96751
02-09-2019,21.7,84.0,0.0,4.0,1.0,96751
03-09-2019,21.6,81.0,0.0,3.0,1.0,96751
04-09-2019,21.9,73.0,0.0,3.2,0.0,96751
05-09-2019,20.7,90.0,0.6,1.6,0.0,96751
06-09-2019,20.3,78.0,0.1,0.5,1.0,96751
07-09-2019,20.6,75.0,1.0,1.8,1.0,96751
08-09-2019,21.0,78.0,0.0,2.5,1.0,96751
09-09-2019,21.5,81.0,0.0,2.5,1.0,96751
10-09-2019,22.3,70.0,0.0,1.9,1.0,96751
11-09-2019,23.4,58.0,0.0,3.4,1.0,96751
12-09-2019,21.9,64.0,0.0,6.7,1.0,96751
13-09-2019,20.9,78.0,0.0,7.4,1.0,96751
14-09-2019,20.0,70.0,0.0,8.7,1.0,96751
15-09-2019,20.5,74.0,0.0,6.3,1.0,96751
16-09-2019,22.1,74.0,0.0,5.6,1.0,96751
17-09-2019,22.0,78.0,0.0,7.0,1.0,96751
18-09-2019,21.3,74.0,0.0,8.0,1.0,96751
19-09-2019,21.6,81.0,0.7,3.6,1.0,96751
20-09-2019,21.3,80.0,0.0,5.0,1.0,96751
22-09-2019,21.6,72.0,0.0,7.6,2.0,96751
23-09-2019,24.0,64.0,0.0,9.5,1.0,96751
24-09-2019,23.8,70.0,0.0,8.7,1.0,96751
25-09-2019,22.5,79.0,0.0,8.0,0.0,96751
26-09-2019,22.0,79.0,0.0,4.7,1.0,96751
27-09-2019,22.1,80.0,3.4,5.7,1.0,96751
28-09-2019,22.3,80.0,0.0,6.7,1.0,96751
29-09-2019,21.2,84.0,0.0,6.4,1.0,96751
30-09-2019,21.4,81.0,0.0,3.5,1.0,96751
01-10-2019,22.3,70.0,0.0,4.8,1.0,96751
02-10-2019,22.3,76.0,0.0,7.5,1.0,96751
04-10-2019,23.0,70.0,0.0,7.1,1.0,96751
05-10-2019,23.9,49.0,0.0,8.4,1.0,96751
06-10-2019,21.7,75.0,0.0,8.8,1.0,96751
07-10-2019,22.2,68.0,0.0,6.5,1.0,96751
08-10-2019,21.4,78.0,0.0,7.3,1.0,96751
09-10-2019,21.0,83.0,109.0,5.1,1.0,96751
11-10-2019,21.9,86.0,44.4,1.9,0.0,96751
12-10-2019,21.1,86.0,0.0,5.5,1.0,96751
13-10-2019,21.7,76.0,19.1,6.5,1.0,96751
14-10-2019,22.4,80.0,0.4,5.6,0.0,96751
15-10-2019,21.4,86.0,0.0,8.2,1.0,96751
16-10-2019,21.7,85.0,0.5,5.2,1.0,96751
17-10-2019,21.9,84.0,0.0,5.7,0.0,96751
18-10-2019,21.8,88.0,1.1,5.7,1.0,96751
19-10-2019,22.1,84.0,0.0,6.0,1.0,96751
20-10-2019,22.1,80.0,0.0,8.1,2.0,96751
21-10-2019,25.6,52.0,0.0,9.3,1.0,96751
22-10-2019,24.0,62.0,0.0,10.0,1.0,96751
23-10-2019,24.0,68.0,0.0,9.5,1.0,96751
24-10-2019,23.1,72.0,0.0,8.6,1.0,96751
25-10-2019,22.5,81.0,0.0,8.7,1.0,96751
26-10-2019,21.4,77.0,0.0,7.1,0.0,96751
27-10-2019,21.6,88.0,5.6,6.0,0.0,96751
28-10-2019,22.0,80.0,0.0,3.9,1.0,96751
29-10-2019,21.4,81.0,0.0,7.5,0.0,96751
30-10-2019,21.8,77.0,0.1,3.2,0.0,96751
31-10-2019,22.3,79.0,0.0,6.2,0.0,96751
01-11-2019,21.2,85.0,0.0,5.6,0.0,96751
02-11-2019,20.6,86.0,0.0,3.3,1.0,96751
03-11-2019,21.3,88.0,0.1,5.6,0.0,96751
04-11-2019,21.1,86.0,7.3,3.7,0.0,96751
07-11-2019,23.3,65.0,0.0,6.2,0.0,96751
08-11-2019,23.7,71.0,0.0,8.5,1.0,96751
10-11-2019,23.7,72.0,0.0,8.3,1.0,96751
11-11-2019,21.8,82.0,0.0,6.8,1.0,96751
12-11-2019,22.4,86.0,3.8,5.4,0.0,96751
14-11-2019,22.4,84.0,9.4,3.4,1.0,96751
15-11-2019,21.8,83.0,0.0,1.5,0.0,96751
16-11-2019,22.5,70.0,28.0,5.0,1.0,96751
17-11-2019,22.8,77.0,0.0,8.0,1.0,96751
18-11-2019,23.5,72.0,0.0,9.4,1.0,96751
19-11-2019,23.0,81.0,0.0,8.9,1.0,96751
20-11-2019,20.8,87.0,10.0,7.0,0.0,96751
21-11-2019,22.0,90.0,46.8,2.3,0.0,96751
22-11-2019,21.2,92.0,0.6,3.5,0.0,96751
23-11-2019,21.4,89.0,14.2,0.6,0.0,96751
24-11-2019,21.9,79.0,9.9,2.5,0.0,96751
25-11-2019,21.9,85.0,0.1,4.6,0.0,96751
26-11-2019,22.2,87.0,0.0,2.2,0.0,96751
28-11-2019,22.2,86.0,1.1,1.9,0.0,96751
29-11-2019,22.5,89.0,0.0,1.6,1.0,96751
30-11-2019,22.2,92.0,12.5,1.2,0.0,96751
01-12-2019,21.9,93.0,9.3,0.6,0.0,96751
02-12-2019,22.2,88.0,36.5,0.5,0.0,96751
03-12-2019,22.2,85.0,0.0,3.7,0.0,96751
04-12-2019,22.5,84.0,0.5,0.3,1.0,96751
05-12-2019,22.1,92.0,2.4,1.6,1.0,96751
06-12-2019,22.0,92.0,1.7,0.5,0.0,96751
07-12-2019,20.8,95.0,4.5,0.6,1.0,96751
09-12-2019,22.4,88.0,2.5,2.2,1.0,96751
10-12-2019,21.7,92.0,3.0,4.0,0.0,96751
11-12-2019,21.5,88.0,0.0,0.4,0.0,96751
12-12-2019,20.6,93.0,16.0,0.1,0.0,96751
13-12-2019,21.1,90.0,0.0,0.0,0.0,96751
14-12-2019,21.2,90.0,14.0,0.9,0.0,96751
15-12-2019,21.2,91.0,39.5,0.2,0.0,96751
16-12-2019,21.5,90.0,4.8,0.0,0.0,96751
17-12-2019,20.2,96.0,24.4,1.1,0.0,96751
18-12-2019,21.4,88.0,20.7,0.0,0.0,96751
19-12-2019,21.4,93.0,19.6,0.6,1.0,96751
20-12-2019,22.3,87.0,2.5,1.3,0.0,96751
21-12-2019,22.0,92.0,10.5,3.3,0.0,96751
22-12-2019,21.1,90.0,0.1,1.0,0.0,96751
23-12-2019,21.7,87.0,10.2,0.0,0.0,96751
24-12-2019,21.8,87.0,0.0,1.5,0.0,96751
25-12-2019,21.1,94.0,5.4,0.5,0.0,96751
26-12-2019,21.3,91.0,17.0,0.0,0.0,96751
27-12-2019,20.6,96.0,3.0,0.0,0.0,96751
28-12-2019,20.7,94.0,13.7,0.1,0.0,96751
29-12-2019,20.9,92.0,1.6,0.0,0.0,96751
30-12-2019,21.8,91.0,0.0,0.7,0.0,96751
31-12-2019,20.8,96.0,57.5,3.2,0.0,96751
01-01-2020,19.3,98.0,60.0,0.0,1.0,96751
02-01-2020,20.1,96.0,73.7,0.0,0.0,96751
03-01-2020,21.1,93.0,6.8,0.0,0.0,96751
04-01-2020,21.0,95.0,0.8,0.2,0.0,96751
05-01-2020,20.8,94.0,5.8,0.0,0.0,96751
06-01-2020,20.4,98.0,5.8,0.0,0.0,96751
07-01-2020,20.7,97.0,20.4,0.0,0.0,96751
08-01-2020,20.4,96.0,6.5,0.0,0.0,96751
09-01-2020,20.1,98.0,25.3,0.0,1.0,96751
10-01-2020,20.3,92.0,44.0,0.0,1.0,96751
11-01-2020,20.7,87.0,1.8,0.0,1.0,96751
12-01-2020,21.8,82.0,0.1,1.2,1.0,96751
13-01-2020,20.9,91.0,0.0,7.6,0.0,96751
14-01-2020,21.2,88.0,2.3,0.9,1.0,96751
15-01-2020,21.4,92.0,11.0,4.9,0.0,96751
16-01-2020,21.5,88.0,0.7,1.0,1.0,96751
17-01-2020,21.8,87.0,0.2,3.2,1.0,96751
18-01-2020,21.2,92.0,1.0,3.8,0.0,96751
19-01-2020,22.0,89.0,0.0,0.1,0.0,96751
20-01-2020,21.8,92.0,9.6,1.6,0.0,96751
21-01-2020,21.7,92.0,8.3,2.2,0.0,96751
22-01-2020,21.8,90.0,0.0,1.4,0.0,96751
23-01-2020,21.6,92.0,1.1,2.6,0.0,96751
24-01-2020,20.9,93.0,43.3,1.6,1.0,96751
25-01-2020,20.1,98.0,2.8,2.6,0.0,96751
26-01-2020,21.5,91.0,23.1,0.0,0.0,96751
27-01-2020,21.1,96.0,5.9,3.3,1.0,96751
28-01-2020,21.6,92.0,23.2,3.0,0.0,96751
29-01-2020,22.2,85.0,0.0,4.0,0.0,96751
30-01-2020,21.5,88.0,37.8,5.1,0.0,96751
31-01-2020,20.7,93.0,0.0,1.6,0.0,96751
01-02-2020,20.6,96.0,13.8,0.2,0.0,96751
02-02-2020,20.1,95.0,20.6,0.0,0.0,96751
03-02-2020,20.3,92.0,3.8,0.0,0.0,96751
04-02-2020,20.5,95.0,2.3,0.5,0.0,96751
05-02-2020,20.4,93.0,4.7,0.0,0.0,96751
06-02-2020,20.7,97.0,42.8,0.7,0.0,96751
07-02-2020,20.7,94.0,4.2,0.0,1.0,96751
08-02-2020,21.0,92.0,118.7,0.3,0.0,96751
09-02-2020,21.1,86.0,8.0,1.3,0.0,96751
10-02-2020,22.5,76.0,0.7,0.9,0.0,96751
11-02-2020,22.7,80.0,0.0,7.6,0.0,96751
12-02-2020,22.1,91.0,0.0,3.3,0.0,96751
13-02-2020,21.6,90.0,2.0,4.6,0.0,96751
14-02-2020,20.5,95.0,8.6,2.0,0.0,96751
15-02-2020,20.8,95.0,2.2,3.0,0.0,96751
16-02-2020,20.9,90.0,8.2,3.5,0.0,96751
17-02-2020,21.6,86.0,19.4,1.9,0.0,96751
18-02-2020,20.2,95.0,1.9,0.7,0.0,96751
19-02-2020,19.9,97.0,30.3,2.3,0.0,96751
20-02-2020,19.9,99.0,76.4,0.2,1.0,96751
21-02-2020,20.3,96.0,32.2,0.0,1.0,96751
22-02-2020,21.3,97.0,19.1,0.0,1.0,96751
23-02-2020,20.6,98.0,16.9,0.3,1.0,96751
24-02-2020,20.1,98.0,41.6,0.0,1.0,96751
25-02-2020,20.0,99.0,37.2,0.0,0.0,96751
26-02-2020,21.3,94.0,7.6,0.0,0.0,96751
27-02-2020,21.3,95.0,3.5,0.6,0.0,96751
28-02-2020,21.2,97.0,2.4,0.4,0.0,96751
29-02-2020,21.1,95.0,8.0,0.0,0.0,96751
01-03-2020,21.6,97.0,33.8,2.8,0.0,96751
02-03-2020,22.4,87.0,32.2,3.6,0.0,96751
03-03-2020,22.1,86.0,7.6,3.2,1.0,96751
04-03-2020,21.5,88.0,10.4,5.2,1.0,96751
05-03-2020,21.7,77.0,11.5,3.9,1.0,96751
06-03-2020,22.0,82.0,9.7,0.0,0.0,96751
07-03-2020,22.0,86.0,13.7,5.3,1.0,96751
08-03-2020,21.8,90.0,0.0,4.0,1.0,96751
09-03-2020,23.0,80.0,3.8,3.6,1.0,96751
10-03-2020,22.5,80.0,0.0,1.0,0.0,96751
11-03-2020,22.4,88.0,3.9,4.8,0.0,96751
12-03-2020,21.6,94.0,15.3,3.3,0.0,96751
13-03-2020,22.1,90.0,35.4,0.0,0.0,96751
14-03-2020,22.2,84.0,0.0,5.7,1.0,96751
15-03-2020,21.4,90.0,0.9,2.8,0.0,96751
16-03-2020,20.9,96.0,43.4,4.1,0.0,96751
17-03-2020,21.8,90.0,30.7,2.0,1.0,96751
18-03-2020,20.9,96.0,2.0,5.5,0.0,96751
19-03-2020,20.8,94.0,1.5,0.8,1.0,96751
20-03-2020,20.3,93.0,20.3,1.0,0.0,96751
21-03-2020,22.5,83.0,19.3,2.2,0.0,96751
22-03-2020,21.9,92.0,9.9,5.2,0.0,96751
23-03-2020,21.1,93.0,11.3,2.9,0.0,96751
24-03-2020,21.6,89.0,15.5,1.0,0.0,96751
25-03-2020,21.8,94.0,55.5,4.6,0.0,96751
26-03-2020,20.7,97.0,14.5,2.8,0.0,96751
27-03-2020,21.7,92.0,42.1,1.8,1.0,96751
28-03-2020,21.6,90.0,10.6,1.2,0.0,96751
29-03-2020,22.3,89.0,4.8,3.2,0.0,96751
30-03-2020,20.3,94.0,11.2,4.4,0.0,96751
31-03-2020,21.8,86.0,41.0,2.8,0.0,96751
01-04-2020,22.1,88.0,32.0,4.7,0.0,96751
02-04-2020,22.2,87.0,2.5,5.3,0.0,96751
03-04-2020,22.3,86.0,0.2,5.7,0.0,96751
05-04-2020,20.7,96.0,12.3,4.0,0.0,96751
06-04-2020,20.7,94.0,26.2,0.3,0.0,96751
07-04-2020,21.6,92.0,25.6,1.3,0.0,96751
08-04-2020,22.4,84.0,9.2,3.9,0.0,96751
10-04-2020,21.8,89.0,1.8,1.6,0.0,96751
11-04-2020,22.5,90.0,5.4,1.5,0.0,96751
12-04-2020,22.2,88.0,3.2,2.5,1.0,96751
13-04-2020,21.8,90.0,18.0,4.2,0.0,96751
14-04-2020,21.9,86.0,15.5,3.7,0.0,96751
16-04-2020,22.5,89.0,2.4,4.5,0.0,96751
18-04-2020,21.3,88.0,26.2,3.8,0.0,96751
19-04-2020,22.6,88.0,36.9,3.0,0.0,96751
20-04-2020,22.5,87.0,18.0,5.0,0.0,96751
21-04-2020,21.8,94.0,0.5,3.7,0.0,96751
22-04-2020,22.9,84.0,4.5,0.0,0.0,96751
25-04-2020,21.8,78.0,4.3,1.5,0.0,96751
28-04-2020,21.1,92.0,13.5,0.9,0.0,96751
29-04-2020,20.3,97.0,13.4,0.4,0.0,96751
30-04-2020,21.2,96.0,50.0,2.4,0.0,96751
01-05-2020,21.7,93.0,22.5,0.0,0.0,96751
02-05-2020,21.5,94.0,16.3,0.5,0.0,96751
03-05-2020,22.3,91.0,1.5,0.0,0.0,96751
04-05-2020,22.6,84.0,0.0,3.6,1.0,96751
05-05-2020,22.7,86.0,0.0,3.0,0.0,96751
06-05-2020,22.3,89.0,13.5,3.1,0.0,96751
07-05-2020,22.9,86.0,4.5,2.3,0.0,96751
09-05-2020,21.9,90.0,2.9,4.8,0.0,96751
11-05-2020,22.3,91.0,13.6,2.3,0.0,96751
12-05-2020,22.5,88.0,6.5,0.8,0.0,96751
13-05-2020,22.9,87.0,1.0,4.4,0.0,96751
14-05-2020,22.1,85.0,0.1,1.1,0.0,96751
15-05-2020,22.4,75.0,0.5,5.3,1.0,96751
16-05-2020,23.0,76.0,0.0,8.2,1.0,96751
18-05-2020,20.9,94.0,15.2,4.0,0.0,96751
19-05-2020,22.2,84.0,43.5,0.4,0.0,96751
20-05-2020,21.5,92.0,13.6,4.1,1.0,96751
21-05-2020,22.9,80.0,62.4,4.7,0.0,96751
23-05-2020,22.8,82.0,19.0,7.2,0.0,96751
25-05-2020,22.8,85.0,4.5,6.0,1.0,96751
26-05-2020,22.4,88.0,7.1,4.5,0.0,96751
28-05-2020,22.4,87.0,30.7,5.2,0.0,96751
29-05-2020,21.9,88.0,0.0,1.2,0.0,96751
30-05-2020,21.0,90.0,42.0,2.4,0.0,96751
31-05-2020,21.4,92.0,62.7,3.8,0.0,96751
01-06-2020,21.4,89.0,4.1,2.6,0.0,96751
02-06-2020,22.3,89.0,12.4,3.0,0.0,96751
03-06-2020,22.4,82.0,8.2,3.7,1.0,96751
04-06-2020,22.7,83.0,1.0,5.8,0.0,96751
06-06-2020,22.5,87.0,0.1,1.6,0.0,96751
07-06-2020,21.6,90.0,0.2,1.3,0.0,96751
08-06-2020,21.6,88.0,11.7,3.6,0.0,96751
10-06-2020,22.0,84.0,1.9,1.0,0.0,96751
11-06-2020,22.0,90.0,0.1,6.9,0.0,96751
12-06-2020,22.1,82.0,3.9,0.2,1.0,96751
13-06-2020,21.5,87.0,0.0,6.6,0.0,96751
14-06-2020,22.8,78.0,0.5,4.1,1.0,96751
19-06-2020,21.2,94.0,5.8,3.9,0.0,96751
20-06-2020,22.1,85.0,0.0,0.0,0.0,96751
23-06-2020,22.2,81.0,32.5,2.6,0.0,96751
24-06-2020,21.2,89.0,5.8,5.6,0.0,96751
26-06-2020,21.6,84.0,0.0,6.1,0.0,96751
28-06-2020,21.6,85.0,0.1,4.6,0.0,96751
01-07-2020,21.6,82.0,0.0,6.6,0.0,96751
02-07-2020,20.4,88.0,0.0,6.4,0.0,96751
04-07-2020,21.4,90.0,32.3,2.0,0.0,96751
07-07-2020,21.5,84.0,2.4,3.3,0.0,96751
08-07-2020,21.3,87.0,0.0,3.3,0.0,96751
09-07-2020,20.5,81.0,23.6,5.2,0.0,96751
10-07-2020,20.8,86.0,0.0,1.8,0.0,96751
13-07-2020,21.4,88.0,1.2,4.0,0.0,96751
14-07-2020,21.1,88.0,0.0,4.0,0.0,96751
19-07-2020,21.8,84.0,0.0,7.3,0.0,96751
20-07-2020,21.5,88.0,1.2,5.5,0.0,96751
21-07-2020,21.8,86.0,0.5,5.6,1.0,96751
22-07-2020,21.5,89.0,1.9,6.0,0.0,96751
25-07-2020,21.0,81.0,0.0,6.7,0.0,96751
26-07-2020,20.9,78.0,0.0,6.4,0.0,96751
28-07-2020,20.9,74.0,0.0,8.7,1.0,96751
31-07-2020,19.8,73.0,0.0,8.2,0.0,96751
01-08-2020,20.5,72.0,0.0,7.3,1.0,96751
02-08-2020,20.8,83.0,0.0,9.0,1.0,96751
03-08-2020,21.4,85.0,0.2,6.6,0.0,96751
04-08-2020,21.7,85.0,0.0,5.1,1.0,96751
05-08-2020,21.2,84.0,0.0,1.2,0.0,96751
06-08-2020,21.8,82.0,0.7,2.4,1.0,96751
08-08-2020,21.9,84.0,0.6,6.5,1.0,96751
09-08-2020,22.4,81.0,0.0,5.0,1.0,96751
10-08-2020,21.8,83.0,0.4,6.6,1.0,96751
12-08-2020,21.8,86.0,2.0,3.4,0.0,96751
13-08-2020,20.7,92.0,0.2,0.2,0.0,96751
14-08-2020,20.8,94.0,30.0,1.1,0.0,96751
15-08-2020,21.5,80.0,2.8,1.3,0.0,96751
17-08-2020,22.0,86.0,0.0,6.0,0.0,96751
18-08-2020,20.7,88.0,0.0,5.9,0.0,96751
19-08-2020,21.7,84.0,1.1,1.5,1.0,96751
20-08-2020,22.0,82.0,0.0,6.6,1.0,96751
21-08-2020,22.1,74.0,0.0,6.1,1.0,96751
22-08-2020,22.3,73.0,0.0,9.4,0.0,96751
23-08-2020,22.5,81.0,0.0,5.2,1.0,96751
24-08-2020,21.4,82.0,0.0,6.4,1.0,96751
25-08-2020,22.2,72.0,0.0,7.2,1.0,96751
26-08-2020,21.4,76.0,0.0,9.7,1.0,96751
27-08-2020,22.1,68.0,0.0,8.4,1.0,96751
28-08-2020,21.6,75.0,0.0,9.0,0.0,96751
29-08-2020,22.5,76.0,0.0,8.1,1.0,96751
30-08-2020,22.5,81.0,0.0,6.5,1.0,96751
31-08-2020,22.0,82.0,0.0,7.5,0.0,96751
01-09-2020,22.0,79.0,0.0,6.5,0.0,96751
02-09-2020,20.9,87.0,0.0,8.5,0.0,96751
04-09-2020,22.9,84.0,1.5,3.2,0.0,96751
05-09-2020,21.8,87.0,0.0,6.6,0.0,96751
07-09-2020,22.0,82.0,0.0,7.2,1.0,96751
09-09-2020,23.3,76.0,0.0,7.4,0.0,96751
11-09-2020,21.5,85.0,0.0,5.2,1.0,96751
13-09-2020,21.3,84.0,0.0,5.5,0.0,96751
14-09-2020,21.5,87.0,0.6,3.4,1.0,96751
29-09-2020,21.4,84.0,0.3,7.3,0.0,96751
30-09-2020,22.9,76.0,0.0,7.2,1.0,96751
02-10-2020,21.6,85.0,0.0,6.3,1.0,96751
04-10-2020,21.3,87.0,17.6,2.0,1.0,96751
05-10-2020,21.2,85.0,7.5,7.6,0.0,96751
06-10-2020,20.7,85.0,0.0,2.7,1.0,96751
07-10-2020,22.1,83.0,0.0,6.7,1.0,96751
08-10-2020,21.0,86.0,1.6,7.9,0.0,96751
09-10-2020,20.8,93.0,3.5,3.6,0.0,96751
10-10-2020,21.3,91.0,0.1,0.8,0.0,96751
11-10-2020,22.0,84.0,25.7,0.0,0.0,96751
13-10-2020,21.7,84.0,0.0,4.0,0.0,96751
14-10-2020,22.3,86.0,1.2,3.1,0.0,96751
15-10-2020,21.9,84.0,0.0,7.1,1.0,96751
17-10-2020,21.0,85.0,28.2,2.0,0.0,96751
18-10-2020,22.3,81.0,5.8,4.0,0.0,96751
19-10-2020,20.7,86.0,10.8,1.9,0.0,96751
21-10-2020,21.3,88.0,6.0,4.0,0.0,96751
22-10-2020,21.5,86.0,15.5,2.0,0.0,96751
23-10-2020,22.2,88.0,2.2,2.7,0.0,96751
24-10-2020,21.0,91.0,2.2,4.3,0.0,96751
25-10-2020,20.9,93.0,54.7,3.2,0.0,96751
26-10-2020,21.0,90.0,3.8,3.3,0.0,96751
27-10-2020,20.9,92.0,20.6,1.0,0.0,96751
28-10-2020,21.0,89.0,14.1,1.0,0.0,96751
29-10-2020,22.2,82.0,7.0,3.1,0.0,96751
30-10-2020,22.5,80.0,0.0,8.2,0.0,96751
31-10-2020,21.3,88.0,13.4,1.5,0.0,96751
01-11-2020,21.6,88.0,12.7,3.7,1.0,96751
02-11-2020,21.6,88.0,10.9,3.5,1.0,96751
03-11-2020,22.2,75.0,0.0,2.1,0.0,96751
04-11-2020,21.9,83.0,0.0,6.2,1.0,96751
05-11-2020,21.4,91.0,0.0,4.3,0.0,96751
06-11-2020,22.4,85.0,2.5,0.0,0.0,96751
07-11-2020,21.8,80.0,0.0,4.1,1.0,96751
08-11-2020,20.1,90.0,1.0,4.2,0.0,96751
09-11-2020,21.9,78.0,11.5,2.1,0.0,96751
10-11-2020,21.6,90.0,0.0,7.8,0.0,96751
11-11-2020,22.1,86.0,6.3,5.6,0.0,96751
12-11-2020,22.8,85.0,26.4,6.4,1.0,96751
13-11-2020,24.2,72.0,4.2,4.7,0.0,96751
14-11-2020,22.9,79.0,0.0,8.0,1.0,96751
15-11-2020,22.5,82.0,13.5,4.3,1.0,96751
16-11-2020,23.0,81.0,0.0,5.6,1.0,96751
17-11-2020,22.5,88.0,2.4,5.3,0.0,96751
18-11-2020,22.1,90.0,10.0,5.4,0.0,96751
19-11-2020,22.5,81.0,0.0,4.3,1.0,96751
20-11-2020,23.3,84.0,1.1,8.0,0.0,96751
21-11-2020,21.3,92.0,0.0,3.8,0.0,96751
22-11-2020,21.1,91.0,14.2,0.5,0.0,96751
23-11-2020,20.7,90.0,3.1,1.5,0.0,96751
24-11-2020,21.1,90.0,22.0,0.2,0.0,96751
25-11-2020,21.8,84.0,5.3,3.0,0.0,96751
26-11-2020,21.4,81.0,6.1,7.0,0.0,96751
27-11-2020,21.7,86.0,0.0,6.3,0.0,96751
28-11-2020,21.4,80.0,1.0,2.0,0.0,96751
29-11-2020,21.5,86.0,10.8,2.5,1.0,96751
30-11-2020,21.3,89.0,0.7,3.2,0.0,96751
01-12-2020,21.8,87.0,39.6,0.5,0.0,96751
02-12-2020,22.7,82.0,4.4,2.4,1.0,96751
03-12-2020,21.3,91.0,2.7,6.0,0.0,96751
04-12-2020,21.4,91.0,6.9,0.0,0.0,96751
05-12-2020,20.0,96.0,4.4,0.5,1.0,96751
06-12-2020,19.3,99.0,56.9,0.0,1.0,96751
07-12-2020,20.6,88.0,57.8,0.0,1.0,96751
08-12-2020,21.8,80.0,2.2,0.3,1.0,96751
09-12-2020,20.5,93.0,1.6,4.0,1.0,96751
10-12-2020,20.2,94.0,6.8,0.1,0.0,96751
11-12-2020,20.9,92.0,14.3,0.0,0.0,96751
12-12-2020,20.2,94.0,15.6,0.0,0.0,96751
13-12-2020,20.5,89.0,3.2,0.0,0.0,96751
14-12-2020,21.1,92.0,2.2,0.0,0.0,96751
15-12-2020,21.3,87.0,1.5,0.8,0.0,96751
16-12-2020,22.1,86.0,3.3,0.8,0.0,96751
17-12-2020,20.7,89.0,2.5,4.1,1.0,96751
18-12-2020,21.6,82.0,2.8,1.2,1.0,96751
19-12-2020,21.6,86.0,0.1,1.5,1.0,96751
21-12-2020,20.3,94.0,2.2,2.7,0.0,96751
22-12-2020,20.5,93.0,29.9,0.0,0.0,96751
23-12-2020,22.1,82.0,19.4,0.2,0.0,96751
25-12-2020,21.3,87.0,7.3,0.1,0.0,96751
26-12-2020,21.5,86.0,4.4,1.6,0.0,96751
27-12-2020,21.9,83.0,1.8,1.1,0.0,96751
29-12-2020,20.5,92.0,1.3,2.0,0.0,96751
30-12-2020,20.9,86.0,17.0,0.0,0.0,96751
31-12-2020,20.8,88.0,7.8,0.0,0.0,96751
01-01-2010,26.4,82.0,0.5,5.0,1.0,96753
03-01-2010,27.0,85.0,2.8,4.2,1.0,96753
04-01-2010,26.6,83.0,0.0,3.9,1.0,96753
05-01-2010,26.0,84.0,0.2,5.3,1.0,96753
06-01-2010,25.9,85.0,3.8,4.7,1.0,96753
07-01-2010,25.5,87.0,3.0,4.9,1.0,96753
08-01-2010,24.7,88.0,10.2,2.7,1.0,96753
09-01-2010,25.0,90.0,0.7,1.5,1.0,96753
10-01-2010,25.1,89.0,48.6,0.7,1.0,96753
11-01-2010,26.0,84.0,7.2,4.2,0.0,96753
12-01-2010,25.2,85.0,13.3,0.8,2.0,96753
13-01-2010,24.4,90.0,7.0,0.0,2.0,96753
14-01-2010,23.1,95.0,13.4,2.0,1.0,96753
15-01-2010,24.1,90.0,48.0,1.0,1.0,96753
16-01-2010,24.3,92.0,3.0,0.0,0.0,96753
17-01-2010,24.2,92.0,2.6,1.2,1.0,96753
18-01-2010,26.1,79.0,21.6,4.9,1.0,96753
19-01-2010,25.3,90.0,2.5,1.9,1.0,96753
20-01-2010,23.9,92.0,2.9,0.8,1.0,96753
21-01-2010,25.5,85.0,3.8,3.8,0.0,96753
22-01-2010,23.7,96.0,1.2,3.3,1.0,96753
23-01-2010,25.1,88.0,4.6,3.8,1.0,96753
24-01-2010,25.5,88.0,11.0,4.8,0.0,96753
25-01-2010,25.4,87.0,13.5,4.1,1.0,96753
26-01-2010,26.1,89.0,1.1,1.8,1.0,96753
27-01-2010,25.6,89.0,0.0,5.1,1.0,96753
28-01-2010,25.1,90.0,8.5,5.0,1.0,96753
29-01-2010,26.5,82.0,5.8,4.8,1.0,96753
30-01-2010,26.2,89.0,0.2,4.8,1.0,96753
31-01-2010,25.5,92.0,11.0,0.0,1.0,96753
02-02-2010,25.8,88.0,15.2,3.2,1.0,96753
03-02-2010,25.9,88.0,1.7,4.2,1.0,96753
04-02-2010,25.6,91.0,4.5,4.6,1.0,96753
05-02-2010,25.7,88.0,10.0,2.4,1.0,96753
06-02-2010,25.9,86.0,0.0,4.4,1.0,96753
07-02-2010,24.9,89.0,4.2,6.9,0.0,96753
08-02-2010,26.2,90.0,69.0,5.7,1.0,96753
09-02-2010,25.8,89.0,34.0,6.2,0.0,96753
10-02-2010,25.8,85.0,81.2,6.6,1.0,96753
11-02-2010,26.1,91.0,74.0,5.1,1.0,96753
14-02-2010,25.3,92.0,9.9,2.7,0.0,96753
15-02-2010,26.0,86.0,6.7,5.8,1.0,96753
17-02-2010,26.0,90.0,40.5,3.5,1.0,96753
23-02-2010,26.5,86.0,6.5,5.8,1.0,96753
24-02-2010,26.5,89.0,8.3,3.5,1.0,96753
25-02-2010,24.8,91.0,15.8,3.0,1.0,96753
26-02-2010,26.4,81.0,2.5,7.8,1.0,96753
27-02-2010,26.8,85.0,0.0,5.5,1.0,96753
28-02-2010,26.9,84.0,0.2,5.4,1.0,96753
01-03-2010,26.3,85.0,6.9,4.7,1.0,96753
02-03-2010,25.9,83.0,0.7,7.3,1.0,96753
03-03-2010,26.9,82.0,24.9,6.7,2.0,96753
04-03-2010,26.1,87.0,41.7,6.2,2.0,96753
05-03-2010,25.9,89.0,7.8,1.4,2.0,96753
06-03-2010,26.2,86.0,0.0,4.5,1.0,96753
07-03-2010,26.0,88.0,1.9,6.5,1.0,96753
08-03-2010,25.8,88.0,30.6,4.3,2.0,96753
09-03-2010,25.8,89.0,9.6,5.1,1.0,96753
10-03-2010,26.3,83.0,3.1,0.8,2.0,96753
11-03-2010,25.1,90.0,13.2,2.5,2.0,96753
12-03-2010,26.0,84.0,45.2,4.7,1.0,96753
13-03-2010,25.4,86.0,0.0,4.1,2.0,96753
14-03-2010,26.1,84.0,6.5,7.2,1.0,96753
15-03-2010,26.3,84.0,28.8,5.5,2.0,96753
16-03-2010,25.5,88.0,23.5,4.8,2.0,96753
17-03-2010,24.9,87.0,9.5,2.6,2.0,96753
18-03-2010,25.1,86.0,9.2,4.9,2.0,96753
19-03-2010,26.3,84.0,19.7,6.3,1.0,96753
21-03-2010,26.3,86.0,8.8,5.2,1.0,96753
22-03-2010,26.9,82.0,7.0,5.8,2.0,96753
23-03-2010,25.8,88.0,0.6,5.1,1.0,96753
24-03-2010,26.7,86.0,75.6,6.1,2.0,96753
25-03-2010,27.0,84.0,10.0,6.0,2.0,96753
26-03-2010,26.8,83.0,0.0,2.4,2.0,96753
27-03-2010,26.9,84.0,4.0,5.9,1.0,96753
29-03-2010,25.4,87.0,2.2,4.1,1.0,96753
30-03-2010,25.2,86.0,23.0,0.0,1.0,96753
31-03-2010,26.1,82.0,0.5,1.2,1.0,96753
01-04-2010,26.3,85.0,0.0,6.6,1.0,96753
02-04-2010,27.0,74.0,2.4,7.8,1.0,96753
03-04-2010,26.7,80.0,5.9,2.3,2.0,96753
05-04-2010,26.5,87.0,2.9,5.3,2.0,96753
06-04-2010,26.4,85.0,2.0,7.3,1.0,96753
08-04-2010,27.4,82.0,0.0,4.5,2.0,96753
09-04-2010,26.3,79.0,14.6,7.6,1.0,96753
10-04-2010,26.8,79.0,0.0,7.8,1.0,96753
11-04-2010,26.4,82.0,0.0,2.9,1.0,96753
14-04-2010,26.7,85.0,0.0,5.2,2.0,96753
15-04-2010,27.9,80.0,3.6,7.6,1.0,96753
16-04-2010,25.5,84.0,0.0,1.8,2.0,96753
17-04-2010,27.2,79.0,1.8,7.2,1.0,96753
18-04-2010,26.3,76.0,0.0,7.3,1.0,96753
19-04-2010,26.5,78.0,0.0,7.7,2.0,96753
20-04-2010,26.7,77.0,0.0,7.6,1.0,96753
21-04-2010,26.9,80.0,0.0,6.2,2.0,96753
22-04-2010,28.0,78.0,1.0,7.5,2.0,96753
23-04-2010,27.1,79.0,0.0,5.9,2.0,96753
25-04-2010,28.1,73.0,0.0,6.6,2.0,96753
26-04-2010,28.1,79.0,1.3,7.6,1.0,96753
27-04-2010,27.2,78.0,7.2,7.1,2.0,96753
28-04-2010,27.8,75.0,0.0,6.2,1.0,96753
29-04-2010,26.9,82.0,0.0,4.6,1.0,96753
30-04-2010,27.6,79.0,0.2,7.9,2.0,96753
02-05-2010,27.2,82.0,0.0,6.2,3.0,96753
03-05-2010,27.6,76.0,2.7,7.4,2.0,96753
04-05-2010,27.7,80.0,0.0,8.0,2.0,96753
05-05-2010,27.1,80.0,1.0,2.8,2.0,96753
06-05-2010,27.2,79.0,0.0,8.0,2.0,96753
07-05-2010,27.5,80.0,0.0,7.9,2.0,96753
08-05-2010,25.5,89.0,9.1,3.1,2.0,96753
09-05-2010,27.0,82.0,71.3,6.1,2.0,96753
10-05-2010,26.2,86.0,36.5,6.0,2.0,96753
11-05-2010,26.1,87.0,7.9,5.3,1.0,96753
12-05-2010,25.5,89.0,4.0,4.8,1.0,96753
13-05-2010,26.0,89.0,3.5,4.2,2.0,96753
14-05-2010,26.0,88.0,11.1,5.8,1.0,96753
15-05-2010,27.8,81.0,10.5,6.3,1.0,96753
16-05-2010,25.0,96.0,13.2,0.2,2.0,96753
17-05-2010,27.2,84.0,16.4,5.0,1.0,96753
18-05-2010,27.7,81.0,0.0,7.6,1.0,96753
19-05-2010,27.5,81.0,0.0,7.2,1.0,96753
20-05-2010,25.9,89.0,2.0,2.2,2.0,96753
21-05-2010,25.9,82.0,35.5,7.8,2.0,96753
22-05-2010,27.0,82.0,0.0,6.3,1.0,96753
24-05-2010,25.9,90.0,40.0,4.7,2.0,96753
25-05-2010,26.3,85.0,1.0,6.0,1.0,96753
26-05-2010,25.3,85.0,54.5,7.6,1.0,96753
27-05-2010,26.2,81.0,10.7,1.3,2.0,96753
30-05-2010,26.9,80.0,0.0,6.4,2.0,96753
02-06-2010,27.5,84.0,14.5,0.6,1.0,96753
04-06-2010,25.5,88.0,18.0,0.2,1.0,96753
05-06-2010,26.2,87.0,8.5,0.5,1.0,96753
06-06-2010,25.9,88.0,0.3,0.2,1.0,96753
07-06-2010,26.1,86.0,0.5,0.2,0.0,96753
08-06-2010,25.0,94.0,7.5,0.1,0.0,96753
09-06-2010,25.5,85.0,21.3,0.1,1.0,96753
10-06-2010,25.7,87.0,0.0,0.0,0.0,96753
11-06-2010,26.4,84.0,0.0,0.7,1.0,96753
12-06-2010,26.1,85.0,0.0,0.2,2.0,96753
13-06-2010,26.4,78.0,0.3,0.7,1.0,96753
14-06-2010,27.1,83.0,0.6,0.5,1.0,96753
15-06-2010,25.6,88.0,0.2,0.3,1.0,96753
16-06-2010,23.7,94.0,12.4,0.0,2.0,96753
17-06-2010,24.8,91.0,6.2,0.0,0.0,96753
19-06-2010,25.0,88.0,45.5,0.6,1.0,96753
20-06-2010,26.4,82.0,0.1,0.6,2.0,96753
21-06-2010,26.8,81.0,0.0,0.7,2.0,96753
22-06-2010,26.3,80.0,40.2,0.6,2.0,96753
23-06-2010,25.8,82.0,0.0,0.6,1.0,96753
25-06-2010,26.1,86.0,101.1,0.3,2.0,96753
26-06-2010,26.0,86.0,1.5,0.5,0.0,96753
27-06-2010,25.8,83.0,0.0,0.7,1.0,96753
28-06-2010,25.4,88.0,0.0,0.4,1.0,96753
29-06-2010,25.0,90.0,0.0,0.4,1.0,96753
30-06-2010,26.0,83.0,24.7,0.8,1.0,96753
03-07-2010,24.7,89.0,20.5,0.2,1.0,96753
04-07-2010,26.1,86.0,19.0,0.6,1.0,96753
05-07-2010,25.5,86.0,0.0,0.4,1.0,96753
06-07-2010,27.1,85.0,22.7,0.6,1.0,96753
08-07-2010,25.1,89.0,24.8,0.4,1.0,96753
10-07-2010,26.1,78.0,1.0,0.6,2.0,96753
11-07-2010,25.5,82.0,0.0,0.6,2.0,96753
12-07-2010,26.4,82.0,0.1,0.5,2.0,96753
13-07-2010,25.9,85.0,1.0,0.4,1.0,96753
14-07-2010,25.4,83.0,0.0,0.4,2.0,96753
15-07-2010,26.1,80.0,0.0,0.6,1.0,96753
16-07-2010,25.5,84.0,0.0,0.1,2.0,96753
17-07-2010,25.0,87.0,0.1,0.0,1.0,96753
18-07-2010,24.8,92.0,23.4,0.2,1.0,96753
19-07-2010,25.0,90.0,40.5,0.3,1.0,96753
20-07-2010,26.5,78.0,66.3,0.7,2.0,96753
21-07-2010,25.4,89.0,0.0,0.6,0.0,96753
22-07-2010,26.2,76.0,18.2,0.8,1.0,96753
24-07-2010,26.3,72.0,0.0,0.7,2.0,96753
25-07-2010,26.4,77.0,0.0,0.3,1.0,96753
26-07-2010,26.3,84.0,0.2,0.4,1.0,96753
28-07-2010,25.7,80.0,25.0,0.3,1.0,96753
29-07-2010,26.3,86.0,7.0,0.4,1.0,96753
30-07-2010,26.6,79.0,0.6,0.8,2.0,96753
31-07-2010,25.9,80.0,0.0,0.7,2.0,96753
01-08-2010,26.0,82.0,9.4,7.4,2.0,96753
02-08-2010,25.3,84.0,6.5,6.6,1.0,96753
03-08-2010,24.8,86.0,0.3,6.8,1.0,96753
04-08-2010,25.8,86.0,19.5,3.6,2.0,96753
05-08-2010,25.3,89.0,23.6,3.3,1.0,96753
06-08-2010,25.2,87.0,19.9,4.4,1.0,96753
07-08-2010,25.7,84.0,6.1,4.3,1.0,96753
09-08-2010,25.2,87.0,11.8,6.1,1.0,96753
10-08-2010,25.9,82.0,4.8,7.0,2.0,96753
13-08-2010,26.6,83.0,0.0,3.9,2.0,96753
14-08-2010,26.6,79.0,0.0,7.8,2.0,96753
15-08-2010,25.8,88.0,19.2,2.3,2.0,96753
16-08-2010,24.9,91.0,32.3,4.0,1.0,96753
17-08-2010,25.9,88.0,67.6,4.3,1.0,96753
18-08-2010,25.2,84.0,0.0,2.6,1.0,96753
19-08-2010,26.4,81.0,29.2,5.5,1.0,96753
21-08-2010,25.8,85.0,4.2,1.2,2.0,96753
22-08-2010,25.8,78.0,6.0,7.5,0.0,96753
23-08-2010,26.3,82.0,0.0,6.0,1.0,96753
24-08-2010,26.3,87.0,1.7,3.8,1.0,96753
25-08-2010,27.0,82.0,12.0,6.8,1.0,96753
26-08-2010,26.5,80.0,42.0,7.5,2.0,96753
27-08-2010,24.6,87.0,0.0,5.5,2.0,96753
28-08-2010,23.7,90.0,61.5,5.0,1.0,96753
29-08-2010,25.9,82.0,100.0,8.0,2.0,96753
30-08-2010,25.8,82.0,0.0,7.5,1.0,96753
31-08-2010,25.8,80.0,0.0,6.9,2.0,96753
01-09-2010,25.4,86.0,33.0,6.4,2.0,96753
02-09-2010,25.3,86.0,70.0,7.7,2.0,96753
03-09-2010,25.5,87.0,17.0,6.7,1.0,96753
04-09-2010,26.3,81.0,144.5,7.9,2.0,96753
05-09-2010,25.9,87.0,7.3,2.1,1.0,96753
06-09-2010,24.3,96.0,8.1,0.0,1.0,96753
07-09-2010,24.6,89.0,6.8,4.4,0.0,96753
08-09-2010,24.9,87.0,14.7,3.0,1.0,96753
09-09-2010,24.9,86.0,33.2,5.6,1.0,96753
10-09-2010,25.1,85.0,3.2,4.4,1.0,96753
11-09-2010,24.1,88.0,12.7,6.2,1.0,96753
12-09-2010,26.3,80.0,24.5,6.2,1.0,96753
14-09-2010,25.4,86.0,31.8,5.6,2.0,96753
15-09-2010,23.9,96.0,39.5,2.0,1.0,96753
16-09-2010,24.9,86.0,18.0,0.7,1.0,96753
17-09-2010,24.8,88.0,3.8,4.3,0.0,96753
18-09-2010,25.5,83.0,18.6,4.9,2.0,96753
19-09-2010,26.1,84.0,0.4,6.2,1.0,96753
20-09-2010,25.4,87.0,10.7,5.9,2.0,96753
21-09-2010,25.4,91.0,12.1,3.9,1.0,96753
22-09-2010,25.6,86.0,1.9,5.3,1.0,96753
23-09-2010,24.9,87.0,0.0,5.1,2.0,96753
24-09-2010,25.1,88.0,9.1,4.9,1.0,96753
25-09-2010,25.9,86.0,15.0,2.2,1.0,96753
26-09-2010,25.9,85.0,0.5,4.3,2.0,96753
27-09-2010,25.4,84.0,1.3,4.3,1.0,96753
28-09-2010,26.4,80.0,5.4,6.3,1.0,96753
29-09-2010,25.5,88.0,16.8,6.2,2.0,96753
30-09-2010,25.8,84.0,41.1,7.4,2.0,96753
01-10-2010,26.2,86.0,30.5,6.0,2.0,96753
02-10-2010,25.0,90.0,20.1,4.1,2.0,96753
03-10-2010,24.2,94.0,4.2,0.8,1.0,96753
04-10-2010,25.5,84.0,11.0,5.5,2.0,96753
06-10-2010,25.6,90.0,0.0,4.8,0.0,96753
07-10-2010,25.5,88.0,24.0,2.8,1.0,96753
08-10-2010,25.2,90.0,1.6,4.9,0.0,96753
09-10-2010,25.4,87.0,91.2,4.9,2.0,96753
11-10-2010,25.2,62.0,0.0,8.0,1.0,96753
12-10-2010,26.8,68.0,0.0,8.0,1.0,96753
13-10-2010,26.3,79.0,0.0,3.5,2.0,96753
14-10-2010,23.5,94.0,14.2,4.2,2.0,96753
15-10-2010,25.4,86.0,31.2,4.1,2.0,96753
16-10-2010,26.4,78.0,2.0,4.9,1.0,96753
17-10-2010,26.0,84.0,0.0,4.8,1.0,96753
18-10-2010,24.4,87.0,15.7,2.9,2.0,96753
19-10-2010,25.9,82.0,26.5,6.2,1.0,96753
20-10-2010,26.6,83.0,0.3,1.9,1.0,96753
21-10-2010,25.9,88.0,2.5,6.9,1.0,96753
22-10-2010,25.7,88.0,26.5,5.8,1.0,96753
23-10-2010,25.7,88.0,6.0,5.1,1.0,96753
24-10-2010,24.8,94.0,3.5,3.8,1.0,96753
25-10-2010,25.2,89.0,31.3,3.4,1.0,96753
26-10-2010,24.0,94.0,10.4,4.1,1.0,96753
27-10-2010,25.0,86.0,30.2,4.9,1.0,96753
28-10-2010,23.7,95.0,20.5,1.4,1.0,96753
29-10-2010,25.1,88.0,17.3,3.9,1.0,96753
30-10-2010,24.9,91.0,14.0,1.3,0.0,96753
31-10-2010,26.5,81.0,1.2,1.8,0.0,96753
01-11-2010,27.0,74.0,0.0,1.7,0.0,96753
02-11-2010,27.0,76.0,0.0,5.0,2.0,96753
03-11-2010,27.1,74.0,1.1,5.7,1.0,96753
04-11-2010,24.6,92.0,1.0,2.6,2.0,96753
05-11-2010,26.4,85.0,5.2,1.4,1.0,96753
06-11-2010,26.9,79.0,0.2,3.8,0.0,96753
07-11-2010,26.1,86.0,0.0,1.5,1.0,96753
08-11-2010,25.6,86.0,8.5,0.5,0.0,96753
09-11-2010,26.5,78.0,0.7,6.5,1.0,96753
10-11-2010,26.4,80.0,3.7,5.5,2.0,96753
11-11-2010,26.4,83.0,0.7,5.0,1.0,96753
12-11-2010,25.4,87.0,0.0,3.8,2.0,96753
13-11-2010,25.0,88.0,33.6,2.4,1.0,96753
14-11-2010,25.7,86.0,3.4,0.5,1.0,96753
15-11-2010,26.2,85.0,1.3,4.1,1.0,96753
16-11-2010,25.6,89.0,1.5,3.9,1.0,96753
17-11-2010,25.5,86.0,5.1,3.0,1.0,96753
18-11-2010,26.1,88.0,8.4,5.2,1.0,96753
19-11-2010,26.8,85.0,8.3,4.3,1.0,96753
20-11-2010,26.1,86.0,1.1,6.9,0.0,96753
21-11-2010,25.5,84.0,17.0,6.6,2.0,96753
22-11-2010,26.3,82.0,5.1,4.5,1.0,96753
23-11-2010,25.4,91.0,16.4,2.1,1.0,96753
24-11-2010,25.5,86.0,48.0,4.9,1.0,96753
25-11-2010,25.6,84.0,46.6,1.5,2.0,96753
27-11-2010,24.0,96.0,27.0,4.0,0.0,96753
28-11-2010,25.1,89.0,19.7,4.5,0.0,96753
29-11-2010,26.0,84.0,19.8,6.5,1.0,96753
30-11-2010,25.4,90.0,0.8,3.9,1.0,96753
01-12-2010,25.7,86.0,11.5,5.8,1.0,96753
02-12-2010,26.3,85.0,0.7,3.2,1.0,96753
03-12-2010,26.9,83.0,0.0,5.2,0.0,96753
05-12-2010,26.1,86.0,4.3,1.6,1.0,96753
06-12-2010,25.1,90.0,8.2,1.6,1.0,96753
07-12-2010,25.3,90.0,21.4,2.3,1.0,96753
08-12-2010,25.4,89.0,12.2,3.4,1.0,96753
09-12-2010,26.0,78.0,10.8,1.9,1.0,96753
10-12-2010,24.7,88.0,1.2,1.4,1.0,96753
12-12-2010,25.4,79.0,10.0,4.9,2.0,96753
13-12-2010,26.9,73.0,0.5,2.2,3.0,96753
14-12-2010,24.7,92.0,0.4,1.4,2.0,96753
15-12-2010,25.5,83.0,18.0,3.9,0.0,96753
16-12-2010,25.2,84.0,2.0,0.1,2.0,96753
18-12-2010,24.8,87.0,6.4,3.7,0.0,96753
19-12-2010,25.2,82.0,1.2,5.6,0.0,96753
21-12-2010,25.1,84.0,0.0,2.9,2.0,96753
22-12-2010,24.8,88.0,2.2,0.8,2.0,96753
23-12-2010,24.3,90.0,1.9,3.4,1.0,96753
24-12-2010,26.0,83.0,12.0,6.9,0.0,96753
25-12-2010,25.9,78.0,5.3,6.2,1.0,96753
27-12-2010,25.9,72.0,3.5,1.6,2.0,96753
28-12-2010,26.2,78.0,13.4,5.9,2.0,96753
29-12-2010,26.2,76.0,2.5,1.1,2.0,96753
30-12-2010,26.7,72.0,1.3,3.5,2.0,96753
31-12-2010,26.1,80.0,2.8,3.9,2.0,96753
01-01-2011,27.1,73.0,0.0,5.9,2.0,96753
02-01-2011,26.2,73.0,0.2,1.3,2.0,96753
03-01-2011,25.7,78.0,0.6,0.1,2.0,96753
04-01-2011,26.0,78.0,8.5,3.7,2.0,96753
06-01-2011,25.8,85.0,58.8,4.6,1.0,96753
07-01-2011,25.1,86.0,33.2,1.0,0.0,96753
08-01-2011,25.6,86.0,0.2,1.1,0.0,96753
09-01-2011,25.6,86.0,0.5,2.2,0.0,96753
10-01-2011,25.7,78.0,16.8,3.4,1.0,96753
12-01-2011,25.7,84.0,0.4,1.1,2.0,96753
13-01-2011,25.0,83.0,16.0,2.8,1.0,96753
14-01-2011,26.5,72.0,25.6,4.9,2.0,96753
15-01-2011,25.4,82.0,2.2,0.7,1.0,96753
16-01-2011,24.9,78.0,2.5,0.4,2.0,96753
17-01-2011,25.3,90.0,12.5,2.6,2.0,96753
18-01-2011,24.9,89.0,8.2,0.2,1.0,96753
19-01-2011,25.6,84.0,0.8,4.7,0.0,96753
20-01-2011,24.5,86.0,0.4,1.6,1.0,96753
22-01-2011,25.2,89.0,3.5,0.0,0.0,96753
24-01-2011,24.6,86.0,4.5,1.3,0.0,96753
25-01-2011,25.3,83.0,0.0,2.6,0.0,96753
26-01-2011,25.1,85.0,0.0,6.2,0.0,96753
27-01-2011,25.7,82.0,0.0,7.3,1.0,96753
28-01-2011,24.4,90.0,0.0,3.0,1.0,96753
29-01-2011,25.6,84.0,7.0,3.3,1.0,96753
30-01-2011,26.1,77.0,0.0,7.1,1.0,96753
31-01-2011,25.4,78.0,0.3,4.7,2.0,96753
02-02-2011,25.9,88.0,7.8,2.4,0.0,96753
04-02-2011,23.9,93.0,0.8,0.1,1.0,96753
05-02-2011,25.1,83.0,13.5,1.2,0.0,96753
06-02-2011,25.3,82.0,6.8,3.0,2.0,96753
07-02-2011,25.1,86.0,3.9,2.0,1.0,96753
08-02-2011,25.6,82.0,2.0,5.6,1.0,96753
09-02-2011,26.2,70.0,0.0,7.3,1.0,96753
10-02-2011,25.0,76.0,0.0,6.4,1.0,96753
11-02-2011,25.9,80.0,0.0,5.6,1.0,96753
12-02-2011,26.4,85.0,0.0,6.4,1.0,96753
13-02-2011,26.6,81.0,7.0,6.9,1.0,96753
15-02-2011,25.1,86.0,5.3,0.9,1.0,96753
17-02-2011,26.2,80.0,0.3,5.6,1.0,96753
18-02-2011,26.7,77.0,0.0,7.8,0.0,96753
19-02-2011,26.5,78.0,0.0,7.3,0.0,96753
20-02-2011,27.3,63.0,0.0,8.0,1.0,96753
21-02-2011,26.7,74.0,0.0,5.2,2.0,96753
22-02-2011,25.4,88.0,15.6,1.6,1.0,96753
23-02-2011,26.5,74.0,3.7,7.1,1.0,96753
24-02-2011,25.8,74.0,0.0,5.6,1.0,96753
25-02-2011,25.9,82.0,0.0,0.2,2.0,96753
26-02-2011,25.5,80.0,0.4,1.9,0.0,96753
28-02-2011,23.6,91.0,9.4,0.0,1.0,96753
01-03-2011,25.1,81.0,20.0,2.3,0.0,96753
02-03-2011,25.9,76.0,0.6,7.0,0.0,96753
03-03-2011,25.2,83.0,0.0,2.8,1.0,96753
06-03-2011,25.1,86.0,6.5,5.4,0.0,96753
07-03-2011,25.8,81.0,3.8,4.9,1.0,96753
08-03-2011,25.9,80.0,0.3,4.0,1.0,96753
09-03-2011,25.3,86.0,0.0,4.5,1.0,96753
10-03-2011,26.2,82.0,27.5,5.6,1.0,96753
11-03-2011,25.9,78.0,0.0,3.4,1.0,96753
13-03-2011,26.1,85.0,0.2,4.7,1.0,96753
14-03-2011,27.0,78.0,2.7,4.0,1.0,96753
16-03-2011,25.3,78.0,4.5,7.4,1.0,96753
17-03-2011,26.0,80.0,1.3,7.0,1.0,96753
18-03-2011,26.2,84.0,19.4,4.6,2.0,96753
19-03-2011,26.6,80.0,15.5,7.1,1.0,96753
20-03-2011,27.0,83.0,3.4,4.1,1.0,96753
21-03-2011,26.8,84.0,0.0,3.0,0.0,96753
22-03-2011,25.2,84.0,1.0,0.0,0.0,96753
23-03-2011,25.4,82.0,0.0,0.4,0.0,96753
24-03-2011,25.6,83.0,0.6,3.6,2.0,96753
25-03-2011,25.4,86.0,13.6,2.6,1.0,96753
26-03-2011,25.4,86.0,3.5,0.4,1.0,96753
28-03-2011,25.4,81.0,0.2,0.2,1.0,96753
30-03-2011,23.8,91.0,4.4,0.2,2.0,96753
31-03-2011,24.7,88.0,11.0,1.2,2.0,96753
01-04-2011,25.4,83.0,25.9,0.5,1.0,96753
02-04-2011,26.5,78.0,2.0,5.9,1.0,96753
03-04-2011,26.3,79.0,0.3,1.8,1.0,96753
04-04-2011,26.5,74.0,0.0,6.1,2.0,96753
05-04-2011,26.7,78.0,0.3,7.6,2.0,96753
06-04-2011,26.9,78.0,0.0,8.0,2.0,96753
07-04-2011,26.3,81.0,0.0,6.6,2.0,96753
08-04-2011,26.4,82.0,3.0,4.6,1.0,96753
09-04-2011,25.8,84.0,25.0,2.2,1.0,96753
10-04-2011,26.8,78.0,0.0,7.0,0.0,96753
11-04-2011,25.1,89.0,0.0,2.6,1.0,96753
12-04-2011,24.9,85.0,3.8,2.5,1.0,96753
13-04-2011,25.4,87.0,32.1,7.0,1.0,96753
14-04-2011,25.0,87.0,2.7,5.2,1.0,96753
15-04-2011,25.0,86.0,49.5,5.1,1.0,96753
16-04-2011,25.0,88.0,4.7,5.8,0.0,96753
17-04-2011,26.5,78.0,15.7,7.5,1.0,96753
19-04-2011,26.7,81.0,27.5,7.1,1.0,96753
20-04-2011,26.0,84.0,0.2,2.9,1.0,96753
21-04-2011,25.8,85.0,14.5,6.8,1.0,96753
22-04-2011,26.1,86.0,3.0,5.5,1.0,96753
23-04-2011,26.0,86.0,6.2,5.5,1.0,96753
24-04-2011,25.5,90.0,7.1,0.3,0.0,96753
25-04-2011,25.5,83.0,1.5,6.1,0.0,96753
26-04-2011,25.9,87.0,8.6,6.1,1.0,96753
27-04-2011,25.6,91.0,4.3,3.1,1.0,96753
28-04-2011,26.5,81.0,0.3,7.8,1.0,96753
29-04-2011,25.2,92.0,0.0,2.5,2.0,96753
30-04-2011,25.2,92.0,40.2,2.1,1.0,96753
01-05-2011,25.8,84.0,15.7,0.4,0.0,96753
02-05-2011,25.6,86.0,2.5,0.5,1.0,96753
03-05-2011,26.2,81.0,20.2,0.3,1.0,96753
05-05-2011,25.2,90.0,0.0,0.0,1.0,96753
06-05-2011,25.9,85.0,8.0,0.5,0.0,96753
07-05-2011,25.3,90.0,4.6,0.0,1.0,96753
08-05-2011,25.8,85.0,10.5,0.3,0.0,96753
09-05-2011,26.4,78.0,1.9,0.8,1.0,96753
10-05-2011,26.6,83.0,0.0,0.7,1.0,96753
11-05-2011,27.4,81.0,18.4,0.8,1.0,96753
12-05-2011,26.7,81.0,0.0,0.6,1.0,96753
13-05-2011,27.2,80.0,0.0,0.5,0.0,96753
14-05-2011,26.5,82.0,0.0,0.2,0.0,96753
15-05-2011,25.4,86.0,4.2,0.6,1.0,96753
16-05-2011,26.0,78.0,0.8,0.6,1.0,96753
17-05-2011,25.7,80.0,0.0,0.7,1.0,96753
18-05-2011,25.7,84.0,0.7,0.4,0.0,96753
19-05-2011,27.1,78.0,0.2,0.7,0.0,96753
20-05-2011,25.1,90.0,63.5,0.6,1.0,96753
21-05-2011,25.5,83.0,97.6,0.5,0.0,96753
22-05-2011,25.6,86.0,15.0,0.6,0.0,96753
23-05-2011,25.3,87.0,0.3,0.7,1.0,96753
24-05-2011,26.5,85.0,28.8,0.3,1.0,96753
25-05-2011,26.1,86.0,3.7,0.4,0.0,96753
26-05-2011,26.5,86.0,38.3,0.3,0.0,96753
27-05-2011,26.4,86.0,13.1,0.3,1.0,96753
28-05-2011,26.7,84.0,3.0,0.3,0.0,96753
29-05-2011,25.1,81.0,0.0,0.5,0.0,96753
30-05-2011,25.7,87.0,2.5,0.7,0.0,96753
31-05-2011,26.7,82.0,8.2,0.5,0.0,96753
02-06-2011,26.9,84.0,75.5,0.5,1.0,96753
03-06-2011,26.6,82.0,0.0,0.6,2.0,96753
04-06-2011,25.9,84.0,1.0,0.6,2.0,96753
05-06-2011,26.9,86.0,31.5,0.5,1.0,96753
06-06-2011,26.8,84.0,0.4,0.7,0.0,96753
07-06-2011,25.5,85.0,0.0,0.6,0.0,96753
08-06-2011,26.0,82.0,11.5,0.7,0.0,96753
09-06-2011,26.3,84.0,26.2,0.8,0.0,96753
10-06-2011,26.2,79.0,37.4,0.7,1.0,96753
11-06-2011,26.0,80.0,0.0,0.7,0.0,96753
12-06-2011,25.7,84.0,0.1,0.6,0.0,96753
13-06-2011,26.0,81.0,21.2,0.7,0.0,96753
14-06-2011,26.0,78.0,0.0,0.6,0.0,96753
15-06-2011,26.4,81.0,3.8,0.8,0.0,96753
16-06-2011,26.0,75.0,0.1,0.7,0.0,96753
17-06-2011,26.1,72.0,0.0,0.8,0.0,96753
18-06-2011,24.7,74.0,0.0,0.7,0.0,96753
19-06-2011,25.7,73.0,1.1,0.7,0.0,96753
20-06-2011,25.9,77.0,0.0,0.6,1.0,96753
21-06-2011,26.7,72.0,0.0,0.7,0.0,96753
22-06-2011,26.5,78.0,0.0,0.6,1.0,96753
23-06-2011,26.2,79.0,0.0,0.6,0.0,96753
24-06-2011,26.0,78.0,0.0,0.8,0.0,96753
25-06-2011,26.3,74.0,0.0,0.6,1.0,96753
26-06-2011,25.5,74.0,0.0,0.6,1.0,96753
27-06-2011,26.7,76.0,0.0,0.3,2.0,96753
28-06-2011,25.8,88.0,1.5,0.4,0.0,96753
29-06-2011,25.4,86.0,43.8,0.5,1.0,96753
30-06-2011,25.0,86.0,19.5,0.4,1.0,96753
01-07-2011,24.2,89.0,9.1,1.2,0.0,96753
02-07-2011,26.0,80.0,0.0,8.0,1.0,96753
03-07-2011,26.7,80.0,0.4,7.1,0.0,96753
04-07-2011,26.1,83.0,26.5,8.0,0.0,96753
05-07-2011,25.9,80.0,0.0,8.0,0.0,96753
06-07-2011,26.6,77.0,8.0,8.0,1.0,96753
07-07-2011,25.9,78.0,0.0,5.9,0.0,96753
09-07-2011,26.1,79.0,0.0,3.0,1.0,96753
10-07-2011,26.0,78.0,0.0,7.4,0.0,96753
11-07-2011,25.5,81.0,17.8,7.2,0.0,96753
12-07-2011,25.8,82.0,0.0,6.7,0.0,96753
13-07-2011,25.6,84.0,2.2,5.7,0.0,96753
14-07-2011,25.7,82.0,18.8,7.7,1.0,96753
15-07-2011,26.0,84.0,7.0,7.4,0.0,96753
16-07-2011,25.1,84.0,6.2,6.8,0.0,96753
17-07-2011,26.1,77.0,0.0,6.7,0.0,96753
18-07-2011,24.9,81.0,0.0,7.8,0.0,96753
20-07-2011,25.5,83.0,88.2,6.7,1.0,96753
21-07-2011,25.8,84.0,15.2,6.6,1.0,96753
22-07-2011,25.5,82.0,0.3,6.2,1.0,96753
23-07-2011,26.6,79.0,0.0,8.0,1.0,96753
24-07-2011,26.0,78.0,0.0,8.0,0.0,96753
25-07-2011,25.3,78.0,0.1,7.7,1.0,96753
26-07-2011,25.6,75.0,1.2,8.0,0.0,96753
27-07-2011,25.7,76.0,0.0,7.6,0.0,96753
28-07-2011,25.6,78.0,1.0,8.0,0.0,96753
30-07-2011,26.4,73.0,0.0,7.2,0.0,96753
31-07-2011,25.9,70.0,0.0,7.6,1.0,96753
01-08-2011,25.3,72.0,0.0,8.0,2.0,96753
02-08-2011,25.9,76.0,0.0,8.0,2.0,96753
03-08-2011,25.9,76.0,0.0,7.9,2.0,96753
05-08-2011,25.1,78.0,2.5,5.8,1.0,96753
06-08-2011,24.5,77.0,1.4,7.8,0.0,96753
07-08-2011,25.3,72.0,0.0,6.8,0.0,96753
08-08-2011,25.4,76.0,0.0,7.5,0.0,96753
09-08-2011,25.9,73.0,0.0,8.0,0.0,96753
10-08-2011,25.9,74.0,0.0,7.7,0.0,96753
11-08-2011,26.0,74.0,0.0,7.9,0.0,96753
12-08-2011,26.2,73.0,0.0,8.0,0.0,96753
13-08-2011,26.3,76.0,0.0,7.9,1.0,96753
14-08-2011,25.6,80.0,0.0,7.4,1.0,96753
15-08-2011,25.6,78.0,56.5,7.6,1.0,96753
16-08-2011,26.2,73.0,0.0,7.7,1.0,96753
17-08-2011,25.6,77.0,0.0,6.1,1.0,96753
18-08-2011,25.8,81.0,0.0,6.1,0.0,96753
19-08-2011,26.3,80.0,0.0,4.8,0.0,96753
20-08-2011,26.0,76.0,1.5,7.5,1.0,96753
21-08-2011,25.0,78.0,23.5,8.0,0.0,96753
22-08-2011,25.6,72.0,0.0,7.6,0.0,96753
23-08-2011,25.6,76.0,0.0,7.4,1.0,96753
24-08-2011,25.8,77.0,0.0,6.4,0.0,96753
25-08-2011,25.4,64.0,0.0,7.9,1.0,96753
26-08-2011,24.9,64.0,0.0,8.0,2.0,96753
27-08-2011,25.0,72.0,0.0,7.9,0.0,96753
28-08-2011,25.2,69.0,0.0,8.0,1.0,96753
29-08-2011,25.6,76.0,0.0,0.7,1.0,96753
30-08-2011,25.7,79.0,0.0,6.7,1.0,96753
31-08-2011,25.8,82.0,56.6,6.3,1.0,96753
01-09-2011,25.8,81.0,2.0,5.8,1.0,96753
02-09-2011,25.0,82.0,1.0,7.8,0.0,96753
03-09-2011,25.1,82.0,17.4,7.2,0.0,96753
05-09-2011,25.9,72.0,0.0,7.3,1.0,96753
06-09-2011,26.1,74.0,0.0,7.7,1.0,96753
07-09-2011,26.4,72.0,0.0,8.0,1.0,96753
09-09-2011,25.5,69.0,11.2,7.8,1.0,96753
10-09-2011,26.2,70.0,0.0,7.6,1.0,96753
11-09-2011,26.3,70.0,0.0,7.3,2.0,96753
12-09-2011,26.8,71.0,0.0,7.7,2.0,96753
13-09-2011,26.6,74.0,0.0,7.2,2.0,96753
14-09-2011,27.0,75.0,0.0,7.2,2.0,96753
15-09-2011,24.7,87.0,0.0,6.5,2.0,96753
16-09-2011,25.9,80.0,23.9,6.7,1.0,96753
17-09-2011,25.6,82.0,4.9,5.1,1.0,96753
18-09-2011,25.4,79.0,14.8,6.2,0.0,96753
19-09-2011,25.3,80.0,0.2,6.3,1.0,96753
20-09-2011,26.2,77.0,14.0,7.5,1.0,96753
21-09-2011,25.7,75.0,0.0,7.1,1.0,96753
22-09-2011,25.6,78.0,0.0,6.1,1.0,96753
23-09-2011,26.4,70.0,1.3,8.0,1.0,96753
24-09-2011,26.2,71.0,0.0,7.4,1.0,96753
25-09-2011,26.4,72.0,0.0,7.9,1.0,96753
26-09-2011,26.7,74.0,6.0,7.8,2.0,96753
27-09-2011,26.4,78.0,0.0,8.0,1.0,96753
28-09-2011,25.4,78.0,0.0,7.3,1.0,96753
29-09-2011,26.1,76.0,8.9,8.0,2.0,96753
30-09-2011,26.1,76.0,0.3,7.4,1.0,96753
01-10-2011,26.5,72.0,0.0,7.6,2.0,96753
02-10-2011,27.4,76.0,0.0,6.6,2.0,96753
04-10-2011,25.7,80.0,0.0,8.0,1.0,96753
05-10-2011,26.3,78.0,1.7,7.1,1.0,96753
06-10-2011,26.3,77.0,0.0,5.1,0.0,96753
08-10-2011,25.1,76.0,10.6,0.0,0.0,96753
09-10-2011,25.6,73.0,6.6,6.1,0.0,96753
11-10-2011,25.5,74.0,0.0,7.6,0.0,96753
12-10-2011,25.6,73.0,12.9,7.7,0.0,96753
13-10-2011,26.9,76.0,67.0,7.9,1.0,96753
14-10-2011,26.9,80.0,0.0,8.0,1.0,96753
15-10-2011,27.2,78.0,0.0,7.6,1.0,96753
16-10-2011,27.4,73.0,0.0,7.8,1.0,96753
18-10-2011,26.5,81.0,0.0,6.9,0.0,96753
19-10-2011,27.1,80.0,0.0,8.0,0.0,96753
20-10-2011,26.8,76.0,0.0,2.6,1.0,96753
22-10-2011,26.0,72.0,51.5,4.1,0.0,96753
23-10-2011,24.7,76.0,6.3,4.4,1.0,96753
24-10-2011,27.1,77.0,7.5,7.7,0.0,96753
25-10-2011,25.8,64.0,0.0,6.7,1.0,96753
26-10-2011,25.4,64.0,45.5,5.3,2.0,96753
27-10-2011,27.1,72.0,21.1,3.8,0.0,96753
28-10-2011,24.7,69.0,10.5,1.6,1.0,96753
29-10-2011,26.6,76.0,6.5,7.6,1.0,96753
30-10-2011,27.2,79.0,0.0,2.8,1.0,96753
31-10-2011,26.5,82.0,8.3,5.8,1.0,96753
01-11-2011,25.6,88.0,42.2,4.0,1.0,96753
02-11-2011,26.3,88.0,11.2,3.3,1.0,96753
07-11-2011,26.6,72.0,0.0,7.0,1.0,96753
08-11-2011,26.2,79.0,0.0,2.3,2.0,96753
09-11-2011,25.6,83.0,0.9,0.3,1.0,96753
10-11-2011,25.8,84.0,2.0,2.5,1.0,96753
12-11-2011,25.8,86.0,69.5,6.8,2.0,96753
13-11-2011,25.0,88.0,12.9,5.5,2.0,96753
14-11-2011,25.1,84.0,47.8,6.4,1.0,96753
15-11-2011,25.8,84.0,7.0,5.7,1.0,96753
16-11-2011,25.9,82.0,51.2,6.2,1.0,96753
18-11-2011,25.4,84.0,42.5,6.5,2.0,96753
19-11-2011,25.4,85.0,66.2,5.8,1.0,96753
20-11-2011,25.6,89.0,3.5,0.3,1.0,96753
22-11-2011,25.3,84.0,0.0,3.2,1.0,96753
23-11-2011,26.1,85.0,15.8,4.0,1.0,96753
25-11-2011,24.9,94.0,74.3,0.3,2.0,96753
26-11-2011,28.2,79.0,3.0,7.9,1.0,96753
27-11-2011,27.2,84.0,0.0,6.7,2.0,96753
28-11-2011,27.1,85.0,7.4,5.5,1.0,96753
29-11-2011,27.1,82.0,0.0,0.8,2.0,96753
30-11-2011,26.8,86.0,0.3,3.8,0.0,96753
01-12-2011,27.0,88.0,18.7,3.7,1.0,96753
02-12-2011,25.8,86.0,21.5,2.4,2.0,96753
03-12-2011,26.0,80.0,27.2,1.4,2.0,96753
04-12-2011,25.6,84.0,0.0,7.6,0.0,96753
05-12-2011,27.1,80.0,7.4,5.3,1.0,96753
06-12-2011,25.6,88.0,20.8,0.0,2.0,96753
07-12-2011,25.9,83.0,0.0,7.6,1.0,96753
09-12-2011,26.8,80.0,0.0,6.0,1.0,96753
10-12-2011,25.4,90.0,11.3,1.2,1.0,96753
11-12-2011,26.3,84.0,1.5,6.1,1.0,96753
12-12-2011,26.5,81.0,5.1,3.8,1.0,96753
13-12-2011,25.7,82.0,0.0,5.9,2.0,96753
14-12-2011,25.7,88.0,57.8,5.0,1.0,96753
15-12-2011,25.6,90.0,4.0,4.8,1.0,96753
16-12-2011,26.5,79.0,11.1,4.2,1.0,96753
17-12-2011,26.4,80.0,0.2,2.2,2.0,96753
18-12-2011,26.7,81.0,0.0,0.5,2.0,96753
20-12-2011,24.9,89.0,3.3,4.6,1.0,96753
21-12-2011,27.2,82.0,0.5,1.1,1.0,96753
22-12-2011,27.5,82.0,0.4,4.6,1.0,96753
23-12-2011,26.4,86.0,38.7,0.5,1.0,96753
24-12-2011,25.9,89.0,5.5,4.5,1.0,96753
25-12-2011,25.3,90.0,44.3,3.5,1.0,96753
26-12-2011,25.2,93.0,19.6,1.8,1.0,96753
27-12-2011,27.0,83.0,3.4,1.6,0.0,96753
28-12-2011,26.7,86.0,23.4,3.1,1.0,96753
29-12-2011,25.9,74.0,10.2,1.2,1.0,96753
31-12-2011,25.7,85.0,8.7,0.6,2.0,96753
01-01-2012,24.4,92.0,0.8,0.3,1.0,96753
02-01-2012,25.4,88.0,4.9,0.2,1.0,96753
03-01-2012,25.6,90.0,0.0,3.1,0.0,96753
04-01-2012,26.4,82.0,1.1,4.2,1.0,96753
05-01-2012,24.8,89.0,0.0,4.3,1.0,96753
06-01-2012,24.1,94.0,18.3,0.7,1.0,96753
07-01-2012,23.9,96.0,16.3,0.5,1.0,96753
08-01-2012,25.2,89.0,11.6,0.0,0.0,96753
09-01-2012,25.8,84.0,11.5,1.6,0.0,96753
10-01-2012,24.3,88.0,8.0,2.2,1.0,96753
12-01-2012,24.4,86.0,12.6,2.6,2.0,96753
13-01-2012,23.8,94.0,36.0,0.0,3.0,96753
14-01-2012,23.2,95.0,42.0,0.0,1.0,96753
15-01-2012,24.4,92.0,30.5,1.2,0.0,96753
16-01-2012,25.0,89.0,4.6,6.0,0.0,96753
17-01-2012,25.6,85.0,1.3,5.4,0.0,96753
18-01-2012,26.0,84.0,18.2,3.9,1.0,96753
20-01-2012,25.8,79.0,1.1,4.7,1.0,96753
21-01-2012,25.4,80.0,0.0,1.7,2.0,96753
22-01-2012,24.6,86.0,2.4,0.0,2.0,96753
23-01-2012,25.3,81.0,8.7,0.3,2.0,96753
24-01-2012,27.3,70.0,2.3,6.7,4.0,96753
25-01-2012,25.3,82.0,0.8,0.2,3.0,96753
26-01-2012,26.8,79.0,7.5,4.9,1.0,96753
27-01-2012,27.0,76.0,2.6,6.7,2.0,96753
28-01-2012,24.4,86.0,1.5,0.6,2.0,96753
29-01-2012,23.7,91.0,5.5,0.5,2.0,96753
30-01-2012,24.4,90.0,2.4,1.8,1.0,96753
31-01-2012,25.2,86.0,7.5,0.1,2.0,96753
01-02-2012,25.5,88.0,8.8,4.9,0.0,96753
02-02-2012,26.3,85.0,0.0,3.6,1.0,96753
03-02-2012,24.2,91.0,2.8,2.5,1.0,96753
04-02-2012,25.2,86.0,4.5,1.8,1.0,96753
05-02-2012,26.0,84.0,0.0,8.0,1.0,96753
06-02-2012,25.5,85.0,0.0,1.4,1.0,96753
07-02-2012,25.6,84.0,7.5,7.4,0.0,96753
08-02-2012,26.6,86.0,6.0,6.1,1.0,96753
10-02-2012,25.3,84.0,29.5,6.2,2.0,96753
11-02-2012,25.2,84.0,26.3,4.5,1.0,96753
12-02-2012,26.5,86.0,53.3,7.9,1.0,96753
13-02-2012,25.1,87.0,85.3,7.3,2.0,96753
14-02-2012,26.0,89.0,16.5,2.8,0.0,96753
15-02-2012,26.3,82.0,29.1,7.2,1.0,96753
16-02-2012,26.2,85.0,1.0,1.4,1.0,96753
18-02-2012,25.8,83.0,55.1,6.4,1.0,96753
19-02-2012,24.4,92.0,44.5,0.0,1.0,96753
20-02-2012,24.9,86.0,11.0,5.8,0.0,96753
21-02-2012,25.9,86.0,18.5,7.0,1.0,96753
22-02-2012,25.8,90.0,0.2,1.7,1.0,96753
23-02-2012,26.6,87.0,42.2,5.3,1.0,96753
24-02-2012,26.7,88.0,9.8,7.1,1.0,96753
25-02-2012,26.3,87.0,0.0,7.0,1.0,96753
26-02-2012,24.4,94.0,27.7,3.9,2.0,96753
27-02-2012,25.6,85.0,56.2,1.3,1.0,96753
28-02-2012,25.9,86.0,2.3,5.1,1.0,96753
29-02-2012,24.2,98.0,10.8,1.5,1.0,96753
01-03-2012,24.2,89.0,34.5,2.7,0.0,96753
02-03-2012,26.1,81.0,8.4,5.2,0.0,96753
03-03-2012,27.2,74.0,0.4,5.5,2.0,96753
04-03-2012,24.5,90.0,0.0,0.9,1.0,96753
05-03-2012,26.6,78.0,6.2,7.5,1.0,96753
06-03-2012,26.9,80.0,1.2,4.4,2.0,96753
07-03-2012,27.0,74.0,0.0,7.1,0.0,96753
08-03-2012,25.2,86.0,21.2,0.3,3.0,96753
09-03-2012,26.2,83.0,0.5,2.9,2.0,96753
10-03-2012,26.0,83.0,1.4,1.8,2.0,96753
11-03-2012,25.7,81.0,4.4,3.4,3.0,96753
12-03-2012,24.7,89.0,0.5,2.2,3.0,96753
13-03-2012,26.2,76.0,16.5,0.6,2.0,96753
14-03-2012,26.1,74.0,3.4,6.8,2.0,96753
15-03-2012,27.1,82.0,0.0,6.6,3.0,96753
17-03-2012,26.7,81.0,0.0,1.4,3.0,96753
18-03-2012,26.3,77.0,2.0,2.4,3.0,96753
19-03-2012,25.1,80.0,5.3,1.2,2.0,96753
20-03-2012,26.2,72.0,0.9,1.7,3.0,96753
21-03-2012,26.2,77.0,1.1,6.8,2.0,96753
22-03-2012,27.2,74.0,0.0,7.8,2.0,96753
23-03-2012,26.5,75.0,0.0,6.6,2.0,96753
24-03-2012,26.3,76.0,0.0,6.7,2.0,96753
25-03-2012,27.4,74.0,0.0,8.0,1.0,96753
26-03-2012,26.8,82.0,0.0,4.7,2.0,96753
27-03-2012,26.5,84.0,0.0,5.0,1.0,96753
28-03-2012,26.5,83.0,15.8,6.3,1.0,96753
29-03-2012,25.7,86.0,3.8,6.0,1.0,96753
30-03-2012,25.8,87.0,8.5,4.4,1.0,96753
31-03-2012,25.7,88.0,0.0,5.7,1.0,96753
01-04-2012,25.8,89.0,1.0,3.8,1.0,96753
02-04-2012,25.2,86.0,12.0,5.8,1.0,96753
03-04-2012,24.6,90.0,7.8,3.3,2.0,96753
04-04-2012,25.6,85.0,39.3,4.6,1.0,96753
05-04-2012,25.1,89.0,0.5,4.7,1.0,96753
07-04-2012,26.0,90.0,7.1,2.5,1.0,96753
10-04-2012,26.2,86.0,5.6,5.1,1.0,96753
11-04-2012,25.1,86.0,0.0,2.5,2.0,96753
12-04-2012,25.9,86.0,9.6,6.0,1.0,96753
13-04-2012,26.9,85.0,22.2,5.8,2.0,96753
14-04-2012,26.5,83.0,16.6,7.2,2.0,96753
15-04-2012,26.7,84.0,41.2,2.7,2.0,96753
16-04-2012,26.9,80.0,0.0,6.4,1.0,96753
17-04-2012,25.7,86.0,116.0,4.4,2.0,96753
18-04-2012,26.4,83.0,1.7,6.6,1.0,96753
19-04-2012,25.6,95.0,72.6,2.6,1.0,96753
20-04-2012,25.7,90.0,15.1,6.3,0.0,96753
21-04-2012,25.7,89.0,4.0,4.3,1.0,96753
22-04-2012,26.0,90.0,5.5,2.4,0.0,96753
23-04-2012,26.5,85.0,0.2,7.8,1.0,96753
24-04-2012,27.3,81.0,0.0,7.4,1.0,96753
25-04-2012,26.9,79.0,0.0,8.0,1.0,96753
26-04-2012,26.4,81.0,10.0,7.0,2.0,96753
28-04-2012,26.9,82.0,0.0,6.7,1.0,96753
30-04-2012,24.2,96.0,1.5,0.9,1.0,96753
01-05-2012,26.4,79.0,24.3,6.0,1.0,96753
02-05-2012,25.6,88.0,0.0,7.7,1.0,96753
03-05-2012,26.0,90.0,7.7,6.2,1.0,96753
04-05-2012,25.9,82.0,44.1,7.8,1.0,96753
05-05-2012,26.0,85.0,0.0,7.2,0.0,96753
06-05-2012,27.0,84.0,0.9,4.0,1.0,96753
07-05-2012,24.2,95.0,3.5,0.0,2.0,96753
08-05-2012,25.9,84.0,0.5,6.2,0.0,96753
10-05-2012,26.3,88.0,0.5,7.0,1.0,96753
11-05-2012,26.6,86.0,6.0,8.0,1.0,96753
12-05-2012,26.6,82.0,18.0,8.0,1.0,96753
13-05-2012,26.9,78.0,0.0,6.8,1.0,96753
14-05-2012,26.5,88.0,2.3,4.5,1.0,96753
15-05-2012,25.7,89.0,3.7,1.8,1.0,96753
16-05-2012,25.8,87.0,0.0,2.6,1.0,96753
17-05-2012,27.0,82.0,0.0,8.0,0.0,96753
18-05-2012,25.6,88.0,0.3,5.5,2.0,96753
19-05-2012,26.4,83.0,14.5,8.0,1.0,96753
20-05-2012,26.6,84.0,0.0,6.8,3.0,96753
22-05-2012,27.0,82.0,12.0,8.0,1.0,96753
24-05-2012,26.6,88.0,9.0,6.3,1.0,96753
25-05-2012,25.8,80.0,36.7,7.9,1.0,96753
26-05-2012,25.6,79.0,0.0,7.4,1.0,96753
27-05-2012,26.2,77.0,0.0,8.0,2.0,96753
28-05-2012,25.5,84.0,0.0,5.8,2.0,96753
30-05-2012,26.4,86.0,10.8,4.4,2.0,96753
31-05-2012,23.4,95.0,0.0,0.2,0.0,96753
01-06-2012,25.7,82.0,1.0,3.2,2.0,96753
02-06-2012,26.3,80.0,0.0,6.7,2.0,96753
03-06-2012,26.2,81.0,33.2,6.3,3.0,96753
04-06-2012,26.6,85.0,0.0,1.7,1.0,96753
05-06-2012,26.2,88.0,0.0,0.9,2.0,96753
06-06-2012,26.4,88.0,0.4,2.5,2.0,96753
07-06-2012,26.6,86.0,36.8,7.4,2.0,96753
09-06-2012,26.4,88.0,11.5,1.1,2.0,96753
10-06-2012,26.6,88.0,0.0,1.1,2.0,96753
11-06-2012,26.2,87.0,0.0,4.0,1.0,96753
12-06-2012,26.5,84.0,0.8,7.9,2.0,96753
13-06-2012,26.7,84.0,0.0,6.2,2.0,96753
14-06-2012,26.9,80.0,0.0,8.0,2.0,96753
15-06-2012,25.5,82.0,0.4,7.4,2.0,96753
16-06-2012,25.6,77.0,5.0,8.0,2.0,96753
17-06-2012,26.9,74.0,0.0,8.0,1.0,96753
18-06-2012,26.6,74.0,0.0,8.0,3.0,96753
19-06-2012,26.2,75.0,0.0,7.6,3.0,96753
20-06-2012,26.0,80.0,0.0,8.0,3.0,96753
21-06-2012,26.5,82.0,0.0,7.9,3.0,96753
22-06-2012,26.8,82.0,0.0,7.8,2.0,96753
23-06-2012,27.1,81.0,0.0,8.0,2.0,96753
24-06-2012,26.5,83.0,4.1,7.5,2.0,96753
26-06-2012,25.7,74.0,0.0,7.6,3.0,96753
27-06-2012,25.7,83.0,0.0,7.5,3.0,96753
28-06-2012,25.8,78.0,0.7,8.0,3.0,96753
29-06-2012,25.3,79.0,0.0,6.9,2.0,96753
30-06-2012,26.2,96.0,0.0,7.8,2.0,96753
01-07-2012,25.4,76.0,0.0,8.0,3.0,96753
02-07-2012,25.5,71.0,0.0,7.8,3.0,96753
03-07-2012,25.7,79.0,0.0,4.1,3.0,96753
04-07-2012,25.2,88.0,15.5,5.3,2.0,96753
05-07-2012,25.4,84.0,2.2,6.3,3.0,96753
06-07-2012,25.9,86.0,2.4,2.9,2.0,96753
07-07-2012,25.6,80.0,0.0,5.9,2.0,96753
08-07-2012,25.7,81.0,0.0,6.9,2.0,96753
09-07-2012,25.5,86.0,79.3,6.7,3.0,96753
10-07-2012,26.1,84.0,0.0,7.1,2.0,96753
11-07-2012,25.3,87.0,0.3,6.4,2.0,96753
13-07-2012,25.1,79.0,1.4,7.8,2.0,96753
15-07-2012,26.1,80.0,0.0,5.9,2.0,96753
16-07-2012,26.3,79.0,0.4,7.4,2.0,96753
18-07-2012,25.9,82.0,0.0,6.3,3.0,96753
20-07-2012,26.2,84.0,0.0,4.1,2.0,96753
21-07-2012,26.2,82.0,0.0,6.3,2.0,96753
22-07-2012,26.1,78.0,0.0,7.7,2.0,96753
23-07-2012,25.7,76.0,0.0,7.3,2.0,96753
24-07-2012,25.5,72.0,0.0,8.0,3.0,96753
25-07-2012,26.0,73.0,0.0,8.0,3.0,96753
26-07-2012,26.0,76.0,0.0,5.9,2.0,96753
27-07-2012,25.3,78.0,0.0,7.4,2.0,96753
28-07-2012,25.9,78.0,0.0,7.9,2.0,96753
29-07-2012,26.5,71.0,0.0,7.2,3.0,96753
30-07-2012,26.5,70.0,0.0,7.3,2.0,96753
31-07-2012,25.6,74.0,0.0,8.0,3.0,96753
01-08-2012,25.0,80.0,0.0,7.0,3.0,96753
02-08-2012,25.2,72.0,1.3,6.6,3.0,96753
03-08-2012,25.5,70.0,0.0,8.0,3.0,96753
04-08-2012,26.1,70.0,0.0,7.7,2.0,96753
05-08-2012,26.3,73.0,0.0,7.2,3.0,96753
06-08-2012,25.3,83.0,0.0,6.2,3.0,96753
07-08-2012,24.8,84.0,8.9,7.1,2.0,96753
08-08-2012,25.4,77.0,58.2,7.7,3.0,96753
09-08-2012,25.5,71.0,0.0,7.7,2.0,96753
10-08-2012,25.2,74.0,0.0,8.0,3.0,96753
11-08-2012,25.5,78.0,0.0,7.7,3.0,96753
12-08-2012,25.7,81.0,0.0,7.2,2.0,96753
13-08-2012,25.6,81.0,7.0,7.9,3.0,96753
14-08-2012,26.5,72.0,0.0,7.6,2.0,96753
15-08-2012,25.6,65.0,0.0,8.0,3.0,96753
16-08-2012,25.4,72.0,0.0,8.0,2.0,96753
17-08-2012,25.7,65.0,0.0,7.9,3.0,96753
18-08-2012,25.1,79.0,0.0,7.8,2.0,96753
19-08-2012,27.8,71.0,0.0,7.6,2.0,96753
20-08-2012,25.9,78.0,0.0,7.9,3.0,96753
22-08-2012,26.0,74.0,0.0,7.8,3.0,96753
23-08-2012,26.6,70.0,0.0,7.8,3.0,96753
24-08-2012,26.5,69.0,0.0,6.8,2.0,96753
25-08-2012,26.0,67.0,0.0,7.9,3.0,96753
26-08-2012,26.3,68.0,0.0,6.9,2.0,96753
27-08-2012,25.8,73.0,0.0,1.2,3.0,96753
29-08-2012,27.1,71.0,0.0,4.4,2.0,96753
30-08-2012,26.3,74.0,3.9,7.6,3.0,96753
31-08-2012,24.4,82.0,0.0,6.9,2.0,96753
01-09-2012,25.1,75.0,9.6,8.0,2.0,96753
02-09-2012,25.1,71.0,0.0,8.0,3.0,96753
03-09-2012,25.7,74.0,0.0,8.0,2.0,96753
05-09-2012,25.4,76.0,0.0,8.0,2.0,96753
06-09-2012,26.2,72.0,0.0,7.9,3.0,96753
07-09-2012,26.1,73.0,0.0,7.7,3.0,96753
08-09-2012,27.0,71.0,0.0,8.0,2.0,96753
09-09-2012,26.1,76.0,0.0,7.5,3.0,96753
10-09-2012,25.4,80.0,0.0,7.2,3.0,96753
11-09-2012,24.5,84.0,17.5,7.7,2.0,96753
12-09-2012,24.9,71.0,57.5,8.0,2.0,96753
13-09-2012,25.9,72.0,0.0,7.9,2.0,96753
14-09-2012,26.4,73.0,0.0,8.0,2.0,96753
15-09-2012,26.1,74.0,0.0,7.4,3.0,96753
16-09-2012,26.9,74.0,0.0,6.0,3.0,96753
17-09-2012,25.2,82.0,0.0,5.8,2.0,96753
18-09-2012,27.3,75.0,30.5,7.8,3.0,96753
19-09-2012,26.2,78.0,0.0,7.0,3.0,96753
20-09-2012,26.6,81.0,4.3,5.2,2.0,96753
21-09-2012,26.0,84.0,48.0,4.2,2.0,96753
22-09-2012,25.3,75.0,31.4,8.0,2.0,96753
23-09-2012,26.8,78.0,0.2,6.9,2.0,96753
24-09-2012,26.5,80.0,12.5,7.7,3.0,96753
25-09-2012,26.0,78.0,1.0,6.5,3.0,96753
26-09-2012,26.4,79.0,9.6,7.3,2.0,96753
27-09-2012,25.8,82.0,47.1,4.7,2.0,96753
28-09-2012,25.7,75.0,0.0,7.6,2.0,96753
29-09-2012,25.9,75.0,0.0,7.9,3.0,96753
30-09-2012,26.9,75.0,1.3,8.0,3.0,96753
01-10-2012,26.7,80.0,0.0,7.8,2.0,96753
02-10-2012,26.3,85.0,10.1,2.7,2.0,96753
03-10-2012,25.9,83.0,4.0,7.5,2.0,96753
04-10-2012,25.0,80.0,31.7,7.0,2.0,96753
05-10-2012,25.1,88.0,46.7,6.6,2.0,96753
06-10-2012,25.1,87.0,6.2,6.5,3.0,96753
07-10-2012,26.1,78.0,56.5,5.8,3.0,96753
08-10-2012,26.6,77.0,2.2,6.7,3.0,96753
10-10-2012,26.7,81.0,86.4,8.0,2.0,96753
11-10-2012,26.0,83.0,48.0,7.9,3.0,96753
12-10-2012,26.5,83.0,20.3,7.7,2.0,96753
13-10-2012,26.7,74.0,0.0,7.0,3.0,96753
14-10-2012,26.8,77.0,0.0,8.0,3.0,96753
15-10-2012,26.2,80.0,0.1,4.9,3.0,96753
16-10-2012,26.4,78.0,40.3,7.8,2.0,96753
17-10-2012,26.3,81.0,0.0,4.8,2.0,96753
18-10-2012,26.8,78.0,29.5,6.4,3.0,96753
19-10-2012,26.3,84.0,32.4,5.2,3.0,96753
20-10-2012,26.5,82.0,0.2,1.9,2.0,96753
21-10-2012,25.0,87.0,0.0,5.1,2.0,96753
22-10-2012,26.4,81.0,55.6,7.3,2.0,96753
23-10-2012,26.8,72.0,0.7,8.0,3.0,96753
24-10-2012,26.7,74.0,0.0,6.9,2.0,96753
25-10-2012,27.4,75.0,0.3,6.7,3.0,96753
26-10-2012,27.3,80.0,0.0,6.8,3.0,96753
27-10-2012,25.2,91.0,35.0,1.5,3.0,96753
28-10-2012,27.4,78.0,0.0,3.8,2.0,96753
30-10-2012,26.9,82.0,26.2,4.1,3.0,96753
31-10-2012,26.1,86.0,7.1,6.9,2.0,96753
01-11-2012,26.6,78.0,30.7,8.0,2.0,96753
02-11-2012,26.5,84.0,0.0,5.0,2.0,96753
03-11-2012,25.6,90.0,1.1,1.4,0.0,96753
04-11-2012,24.9,91.0,3.8,4.4,1.0,96753
05-11-2012,26.6,84.0,1.7,2.9,2.0,96753
06-11-2012,25.4,88.0,71.0,2.1,2.0,96753
07-11-2012,25.1,86.0,3.5,6.3,2.0,96753
08-11-2012,26.6,81.0,48.6,8.0,2.0,96753
09-11-2012,26.4,86.0,27.4,3.9,3.0,96753
10-11-2012,26.3,86.0,22.1,5.6,2.0,96753
11-11-2012,26.6,84.0,47.5,7.0,2.0,96753
12-11-2012,26.7,84.0,10.6,3.0,2.0,96753
13-11-2012,26.5,85.0,13.2,4.1,2.0,96753
14-11-2012,25.1,90.0,1.0,2.0,2.0,96753
15-11-2012,27.2,35.0,0.3,5.2,2.0,96753
16-11-2012,26.0,86.0,0.0,5.1,2.0,96753
17-11-2012,26.2,83.0,3.8,6.1,1.0,96753
18-11-2012,23.7,98.0,23.1,1.9,3.0,96753
19-11-2012,24.9,88.0,61.7,2.6,2.0,96753
20-11-2012,25.6,87.0,3.4,0.2,2.0,96753
22-11-2012,26.3,86.0,28.4,4.8,2.0,96753
23-11-2012,25.4,85.0,4.0,5.0,2.0,96753
24-11-2012,24.5,90.0,37.3,4.8,2.0,96753
25-11-2012,25.5,88.0,28.5,5.1,3.0,96753
26-11-2012,25.8,87.0,24.9,5.2,3.0,96753
27-11-2012,25.6,85.0,0.0,5.7,2.0,96753
28-11-2012,26.0,82.0,33.7,6.5,2.0,96753
29-11-2012,26.2,84.0,3.4,5.9,2.0,96753
30-11-2012,26.4,85.0,14.2,5.3,2.0,96753
01-12-2012,27.1,80.0,76.7,7.1,2.0,96753
02-12-2012,26.7,87.0,0.0,5.8,3.0,96753
03-12-2012,27.2,80.0,2.5,4.1,2.0,96753
04-12-2012,25.8,88.0,0.0,1.4,2.0,96753
05-12-2012,27.1,78.0,24.6,1.3,2.0,96753
06-12-2012,26.5,82.0,0.0,4.5,3.0,96753
07-12-2012,26.3,83.0,2.1,7.3,2.0,96753
08-12-2012,25.8,86.0,21.0,5.0,3.0,96753
09-12-2012,26.9,80.0,28.0,6.3,3.0,96753
10-12-2012,25.9,89.0,11.5,5.0,2.0,96753
11-12-2012,26.6,83.0,1.0,3.6,2.0,96753
12-12-2012,25.9,88.0,0.2,3.8,2.0,96753
13-12-2012,26.1,86.0,3.3,2.2,2.0,96753
15-12-2012,26.0,84.0,11.0,6.6,2.0,96753
17-12-2012,25.6,85.0,0.3,2.2,2.0,96753
18-12-2012,25.7,86.0,33.6,1.8,2.0,96753
19-12-2012,26.7,78.0,26.5,6.2,2.0,96753
20-12-2012,25.6,84.0,0.5,6.0,2.0,96753
21-12-2012,24.9,89.0,31.1,3.3,2.0,96753
22-12-2012,25.4,88.0,5.6,3.7,2.0,96753
23-12-2012,25.2,88.0,28.5,5.7,2.0,96753
24-12-2012,25.3,86.0,24.3,5.0,2.0,96753
25-12-2012,24.8,93.0,2.4,3.4,2.0,96753
26-12-2012,25.8,88.0,13.0,1.4,2.0,96753
27-12-2012,26.1,88.0,0.0,2.1,2.0,96753
28-12-2012,26.1,85.0,7.1,2.1,2.0,96753
29-12-2012,26.3,86.0,3.8,3.6,2.0,96753
30-12-2012,26.1,84.0,0.0,6.0,2.0,96753
31-12-2012,25.3,86.0,0.2,2.0,3.0,96753
01-01-2013,26.2,84.0,3.8,5.4,2.0,96753
02-01-2013,26.2,84.0,0.9,1.7,2.0,96753
03-01-2013,26.4,84.0,0.4,3.3,2.0,96753
04-01-2013,24.2,94.0,7.5,0.4,2.0,96753
05-01-2013,25.5,87.0,32.1,2.5,2.0,96753
06-01-2013,24.5,90.0,27.5,0.0,3.0,96753
07-01-2013,25.0,90.0,12.4,0.7,2.0,96753
08-01-2013,24.0,95.0,2.5,0.0,2.0,96753
09-01-2013,23.1,96.0,46.7,0.0,2.0,96753
10-01-2013,26.1,78.0,46.9,5.4,3.0,96753
12-01-2013,25.3,85.0,29.1,1.5,3.0,96753
13-01-2013,24.3,94.0,21.9,0.0,2.0,96753
14-01-2013,25.3,90.0,22.6,0.7,2.0,96753
15-01-2013,23.0,96.0,74.2,0.0,2.0,96753
16-01-2013,24.4,94.0,61.4,1.1,1.0,96753
18-01-2013,24.9,93.0,26.6,0.0,1.0,96753
19-01-2013,26.3,86.0,7.7,0.0,0.0,96753
20-01-2013,25.5,88.0,0.9,4.5,2.0,96753
21-01-2013,26.2,84.0,2.3,4.0,2.0,96753
23-01-2013,24.2,92.0,31.6,1.9,0.0,96753
24-01-2013,25.0,91.0,1.0,1.2,3.0,96753
25-01-2013,25.5,88.0,0.6,0.5,2.0,96753
26-01-2013,25.1,90.0,6.5,4.2,1.0,96753
27-01-2013,26.1,80.0,6.8,5.6,2.0,96753
28-01-2013,26.3,82.0,0.0,5.7,2.0,96753
29-01-2013,26.3,84.0,0.0,5.1,2.0,96753
30-01-2013,26.2,84.0,6.2,3.2,2.0,96753
31-01-2013,24.6,92.0,0.0,3.5,2.0,96753
01-02-2013,26.6,80.0,4.0,3.4,0.0,96753
02-02-2013,25.7,90.0,0.0,8.0,2.0,96753
03-02-2013,25.1,86.0,3.3,0.2,2.0,96753
04-02-2013,25.9,84.0,0.0,5.0,2.0,96753
05-02-2013,25.5,87.0,55.0,4.8,2.0,96753
06-02-2013,25.3,88.0,60.5,5.0,2.0,96753
07-02-2013,25.0,86.0,5.0,3.4,2.0,96753
08-02-2013,25.9,84.0,53.9,5.7,3.0,96753
09-02-2013,26.0,85.0,0.2,8.0,1.0,96753
10-02-2013,25.5,87.0,1.1,5.2,2.0,96753
11-02-2013,25.7,89.0,8.2,5.6,2.0,96753
12-02-2013,25.7,90.0,49.3,4.2,1.0,96753
13-02-2013,25.1,88.0,96.5,5.0,2.0,96753
14-02-2013,25.1,85.0,3.2,6.9,2.0,96753
15-02-2013,25.3,87.0,10.0,1.7,2.0,96753
16-02-2013,26.1,84.0,0.4,6.6,2.0,96753
17-02-2013,25.1,88.0,5.3,1.2,2.0,96753
18-02-2013,25.3,86.0,1.2,1.0,3.0,96753
19-02-2013,24.8,86.0,12.5,0.8,2.0,96753
20-02-2013,25.6,86.0,2.6,1.4,2.0,96753
21-02-2013,26.5,77.0,7.8,1.3,2.0,96753
22-02-2013,25.1,88.0,0.5,4.6,3.0,96753
23-02-2013,26.0,90.0,3.5,1.8,4.0,96753
24-02-2013,25.5,84.0,16.9,1.0,2.0,96753
25-02-2013,28.1,72.0,5.3,4.4,4.0,96753
26-02-2013,28.0,67.0,0.0,4.4,3.0,96753
27-02-2013,27.1,75.0,0.0,5.4,4.0,96753
01-03-2013,28.0,70.0,2.0,5.7,4.0,96753
02-03-2013,27.6,76.0,0.0,6.5,3.0,96753
04-03-2013,25.4,91.0,6.0,1.3,2.0,96753
05-03-2013,24.8,87.0,71.5,0.5,3.0,96753
06-03-2013,24.9,88.0,0.9,3.0,1.0,96753
07-03-2013,26.4,80.0,1.6,8.0,2.0,96753
08-03-2013,25.6,86.0,0.0,3.6,2.0,96753
09-03-2013,24.2,93.0,25.6,4.4,1.0,96753
10-03-2013,26.5,84.0,18.1,4.2,2.0,96753
11-03-2013,26.8,80.0,1.4,5.4,2.0,96753
13-03-2013,27.2,78.0,0.6,5.2,2.0,96753
16-03-2013,25.1,86.0,12.5,5.8,1.0,96753
17-03-2013,26.4,84.0,16.2,5.2,1.0,96753
18-03-2013,25.9,82.0,0.1,6.2,1.0,96753
19-03-2013,26.1,83.0,0.0,7.2,2.0,96753
20-03-2013,25.6,84.0,22.0,5.9,3.0,96753
21-03-2013,26.5,78.0,4.5,6.4,2.0,96753
22-03-2013,25.3,86.0,0.0,4.6,2.0,96753
24-03-2013,26.9,82.0,62.6,6.4,2.0,96753
25-03-2013,26.5,83.0,9.5,4.9,2.0,96753
28-03-2013,25.8,86.0,10.1,6.2,1.0,96753
29-03-2013,27.1,84.0,7.3,7.0,2.0,96753
30-03-2013,26.7,83.0,17.3,2.6,2.0,96753
31-03-2013,26.6,84.0,0.0,6.5,2.0,96753
01-04-2013,26.3,86.0,32.2,5.4,2.0,96753
02-04-2013,26.5,86.0,0.0,4.9,1.0,96753
03-04-2013,27.0,86.0,5.2,5.0,2.0,96753
04-04-2013,26.4,88.0,0.2,4.9,2.0,96753
05-04-2013,26.8,85.0,24.4,7.7,2.0,96753
07-04-2013,26.1,87.0,9.2,0.9,2.0,96753
08-04-2013,26.7,84.0,8.3,4.1,2.0,96753
10-04-2013,25.9,87.0,4.9,3.7,1.0,96753
11-04-2013,26.5,86.0,1.5,6.1,2.0,96753
12-04-2013,26.8,79.0,0.1,2.9,2.0,96753
13-04-2013,26.7,84.0,4.2,0.6,3.0,96753
15-04-2013,27.6,84.0,26.7,5.0,2.0,96753
16-04-2013,26.6,86.0,4.2,5.4,2.0,96753
17-04-2013,25.9,87.0,1.0,7.0,2.0,96753
18-04-2013,24.4,90.0,35.2,2.6,2.0,96753
19-04-2013,25.3,87.0,12.2,6.8,1.0,96753
20-04-2013,27.2,77.0,1.5,7.4,2.0,96753
21-04-2013,26.9,87.0,0.0,3.8,1.0,96753
22-04-2013,24.5,96.0,1.8,0.0,2.0,96753
23-04-2013,26.5,82.0,19.1,5.4,2.0,96753
24-04-2013,27.7,83.0,0.8,6.4,2.0,96753
25-04-2013,24.6,89.0,0.0,4.5,2.0,96753
26-04-2013,27.2,81.0,2.5,5.7,2.0,96753
27-04-2013,26.4,86.0,17.2,7.0,2.0,96753
28-04-2013,27.2,81.0,3.6,7.2,1.0,96753
29-04-2013,26.6,79.0,0.0,5.7,3.0,96753
30-04-2013,27.4,77.0,0.0,7.6,2.0,96753
01-05-2013,26.2,84.0,0.0,6.0,2.0,96753
02-05-2013,26.0,83.0,85.9,8.0,2.0,96753
03-05-2013,26.8,78.0,0.0,7.8,2.0,96753
05-05-2013,27.3,81.0,0.0,6.8,2.0,96753
06-05-2013,27.2,78.0,0.0,6.0,2.0,96753
07-05-2013,26.7,83.0,0.0,6.5,2.0,96753
08-05-2013,26.5,86.0,5.0,4.8,2.0,96753
09-05-2013,26.0,88.0,6.6,6.2,2.0,96753
10-05-2013,26.2,87.0,11.7,6.0,2.0,96753
11-05-2013,26.1,88.0,95.6,6.6,2.0,96753
12-05-2013,25.6,92.0,73.0,1.2,2.0,96753
13-05-2013,25.5,90.0,0.1,0.6,1.0,96753
14-05-2013,26.1,86.0,0.0,6.1,2.0,96753
15-05-2013,25.9,83.0,0.0,3.8,2.0,96753
17-05-2013,25.9,87.0,0.4,5.6,1.0,96753
18-05-2013,27.2,84.0,29.1,1.2,2.0,96753
19-05-2013,26.1,86.0,0.0,6.5,0.0,96753
20-05-2013,26.4,84.0,7.2,7.8,2.0,96753
21-05-2013,26.7,84.0,0.0,3.6,2.0,96753
24-05-2013,26.8,80.0,4.5,8.0,2.0,96753
25-05-2013,25.5,89.0,3.6,1.4,2.0,96753
26-05-2013,25.7,86.0,0.3,6.2,1.0,96753
27-05-2013,25.5,91.0,7.0,0.0,2.0,96753
28-05-2013,25.5,88.0,4.6,1.0,2.0,96753
30-05-2013,25.6,87.0,41.2,6.4,0.0,96753
31-05-2013,26.1,85.0,23.5,3.2,3.0,96753
02-06-2013,26.1,82.0,0.0,7.4,2.0,96753
03-06-2013,25.6,84.0,0.0,0.0,2.0,96753
04-06-2013,27.2,78.0,0.0,4.6,1.0,96753
05-06-2013,26.6,84.0,1.1,4.5,2.0,96753
06-06-2013,25.3,87.0,1.0,0.0,2.0,96753
07-06-2013,26.3,79.0,1.0,5.8,2.0,96753
08-06-2013,26.8,82.0,0.0,5.4,1.0,96753
09-06-2013,27.4,76.0,2.7,7.4,1.0,96753
10-06-2013,26.1,84.0,0.8,6.5,2.0,96753
11-06-2013,25.5,90.0,11.5,3.4,2.0,96753
12-06-2013,25.4,89.0,4.3,0.0,2.0,96753
13-06-2013,25.5,85.0,0.5,0.6,0.0,96753
14-06-2013,26.5,80.0,0.3,4.2,1.0,96753
15-06-2013,27.4,81.0,0.0,5.2,2.0,96753
16-06-2013,27.6,80.0,0.0,7.0,1.0,96753
18-06-2013,26.3,81.0,0.2,6.8,1.0,96753
21-06-2013,26.4,80.0,0.0,4.8,0.0,96753
23-06-2013,27.0,80.0,0.0,7.7,1.0,96753
24-06-2013,26.5,78.0,0.0,8.0,2.0,96753
25-06-2013,27.2,75.0,0.0,8.0,1.0,96753
26-06-2013,25.5,84.0,0.0,6.5,2.0,96753
28-06-2013,25.7,80.0,2.3,6.8,2.0,96753
29-06-2013,26.2,83.0,0.0,6.4,2.0,96753
30-06-2013,26.2,81.0,0.1,6.5,1.0,96753
01-07-2013,26.5,82.0,18.3,1.6,2.0,96753
02-07-2013,25.6,86.0,1.9,1.9,2.0,96753
03-07-2013,25.0,90.0,12.0,0.1,1.0,96753
06-07-2013,25.6,82.0,0.5,2.5,1.0,96753
07-07-2013,25.2,77.0,0.0,5.8,1.0,96753
08-07-2013,25.3,80.0,0.0,5.9,2.0,96753
09-07-2013,24.6,88.0,1.8,3.8,2.0,96753
10-07-2013,24.9,87.0,49.3,1.2,2.0,96753
11-07-2013,24.6,90.0,0.0,3.8,1.0,96753
12-07-2013,25.5,83.0,92.7,5.0,2.0,96753
14-07-2013,25.4,85.0,10.0,0.6,2.0,96753
16-07-2013,26.0,82.0,11.6,5.2,1.0,96753
17-07-2013,25.2,86.0,5.5,4.0,1.0,96753
18-07-2013,26.0,82.0,1.9,0.9,1.0,96753
19-07-2013,26.1,74.0,21.4,5.8,2.0,96753
20-07-2013,25.4,84.0,0.0,0.8,2.0,96753
21-07-2013,25.8,83.0,3.0,3.9,2.0,96753
22-07-2013,23.7,93.0,43.0,0.0,2.0,96753
23-07-2013,25.3,81.0,16.4,5.4,1.0,96753
24-07-2013,25.7,87.0,0.0,1.9,2.0,96753
25-07-2013,26.1,79.0,0.0,3.4,2.0,96753
26-07-2013,26.5,79.0,3.0,5.5,3.0,96753
27-07-2013,25.6,84.0,0.6,3.4,2.0,96753
28-07-2013,26.6,79.0,6.8,4.4,1.0,96753
29-07-2013,26.5,83.0,0.0,2.3,2.0,96753
30-07-2013,25.5,84.0,8.0,5.4,2.0,96753
31-07-2013,25.7,82.0,13.8,1.4,1.0,96753
01-10-2013,25.9,81.0,0.0,1.2,2.0,96753
02-10-2013,26.1,84.0,0.0,8.0,2.0,96753
03-10-2013,26.7,79.0,6.2,7.1,2.0,96753
04-10-2013,26.2,75.0,2.2,8.0,2.0,96753
05-10-2013,25.4,84.0,0.0,8.0,2.0,96753
06-10-2013,27.0,77.0,43.4,8.0,2.0,96753
07-10-2013,26.1,80.0,48.1,5.9,3.0,96753
08-10-2013,25.0,83.0,0.0,5.9,2.0,96753
09-10-2013,26.4,78.0,0.4,3.0,2.0,96753
10-10-2013,26.8,71.0,5.2,7.4,2.0,96753
11-10-2013,26.9,74.0,0.0,7.2,2.0,96753
12-10-2013,27.0,76.0,0.0,6.7,2.0,96753
13-10-2013,26.5,78.0,0.0,5.7,2.0,96753
15-10-2013,27.4,72.0,14.2,7.4,2.0,96753
16-10-2013,27.2,72.0,0.0,6.8,2.0,96753
17-10-2013,27.4,74.0,0.0,6.7,1.0,96753
18-10-2013,25.2,88.0,0.0,7.8,3.0,96753
19-10-2013,25.6,81.0,12.5,7.5,1.0,96753
20-10-2013,26.1,84.0,0.0,6.7,2.0,96753
21-10-2013,25.7,83.0,4.0,6.6,2.0,96753
22-10-2013,25.4,88.0,20.3,6.2,2.0,96753
23-10-2013,25.2,86.0,36.7,8.0,2.0,96753
24-10-2013,26.2,82.0,60.2,8.0,2.0,96753
25-10-2013,26.7,79.0,0.3,7.7,2.0,96753
26-10-2013,26.3,79.0,0.0,8.0,2.0,96753
27-10-2013,25.2,88.0,34.5,7.6,2.0,96753
28-10-2013,24.6,92.0,48.5,8.0,3.0,96753
29-10-2013,25.2,84.0,56.9,8.0,2.0,96753
30-10-2013,25.7,80.0,0.0,7.2,3.0,96753
31-10-2013,26.5,79.0,0.0,7.6,2.0,96753
01-11-2013,26.4,81.0,1.5,5.9,2.0,96753
02-11-2013,26.6,77.0,5.2,8.0,2.0,96753
03-11-2013,26.9,79.0,0.0,6.7,1.0,96753
04-11-2013,26.6,80.0,1.2,3.3,2.0,96753
05-11-2013,26.4,82.0,0.2,3.8,2.0,96753
07-11-2013,26.2,84.0,4.7,4.6,2.0,96753
08-11-2013,25.7,88.0,12.3,3.7,2.0,96753
09-11-2013,27.0,78.0,1.3,3.6,1.0,96753
10-11-2013,26.0,82.0,0.0,4.0,2.0,96753
11-11-2013,25.1,89.0,8.3,3.5,2.0,96753
12-11-2013,25.3,85.0,9.5,5.1,1.0,96753
13-11-2013,25.3,89.0,35.5,3.2,2.0,96753
14-11-2013,25.2,86.0,46.1,5.4,1.0,96753
15-11-2013,25.0,91.0,20.2,4.1,2.0,96753
16-11-2013,25.1,92.0,19.2,2.8,1.0,96753
17-11-2013,24.4,92.0,3.3,1.6,0.0,96753
18-11-2013,26.2,78.0,15.3,7.0,0.0,96753
19-11-2013,26.2,72.0,0.0,7.7,2.0,96753
20-11-2013,25.9,71.0,0.0,6.9,1.0,96753
22-11-2013,27.0,70.0,0.0,7.9,0.0,96753
23-11-2013,27.4,67.0,0.0,8.0,0.0,96753
24-11-2013,27.3,79.0,0.0,5.7,0.0,96753
25-11-2013,27.1,76.0,0.0,1.7,1.0,96753
26-11-2013,24.3,86.0,1.1,0.0,0.0,96753
27-11-2013,26.3,80.0,0.7,3.4,0.0,96753
28-11-2013,27.7,76.0,1.3,6.5,0.0,96753
30-11-2013,28.2,69.0,0.0,7.6,0.0,96753
01-12-2013,26.9,76.0,0.0,5.1,0.0,96753
02-12-2013,26.1,87.0,2.3,4.7,1.0,96753
03-12-2013,24.9,91.0,0.2,2.9,0.0,96753
04-12-2013,25.8,84.0,53.8,6.0,0.0,96753
05-12-2013,25.6,86.0,26.4,7.7,0.0,96753
06-12-2013,26.4,82.0,25.5,7.3,1.0,96753
07-12-2013,26.6,81.0,14.1,6.3,0.0,96753
08-12-2013,25.7,86.0,0.0,2.5,0.0,96753
09-12-2013,25.6,88.0,2.5,5.3,0.0,96753
10-12-2013,25.1,86.0,20.2,5.5,0.0,96753
11-12-2013,25.4,92.0,97.4,3.3,3.0,96753
12-12-2013,25.1,88.0,8.1,2.7,0.0,96753
13-12-2013,25.5,86.0,8.1,1.8,0.0,96753
14-12-2013,24.5,95.0,5.0,4.5,0.0,96753
15-12-2013,26.6,84.0,20.0,2.5,0.0,96753
16-12-2013,26.3,84.0,8.2,4.2,0.0,96753
17-12-2013,26.2,84.0,17.2,0.0,0.0,96753
18-12-2013,26.4,85.0,0.0,2.6,0.0,96753
19-12-2013,25.9,86.0,4.1,2.3,0.0,96753
20-12-2013,25.9,80.0,9.5,0.3,0.0,96753
21-12-2013,25.6,82.0,3.7,1.5,0.0,96753
22-12-2013,23.3,95.0,3.0,0.0,1.0,96753
23-12-2013,24.3,88.0,52.2,0.0,0.0,96753
24-12-2013,25.8,83.0,3.2,4.2,0.0,96753
25-12-2013,24.4,90.0,0.0,3.1,1.0,96753
26-12-2013,25.4,89.0,6.4,5.7,0.0,96753
27-12-2013,25.4,88.0,5.6,5.2,0.0,96753
28-12-2013,26.0,81.0,1.0,4.1,0.0,96753
29-12-2013,25.0,83.0,0.0,7.2,0.0,96753
30-12-2013,25.0,89.0,0.0,0.5,0.0,96753
31-12-2013,24.4,92.0,10.0,0.3,1.0,96753
01-01-2014,25.3,89.0,10.0,0.0,0.0,96753
02-01-2014,25.8,86.0,0.3,5.7,0.0,96753
03-01-2014,25.6,86.0,0.9,5.3,0.0,96753
05-01-2014,26.4,79.0,3.2,5.4,0.0,96753
06-01-2014,25.7,82.0,3.3,2.4,1.0,96753
07-01-2014,25.6,84.0,0.0,3.6,1.0,96753
08-01-2014,23.5,95.0,1.8,0.0,0.0,96753
09-01-2014,26.1,79.0,36.8,5.8,0.0,96753
10-01-2014,26.6,79.0,0.0,7.7,1.0,96753
11-01-2014,24.9,86.0,9.2,5.7,1.0,96753
12-01-2014,23.6,96.0,84.6,0.1,2.0,96753
13-01-2014,24.5,93.0,102.2,0.0,0.0,96753
14-01-2014,25.4,88.0,10.0,6.0,0.0,96753
15-01-2014,24.0,92.0,11.2,0.3,1.0,96753
16-01-2014,23.8,94.0,29.6,0.0,1.0,96753
17-01-2014,23.4,96.0,12.0,0.0,0.0,96753
18-01-2014,24.2,93.0,103.3,0.0,1.0,96753
19-01-2014,23.5,94.0,42.8,0.0,0.0,96753
20-01-2014,24.0,94.0,13.4,0.0,0.0,96753
21-01-2014,22.8,96.0,47.1,0.0,0.0,96753
22-01-2014,23.9,92.0,44.8,0.3,0.0,96753
23-01-2014,22.7,96.0,19.5,0.0,0.0,96753
24-01-2014,24.6,89.0,6.5,1.4,0.0,96753
25-01-2014,25.0,86.0,16.8,7.2,1.0,96753
26-01-2014,25.0,86.0,0.0,6.1,2.0,96753
27-01-2014,24.3,90.0,0.8,2.7,0.0,96753
28-01-2014,24.6,93.0,22.6,0.0,4.0,96753
29-01-2014,24.3,90.0,26.0,0.0,2.0,96753
30-01-2014,24.6,90.0,37.9,0.5,2.0,96753
31-01-2014,24.6,93.0,5.4,0.1,2.0,96753
01-02-2014,25.4,89.0,4.5,2.7,2.0,96753
02-02-2014,23.6,95.0,5.6,0.0,3.0,96753
03-02-2014,23.6,96.0,29.6,0.0,1.0,96753
04-02-2014,24.8,92.0,41.5,0.0,2.0,96753
05-02-2014,24.5,94.0,8.4,0.7,1.0,96753
06-02-2014,25.5,91.0,22.3,2.6,1.0,96753
07-02-2014,25.9,84.0,1.4,0.6,2.0,96753
08-02-2014,25.3,90.0,0.1,0.3,2.0,96753
09-02-2014,25.6,87.0,27.4,2.8,2.0,96753
10-02-2014,24.9,92.0,15.6,1.0,3.0,96753
11-02-2014,26.3,84.0,4.5,5.5,2.0,96753
12-02-2014,26.6,87.0,0.0,3.6,2.0,96753
13-02-2014,27.0,81.0,0.0,7.4,2.0,96753
14-02-2014,26.3,84.0,0.0,4.8,2.0,96753
15-02-2014,24.8,86.0,1.2,0.1,3.0,96753
16-02-2014,25.0,85.0,0.0,4.4,2.0,96753
17-02-2014,25.7,84.0,2.5,5.3,2.0,96753
18-02-2014,25.6,88.0,0.3,1.8,3.0,96753
19-02-2014,25.9,84.0,0.0,5.4,2.0,96753
20-02-2014,26.3,80.0,0.0,7.6,3.0,96753
21-02-2014,24.3,94.0,13.5,0.2,2.0,96753
22-02-2014,23.2,97.0,29.0,0.0,2.0,96753
23-02-2014,24.3,91.0,41.0,4.1,2.0,96753
24-02-2014,22.9,95.0,19.1,0.1,3.0,96753
25-02-2014,24.8,91.0,29.1,0.6,2.0,96753
26-02-2014,23.5,96.0,35.2,0.0,2.0,96753
27-02-2014,24.5,90.0,4.1,1.1,1.0,96753
28-02-2014,25.0,85.0,1.5,2.6,2.0,96753
01-03-2014,25.0,89.0,9.7,4.5,2.0,96753
02-03-2014,26.3,84.0,30.4,6.8,2.0,96753
03-03-2014,26.6,82.0,0.6,6.6,2.0,96753
04-03-2014,26.7,80.0,1.9,7.8,2.0,96753
05-03-2014,25.1,88.0,0.0,3.1,2.0,96753
06-03-2014,25.0,85.0,10.4,3.9,2.0,96753
07-03-2014,25.6,90.0,2.6,1.3,2.0,96753
08-03-2014,25.9,87.0,56.4,4.9,2.0,96753
09-03-2014,26.0,88.0,1.2,3.3,2.0,96753
10-03-2014,25.1,90.0,0.1,0.0,2.0,96753
11-03-2014,25.2,90.0,2.1,0.0,2.0,96753
12-03-2014,24.5,88.0,0.0,0.1,2.0,96753
13-03-2014,25.1,86.0,0.0,3.0,2.0,96753
14-03-2014,25.9,88.0,1.9,3.0,2.0,96753
15-03-2014,26.2,82.0,0.0,4.7,2.0,96753
16-03-2014,25.1,90.0,0.0,5.6,3.0,96753
17-03-2014,24.6,94.0,23.2,3.7,2.0,96753
18-03-2014,25.3,88.0,21.8,6.5,2.0,96753
19-03-2014,25.5,87.0,7.8,5.2,2.0,96753
20-03-2014,25.2,88.0,18.9,6.3,2.0,96753
21-03-2014,25.2,86.0,23.4,3.7,2.0,96753
22-03-2014,26.0,85.0,2.7,4.1,2.0,96753
23-03-2014,24.8,92.0,0.0,0.5,2.0,96753
24-03-2014,25.1,89.0,6.5,4.7,1.0,96753
25-03-2014,26.0,88.0,3.3,2.0,2.0,96753
26-03-2014,25.8,87.0,0.0,1.0,3.0,96753
27-03-2014,25.7,86.0,0.0,6.0,2.0,96753
28-03-2014,25.4,88.0,24.6,6.0,2.0,96753
29-03-2014,25.9,83.0,24.4,5.8,3.0,96753
30-03-2014,26.3,85.0,7.5,6.3,3.0,96753
31-03-2014,26.3,84.0,0.0,6.2,2.0,96753
01-04-2014,26.1,87.0,6.3,5.3,3.0,96753
02-04-2014,25.7,88.0,13.0,6.5,2.0,96753
03-04-2014,26.5,84.0,3.8,7.1,2.0,96753
04-04-2014,26.4,84.0,0.3,4.8,2.0,96753
05-04-2014,25.9,87.0,0.6,7.3,2.0,96753
06-04-2014,25.9,86.0,169.1,5.9,3.0,96753
07-04-2014,25.4,86.0,6.7,6.0,3.0,96753
08-04-2014,27.4,80.0,0.0,5.1,2.0,96753
09-04-2014,25.9,84.0,0.0,6.8,2.0,96753
10-04-2014,25.6,84.0,1.5,2.5,3.0,96753
11-04-2014,26.1,83.0,1.4,5.2,2.0,96753
12-04-2014,26.8,81.0,1.6,4.6,2.0,96753
13-04-2014,25.9,83.0,0.0,4.6,2.0,96753
14-04-2014,25.2,88.0,1.3,4.2,2.0,96753
15-04-2014,26.6,81.0,6.6,4.1,2.0,96753
16-04-2014,25.9,84.0,0.0,4.9,2.0,96753
17-04-2014,26.0,85.0,10.6,5.9,2.0,96753
18-04-2014,25.7,86.0,61.7,4.7,2.0,96753
19-04-2014,26.4,88.0,52.1,5.6,2.0,96753
20-04-2014,25.6,84.0,11.4,6.4,2.0,96753
21-04-2014,26.5,87.0,0.7,3.8,2.0,96753
22-04-2014,25.8,86.0,4.5,5.9,2.0,96753
23-04-2014,25.7,86.0,30.0,6.9,2.0,96753
24-04-2014,28.1,78.0,1.5,8.0,2.0,96753
25-04-2014,27.8,79.0,0.0,8.0,2.0,96753
26-04-2014,26.8,85.0,1.0,6.2,3.0,96753
27-04-2014,25.9,88.0,31.7,6.0,2.0,96753
28-04-2014,26.6,83.0,35.3,7.0,2.0,96753
29-04-2014,25.9,88.0,7.8,6.4,2.0,96753
30-04-2014,25.8,87.0,50.4,7.0,2.0,96753
01-05-2014,25.9,87.0,3.6,5.3,3.0,96753
02-05-2014,26.4,84.0,3.0,7.4,2.0,96753
03-05-2014,26.3,86.0,4.2,6.5,2.0,96753
04-05-2014,26.7,85.0,1.4,5.1,3.0,96753
05-05-2014,27.1,81.0,0.0,6.8,2.0,96753
06-05-2014,27.0,82.0,0.0,5.0,2.0,96753
07-05-2014,26.0,85.0,0.0,6.6,3.0,96753
08-05-2014,26.7,88.0,42.1,3.0,2.0,96753
09-05-2014,26.3,86.0,29.0,8.0,2.0,96753
10-05-2014,26.5,88.0,41.4,2.8,2.0,96753
11-05-2014,27.1,87.0,2.0,4.5,2.0,96753
12-05-2014,26.3,86.0,1.6,5.2,2.0,96753
13-05-2014,26.5,84.0,9.3,7.1,2.0,96753
14-05-2014,26.5,86.0,15.6,5.8,2.0,96753
15-05-2014,26.0,85.0,11.0,4.5,2.0,96753
16-05-2014,25.9,84.0,0.3,6.0,2.0,96753
17-05-2014,24.8,92.0,28.6,2.6,2.0,96753
18-05-2014,25.2,87.0,15.8,5.3,2.0,96753
19-05-2014,25.9,86.0,9.6,5.6,2.0,96753
20-05-2014,26.2,85.0,19.5,7.7,2.0,96753
21-05-2014,26.3,85.0,0.0,7.5,2.0,96753
22-05-2014,26.3,87.0,8.4,5.9,2.0,96753
23-05-2014,25.6,84.0,11.7,5.4,4.0,96753
24-05-2014,26.1,82.0,0.0,3.6,0.0,96753
25-05-2014,26.6,81.0,0.0,8.0,2.0,96753
26-05-2014,25.8,89.0,0.3,2.8,3.0,96753
27-05-2014,26.7,83.0,1.0,6.4,2.0,96753
28-05-2014,26.6,90.0,29.3,4.6,3.0,96753
29-05-2014,27.0,81.0,7.5,8.0,2.0,96753
30-05-2014,25.6,84.0,0.0,6.5,3.0,96753
31-05-2014,25.8,86.0,0.2,7.0,2.0,96753
01-06-2014,27.1,76.0,0.0,7.8,2.0,96753
02-06-2014,26.8,81.0,0.0,8.0,2.0,96753
03-06-2014,26.9,77.0,0.0,7.9,2.0,96753
04-06-2014,27.1,79.0,0.0,6.7,3.0,96753
05-06-2014,25.9,90.0,0.0,1.0,2.0,96753
06-06-2014,26.9,83.0,6.7,0.7,2.0,96753
07-06-2014,27.4,79.0,0.0,8.0,2.0,96753
08-06-2014,27.1,78.0,0.0,8.0,2.0,96753
09-06-2014,27.1,79.0,0.0,7.7,2.0,96753
10-06-2014,26.4,86.0,0.0,6.2,3.0,96753
11-06-2014,27.2,83.0,26.1,7.6,2.0,96753
12-06-2014,27.3,84.0,0.0,7.5,2.0,96753
13-06-2014,26.9,87.0,2.8,4.2,0.0,96753
14-06-2014,26.0,85.0,13.0,5.9,3.0,96753
15-06-2014,25.3,89.0,2.6,0.8,2.0,96753
16-06-2014,26.3,83.0,5.1,6.2,2.0,96753
17-06-2014,27.1,86.0,0.0,3.8,2.0,96753
18-06-2014,26.5,80.0,0.0,6.6,2.0,96753
19-06-2014,25.8,86.0,4.1,0.0,3.0,96753
20-06-2014,26.7,81.0,0.0,7.7,2.0,96753
21-06-2014,26.5,83.0,0.1,5.3,3.0,96753
22-06-2014,26.6,81.0,0.0,8.0,2.0,96753
23-06-2014,25.5,86.0,0.0,4.8,2.0,96753
24-06-2014,27.0,81.0,0.0,2.2,2.0,96753
25-06-2014,26.3,85.0,0.0,4.0,3.0,96753
26-06-2014,25.5,85.0,0.2,0.0,2.0,96753
27-06-2014,24.9,90.0,0.0,3.7,2.0,96753
28-06-2014,25.3,88.0,24.0,3.3,2.0,96753
29-06-2014,26.6,82.0,0.0,6.2,2.0,96753
30-06-2014,26.3,78.0,0.0,8.0,2.0,96753
01-07-2014,26.4,71.0,0.2,8.0,2.0,96753
02-07-2014,25.6,83.0,0.0,1.2,3.0,96753
03-07-2014,25.4,81.0,0.0,6.1,2.0,96753
04-07-2014,26.4,81.0,0.0,7.6,2.0,96753
05-07-2014,26.8,85.0,50.8,3.2,2.0,96753
06-07-2014,25.8,88.0,24.7,5.4,2.0,96753
07-07-2014,25.6,84.0,4.0,5.9,2.0,96753
08-07-2014,25.6,90.0,0.0,2.9,2.0,96753
09-07-2014,27.2,78.0,6.7,7.0,2.0,96753
10-07-2014,25.9,86.0,116.7,4.9,2.0,96753
11-07-2014,26.0,83.0,0.7,5.5,2.0,96753
12-07-2014,25.9,84.0,0.0,4.7,2.0,96753
14-07-2014,25.9,70.0,8.8,8.0,3.0,96753
15-07-2014,25.9,75.0,0.0,6.4,3.0,96753
16-07-2014,25.6,84.0,5.6,5.6,2.0,96753
17-07-2014,25.6,84.0,0.0,5.7,2.0,96753
18-07-2014,25.8,83.0,1.2,6.4,2.0,96753
19-07-2014,25.6,80.0,0.5,7.6,3.0,96753
20-07-2014,26.4,84.0,0.0,6.4,2.0,96753
21-07-2014,26.2,82.0,23.2,6.5,3.0,96753
22-07-2014,26.2,84.0,6.0,8.0,2.0,96753
23-07-2014,25.7,86.0,0.5,3.9,2.0,96753
24-07-2014,25.0,83.0,0.0,4.9,2.0,96753
25-07-2014,24.9,86.0,0.0,4.7,2.0,96753
26-07-2014,25.0,87.0,29.2,4.6,2.0,96753
27-07-2014,25.0,90.0,4.9,2.9,2.0,96753
28-07-2014,25.5,84.0,0.0,8.0,2.0,96753
29-07-2014,25.7,82.0,65.1,7.3,2.0,96753
30-07-2014,26.2,80.0,0.0,7.9,2.0,96753
31-07-2014,26.1,80.0,0.2,6.8,2.0,96753
01-08-2014,26.1,78.0,2.3,6.5,2.0,96753
02-08-2014,25.4,79.0,0.0,5.8,2.0,96753
03-08-2014,26.3,82.0,1.5,5.4,2.0,96753
04-08-2014,25.4,85.0,0.0,4.5,3.0,96753
05-08-2014,25.8,78.0,35.0,6.5,2.0,96753
06-08-2014,26.3,76.0,0.0,6.6,3.0,96753
07-08-2014,26.1,78.0,0.0,6.1,3.0,96753
08-08-2014,25.1,82.0,0.0,5.5,3.0,96753
09-08-2014,26.3,78.0,0.0,6.6,3.0,96753
10-08-2014,25.9,80.0,0.0,4.3,3.0,96753
11-08-2014,24.7,88.0,0.0,3.6,2.0,96753
12-08-2014,24.7,86.0,5.2,4.8,3.0,96753
13-08-2014,25.7,78.0,16.1,7.0,2.0,96753
14-08-2014,26.1,81.0,0.0,6.1,3.0,96753
15-08-2014,25.7,82.0,85.8,5.9,3.0,96753
16-08-2014,25.4,81.0,100.4,5.5,2.0,96753
17-08-2014,25.7,76.0,0.0,5.9,2.0,96753
18-08-2014,25.6,74.0,0.0,6.9,2.0,96753
19-08-2014,25.6,77.0,0.0,6.5,2.0,96753
20-08-2014,25.9,77.0,0.0,6.5,2.0,96753
21-08-2014,26.3,80.0,0.0,6.3,2.0,96753
22-08-2014,26.2,80.0,5.2,6.5,2.0,96753
23-08-2014,26.7,79.0,0.0,5.2,3.0,96753
24-08-2014,25.3,84.0,0.0,5.1,3.0,96753
25-08-2014,26.0,81.0,147.3,5.3,3.0,96753
26-08-2014,24.9,84.0,38.1,5.4,3.0,96753
27-08-2014,25.6,78.0,5.1,5.9,3.0,96753
28-08-2014,26.1,76.0,0.0,6.2,3.0,96753
29-08-2014,24.4,88.0,62.5,4.7,3.0,96753
30-08-2014,25.5,82.0,33.9,5.5,2.0,96753
31-08-2014,25.8,82.0,0.0,4.8,2.0,96753
01-09-2014,26.4,79.0,1.4,8.0,2.0,96753
02-09-2014,26.8,81.0,0.0,8.0,3.0,96753
03-09-2014,27.1,78.0,0.0,8.0,2.0,96753
04-09-2014,26.5,78.0,0.0,7.8,2.0,96753
05-09-2014,25.7,77.0,0.0,8.0,2.0,96753
06-09-2014,25.8,75.0,0.0,7.9,3.0,96753
07-09-2014,26.3,79.0,5.0,7.1,3.0,96753
08-09-2014,26.2,78.0,0.0,6.9,3.0,96753
09-09-2014,26.3,75.0,0.0,7.4,2.0,96753
10-09-2014,25.9,78.0,0.0,7.6,2.0,96753
11-09-2014,26.5,71.0,0.0,7.3,2.0,96753
12-09-2014,26.2,68.0,0.0,6.7,2.0,96753
13-09-2014,26.2,71.0,0.0,7.5,3.0,96753
14-09-2014,27.0,68.0,0.0,7.5,2.0,96753
15-09-2014,25.6,72.0,0.0,7.9,3.0,96753
16-09-2014,26.3,66.0,0.0,8.0,3.0,96753
17-09-2014,26.1,68.0,0.0,8.0,3.0,96753
18-09-2014,26.1,74.0,0.0,8.0,3.0,96753
19-09-2014,27.0,71.0,0.0,8.0,4.0,96753
20-09-2014,25.9,80.0,0.0,5.7,3.0,96753
21-09-2014,24.8,81.0,5.7,7.7,2.0,96753
22-09-2014,27.0,63.0,4.0,8.0,3.0,96753
23-09-2014,25.9,66.0,0.0,8.0,3.0,96753
24-09-2014,27.4,61.0,0.0,8.0,3.0,96753
25-09-2014,26.0,69.0,0.0,7.2,4.0,96753
26-09-2014,26.7,64.0,0.0,7.8,2.0,96753
27-09-2014,25.7,63.0,0.0,8.0,3.0,96753
28-09-2014,26.2,74.0,0.0,7.1,3.0,96753
29-09-2014,26.9,74.0,0.0,7.5,2.0,96753
30-09-2014,26.1,77.0,5.7,7.6,3.0,96753
01-10-2014,27.3,72.0,0.0,6.2,2.0,96753
02-10-2014,27.3,75.0,0.2,7.5,3.0,96753
03-10-2014,26.8,76.0,0.0,7.9,3.0,96753
04-10-2014,27.2,68.0,4.7,8.0,3.0,96753
05-10-2014,26.8,72.0,0.0,6.2,3.0,96753
06-10-2014,26.5,74.0,0.0,5.1,3.0,96753
07-10-2014,26.1,77.0,0.1,7.0,2.0,96753
08-10-2014,26.2,78.0,0.0,7.1,3.0,96753
09-10-2014,27.4,67.0,11.4,8.0,3.0,96753
10-10-2014,27.7,59.0,0.0,8.0,3.0,96753
11-10-2014,26.5,62.0,0.0,8.0,4.0,96753
12-10-2014,26.3,67.0,0.0,7.2,3.0,96753
13-10-2014,25.6,80.0,0.0,6.6,2.0,96753
14-10-2014,27.0,82.0,17.2,5.6,3.0,96753
15-10-2014,26.2,82.0,0.7,6.4,2.0,96753
16-10-2014,27.5,78.0,1.2,7.1,2.0,96753
17-10-2014,27.1,74.0,0.0,7.6,2.0,96753
18-10-2014,27.6,73.0,0.0,5.9,2.0,96753
19-10-2014,27.1,74.0,0.0,5.7,3.0,96753
20-10-2014,27.3,69.0,0.0,7.2,3.0,96753
21-10-2014,27.7,68.0,0.0,6.7,3.0,96753
22-10-2014,27.1,74.0,0.0,5.5,3.0,96753
23-10-2014,26.3,76.0,0.0,6.0,2.0,96753
24-10-2014,27.5,70.0,7.5,7.7,3.0,96753
25-10-2014,26.2,77.0,0.0,7.4,3.0,96753
26-10-2014,25.7,84.0,26.7,7.0,2.0,96753
27-10-2014,27.1,79.0,93.7,7.0,2.0,96753
28-10-2014,26.1,82.0,0.0,7.8,3.0,96753
29-10-2014,26.9,82.0,12.4,6.2,2.0,96753
30-10-2014,26.9,80.0,4.5,1.8,3.0,96753
31-10-2014,26.6,80.0,0.0,6.1,2.0,96753
01-11-2014,27.4,83.0,153.0,6.1,2.0,96753
02-11-2014,27.0,83.0,26.5,7.2,2.0,96753
03-11-2014,27.9,74.0,26.6,8.0,2.0,96753
04-11-2014,27.3,75.0,0.0,7.3,2.0,96753
05-11-2014,27.2,78.0,92.3,6.1,3.0,96753
06-11-2014,26.7,77.0,0.0,7.0,3.0,96753
07-11-2014,26.5,81.0,0.0,2.4,2.0,96753
08-11-2014,26.6,81.0,0.0,5.8,2.0,96753
09-11-2014,26.4,84.0,1.3,6.9,2.0,96753
10-11-2014,26.0,85.0,42.0,4.6,3.0,96753
11-11-2014,24.3,90.0,15.5,3.0,2.0,96753
12-11-2014,25.4,82.0,0.7,3.9,2.0,96753
13-11-2014,25.4,86.0,44.3,5.7,3.0,96753
14-11-2014,26.0,86.0,28.2,3.8,2.0,96753
15-11-2014,26.8,81.0,0.0,6.2,2.0,96753
16-11-2014,26.2,86.0,0.5,4.1,2.0,96753
17-11-2014,25.1,85.0,15.5,3.0,2.0,96753
18-11-2014,26.1,82.0,1.3,3.0,2.0,96753
19-11-2014,25.7,86.0,0.1,5.4,2.0,96753
20-11-2014,25.9,87.0,77.8,6.4,2.0,96753
21-11-2014,26.1,89.0,0.5,6.6,2.0,96753
22-11-2014,26.9,84.0,45.0,5.8,2.0,96753
23-11-2014,26.8,84.0,0.0,5.7,2.0,96753
24-11-2014,25.5,89.0,0.0,4.4,3.0,96753
25-11-2014,25.7,86.0,21.3,5.1,2.0,96753
26-11-2014,26.3,85.0,16.7,3.2,2.0,96753
27-11-2014,26.9,82.0,3.1,4.6,3.0,96753
28-11-2014,27.1,81.0,40.4,5.4,2.0,96753
29-11-2014,25.9,85.0,0.1,4.8,2.0,96753
30-11-2014,26.8,74.0,20.5,0.2,3.0,96753
01-12-2014,27.5,74.0,0.0,2.5,4.0,96753
02-12-2014,26.2,78.0,0.0,0.3,4.0,96753
03-12-2014,25.1,88.0,0.0,1.4,2.0,96753
04-12-2014,25.6,86.0,1.0,2.6,2.0,96753
05-12-2014,25.6,87.0,0.1,1.1,2.0,96753
06-12-2014,25.2,89.0,2.6,2.9,2.0,96753
07-12-2014,25.4,82.0,5.4,2.7,2.0,96753
08-12-2014,27.0,78.0,0.0,3.8,3.0,96753
09-12-2014,26.4,80.0,0.0,3.0,2.0,96753
10-12-2014,26.8,76.0,0.0,7.7,3.0,96753
12-12-2014,25.3,86.0,3.0,1.0,2.0,96753
13-12-2014,25.8,87.0,0.3,0.2,2.0,96753
14-12-2014,26.6,78.0,0.0,7.0,2.0,96753
15-12-2014,26.5,82.0,0.0,4.1,3.0,96753
16-12-2014,27.8,77.0,0.0,5.3,2.0,96753
17-12-2014,27.6,78.0,0.0,4.2,3.0,96753
18-12-2014,27.0,82.0,1.3,6.5,2.0,96753
19-12-2014,26.9,82.0,21.0,6.2,2.0,96753
20-12-2014,26.5,84.0,7.4,4.7,3.0,96753
21-12-2014,27.0,81.0,0.2,5.9,2.0,96753
22-12-2014,25.8,88.0,1.4,5.3,3.0,96753
23-12-2014,26.6,82.0,46.7,6.0,3.0,96753
24-12-2014,26.7,81.0,0.2,7.0,2.0,96753
25-12-2014,26.1,86.0,4.0,7.0,2.0,96753
26-12-2014,26.1,87.0,14.4,1.6,2.0,96753
27-12-2014,25.0,93.0,74.6,0.0,2.0,96753
28-12-2014,26.2,78.0,12.8,0.0,2.0,96753
29-12-2014,26.6,81.0,3.1,3.3,2.0,96753
30-12-2014,27.1,77.0,0.0,1.7,2.0,96753
31-12-2014,24.4,91.0,0.5,1.1,3.0,96753
03-01-2015,24.7,91.0,1.8,2.0,3.0,96753
04-01-2015,24.7,88.0,23.7,0.7,3.0,96753
05-01-2015,26.0,86.0,21.1,0.0,2.0,96753
07-01-2015,26.1,80.0,0.9,3.8,3.0,96753
16-01-2015,25.2,87.0,7.5,3.1,2.0,96753
18-01-2015,25.3,88.0,3.8,1.1,2.0,96753
19-01-2015,24.1,93.0,0.4,0.9,0.0,96753
22-01-2015,24.7,93.0,13.8,1.9,2.0,96753
23-01-2015,24.5,91.0,15.3,0.9,1.0,96753
24-01-2015,25.2,87.0,1.1,0.7,2.0,96753
25-01-2015,24.5,93.0,4.0,5.0,2.0,96753
27-01-2015,25.0,92.0,1.0,5.1,1.0,96753
31-01-2015,24.5,93.0,8.0,3.9,2.0,96753
01-02-2015,23.3,97.0,17.8,3.7,1.0,96753
02-02-2015,25.4,87.0,47.7,0.4,2.0,96753
03-02-2015,25.3,90.0,3.8,4.5,2.0,96753
05-02-2015,25.4,88.0,43.2,1.7,2.0,96753
06-02-2015,24.3,92.0,21.0,3.4,2.0,96753
07-02-2015,25.4,89.0,27.8,4.7,1.0,96753
08-02-2015,24.0,93.0,1.7,5.4,2.0,96753
09-02-2015,22.9,99.0,16.9,0.7,1.0,96753
10-02-2015,24.5,92.0,88.8,0.0,1.0,96753
11-02-2015,23.7,91.0,1.0,1.7,1.0,96753
12-02-2015,24.4,90.0,0.0,0.0,1.0,96753
14-02-2015,26.0,85.0,14.1,3.0,2.0,96753
16-02-2015,25.2,90.0,1.1,3.3,1.0,96753
17-02-2015,25.1,92.0,1.4,3.8,2.0,96753
18-02-2015,24.6,91.0,1.0,0.6,2.0,96753
19-02-2015,23.7,94.0,39.5,4.8,1.0,96753
20-02-2015,25.1,88.0,1.1,0.0,1.0,96753
21-02-2015,26.4,75.0,0.0,1.8,1.0,96753
24-02-2015,26.4,81.0,0.0,6.3,2.0,96753
28-02-2015,25.6,88.0,18.7,4.2,2.0,96753
03-03-2015,26.1,83.0,0.4,6.0,2.0,96753
04-03-2015,25.0,82.0,2.6,3.6,3.0,96753
05-03-2015,25.2,83.0,0.0,1.9,2.0,96753
09-03-2015,25.7,83.0,2.6,0.9,1.0,96753
10-03-2015,25.8,81.0,6.7,4.7,3.0,96753
12-03-2015,24.7,92.0,23.4,2.4,2.0,96753
13-03-2015,25.9,88.0,5.8,4.4,2.0,96753
15-03-2015,24.7,92.0,32.7,1.3,2.0,96753
16-03-2015,25.4,88.0,14.6,4.1,1.0,96753
17-03-2015,26.0,84.0,8.4,5.9,2.0,96753
20-03-2015,26.0,86.0,23.2,5.7,2.0,96753
22-03-2015,24.9,87.0,62.6,3.5,3.0,96753
24-03-2015,25.9,89.0,26.5,8.3,1.0,96753
25-03-2015,24.3,93.0,19.0,3.5,2.0,96753
26-03-2015,25.0,91.0,0.2,4.4,1.0,96753
27-03-2015,26.4,86.0,1.6,3.6,2.0,96753
28-03-2015,25.7,85.0,42.0,9.3,2.0,96753
31-03-2015,25.9,88.0,7.0,6.3,2.0,96753
01-04-2015,26.6,90.0,48.0,7.6,2.0,96753
02-04-2015,25.7,90.0,0.2,5.4,1.0,96753
04-04-2015,25.5,89.0,0.2,4.4,2.0,96753
06-04-2015,26.1,85.0,9.2,6.3,2.0,96753
07-04-2015,25.3,90.0,10.6,7.5,2.0,96753
08-04-2015,25.7,88.0,23.6,4.4,1.0,96753
09-04-2015,26.2,86.0,3.4,5.1,1.0,96753
10-04-2015,26.8,83.0,13.7,3.4,2.0,96753
22-04-2015,26.3,84.0,0.4,7.5,2.0,96753
28-04-2015,26.2,84.0,4.5,5.8,2.0,96753
03-05-2015,25.5,88.0,0.3,5.2,1.0,96753
04-05-2015,25.3,87.0,26.4,2.0,1.0,96753
05-05-2015,25.3,86.0,0.3,5.6,2.0,96753
06-05-2015,26.3,82.0,1.0,7.0,1.0,96753
07-05-2015,26.9,86.0,11.0,8.8,1.0,96753
08-05-2015,27.3,78.0,0.3,5.9,2.0,96753
10-05-2015,26.8,82.0,5.6,6.4,2.0,96753
14-05-2015,25.6,89.0,51.4,8.4,1.0,96753
15-05-2015,25.7,91.0,14.4,5.4,2.0,96753
17-05-2015,27.3,82.0,49.4,8.7,1.0,96753
27-05-2015,25.7,85.0,35.4,6.5,2.0,96753
02-06-2015,26.1,85.0,0.2,8.3,3.0,96753
03-06-2015,25.8,87.0,63.1,8.4,1.0,96753
10-06-2015,25.2,88.0,8.4,1.7,2.0,96753
11-06-2015,26.1,86.0,4.8,3.0,2.0,96753
13-06-2015,26.4,79.0,2.1,8.7,2.0,96753
15-06-2015,26.3,79.0,3.0,8.2,1.0,96753
24-06-2015,25.8,77.0,0.4,8.7,1.0,96753
27-07-2015,26.5,77.0,0.8,8.5,3.0,96753
29-07-2015,26.4,76.0,0.6,7.8,3.0,96753
01-08-2015,25.3,88.0,94.6,7.9,2.0,96753
20-08-2015,26.5,76.0,1.0,8.3,2.0,96753
09-09-2015,26.6,74.0,3.2,6.3,2.0,96753
22-09-2015,26.9,69.0,16.0,7.3,3.0,96753
26-09-2015,26.5,70.0,2.4,6.0,3.0,96753
28-09-2015,25.3,81.0,4.2,7.2,3.0,96753
29-09-2015,26.0,75.0,54.0,4.8,2.0,96753
08-10-2015,25.5,84.0,30.5,7.1,3.0,96753
09-10-2015,25.6,83.0,1.4,8.4,2.0,96753
10-10-2015,26.5,75.0,4.0,7.6,3.0,96753
15-10-2015,26.2,74.0,5.2,8.1,2.0,96753
30-10-2015,26.0,82.0,0.1,7.3,3.0,96753
31-10-2015,26.0,82.0,63.5,7.8,2.0,96753
01-11-2015,26.3,83.0,11.8,7.6,3.0,96753
02-11-2015,26.7,82.0,24.6,6.9,2.0,96753
03-11-2015,26.2,86.0,24.4,8.1,2.0,96753
04-11-2015,26.0,86.0,5.5,5.8,2.0,96753
05-11-2015,27.4,80.0,16.8,6.6,3.0,96753
06-11-2015,27.0,79.0,1.3,7.6,2.0,96753
08-11-2015,25.8,85.0,23.6,3.7,2.0,96753
09-11-2015,26.3,85.0,155.8,6.0,4.0,96753
10-11-2015,26.5,84.0,21.2,6.2,2.0,96753
12-11-2015,26.4,84.0,47.2,6.9,2.0,96753
13-11-2015,26.1,83.0,47.4,8.0,2.0,96753
14-11-2015,27.9,78.0,51.2,6.0,2.0,96753
16-11-2015,26.5,84.0,50.5,8.9,2.0,96753
17-11-2015,26.9,82.0,62.4,5.8,2.0,96753
19-11-2015,26.8,81.0,3.9,7.9,2.0,96753
21-11-2015,26.2,87.0,3.4,5.6,4.0,96753
22-11-2015,26.8,83.0,37.6,4.1,1.0,96753
23-11-2015,26.9,80.0,36.7,8.1,2.0,96753
25-11-2015,26.6,82.0,72.6,7.1,2.0,96753
26-11-2015,26.5,82.0,89.4,6.1,2.0,96753
27-11-2015,27.0,81.0,9.6,6.9,0.0,96753
29-11-2015,25.9,87.0,26.4,9.3,1.0,96753
30-11-2015,26.1,87.0,15.4,0.0,2.0,96753
01-12-2015,26.8,82.0,67.8,6.7,3.0,96753
02-12-2015,27.5,79.0,4.5,7.9,4.0,96753
04-12-2015,26.1,85.0,14.5,7.1,2.0,96753
05-12-2015,26.2,85.0,22.6,6.1,2.0,96753
06-12-2015,26.1,86.0,20.3,5.2,2.0,96753
07-12-2015,26.5,88.0,81.5,6.3,2.0,96753
08-12-2015,26.1,88.0,9.5,5.5,2.0,96753
09-12-2015,26.0,85.0,3.2,0.9,2.0,96753
10-12-2015,26.5,83.0,70.8,7.5,2.0,96753
11-12-2015,26.1,88.0,15.9,7.0,2.0,96753
12-12-2015,25.3,89.0,69.7,3.8,2.0,96753
13-12-2015,26.4,86.0,7.8,4.2,1.0,96753
14-12-2015,25.9,85.0,0.8,4.1,3.0,96753
15-12-2015,25.3,89.0,0.1,0.0,2.0,96753
16-12-2015,24.8,90.0,4.7,0.1,2.0,96753
17-12-2015,23.9,89.0,12.4,0.0,2.0,96753
18-12-2015,25.7,86.0,4.9,0.0,2.0,96753
19-12-2015,25.4,89.0,5.7,2.6,2.0,96753
20-12-2015,25.4,89.0,12.2,3.5,1.0,96753
21-12-2015,24.9,88.0,28.1,0.9,2.0,96753
22-12-2015,26.4,81.0,6.1,0.1,3.0,96753
24-12-2015,25.9,78.0,6.3,6.7,2.0,96753
27-12-2015,27.6,84.0,7.0,7.2,2.0,96753
28-12-2015,26.1,88.0,48.0,8.5,2.0,96753
29-12-2015,27.2,85.0,21.6,5.5,2.0,96753
30-12-2015,26.1,87.0,33.0,7.8,3.0,96753
31-12-2015,26.8,87.0,0.7,7.1,2.0,96753
01-01-2016,26.5,86.0,0.4,5.7,2.0,96753
02-01-2016,25.5,91.0,33.4,8.5,4.0,96753
03-01-2016,25.9,85.0,103.8,5.1,2.0,96753
04-01-2016,26.9,87.0,6.5,6.1,2.0,96753
05-01-2016,25.7,92.0,0.9,4.3,2.0,96753
06-01-2016,25.7,86.0,0.2,6.1,2.0,96753
07-01-2016,27.8,79.0,40.1,5.9,2.0,96753
10-01-2016,26.7,85.0,41.8,7.8,2.0,96753
12-01-2016,25.6,92.0,2.5,6.5,1.0,96753
13-01-2016,25.9,89.0,25.1,2.6,2.0,96753
14-01-2016,26.9,84.0,0.8,6.0,3.0,96753
15-01-2016,27.4,83.0,4.4,8.5,2.0,96753
16-01-2016,27.8,79.0,4.0,6.0,2.0,96753
19-01-2016,26.1,87.0,34.2,5.7,2.0,96753
20-01-2016,25.6,91.0,64.8,7.5,3.0,96753
21-01-2016,26.0,90.0,6.9,3.8,1.0,96753
23-01-2016,25.6,87.0,2.6,1.2,1.0,96753
24-01-2016,26.1,91.0,2.4,0.0,2.0,96753
25-01-2016,25.1,92.0,16.1,0.1,1.0,96753
26-01-2016,27.1,83.0,2.8,0.4,2.0,96753
29-01-2016,27.1,84.0,48.0,5.3,2.0,96753
30-01-2016,26.6,88.0,18.0,8.8,0.0,96753
31-01-2016,23.9,93.0,2.6,4.3,4.0,96753
01-02-2016,25.8,90.0,30.7,0.8,2.0,96753
02-02-2016,25.4,93.0,2.9,1.6,3.0,96753
03-02-2016,25.3,87.0,33.5,0.7,1.0,96753
05-02-2016,27.1,87.0,3.6,1.9,1.0,96753
06-02-2016,26.9,87.0,14.7,2.3,2.0,96753
07-02-2016,26.6,88.0,1.9,5.2,2.0,96753
08-02-2016,24.3,95.0,1.1,5.1,3.0,96753
09-02-2016,25.9,90.0,47.7,3.7,1.0,96753
10-02-2016,24.8,93.0,8.1,2.9,3.0,96753
11-02-2016,25.8,85.0,18.7,2.6,2.0,96753
12-02-2016,25.2,92.0,2.4,0.1,3.0,96753
13-02-2016,26.5,87.0,12.4,0.0,2.0,96753
14-02-2016,24.3,95.0,0.7,23.0,3.0,96753
15-02-2016,25.8,89.0,39.0,5.2,1.0,96753
16-02-2016,25.5,89.0,19.1,6.4,2.0,96753
18-02-2016,25.7,88.0,4.4,0.5,3.0,96753
19-02-2016,26.0,86.0,71.8,7.3,2.0,96753
23-02-2016,26.4,86.0,0.2,3.7,2.0,96753
24-02-2016,25.4,91.0,6.1,6.0,2.0,96753
25-02-2016,25.6,89.0,12.2,0.8,2.0,96753
26-02-2016,25.7,86.0,15.7,5.4,2.0,96753
27-02-2016,25.9,80.0,14.0,0.2,2.0,96753
01-03-2016,25.8,90.0,29.1,0.1,1.0,96753
02-03-2016,25.4,92.0,7.9,1.8,1.0,96753
03-03-2016,27.0,85.0,1.6,0.0,1.0,96753
04-03-2016,26.2,88.0,0.0,7.5,2.0,96753
05-03-2016,26.2,90.0,4.1,4.8,1.0,96753
06-03-2016,26.0,88.0,1.3,1.9,2.0,96753
07-03-2016,27.1,82.0,24.4,6.1,2.0,96753
09-03-2016,26.1,87.0,64.1,6.9,1.0,96753
10-03-2016,27.0,86.0,9.0,5.6,1.0,96753
11-03-2016,25.9,92.0,36.5,7.1,1.0,96753
12-03-2016,25.9,86.0,21.9,1.2,2.0,96753
13-03-2016,25.9,90.0,3.2,7.8,1.0,96753
14-03-2016,26.4,89.0,73.3,6.9,2.0,96753
15-03-2016,26.2,86.0,52.1,5.8,1.0,96753
16-03-2016,26.5,85.0,10.3,8.9,2.0,96753
18-03-2016,27.1,85.0,1.0,8.2,2.0,96753
21-03-2016,26.6,91.0,6.0,6.7,1.0,96753
22-03-2016,26.0,88.0,0.8,3.8,2.0,96753
23-03-2016,26.4,84.0,15.6,2.6,1.0,96753
24-03-2016,26.7,81.0,4.5,1.8,1.0,96753
25-03-2016,26.6,90.0,12.7,7.8,2.0,96753
26-03-2016,27.0,85.0,43.2,2.8,2.0,96753
28-03-2016,27.3,82.0,0.3,7.4,2.0,96753
29-03-2016,26.7,85.0,26.4,9.3,1.0,96753
30-03-2016,26.0,86.0,0.7,4.9,2.0,96753
01-04-2016,26.1,85.0,3.2,1.3,4.0,96753
02-04-2016,25.8,89.0,20.3,8.5,2.0,96753
03-04-2016,26.0,83.0,62.4,6.7,3.0,96753
04-04-2016,27.0,84.0,15.8,8.7,2.0,96753
06-04-2016,26.4,86.0,3.4,4.3,1.0,96753
07-04-2016,26.8,84.0,62.4,7.6,4.0,96753
09-04-2016,26.9,85.0,1.9,5.2,3.0,96753
10-04-2016,27.3,83.0,2.9,5.3,1.0,96753
11-04-2016,26.9,84.0,0.6,2.7,1.0,96753
12-04-2016,27.3,85.0,4.0,6.6,1.0,96753
14-04-2016,27.0,85.0,0.5,2.5,2.0,96753
15-04-2016,26.6,87.0,22.7,6.6,1.0,96753
18-04-2016,26.0,86.0,41.5,3.1,2.0,96753
19-04-2016,27.3,86.0,30.9,8.3,4.0,96753
20-04-2016,26.6,89.0,21.2,6.6,2.0,96753
21-04-2016,25.8,88.0,108.6,3.9,2.0,96753
22-04-2016,27.5,82.0,31.9,6.5,2.0,96753
24-04-2016,27.4,82.0,11.9,5.2,2.0,96753
25-04-2016,26.6,86.0,1.0,7.5,5.0,96753
26-04-2016,25.1,91.0,73.7,7.3,1.0,96753
27-04-2016,26.2,86.0,3.8,0.0,2.0,96753
28-04-2016,27.2,82.0,5.9,4.8,2.0,96753
29-04-2016,26.3,91.0,8.9,8.2,1.0,96753
03-05-2016,26.9,84.0,32.3,5.4,2.0,96753
09-05-2016,26.6,83.0,0.0,7.0,3.0,96753
10-05-2016,27.3,81.0,2.8,8.3,1.0,96753
12-05-2016,26.9,84.0,0.4,7.7,2.0,96753
13-05-2016,27.7,81.0,36.4,0.0,2.0,96753
14-05-2016,27.3,85.0,15.3,7.7,2.0,96753
16-05-2016,27.7,85.0,24.0,8.6,1.0,96753
18-05-2016,27.5,84.0,3.2,6.8,1.0,96753
20-05-2016,28.0,83.0,37.0,8.7,1.0,96753
21-05-2016,27.1,88.0,2.8,6.7,1.0,96753
22-05-2016,26.5,86.0,32.9,4.5,1.0,96753
23-05-2016,27.4,84.0,0.5,6.1,1.0,96753
24-05-2016,27.0,86.0,0.0,6.3,3.0,96753
25-05-2016,26.7,82.0,67.2,6.2,3.0,96753
26-05-2016,26.4,86.0,1.7,7.1,2.0,96753
27-05-2016,26.2,88.0,12.0,2.5,2.0,96753
31-05-2016,27.2,86.0,7.7,5.2,1.0,96753
03-06-2016,26.6,83.0,17.2,8.2,1.0,96753
05-06-2016,27.0,86.0,2.3,7.2,2.0,96753
07-06-2016,25.7,86.0,13.1,5.7,2.0,96753
08-06-2016,25.5,87.0,81.7,7.6,3.0,96753
09-06-2016,26.7,88.0,30.9,8.7,1.0,96753
11-06-2016,26.5,84.0,30.7,8.0,2.0,96753
13-06-2016,26.4,89.0,11.3,7.5,2.0,96753
15-06-2016,25.9,85.0,66.2,4.3,3.0,96753
18-06-2016,24.3,94.0,36.6,7.1,1.0,96753
19-06-2016,26.0,81.0,8.5,0.0,1.0,96753
22-06-2016,26.5,88.0,15.1,7.7,1.0,96753
23-06-2016,26.3,85.0,1.0,4.9,1.0,96753
24-06-2016,26.8,81.0,7.8,6.9,2.0,96753
26-06-2016,25.5,85.0,4.3,7.8,3.0,96753
27-06-2016,25.7,83.0,5.4,6.3,1.0,96753
30-06-2016,25.8,88.0,37.0,3.1,3.0,96753
01-07-2016,26.6,82.0,3.3,7.5,1.0,96753
03-07-2016,26.0,88.0,0.5,9.5,2.0,96753
04-07-2016,26.2,83.0,63.3,5.2,2.0,96753
05-07-2016,25.9,87.0,0.5,8.8,1.0,96753
06-07-2016,26.8,83.0,18.2,7.5,1.0,96753
08-07-2016,26.7,83.0,3.5,8.6,2.0,96753
09-07-2016,26.7,83.0,19.2,9.7,1.0,96753
12-07-2016,26.5,84.0,35.1,6.3,0.0,96753
17-07-2016,25.9,89.0,19.6,6.1,2.0,96753
18-07-2016,25.3,87.0,29.5,5.3,2.0,96753
19-07-2016,25.5,89.0,1.2,8.2,2.0,96753
20-07-2016,25.2,88.0,3.5,8.5,3.0,96753
21-07-2016,25.6,81.0,19.7,4.1,2.0,96753
22-07-2016,24.9,91.0,23.5,8.4,1.0,96753
23-07-2016,24.9,84.0,2.1,4.0,1.0,96753
25-07-2016,26.0,87.0,14.6,8.5,2.0,96753
27-07-2016,26.6,78.0,19.6,9.7,3.0,96753
30-07-2016,26.5,84.0,8.1,7.6,3.0,96753
31-07-2016,26.5,77.0,7.5,7.1,2.0,96753
02-08-2016,25.8,78.0,9.6,7.7,2.0,96753
08-08-2016,25.7,90.0,66.7,8.4,1.0,96753
09-08-2016,25.6,87.0,42.5,3.2,2.0,96753
11-08-2016,26.2,85.0,28.4,10.1,1.0,96753
12-08-2016,26.6,82.0,7.9,5.7,1.0,96753
13-08-2016,25.9,87.0,15.1,5.8,2.0,96753
15-08-2016,26.5,86.0,28.1,1.5,1.0,96753
18-08-2016,26.5,86.0,11.0,8.6,2.0,96753
20-08-2016,26.3,79.0,13.5,9.1,2.0,96753
21-08-2016,25.6,86.0,15.7,9.9,2.0,96753
22-08-2016,26.3,82.0,19.4,7.6,2.0,96753
23-08-2016,26.4,83.0,5.7,8.5,2.0,96753
24-08-2016,26.4,84.0,12.0,8.6,2.0,96753
28-08-2016,26.9,83.0,3.8,4.6,2.0,96753
31-08-2016,25.7,85.0,4.7,2.7,3.0,96753
01-09-2016,25.8,85.0,1.6,7.8,2.0,96753
02-09-2016,25.9,86.0,35.5,9.1,1.0,96753
03-09-2016,25.9,84.0,7.9,6.7,2.0,96753
04-09-2016,26.4,82.0,31.8,6.9,4.0,96753
05-09-2016,26.8,82.0,28.4,7.2,1.0,96753
07-09-2016,25.5,86.0,33.2,8.6,2.0,96753
08-09-2016,24.5,92.0,14.3,6.4,1.0,96753
11-09-2016,25.9,84.0,39.7,6.8,2.0,96753
12-09-2016,26.3,83.0,5.8,8.9,3.0,96753
13-09-2016,26.5,81.0,0.9,7.9,2.0,96753
15-09-2016,26.3,84.0,6.1,7.4,2.0,96753
17-09-2016,26.5,86.0,45.6,5.3,2.0,96753
18-09-2016,27.3,83.0,13.6,1.7,2.0,96753
19-09-2016,26.7,85.0,0.7,4.1,2.0,96753
20-09-2016,27.0,83.0,14.8,6.4,2.0,96753
21-09-2016,25.3,90.0,0.5,6.7,2.0,96753
22-09-2016,27.0,84.0,3.9,4.2,2.0,96753
24-09-2016,25.8,88.0,2.6,4.0,1.0,96753
25-09-2016,26.9,81.0,4.7,4.4,2.0,96753
28-09-2016,26.1,85.0,9.9,5.2,1.0,96753
29-09-2016,25.9,87.0,20.0,1.8,2.0,96753
30-09-2016,24.9,91.0,20.4,4.2,1.0,96753
03-10-2016,26.6,82.0,0.4,0.6,1.0,96753
04-10-2016,25.3,89.0,0.2,6.9,2.0,96753
06-10-2016,26.5,83.0,33.3,1.7,1.0,96753
08-10-2016,25.7,89.0,73.3,7.9,1.0,96753
09-10-2016,25.7,87.0,2.0,0.4,2.0,96753
10-10-2016,24.9,90.0,9.3,4.6,0.0,96753
11-10-2016,25.6,90.0,31.9,0.0,1.0,96753
12-10-2016,25.5,94.0,4.5,2.4,0.0,96753
13-10-2016,25.7,89.0,21.8,0.0,1.0,96753
14-10-2016,25.6,86.0,9.6,0.9,2.0,96753
16-10-2016,27.4,79.0,0.8,2.8,2.0,96753
18-10-2016,27.2,84.0,6.8,4.9,2.0,96753
19-10-2016,27.1,84.0,29.4,3.7,1.0,96753
20-10-2016,27.3,81.0,10.8,6.1,1.0,96753
21-10-2016,25.5,88.0,12.2,6.1,1.0,96753
22-10-2016,26.8,84.0,8.0,4.2,3.0,96753
23-10-2016,24.3,96.0,34.7,2.8,1.0,96753
24-10-2016,25.8,89.0,10.3,0.3,1.0,96753
25-10-2016,26.0,91.0,1.1,3.0,2.0,96753
26-10-2016,26.6,84.0,0.9,7.2,1.0,96753
28-10-2016,25.5,89.0,2.4,2.3,3.0,96753
29-10-2016,25.8,89.0,8.7,1.2,4.0,96753
30-10-2016,24.8,91.0,15.1,6.3,2.0,96753
31-10-2016,25.7,86.0,45.9,3.9,1.0,96753
01-11-2016,25.9,86.0,16.2,4.4,1.0,96753
04-11-2016,26.9,81.0,1.1,4.7,4.0,96753
07-11-2016,26.1,87.0,50.2,5.6,1.0,96753
08-11-2016,25.6,90.0,3.3,7.9,2.0,96753
09-11-2016,25.5,88.0,3.6,5.3,3.0,96753
10-11-2016,26.2,85.0,15.0,5.2,3.0,96753
11-11-2016,24.7,92.0,3.6,5.7,1.0,96753
12-11-2016,25.7,89.0,25.0,2.5,2.0,96753
13-11-2016,25.7,89.0,2.4,5.1,1.0,96753
14-11-2016,25.9,89.0,19.5,3.8,3.0,96753
15-11-2016,25.9,88.0,3.5,2.8,4.0,96753
16-11-2016,25.4,86.0,13.1,3.1,2.0,96753
17-11-2016,26.8,83.0,39.5,6.1,3.0,96753
18-11-2016,25.2,92.0,3.9,7.8,2.0,96753
19-11-2016,25.9,85.0,1.4,2.2,2.0,96753
20-11-2016,26.7,86.0,37.2,7.3,1.0,96753
21-11-2016,25.7,91.0,9.9,4.6,1.0,96753
22-11-2016,25.8,87.0,1.8,1.0,2.0,96753
23-11-2016,25.7,88.0,33.1,3.9,3.0,96753
24-11-2016,26.9,84.0,0.5,2.9,2.0,96753
26-11-2016,25.0,91.0,0.3,0.0,1.0,96753
28-11-2016,25.5,89.0,12.3,4.7,2.0,96753
29-11-2016,25.9,89.0,14.1,0.6,1.0,96753
03-12-2016,26.7,80.0,6.8,0.0,4.0,96753
04-12-2016,24.6,86.0,1.1,2.0,5.0,96753
06-12-2016,25.6,88.0,8.1,1.1,2.0,96753
08-12-2016,26.5,85.0,19.1,0.0,1.0,96753
09-12-2016,26.7,83.0,0.3,7.0,4.0,96753
11-12-2016,25.0,87.0,0.8,6.0,2.0,96753
15-12-2016,25.3,83.0,10.3,4.6,5.0,96753
16-12-2016,26.7,75.0,0.3,5.6,4.0,96753
18-12-2016,26.1,80.0,6.5,2.1,4.0,96753
20-12-2016,27.0,77.0,1.2,1.4,3.0,96753
22-12-2016,25.6,82.0,0.3,6.7,3.0,96753
23-12-2016,26.9,81.0,3.4,7.0,2.0,96753
27-12-2016,25.8,82.0,8.0,7.9,1.0,96753
28-12-2016,26.6,80.0,0.1,2.1,2.0,96753
29-12-2016,26.1,84.0,10.3,5.1,2.0,96753
31-12-2016,26.3,81.0,19.6,1.5,1.0,96753
04-01-2017,24.9,89.0,28.6,3.5,1.0,96753
05-01-2017,26.1,87.0,2.6,0.0,2.0,96753
06-01-2017,26.7,83.0,12.9,0.9,2.0,96753
09-01-2017,24.6,94.0,0.2,8.2,0.0,96753
10-01-2017,26.3,87.0,16.5,3.0,1.0,96753
11-01-2017,26.1,87.0,8.0,2.5,3.0,96753
12-01-2017,26.4,80.0,2.2,4.7,2.0,96753
13-01-2017,26.8,83.0,0.4,6.2,2.0,96753
15-01-2017,25.1,87.0,9.0,0.0,1.0,96753
16-01-2017,24.2,90.0,1.3,0.9,2.0,96753
17-01-2017,24.2,86.0,12.8,0.0,2.0,96753
18-01-2017,26.6,76.0,4.2,2.2,3.0,96753
22-01-2017,26.3,82.0,0.5,5.8,3.0,96753
23-01-2017,26.6,83.0,0.2,5.7,2.0,96753
25-01-2017,27.0,77.0,1.5,3.9,2.0,96753
26-01-2017,25.6,83.0,1.5,3.0,0.0,96753
28-01-2017,24.3,92.0,0.5,2.3,1.0,96753
29-01-2017,24.5,90.0,12.7,0.0,2.0,96753
30-01-2017,25.2,85.0,13.3,0.2,2.0,96753
31-01-2017,25.1,88.0,1.5,1.9,1.0,96753
01-02-2017,23.8,88.0,27.0,0.9,2.0,96753
02-02-2017,24.9,83.0,5.0,0.6,2.0,96753
03-02-2017,24.2,88.0,12.5,0.0,1.0,96753
04-02-2017,24.4,89.0,21.3,0.0,2.0,96753
05-02-2017,25.8,83.0,8.5,0.4,4.0,96753
06-02-2017,25.5,82.0,1.1,7.0,3.0,96753
07-02-2017,25.3,83.0,1.7,4.9,5.0,96753
08-02-2017,25.7,82.0,8.0,3.6,4.0,96753
09-02-2017,24.0,86.0,13.5,0.5,3.0,96753
10-02-2017,24.5,88.0,31.5,0.0,2.0,96753
12-02-2017,24.8,91.0,31.3,0.0,1.0,96753
13-02-2017,25.1,93.0,4.7,0.0,1.0,96753
14-02-2017,25.2,88.0,10.0,1.7,1.0,96753
15-02-2017,24.8,90.0,30.5,1.2,1.0,96753
16-02-2017,24.7,89.0,36.6,3.2,1.0,96753
17-02-2017,25.9,85.0,8.9,2.6,2.0,96753
18-02-2017,25.5,88.0,5.8,4.2,0.0,96753
21-02-2017,24.4,91.0,75.0,0.0,0.0,96753
22-02-2017,25.6,87.0,18.0,0.8,1.0,96753
23-02-2017,25.3,88.0,11.9,7.1,1.0,96753
25-02-2017,25.4,86.0,8.5,2.6,1.0,96753
26-02-2017,25.4,87.0,12.0,4.6,1.0,96753
27-02-2017,25.3,90.0,40.0,6.2,1.0,96753
28-02-2017,25.4,88.0,27.8,7.1,1.0,96753
01-03-2017,25.7,89.0,4.3,2.6,1.0,96753
02-03-2017,25.7,85.0,6.2,5.5,2.0,96753
03-03-2017,26.0,86.0,0.4,6.5,1.0,96753
04-03-2017,25.6,89.0,13.7,4.2,1.0,96753
06-03-2017,26.0,86.0,6.8,5.8,2.0,96753
07-03-2017,25.0,91.0,6.1,5.6,2.0,96753
08-03-2017,26.3,84.0,44.2,3.9,2.0,96753
09-03-2017,25.3,86.0,11.5,3.6,1.0,96753
10-03-2017,25.7,87.0,0.8,7.4,1.0,96753
11-03-2017,25.3,83.0,7.4,3.6,2.0,96753
12-03-2017,25.5,84.0,1.8,7.2,2.0,96753
13-03-2017,27.2,76.0,1.9,5.0,1.0,96753
17-03-2017,25.8,85.0,18.8,8.8,1.0,96753
18-03-2017,25.1,92.0,2.2,7.7,1.0,96753
19-03-2017,25.4,86.0,16.1,0.0,2.0,96753
20-03-2017,25.3,86.0,11.6,0.9,3.0,96753
21-03-2017,26.3,83.0,2.4,1.1,1.0,96753
22-03-2017,25.7,91.0,29.1,5.9,2.0,96753
23-03-2017,25.2,91.0,6.8,0.8,0.0,96753
24-03-2017,26.2,82.0,0.4,0.0,2.0,96753
27-03-2017,25.4,86.0,18.2,2.4,2.0,96753
31-03-2017,25.6,89.0,24.2,4.7,2.0,96753
02-04-2017,26.3,87.0,3.6,4.7,1.0,96753
05-04-2017,25.7,88.0,1.6,6.3,0.0,96753
06-04-2017,25.6,89.0,13.5,3.8,0.0,96753
07-04-2017,26.1,86.0,10.1,3.1,2.0,96753
08-04-2017,25.9,82.0,0.2,0.0,4.0,96753
12-04-2017,26.3,84.0,50.3,4.2,2.0,96753
13-04-2017,26.9,83.0,1.0,2.8,1.0,96753
14-04-2017,26.4,88.0,3.0,4.7,1.0,96753
15-04-2017,25.9,88.0,4.0,4.4,1.0,96753
16-04-2017,25.7,87.0,12.2,5.5,2.0,96753
17-04-2017,26.6,81.0,16.4,1.7,2.0,96753
19-04-2017,25.9,85.0,1.1,8.1,1.0,96753
20-04-2017,26.0,86.0,50.0,6.6,1.0,96753
22-04-2017,25.3,92.0,9.3,4.1,1.0,96753
23-04-2017,25.6,87.0,28.2,4.1,1.0,96753
24-04-2017,26.2,86.0,2.8,4.4,1.0,96753
25-04-2017,26.6,83.0,0.0,6.9,2.0,96753
27-04-2017,25.8,86.0,2.2,2.2,1.0,96753
28-04-2017,25.7,84.0,27.1,4.6,1.0,96753
29-04-2017,26.6,79.0,34.4,6.6,1.0,96753
04-05-2017,25.7,86.0,1.8,3.2,1.0,96753
05-05-2017,24.7,89.0,11.4,7.4,2.0,96753
06-05-2017,25.6,88.0,10.3,4.1,1.0,96753
07-05-2017,25.3,88.0,17.1,6.7,2.0,96753
08-05-2017,24.8,88.0,1.3,2.6,1.0,96753
10-05-2017,25.2,93.0,26.5,5.1,0.0,96753
11-05-2017,25.6,84.0,0.0,0.0,2.0,96753
12-05-2017,25.8,87.0,0.5,2.4,1.0,96753
13-05-2017,27.4,80.0,0.3,7.8,3.0,96753
14-05-2017,26.6,84.0,2.8,8.2,2.0,96753
15-05-2017,27.5,77.0,43.7,7.1,0.0,96753
19-05-2017,27.4,83.0,0.5,7.1,3.0,96753
20-05-2017,26.9,85.0,3.3,8.9,1.0,96753
21-05-2017,27.7,76.0,1.1,8.9,1.0,96753
22-05-2017,27.4,82.0,11.6,7.1,1.0,96753
23-05-2017,27.1,79.0,0.7,8.5,1.0,96753
25-05-2017,26.9,80.0,37.0,5.9,2.0,96753
29-05-2017,25.9,90.0,29.4,1.6,1.0,96753
30-05-2017,26.4,86.0,1.0,0.0,1.0,96753
01-06-2017,26.4,81.0,1.2,4.9,1.0,96753
02-06-2017,26.5,84.0,0.5,2.4,1.0,96753
04-06-2017,26.2,86.0,38.5,7.5,3.0,96753
06-06-2017,26.7,82.0,10.8,8.7,1.0,96753
10-06-2017,26.6,85.0,2.1,10.1,2.0,96753
11-06-2017,26.2,87.0,1.8,7.5,2.0,96753
13-06-2017,26.7,83.0,0.2,4.7,2.0,96753
14-06-2017,26.7,85.0,4.0,4.0,1.0,96753
15-06-2017,26.5,85.0,51.2,5.3,1.0,96753
18-06-2017,25.6,85.0,36.2,8.7,2.0,96753
19-06-2017,25.8,81.0,50.8,8.1,1.0,96753
20-06-2017,26.7,78.0,1.5,7.6,0.0,96753
26-06-2017,25.0,91.0,3.3,8.7,3.0,96753
27-06-2017,25.6,86.0,51.2,4.4,1.0,96753
29-06-2017,25.3,87.0,10.0,7.9,2.0,96753
30-06-2017,24.8,88.0,117.6,8.3,3.0,96753
01-07-2017,24.9,77.0,8.6,4.2,1.0,96753
02-07-2017,26.9,80.0,0.5,2.4,2.0,96753
04-07-2017,27.1,81.0,20.7,9.1,2.0,96753
05-07-2017,26.6,80.0,0.0,8.9,2.0,96753
06-07-2017,26.1,79.0,6.6,7.0,0.0,96753
09-07-2017,26.7,79.0,0.5,6.7,1.0,96753
10-07-2017,26.2,85.0,74.1,8.2,2.0,96753
11-07-2017,25.8,82.0,1.6,5.9,1.0,96753
12-07-2017,26.0,82.0,0.5,7.4,1.0,96753
14-07-2017,26.0,81.0,4.1,3.9,1.0,96753
17-07-2017,25.3,72.0,1.5,4.4,2.0,96753
20-07-2017,25.7,85.0,2.5,8.6,1.0,96753
21-07-2017,26.2,83.0,5.6,6.1,1.0,96753
22-07-2017,25.6,87.0,30.4,7.3,2.0,96753
23-07-2017,26.0,87.0,65.8,8.0,1.0,96753
24-07-2017,26.2,83.0,0.3,4.3,2.0,96753
25-07-2017,26.2,78.0,12.5,8.3,2.0,96753
28-07-2017,25.6,86.0,41.4,4.8,4.0,96753
29-07-2017,25.6,89.0,77.3,6.0,1.0,96753
30-07-2017,25.0,89.0,18.1,5.1,2.0,96753
31-07-2017,26.6,83.0,29.3,8.3,1.0,96753
09-08-2017,25.8,80.0,48.0,8.2,1.0,96753
10-08-2017,26.0,85.0,70.0,7.0,1.0,96753
12-08-2017,27.1,84.0,13.7,7.5,2.0,96753
13-08-2017,26.1,84.0,2.8,4.7,1.0,96753
14-08-2017,26.2,83.0,0.8,5.8,1.0,96753
15-08-2017,25.9,80.0,0.4,5.4,2.0,96753
30-08-2017,25.8,82.0,43.5,5.7,2.0,96753
01-09-2017,26.4,73.0,1.1,7.2,1.0,96753
10-09-2017,26.4,80.0,28.5,8.2,2.0,96753
15-09-2017,27.4,75.0,0.0,9.5,1.0,96753
21-09-2017,26.0,73.0,5.4,6.7,1.0,96753
01-10-2017,25.8,83.0,14.8,6.7,1.0,96753
02-10-2017,26.1,87.0,6.3,5.9,2.0,96753
03-10-2017,25.5,88.0,76.9,5.5,1.0,96753
04-10-2017,26.4,82.0,12.2,5.4,2.0,96753
09-10-2017,25.8,85.0,1.0,6.5,2.0,96753
10-10-2017,26.6,84.0,5.6,4.1,1.0,96753
12-10-2017,25.4,85.0,7.2,7.2,0.0,96753
13-10-2017,25.7,81.0,8.4,2.5,1.0,96753
14-10-2017,27.4,79.0,3.7,7.7,2.0,96753
16-10-2017,25.5,88.0,0.5,8.2,1.0,96753
17-10-2017,26.9,79.0,2.7,3.4,0.0,96753
20-10-2017,25.7,87.0,6.7,2.1,2.0,96753
21-10-2017,28.0,79.0,56.6,6.8,1.0,96753
24-10-2017,27.4,78.0,11.8,7.4,1.0,96753
27-10-2017,26.3,84.0,6.7,4.7,1.0,96753
28-10-2017,26.4,84.0,10.1,7.1,1.0,96753
29-10-2017,25.8,88.0,19.3,4.5,2.0,96753
05-11-2017,27.2,82.0,38.6,3.7,1.0,96753
07-11-2017,25.8,89.0,5.0,7.9,2.0,96753
08-11-2017,26.9,80.0,0.2,1.5,2.0,96753
09-11-2017,26.3,83.0,0.2,6.0,2.0,96753
10-11-2017,26.0,82.0,18.4,5.0,1.0,96753
11-11-2017,26.4,80.0,9.8,6.5,2.0,96753
12-11-2017,26.4,84.0,6.0,6.2,1.0,96753
14-11-2017,25.9,82.0,4.8,3.5,1.0,96753
15-11-2017,26.8,85.0,5.3,1.9,1.0,96753
17-11-2017,24.6,90.0,23.2,5.3,1.0,96753
19-11-2017,25.3,86.0,41.4,4.1,2.0,96753
20-11-2017,27.4,77.0,0.2,0.3,2.0,96753
23-11-2017,27.5,79.0,0.5,3.9,1.0,96753
27-11-2017,25.3,87.0,16.3,2.7,1.0,96753
05-12-2017,26.2,79.0,0.0,8.6,2.0,96753
08-12-2017,27.9,79.0,1.2,8.6,4.0,96753
09-12-2017,26.4,84.0,24.7,6.2,1.0,96753
10-12-2017,26.4,82.0,0.4,6.1,1.0,96753
11-12-2017,25.6,90.0,33.2,4.3,1.0,96753
13-12-2017,25.5,88.0,10.6,1.5,0.0,96753
17-12-2017,24.7,88.0,15.2,3.5,1.0,96753
18-12-2017,25.8,85.0,7.2,2.4,1.0,96753
22-12-2017,25.9,87.0,1.2,0.9,1.0,96753
24-12-2017,27.3,76.0,0.3,3.2,0.0,96753
31-12-2017,25.9,84.0,3.3,3.0,1.0,96753
03-01-2018,26.2,85.0,22.4,5.9,1.0,96753
04-01-2018,25.5,88.0,27.5,8.7,1.0,96753
05-01-2018,25.9,81.0,0.5,2.1,2.0,96753
06-01-2018,27.2,74.0,0.5,1.5,1.0,96753
12-01-2018,26.0,76.0,1.2,0.0,1.0,96753
13-01-2018,26.3,77.0,0.6,1.4,5.0,96753
14-01-2018,25.5,81.0,4.9,3.9,3.0,96753
15-01-2018,24.4,87.0,3.7,1.7,2.0,96753
16-01-2018,24.1,85.0,7.7,1.8,2.0,96753
17-01-2018,25.9,76.0,1.3,1.0,2.0,96753
18-01-2018,25.4,84.0,0.0,0.3,2.0,96753
19-01-2018,25.2,81.0,1.9,0.0,2.0,96753
20-01-2018,25.9,79.0,1.1,0.0,2.0,96753
21-01-2018,25.8,80.0,3.4,0.7,3.0,96753
22-01-2018,24.3,87.0,17.4,1.0,4.0,96753
25-01-2018,24.9,82.0,7.4,2.5,3.0,96753
26-01-2018,24.0,92.0,8.8,0.0,3.0,96753
27-01-2018,26.0,79.0,10.8,0.3,4.0,96753
28-01-2018,24.2,89.0,0.8,3.7,2.0,96753
29-01-2018,24.2,90.0,17.4,1.0,2.0,96753
31-01-2018,26.4,82.0,3.3,3.0,2.0,96753
03-02-2018,25.6,86.0,61.5,7.3,2.0,96753
04-02-2018,25.8,86.0,13.3,1.5,2.0,96753
06-02-2018,23.5,95.0,10.4,0.0,2.0,96753
07-02-2018,26.4,79.0,21.4,0.3,1.0,96753
08-02-2018,24.3,90.0,4.1,0.5,1.0,96753
09-02-2018,24.9,90.0,4.3,0.4,1.0,96753
10-02-2018,25.6,89.0,8.7,4.1,1.0,96753
11-02-2018,25.3,87.0,3.7,4.5,3.0,96753
12-02-2018,24.7,88.0,1.2,2.2,1.0,96753
13-02-2018,25.4,82.0,62.7,2.1,5.0,96753
14-02-2018,25.3,85.0,11.7,0.8,1.0,96753
15-02-2018,24.4,89.0,0.5,2.6,1.0,96753
16-02-2018,26.2,84.0,55.1,0.0,2.0,96753
18-02-2018,25.4,85.0,0.4,7.2,2.0,96753
19-02-2018,26.5,84.0,4.8,2.7,2.0,96753
22-02-2018,26.0,86.0,8.9,5.3,1.0,96753
24-02-2018,26.0,84.0,2.7,3.9,2.0,96753
26-02-2018,25.1,88.0,11.9,7.4,4.0,96753
27-02-2018,25.6,88.0,16.7,3.8,1.0,96753
28-02-2018,25.6,87.0,2.1,5.6,2.0,96753
01-03-2018,25.5,89.0,9.7,0.0,1.0,96753
02-03-2018,25.8,86.0,4.3,4.0,1.0,96753
03-03-2018,26.9,86.0,25.0,6.7,4.0,96753
05-03-2018,25.9,84.0,0.1,7.3,2.0,96753
06-03-2018,26.0,89.0,7.4,4.0,1.0,96753
07-03-2018,26.2,84.0,18.2,5.5,1.0,96753
08-03-2018,26.3,85.0,0.5,5.8,1.0,96753
10-03-2018,26.3,86.0,0.0,3.4,2.0,96753
11-03-2018,25.9,86.0,3.8,3.8,1.0,96753
12-03-2018,26.0,88.0,0.8,5.2,1.0,96753
14-03-2018,26.1,82.0,1.5,4.5,1.0,96753
15-03-2018,27.2,73.0,0.4,6.4,2.0,96753
18-03-2018,25.8,78.0,6.3,1.8,4.0,96753
19-03-2018,26.1,84.0,23.5,9.9,0.0,96753
20-03-2018,26.3,83.0,11.3,7.1,1.0,96753
23-03-2018,26.2,84.0,6.7,4.7,1.0,96753
24-03-2018,25.1,86.0,0.7,6.1,1.0,96753
25-03-2018,25.8,82.0,13.7,0.0,2.0,96753
26-03-2018,25.8,86.0,0.8,5.3,1.0,96753
02-04-2018,26.3,83.0,2.8,8.1,3.0,96753
03-04-2018,26.7,82.0,2.4,8.3,2.0,96753
04-04-2018,26.4,81.0,38.3,6.8,3.0,96753
05-04-2018,26.6,83.0,3.6,6.8,1.0,96753
06-04-2018,27.6,81.0,10.4,8.5,1.0,96753
08-04-2018,25.5,88.0,42.1,7.2,2.0,96753
10-04-2018,27.1,78.0,2.9,4.6,1.0,96753
11-04-2018,27.0,82.0,11.2,8.8,1.0,96753
14-04-2018,26.2,89.0,49.1,8.2,2.0,96753
15-04-2018,26.4,87.0,25.2,5.3,1.0,96753
16-04-2018,26.1,87.0,14.4,4.9,1.0,96753
17-04-2018,25.5,91.0,17.3,6.6,3.0,96753
18-04-2018,26.3,86.0,10.8,5.3,1.0,96753
20-04-2018,26.6,86.0,26.0,2.8,1.0,96753
22-04-2018,26.4,84.0,30.6,4.8,2.0,96753
24-04-2018,25.3,92.0,42.3,0.0,2.0,96753
28-04-2018,26.9,85.0,9.2,6.9,1.0,96753
04-05-2018,25.7,87.0,9.5,8.4,2.0,96753
05-05-2018,26.7,82.0,47.2,4.9,1.0,96753
09-05-2018,27.1,77.0,6.1,8.8,2.0,96753
16-05-2018,25.8,86.0,2.0,7.6,3.0,96753
17-05-2018,25.7,90.0,134.5,5.3,1.0,96753
18-05-2018,27.3,84.0,4.1,3.2,1.0,96753
19-05-2018,25.1,90.0,3.1,6.7,3.0,96753
20-05-2018,26.1,86.0,14.0,4.9,1.0,96753
21-05-2018,26.0,86.0,9.8,4.1,1.0,96753
22-05-2018,26.9,82.0,42.7,4.8,1.0,96753
24-05-2018,26.9,84.0,9.4,2.4,2.0,96753
27-05-2018,26.9,84.0,0.0,6.5,2.0,96753
29-05-2018,26.6,81.0,1.7,5.4,2.0,96753
07-06-2018,27.0,85.0,13.9,8.0,2.0,96753
08-06-2018,26.1,85.0,36.9,7.5,2.0,96753
09-06-2018,26.8,83.0,2.6,7.0,3.0,96753
10-06-2018,27.2,81.0,3.9,7.1,2.0,96753
12-06-2018,25.8,87.0,3.8,6.0,1.0,96753
13-06-2018,26.7,81.0,9.0,4.3,1.0,96753
14-06-2018,27.6,80.0,1.2,3.5,2.0,96753
21-06-2018,27.1,78.0,4.3,6.3,2.0,96753
24-06-2018,24.1,90.0,35.2,4.9,2.0,96753
25-06-2018,23.3,93.0,91.3,6.8,0.0,96753
26-06-2018,23.7,89.0,2.8,0.0,0.0,96753
27-06-2018,25.4,86.0,34.6,0.6,1.0,96753
30-06-2018,25.0,85.0,9.1,8.3,2.0,96753
01-07-2018,25.9,82.0,20.5,7.5,1.0,96753
04-07-2018,25.6,78.0,3.3,8.1,0.0,96753
09-07-2018,26.0,78.0,9.6,8.2,1.0,96753
15-07-2018,27.0,63.0,4.5,6.9,1.0,96753
22-07-2018,26.5,83.0,4.7,6.3,1.0,96753
23-07-2018,26.6,75.0,11.4,8.9,1.0,96753
24-07-2018,26.8,80.0,1.2,8.2,1.0,96753
26-07-2018,26.0,79.0,17.5,9.0,3.0,96753
02-08-2018,25.0,75.0,5.9,8.3,1.0,96753
11-08-2018,25.9,72.0,2.1,6.7,1.0,96753
13-08-2018,27.2,74.0,9.5,8.9,2.0,96753
14-08-2018,26.3,79.0,3.8,8.8,2.0,96753
23-08-2018,26.0,76.0,0.0,9.7,2.0,96753
24-08-2018,26.1,76.0,7.4,8.3,2.0,96753
27-08-2018,26.7,77.0,1.8,6.6,2.0,96753
28-08-2018,26.1,81.0,0.0,9.6,2.0,96753
29-08-2018,25.8,82.0,41.6,7.4,2.0,96753
30-08-2018,26.5,77.0,1.6,6.3,1.0,96753
01-09-2018,26.5,78.0,0.3,8.7,2.0,96753
02-09-2018,25.2,84.0,0.0,6.8,2.0,96753
03-09-2018,26.1,80.0,59.5,6.3,1.0,96753
08-09-2018,26.0,81.0,67.0,6.8,2.0,96753
09-09-2018,26.2,70.0,0.3,7.1,2.0,96753
12-09-2018,26.0,79.0,0.0,9.6,2.0,96753
13-09-2018,25.7,72.0,3.0,9.2,2.0,96753
16-09-2018,26.6,64.0,0.0,8.2,3.0,96753
21-09-2018,26.2,83.0,0.0,1.5,1.0,96753
23-09-2018,25.3,83.0,1.3,7.1,3.0,96753
24-09-2018,26.3,73.0,31.6,7.7,2.0,96753
28-09-2018,26.9,70.0,9.5,8.1,2.0,96753
01-10-2018,26.5,80.0,2.0,7.8,1.0,96753
02-10-2018,26.8,78.0,0.0,9.0,1.0,96753
04-10-2018,27.3,80.0,0.3,7.3,3.0,96753
05-10-2018,26.9,82.0,0.2,6.8,1.0,96753
11-10-2018,27.2,74.0,7.0,8.7,1.0,96753
13-10-2018,26.7,80.0,29.7,7.8,1.0,96753
14-10-2018,26.0,79.0,0.9,7.3,1.0,96753
15-10-2018,27.0,78.0,1.4,7.5,1.0,96753
16-10-2018,26.3,82.0,1.3,8.0,1.0,96753
18-10-2018,26.8,80.0,2.5,6.7,2.0,96753
19-10-2018,26.7,82.0,2.3,7.3,2.0,96753
20-10-2018,26.0,85.0,40.5,7.5,1.0,96753
21-10-2018,27.2,76.0,38.1,7.6,1.0,96753
23-10-2018,26.0,86.0,19.1,8.8,1.0,96753
24-10-2018,25.6,85.0,0.5,4.6,1.0,96753
26-10-2018,26.4,82.0,37.2,7.7,1.0,96753
27-10-2018,26.2,86.0,4.4,7.2,1.0,96753
28-10-2018,26.6,86.0,2.7,2.2,2.0,96753
29-10-2018,27.0,82.0,116.0,6.4,2.0,96753
31-10-2018,27.0,79.0,36.9,4.8,1.0,96753
02-11-2018,26.8,81.0,22.7,8.3,2.0,96753
04-11-2018,25.6,87.0,4.5,2.1,1.0,96753
05-11-2018,26.4,87.0,24.6,4.1,1.0,96753
06-11-2018,27.0,84.0,16.1,3.5,1.0,96753
07-11-2018,25.8,88.0,5.2,3.9,1.0,96753
08-11-2018,25.9,87.0,5.8,1.3,2.0,96753
09-11-2018,26.1,87.0,50.0,0.6,0.0,96753
10-11-2018,26.2,86.0,4.2,2.4,1.0,96753
11-11-2018,26.1,85.0,28.7,7.1,1.0,96753
12-11-2018,26.1,82.0,3.1,3.8,1.0,96753
16-11-2018,28.5,72.0,9.4,4.9,1.0,96753
18-11-2018,27.0,84.0,11.6,8.2,2.0,96753
20-11-2018,26.4,83.0,15.1,5.8,4.0,96753
21-11-2018,26.2,85.0,1.1,9.1,1.0,96753
22-11-2018,26.3,83.0,40.7,6.3,0.0,96753
27-11-2018,25.3,86.0,11.6,1.6,1.0,96753
28-11-2018,26.5,82.0,54.9,6.3,1.0,96753
29-11-2018,25.9,89.0,0.6,5.4,1.0,96753
30-11-2018,25.9,88.0,76.8,5.1,1.0,96753
01-12-2018,26.0,87.0,12.5,2.2,1.0,96753
03-12-2018,25.0,92.0,10.8,7.4,1.0,96753
04-12-2018,25.4,88.0,52.2,2.2,0.0,96753
05-12-2018,25.2,88.0,52.2,1.0,2.0,96753
06-12-2018,26.0,87.0,8.9,7.2,1.0,96753
07-12-2018,25.9,86.0,19.2,5.8,2.0,96753
08-12-2018,25.8,87.0,12.3,7.0,2.0,96753
09-12-2018,26.0,87.0,0.5,4.5,1.0,96753
10-12-2018,26.5,88.0,4.1,2.2,1.0,96753
12-12-2018,25.4,93.0,0.6,5.7,1.0,96753
13-12-2018,25.6,85.0,62.0,2.9,1.0,96753
14-12-2018,25.8,85.0,22.0,8.9,3.0,96753
15-12-2018,26.0,85.0,3.2,5.2,3.0,96753
19-12-2018,25.7,83.0,1.0,6.4,1.0,96753
23-12-2018,25.2,88.0,7.6,0.6,2.0,96753
24-12-2018,26.0,82.0,2.7,1.0,3.0,96753
26-12-2018,24.8,90.0,22.9,0.4,2.0,96753
27-12-2018,26.1,83.0,1.0,0.0,2.0,96753
28-12-2018,27.3,76.0,1.8,4.3,1.0,96753
01-01-2019,25.0,89.0,9.3,1.9,2.0,96753
02-01-2019,26.0,84.0,1.6,1.8,1.0,96753
03-01-2019,26.8,76.0,2.0,6.8,1.0,96753
08-01-2019,26.4,84.0,13.3,7.1,1.0,96753
09-01-2019,26.1,86.0,4.8,6.8,1.0,96753
10-01-2019,26.4,86.0,23.1,5.6,1.0,96753
12-01-2019,26.1,88.0,1.9,6.8,1.0,96753
13-01-2019,25.2,91.0,12.4,5.4,2.0,96753
14-01-2019,25.2,90.0,34.4,4.5,1.0,96753
17-01-2019,25.6,86.0,0.7,0.7,2.0,96753
20-01-2019,25.6,89.0,4.2,0.0,1.0,96753
21-01-2019,24.7,93.0,9.3,3.3,0.0,96753
25-01-2019,24.7,90.0,39.8,2.1,1.0,96753
26-01-2019,25.9,86.0,5.7,0.3,1.0,96753
27-01-2019,25.3,90.0,0.7,4.6,1.0,96753
28-01-2019,26.1,88.0,18.1,0.0,1.0,96753
29-01-2019,26.3,86.0,1.9,0.5,1.0,96753
30-01-2019,25.6,91.0,20.8,4.4,1.0,96753
31-01-2019,23.7,89.0,17.5,3.3,1.0,96753
01-02-2019,25.1,86.0,9.1,4.4,0.0,96753
02-02-2019,25.3,85.0,0.3,5.2,1.0,96753
03-02-2019,26.2,86.0,20.5,5.8,1.0,96753
04-02-2019,25.4,86.0,3.1,5.5,2.0,96753
05-02-2019,25.7,87.0,8.2,5.7,1.0,96753
07-02-2019,26.0,84.0,5.2,5.2,0.0,96753
08-02-2019,25.6,85.0,0.3,3.8,1.0,96753
09-02-2019,25.5,86.0,6.4,7.2,1.0,96753
10-02-2019,25.6,86.0,5.3,9.2,1.0,96753
11-02-2019,25.2,90.0,4.1,7.0,0.0,96753
12-02-2019,25.7,84.0,3.2,3.3,1.0,96753
15-02-2019,26.7,85.0,5.7,10.1,1.0,96753
16-02-2019,25.8,90.0,55.5,3.1,1.0,96753
17-02-2019,26.1,84.0,5.0,5.1,1.0,96753
19-02-2019,25.9,86.0,6.9,4.1,1.0,96753
20-02-2019,25.5,90.0,9.5,6.3,0.0,96753
21-02-2019,25.8,88.0,0.1,2.0,1.0,96753
22-02-2019,26.0,89.0,2.4,6.2,2.0,96753
24-02-2019,26.0,87.0,39.2,8.0,1.0,96753
25-02-2019,25.8,89.0,15.4,5.3,1.0,96753
26-02-2019,27.4,82.0,68.3,8.8,2.0,96753
01-03-2019,25.2,94.0,41.3,5.8,1.0,96753
02-03-2019,26.5,87.0,17.0,2.5,1.0,96753
04-03-2019,26.5,82.0,4.9,3.1,1.0,96753
05-03-2019,26.1,88.0,38.5,3.2,1.0,96753
06-03-2019,23.1,95.0,21.7,3.0,0.0,96753
07-03-2019,25.7,85.0,17.8,0.0,0.0,96753
09-03-2019,26.0,83.0,6.9,5.7,1.0,96753
10-03-2019,26.0,85.0,2.9,2.9,1.0,96753
11-03-2019,24.9,89.0,0.5,1.0,1.0,96753
12-03-2019,25.2,89.0,7.4,2.2,1.0,96753
13-03-2019,26.5,82.0,10.2,0.6,1.0,96753
14-03-2019,26.6,82.0,1.4,3.8,1.0,96753
16-03-2019,26.1,83.0,1.5,7.3,0.0,96753
19-03-2019,25.7,88.0,1.1,4.1,1.0,96753
20-03-2019,26.3,84.0,1.7,1.4,1.0,96753
22-03-2019,26.5,85.0,0.3,5.8,1.0,96753
23-03-2019,26.2,84.0,0.1,6.5,1.0,96753
27-03-2019,26.8,88.0,16.5,7.2,1.0,96753
28-03-2019,25.5,92.0,5.2,5.3,1.0,96753
29-03-2019,25.5,85.0,4.5,4.5,1.0,96753
30-03-2019,26.5,83.0,29.4,7.4,1.0,96753
03-04-2019,25.3,86.0,1.4,4.4,1.0,96753
04-04-2019,26.4,86.0,111.0,6.7,1.0,96753
05-04-2019,26.4,84.0,12.8,6.6,1.0,96753
07-04-2019,26.2,84.0,3.2,5.9,1.0,96753
08-04-2019,26.8,88.0,6.4,6.4,1.0,96753
09-04-2019,26.8,84.0,4.5,6.7,1.0,96753
10-04-2019,28.0,82.0,1.3,7.7,0.0,96753
14-04-2019,27.2,78.0,8.4,8.1,1.0,96753
15-04-2019,26.2,90.0,46.3,9.1,1.0,96753
16-04-2019,24.7,90.0,36.8,5.0,1.0,96753
17-04-2019,26.8,85.0,2.8,6.8,1.0,96753
19-04-2019,26.7,86.0,12.9,5.2,1.0,96753
20-04-2019,25.9,89.0,17.4,4.1,0.0,96753
24-04-2019,25.1,93.0,3.4,7.8,1.0,96753
25-04-2019,26.1,85.0,5.4,0.3,2.0,96753
26-04-2019,25.9,88.0,134.2,6.9,1.0,96753
27-04-2019,25.3,93.0,99.0,6.5,1.0,96753
28-04-2019,26.4,88.0,115.9,4.0,1.0,96753
29-04-2019,26.9,88.0,1.0,7.4,1.0,96753
30-04-2019,26.6,90.0,46.7,3.8,1.0,96753
01-05-2019,27.2,83.0,8.8,3.4,1.0,96753
04-05-2019,26.6,88.0,56.6,6.6,1.0,96753
05-05-2019,26.2,87.0,10.8,6.8,1.0,96753
06-05-2019,26.4,84.0,13.6,7.3,1.0,96753
07-05-2019,27.7,82.0,0.6,7.1,1.0,96753
09-05-2019,25.9,88.0,1.4,5.7,1.0,96753
11-05-2019,27.6,86.0,78.7,5.2,2.0,96753
12-05-2019,26.6,87.0,4.5,7.2,1.0,96753
13-05-2019,27.3,82.0,1.2,4.1,1.0,96753
14-05-2019,27.1,82.0,10.0,6.7,1.0,96753
16-05-2019,27.0,86.0,67.9,6.3,1.0,96753
18-05-2019,26.8,78.0,0.0,8.1,0.0,96753
30-05-2019,27.2,82.0,58.0,7.3,1.0,96753
02-06-2019,26.2,85.0,18.2,7.8,1.0,96753
03-06-2019,25.8,84.0,34.8,6.5,0.0,96753
06-06-2019,27.4,79.0,1.4,10.3,1.0,96753
08-06-2019,26.5,82.0,17.1,5.5,1.0,96753
10-06-2019,26.5,80.0,0.3,9.0,1.0,96753
11-06-2019,26.1,82.0,11.2,9.4,0.0,96753
15-06-2019,27.2,84.0,3.0,4.2,2.0,96753
16-06-2019,26.4,88.0,2.8,9.0,1.0,96753
17-06-2019,26.7,80.0,14.8,6.3,2.0,96753
23-06-2019,26.1,78.0,0.3,8.3,0.0,96753
28-06-2019,26.1,80.0,33.6,9.7,1.0,96753
01-07-2019,25.7,74.0,0.3,9.3,1.0,96753
05-07-2019,26.1,81.0,9.3,6.4,1.0,96753
06-07-2019,26.7,80.0,0.3,4.1,2.0,96753
09-07-2019,25.2,85.0,35.4,7.3,1.0,96753
10-07-2019,25.4,80.0,7.4,7.3,2.0,96753
20-07-2019,27.2,79.0,0.1,4.5,1.0,96753
16-08-2019,26.1,81.0,29.6,6.2,1.0,96753
17-08-2019,26.0,78.0,52.3,6.7,1.0,96753
23-08-2019,25.8,80.0,18.9,6.6,1.0,96753
27-08-2019,25.7,82.0,13.5,5.1,1.0,96753
28-08-2019,26.0,87.0,1.8,7.6,1.0,96753
29-08-2019,26.3,80.0,54.2,3.9,1.0,96753
05-09-2019,25.6,82.0,28.0,8.1,1.0,96753
06-09-2019,25.1,76.0,0.3,7.4,1.0,96753
13-09-2019,25.1,71.0,4.5,8.7,1.0,96753
19-09-2019,27.0,76.0,21.2,8.3,1.0,96753
27-09-2019,26.9,73.0,5.1,7.1,1.0,96753
29-09-2019,25.5,85.0,13.9,8.3,1.0,96753
30-09-2019,26.6,78.0,78.6,6.4,1.0,96753
09-10-2019,25.4,86.0,18.6,7.8,1.0,96753
10-10-2019,25.2,88.0,44.0,6.2,1.0,96753
11-10-2019,26.4,82.0,130.1,4.4,2.0,96753
13-10-2019,25.7,79.0,3.3,7.2,0.0,96753
14-10-2019,27.0,79.0,8.0,7.9,1.0,96753
16-10-2019,26.0,84.0,72.0,6.9,2.0,96753
17-10-2019,26.7,82.0,0.6,7.4,2.0,96753
18-10-2019,26.7,80.0,7.8,8.1,1.0,96753
19-10-2019,27.6,76.0,16.3,8.0,1.0,96753
27-10-2019,26.0,84.0,28.5,7.8,1.0,96753
28-10-2019,26.1,82.0,1.4,6.2,1.0,96753
29-10-2019,25.5,83.0,41.3,8.3,1.0,96753
30-10-2019,26.6,76.0,10.0,6.6,1.0,96753
04-11-2019,26.5,78.0,6.6,6.3,2.0,96753
11-11-2019,26.8,79.0,0.5,9.3,1.0,96753
12-11-2019,27.8,82.0,45.7,8.5,1.0,96753
13-11-2019,26.4,82.0,0.1,6.5,2.0,96753
14-11-2019,25.7,86.0,57.5,0.0,1.0,96753
16-11-2019,27.9,70.0,9.3,7.3,2.0,96753
20-11-2019,26.4,82.0,5.0,8.8,2.0,96753
21-11-2019,26.4,81.0,61.7,8.4,1.0,96753
22-11-2019,27.4,81.0,5.8,6.3,1.0,96753
23-11-2019,27.1,80.0,1.0,4.6,2.0,96753
24-11-2019,27.3,78.0,2.1,6.8,2.0,96753
26-11-2019,27.8,81.0,7.8,6.2,1.0,96753
29-11-2019,26.5,87.0,43.4,0.0,2.0,96753
30-11-2019,26.6,91.0,83.6,7.9,1.0,96753
01-12-2019,27.7,82.0,9.3,5.8,1.0,96753
02-12-2019,27.3,85.0,16.5,0.0,1.0,96753
03-12-2019,27.7,80.0,1.6,4.0,1.0,96753
05-12-2019,26.2,91.0,17.3,8.6,1.0,96753
06-12-2019,26.7,88.0,63.4,6.5,1.0,96753
07-12-2019,26.0,89.0,1.9,3.0,2.0,96753
08-12-2019,26.6,84.0,0.0,0.4,1.0,96753
09-12-2019,25.9,85.0,4.9,0.0,1.0,96753
10-12-2019,25.9,88.0,34.3,7.8,1.0,96753
12-12-2019,24.9,90.0,55.5,6.2,1.0,96753
14-12-2019,25.1,90.0,32.4,4.6,1.0,96753
15-12-2019,25.9,87.0,141.0,8.1,1.0,96753
17-12-2019,24.3,96.0,3.3,1.7,1.0,96753
18-12-2019,25.2,89.0,30.3,3.3,1.0,96753
19-12-2019,25.6,88.0,8.2,0.0,1.0,96753
20-12-2019,26.3,82.0,19.5,7.1,3.0,96753
21-12-2019,26.3,88.0,22.6,6.8,2.0,96753
22-12-2019,26.1,87.0,20.3,8.6,1.0,96753
23-12-2019,26.2,86.0,9.1,5.0,1.0,96753
25-12-2019,26.0,90.0,5.0,8.2,2.0,96753
26-12-2019,25.5,90.0,10.5,0.0,2.0,96753
27-12-2019,25.5,90.0,21.3,7.8,1.0,96753
28-12-2019,25.1,92.0,4.0,2.0,1.0,96753
31-12-2019,25.7,92.0,20.6,6.2,2.0,96753
01-01-2020,24.6,95.0,44.4,3.2,1.0,96753
02-01-2020,25.7,92.0,34.4,0.0,1.0,96753
03-01-2020,26.1,88.0,0.3,1.2,1.0,96753
04-01-2020,25.8,92.0,0.3,3.7,1.0,96753
05-01-2020,25.2,92.0,3.3,0.0,2.0,96753
06-01-2020,24.9,94.0,6.2,0.0,1.0,96753
07-01-2020,26.4,90.0,9.3,0.0,1.0,96753
08-01-2020,25.2,93.0,2.5,4.4,2.0,96753
09-01-2020,25.2,94.0,3.0,1.1,2.0,96753
10-01-2020,25.5,85.0,9.1,0.0,3.0,96753
15-01-2020,25.3,92.0,4.6,7.8,1.0,96753
16-01-2020,26.2,86.0,5.3,0.4,1.0,96753
17-01-2020,26.4,86.0,9.0,8.1,2.0,96753
18-01-2020,26.3,87.0,83.0,5.9,1.0,96753
19-01-2020,26.7,87.0,0.2,3.1,1.0,96753
20-01-2020,26.5,90.0,99.9,8.6,1.0,96753
24-01-2020,25.1,94.0,8.5,2.7,1.0,96753
25-01-2020,25.1,96.0,2.0,0.0,1.0,96753
26-01-2020,25.6,91.0,9.6,0.0,2.0,96753
27-01-2020,26.4,88.0,43.7,4.8,1.0,96753
28-01-2020,26.1,88.0,9.2,3.6,1.0,96753
30-01-2020,26.4,85.0,1.1,6.5,1.0,96753
01-02-2020,24.7,92.0,26.6,0.2,1.0,96753
02-02-2020,24.5,92.0,3.1,1.5,1.0,96753
03-02-2020,24.8,93.0,4.5,0.1,2.0,96753
04-02-2020,26.4,87.0,4.8,2.6,1.0,96753
05-02-2020,25.4,88.0,0.2,2.6,2.0,96753
07-02-2020,25.3,94.0,32.6,0.0,2.0,96753
08-02-2020,26.0,87.0,116.7,4.2,2.0,96753
09-02-2020,25.9,83.0,0.9,5.8,2.0,96753
11-02-2020,27.2,80.0,0.2,4.6,4.0,96753
13-02-2020,27.0,86.0,0.4,3.0,1.0,96753
15-02-2020,25.9,89.0,15.4,4.0,1.0,96753
16-02-2020,25.7,90.0,40.3,6.7,1.0,96753
17-02-2020,25.2,90.0,10.2,3.6,1.0,96753
18-02-2020,24.2,92.0,5.8,0.1,2.0,96753
19-02-2020,24.4,93.0,56.8,2.1,1.0,96753
20-02-2020,24.4,95.0,39.2,1.2,1.0,96753
21-02-2020,26.9,84.0,5.2,0.0,1.0,96753
22-02-2020,26.7,89.0,7.0,6.5,1.0,96753
24-02-2020,25.3,94.0,52.8,4.6,0.0,96753
25-02-2020,25.8,90.0,19.2,0.0,1.0,96753
26-02-2020,25.4,90.0,0.3,0.0,0.0,96753
27-02-2020,26.3,88.0,9.6,0.0,1.0,96753
28-02-2020,24.5,96.0,38.7,1.9,0.0,96753
29-02-2020,25.1,94.0,8.3,0.0,1.0,96753
01-03-2020,26.2,92.0,120.6,3.3,1.0,96753
06-03-2020,26.7,80.0,0.2,1.0,2.0,96753
09-03-2020,26.9,80.0,1.2,4.5,1.0,96753
11-03-2020,26.8,85.0,0.2,8.4,1.0,96753
12-03-2020,26.5,88.0,9.8,6.2,1.0,96753
13-03-2020,26.7,83.0,18.1,0.5,1.0,96753
15-03-2020,26.1,86.0,3.0,7.4,1.0,96753
16-03-2020,25.8,90.0,56.8,7.0,1.0,96753
17-03-2020,25.7,87.0,50.4,2.7,2.0,96753
18-03-2020,26.0,91.0,121.7,8.0,1.0,96753
20-03-2020,25.0,88.0,87.9,3.8,1.0,96753
21-03-2020,25.9,85.0,10.0,3.0,1.0,96753
22-03-2020,26.5,89.0,19.5,6.2,2.0,96753
23-03-2020,25.6,89.0,24.2,3.8,1.0,96753
25-03-2020,25.8,89.0,53.7,6.4,1.0,96753
26-03-2020,25.7,94.0,8.2,6.2,1.0,96753
27-03-2020,25.8,90.0,43.6,0.5,2.0,96753
28-03-2020,26.9,85.0,52.4,4.7,1.0,96753
30-03-2020,26.1,87.0,9.0,5.1,1.0,96753
31-03-2020,26.4,86.0,1.1,4.2,1.0,96753
05-04-2020,26.0,89.0,40.2,7.5,2.0,96753
06-04-2020,25.1,89.0,5.4,4.6,1.0,96753
07-04-2020,26.8,85.0,59.4,5.3,1.0,96753
11-04-2020,27.3,86.0,13.3,5.6,1.0,96753
12-04-2020,27.2,84.0,11.0,4.9,1.0,96753
15-04-2020,26.7,86.0,0.2,7.1,2.0,96753
16-04-2020,26.6,86.0,49.2,4.8,2.0,96753
17-04-2020,25.8,88.0,38.7,7.7,2.0,96753
18-04-2020,25.9,86.0,112.0,8.6,2.0,96753
19-04-2020,27.0,83.0,15.2,7.8,2.0,96753
20-04-2020,28.3,82.0,10.5,7.7,1.0,96753
21-04-2020,27.5,84.0,9.2,7.9,0.0,96753
25-04-2020,26.2,81.0,2.0,4.7,1.0,96753
27-04-2020,26.3,90.0,21.4,6.3,1.0,96753
28-04-2020,25.3,90.0,12.5,2.3,2.0,96753
29-04-2020,26.0,86.0,55.2,1.5,1.0,96753
01-05-2020,25.3,92.0,25.8,1.6,2.0,96753
02-05-2020,25.4,88.0,108.0,0.0,1.0,96753
06-05-2020,26.4,86.0,53.0,8.5,2.0,96753
07-05-2020,28.0,77.0,11.0,7.2,1.0,96753
11-05-2020,26.2,88.0,1.0,4.8,2.0,96753
12-05-2020,27.0,85.0,15.0,2.4,1.0,96753
13-05-2020,27.7,84.0,2.5,8.0,1.0,96753
18-05-2020,25.9,91.0,18.8,7.0,1.0,96753
26-05-2020,26.7,84.0,34.5,6.2,1.0,96753
28-05-2020,27.3,84.0,0.3,8.9,2.0,96753
29-05-2020,26.9,86.0,7.5,3.2,2.0,96753
30-05-2020,26.6,83.0,2.8,6.9,2.0,96753
31-05-2020,27.7,82.0,0.0,8.1,2.0,96753
02-06-2020,26.0,84.0,0.2,7.4,3.0,96753
03-06-2020,27.3,82.0,10.8,5.9,2.0,96753
06-06-2020,27.1,83.0,3.1,3.4,1.0,96753
08-06-2020,26.5,85.0,10.3,6.6,1.0,96753
09-06-2020,26.4,86.0,9.5,5.6,1.0,96753
11-06-2020,26.6,88.0,3.0,8.8,1.0,96753
12-06-2020,27.6,80.0,3.0,6.0,2.0,96753
13-06-2020,26.4,84.0,19.1,7.9,2.0,96753
14-06-2020,27.4,78.0,36.7,8.8,1.0,96753
15-06-2020,27.2,86.0,0.2,9.5,2.0,96753
19-06-2020,26.0,89.0,58.1,7.1,1.0,96753
20-06-2020,27.0,81.0,0.1,2.0,2.0,96753
23-06-2020,26.7,83.0,21.7,3.7,2.0,96753
24-06-2020,25.7,86.0,61.5,6.8,2.0,96753
27-06-2020,26.7,82.0,8.9,8.5,1.0,96753
03-07-2020,26.5,82.0,19.0,2.0,2.0,96753
04-07-2020,26.0,88.0,32.7,2.6,1.0,96753
07-07-2020,26.5,81.0,25.3,6.3,1.0,96753
09-07-2020,25.2,84.0,50.6,6.4,2.0,96753
10-07-2020,25.6,86.0,1.0,4.5,2.0,96753
11-07-2020,27.0,77.0,0.1,2.3,1.0,96753
13-07-2020,26.5,83.0,6.9,8.1,1.0,96753
14-07-2020,25.8,87.0,1.1,5.4,1.0,96753
15-07-2020,25.9,88.0,6.8,4.8,1.0,96753
17-07-2020,26.2,82.0,0.0,0.5,2.0,96753
20-07-2020,26.2,86.0,1.2,8.1,1.0,96753
21-07-2020,26.0,86.0,11.5,7.5,2.0,96753
22-07-2020,26.8,84.0,16.5,6.7,1.0,96753
23-07-2020,26.3,83.0,12.5,8.4,1.0,96753
24-07-2020,26.8,80.0,1.1,8.2,1.0,96753
27-07-2020,26.1,76.0,0.0,7.9,1.0,96753
28-07-2020,25.9,78.0,0.0,9.2,1.0,96753
03-08-2020,26.6,75.0,0.0,9.3,2.0,96753
04-08-2020,27.2,74.0,0.0,8.8,1.0,96753
08-08-2020,27.1,81.0,1.3,5.8,2.0,96753
10-08-2020,26.5,80.0,26.0,9.5,1.0,96753
12-08-2020,27.2,78.0,2.5,4.6,2.0,96753
14-08-2020,26.0,87.0,34.0,1.7,1.0,96753
15-08-2020,26.4,83.0,11.0,2.1,2.0,96753
16-08-2020,25.6,86.0,0.5,8.0,2.0,96753
17-08-2020,26.4,83.0,9.0,7.3,2.0,96753
19-08-2020,26.5,82.0,1.0,2.9,1.0,96753
24-08-2020,26.5,72.0,0.0,8.8,2.0,96753
26-08-2020,26.6,73.0,0.0,10.6,1.0,96753
31-08-2020,27.3,74.0,0.0,7.5,3.0,96753
02-09-2020,25.9,81.0,0.0,8.2,2.0,96753
03-09-2020,27.1,74.0,1.5,4.3,2.0,96753
06-09-2020,26.9,79.0,24.4,5.0,3.0,96753
07-09-2020,27.7,74.0,0.0,7.6,2.0,96753
08-09-2020,27.3,73.0,0.0,7.1,1.0,96753
09-09-2020,27.4,76.0,0.0,9.4,1.0,96753
10-09-2020,26.6,82.0,0.0,8.2,1.0,96753
11-09-2020,26.0,86.0,8.8,6.4,1.0,96753
12-09-2020,27.3,78.0,28.0,5.4,3.0,96753
28-09-2020,25.7,86.0,101.5,4.2,1.0,96753
29-09-2020,25.8,84.0,8.0,5.8,1.0,96753
01-10-2020,27.4,81.0,0.0,8.5,1.0,96753
02-10-2020,25.6,85.0,0.1,6.6,3.0,96753
03-10-2020,25.5,86.0,31.1,6.2,1.0,96753
04-10-2020,26.3,84.0,19.5,2.5,2.0,96753
05-10-2020,26.2,81.0,122.9,7.6,2.0,96753
06-10-2020,25.5,82.0,0.0,5.6,2.0,96753
07-10-2020,26.9,77.0,3.0,7.5,2.0,96753
08-10-2020,25.8,80.0,6.8,8.9,2.0,96753
09-10-2020,25.4,90.0,39.2,5.9,1.0,96753
10-10-2020,25.6,90.0,37.3,2.5,1.0,96753
11-10-2020,27.0,81.0,40.9,1.2,2.0,96753
14-10-2020,27.7,78.0,1.3,6.7,1.0,96753
15-10-2020,27.2,80.0,5.8,9.0,2.0,96753
16-10-2020,26.4,83.0,2.9,3.6,1.0,96753
18-10-2020,25.9,86.0,12.0,7.0,2.0,96753
20-10-2020,25.7,86.0,4.6,5.4,2.0,96753
21-10-2020,26.0,87.0,113.3,5.2,1.0,96753
22-10-2020,26.4,86.0,4.8,4.8,2.0,96753
25-10-2020,25.7,87.0,75.1,7.5,2.0,96753
26-10-2020,25.6,89.0,6.0,5.2,1.0,96753
27-10-2020,25.4,90.0,13.5,3.3,2.0,96753
29-10-2020,27.3,83.0,16.6,7.3,1.0,96753
31-10-2020,26.1,88.0,3.0,1.2,1.0,96753
01-11-2020,24.7,92.0,19.5,4.7,2.0,96753
02-11-2020,25.7,87.0,1.8,3.2,1.0,96753
03-11-2020,25.4,84.0,0.4,2.4,1.0,96753
04-11-2020,25.9,85.0,4.5,6.5,2.0,96753
05-11-2020,25.5,90.0,6.8,6.0,1.0,96753
08-11-2020,24.6,91.0,8.3,5.7,1.0,96753
09-11-2020,27.0,73.0,0.1,4.8,2.0,96753
11-11-2020,26.7,83.0,33.0,7.2,2.0,96753
12-11-2020,27.2,82.0,13.0,7.6,1.0,96753
15-11-2020,27.4,80.0,17.7,6.1,2.0,96753
21-11-2020,25.8,89.0,4.5,6.0,1.0,96753
29-11-2020,26.4,82.0,7.8,4.0,3.0,96753
30-11-2020,24.8,92.0,5.1,1.0,1.0,96753
01-12-2020,26.7,83.0,1.7,1.3,2.0,96753
03-12-2020,25.3,87.0,9.2,9.4,1.0,96753
04-12-2020,26.8,76.0,12.2,1.0,2.0,96753
05-12-2020,25.7,83.0,1.7,4.2,2.0,96753
06-12-2020,24.1,94.0,6.6,0.5,2.0,96753
07-12-2020,24.1,92.0,38.2,0.0,1.0,96753
08-12-2020,26.2,82.0,3.9,0.0,2.0,96753
09-12-2020,25.8,85.0,0.4,7.2,2.0,96753
10-12-2020,25.5,88.0,3.1,2.1,1.0,96753
11-12-2020,25.6,87.0,0.1,0.0,2.0,96753
12-12-2020,25.3,85.0,12.6,1.5,2.0,96753
17-12-2020,25.7,83.0,4.0,0.3,2.0,96753
18-12-2020,25.9,86.0,5.2,0.0,1.0,96753
19-12-2020,26.0,78.0,2.2,1.7,1.0,96753
20-12-2020,25.5,83.0,0.1,5.2,1.0,96753
21-12-2020,25.5,85.0,17.3,1.9,2.0,96753
23-12-2020,26.4,86.0,1.9,0.0,1.0,96753
24-12-2020,24.9,91.0,26.0,3.0,1.0,96753
25-12-2020,26.3,83.0,3.0,2.6,1.0,96753
28-12-2020,26.3,83.0,0.1,5.6,1.0,96753
29-12-2020,25.6,86.0,0.2,4.0,1.0,96753
31-12-2020,25.8,83.0,0.0,0.2,2.0,96753
